cycle_id,school_code,strato,reason,attempt,last_seen
synced,GEAA85401V,STAT_LIGURIA_METRO_INFANZIA,Nessuna strategia ha funzionato,1,2026-01-25T08:19:09.310166
synced,PNAA81101B,STAT_FRIULI_VENEZIA_G._NON_METRO_INFANZIA,Nessuna strategia ha funzionato,1,2026-01-25T08:16:49.634665
synced,PRIS00100X,STAT_EMILIA_ROMAGNA_NON_METRO_SEC_SECONDO,Nessuna strategia ha funzionato,1,2026-01-25T08:16:21.262784
synced,SAIS04300D,STAT_CAMPANIA_NON_METRO_SEC_SECONDO,Nessuna strategia ha funzionato,1,2026-01-25T08:14:37.350156
synced,BNEE83803L,STAT_CAMPANIA_NON_METRO_PRIMARIA,Nessuna strategia ha funzionato,1,2026-01-25T08:14:23.214317
synced,CSTD08601C,STAT_SUD_NON_METRO_SEC_SECONDO,Nessuna strategia ha funzionato,6,2026-01-24T18:55:16.961571
synced,TPPM004018,STAT_ISOLE_NON_METRO_SEC_SECONDO,Nessuna strategia ha funzionato,6,2026-01-24T18:54:44.517866
synced,CSTF6C500B,PAR_CALABRIA_NON_METRO_SEC_SECONDO,Nessuna strategia ha funzionato,6,2026-01-24T18:17:00.666901
synced,CA1M01000R,PAR_ISOLE_METRO_SEC_PRIMO,Nessuna strategia ha funzionato,5,2026-01-24T18:16:50.131210
synced,GEPMN4500Z,PAR_LIGURIA_METRO_SEC_SECONDO,Nessuna strategia ha funzionato,5,2026-01-24T15:52:55.026371
synced,AQ1M00200G,PAR_SUD_NON_METRO_SEC_PRIMO,Nessuna strategia ha funzionato,4,2026-01-24T15:52:32.680070
synced,VEEE861019,STAT_NORD EST_METRO_PRIMARIA,Nessuna strategia ha funzionato,4,2026-01-24T15:48:31.867651
synced,PZPS00201D,STAT_SUD_NON_METRO_SEC_SECONDO,Nessuna strategia ha funzionato,4,2026-01-24T15:48:16.447772
synced,CSPS07901D,STAT_SUD_NON_METRO_SEC_SECONDO,Nessuna strategia ha funzionato,4,2026-01-24T15:47:40.019276
synced,AVIS02100B,STAT_SUD_NON_METRO_SEC_SECONDO,Nessuna strategia ha funzionato,4,2026-01-24T15:47:00.848505
synced,RMIS07300T,STAT_CENTRO_METRO_SEC_SECONDO,Nessuna strategia ha funzionato,4,2026-01-24T15:46:36.083524
synced,TPEE82602L,STAT_ISOLE_NON_METRO_PRIMARIA,Nessuna strategia ha funzionato,2,2026-01-24T15:27:15.760858
synced,ALMM82303A,STAT_NORD OVEST_NON_METRO_SEC_PRIMO,Nessuna strategia ha funzionato,2,2026-01-24T15:25:47.889448
synced,TPMM837022,STAT_ISOLE_NON_METRO_SEC_PRIMO,Nessuna strategia ha funzionato,2,2026-01-24T15:24:09.621550
synced,PIMM83003E,STAT_CENTRO_NON_METRO_SEC_PRIMO,Nessuna strategia ha funzionato,2,2026-01-24T15:23:54.340128
synced,NOMM819012,STAT_NORD OVEST_NON_METRO_SEC_PRIMO,Nessuna strategia ha funzionato,2,2026-01-24T15:21:32.088478
synced,GEAA85002L,STAT_NORD OVEST_METRO_INFANZIA,Nessuna strategia ha funzionato,2,2026-01-24T15:21:03.940729
synced,NUMM82901T,STAT_ISOLE_NON_METRO_SEC_PRIMO,Nessuna strategia ha funzionato,2,2026-01-24T15:19:45.864643
synced,CLEE829023,STAT_ISOLE_NON_METRO_PRIMARIA,Nessuna strategia ha funzionato,2,2026-01-24T15:19:13.243695
synced,TPEE83803X,STAT_ISOLE_NON_METRO_PRIMARIA,Nessuna strategia ha funzionato,2,2026-01-24T15:15:34.845740
synced,CRMM818011,STAT_NORD OVEST_NON_METRO_SEC_PRIMO,Nessuna strategia ha funzionato,2,2026-01-24T15:14:22.369598
synced,PSMM81102X,STAT_CENTRO_NON_METRO_SEC_PRIMO,Nessuna strategia ha funzionato,2,2026-01-24T15:11:53.053473
synced,NARC01101E,STAT_SUD_METRO_ALTRO,Nessuna strategia ha funzionato,2,2026-01-24T15:10:54.667100
synced,RMIC8BN00L,STAT_CENTRO_METRO_ALTRO,Nessuna strategia ha funzionato,2,2026-01-24T15:08:22.677438
synced,SAIS06400E,STAT_SUD_NON_METRO_SEC_SECONDO,Nessuna strategia ha funzionato,3,2026-01-24T13:32:19.403111
synced,CA1A020008,PAR_SARDEGNA_METRO_INFANZIA,Nessuna strategia ha funzionato,1,2026-01-23T20:20:40.550403
synced,BGTFF0500O,PAR_LOMBARDIA_NON_METRO_SEC_SECONDO,Nessuna strategia ha funzionato,1,2026-01-23T20:17:22.299173
synced,MB1A27000P,PAR_LOMBARDIA_NON_METRO_INFANZIA,Nessuna strategia ha funzionato,2,2026-01-23T20:17:07.892201
synced,MI1E062003,PAR_LOMBARDIA_METRO_PRIMARIA,Nessuna strategia ha funzionato,1,2026-01-23T20:16:17.850844
synced,FO1E001006,PAR_EMILIA_ROMAGNA_NON_METRO_PRIMARIA,Nessuna strategia ha funzionato,1,2026-01-23T20:13:41.463631
synced,UDTFI2500I,PAR_NORD EST_NON_METRO_SEC_SECONDO,Nessuna strategia ha funzionato,2,2026-01-23T19:21:31.017862
synced,UD1E00500G,PAR_FRIULI_VENEZIA_G._NON_METRO_PRIMARIA,Nessuna strategia ha funzionato,1,2026-01-23T19:21:18.951607
synced,PN1A02100G,PAR_FRIULI_VENEZIA_G._NON_METRO_INFANZIA,Nessuna strategia ha funzionato,1,2026-01-23T19:21:06.206731
synced,FEPLDM500L,PAR_EMILIA_ROMAGNA_NON_METRO_SEC_SECONDO,Nessuna strategia ha funzionato,1,2026-01-23T19:20:55.245479
synced,MO1E00700Q,PAR_EMILIA_ROMAGNA_NON_METRO_PRIMARIA,Nessuna strategia ha funzionato,1,2026-01-23T19:20:38.863408
synced,BNPS3O5006,PAR_CAMPANIA_NON_METRO_SEC_SECONDO,Nessuna strategia ha funzionato,1,2026-01-23T19:19:25.658971
synced,SA1A09300R,PAR_CAMPANIA_NON_METRO_INFANZIA,Nessuna strategia ha funzionato,1,2026-01-23T19:19:07.255266
synced,UDEE85401E,STAT_FRIULI_VENEZIA_G._NON_METRO_PRIMARIA,Nessuna strategia ha funzionato,1,2026-01-23T18:39:09.209072
synced,MOAA82101E,STAT_NORD EST_NON_METRO_INFANZIA,Nessuna strategia ha funzionato,3,2026-01-23T18:38:03.578982
synced,MOIC81300P,STAT_EMILIA_ROMAGNA_NON_METRO_ALTRO,Nessuna strategia ha funzionato,1,2026-01-23T18:37:43.809774
synced,BOTF02602L,STAT_NORD EST_METRO_SEC_SECONDO,Nessuna strategia ha funzionato,2,2026-01-23T18:37:32.763131
synced,BOMM365005,STAT_EMILIA_ROMAGNA_METRO_SEC_PRIMO,Nessuna strategia ha funzionato,2,2026-01-23T18:37:23.703862
synced,BORC012014,STAT_NORD EST_METRO_ALTRO,Nessuna strategia ha funzionato,3,2026-01-23T18:36:34.683438
synced,BNEE814034,STAT_CAMPANIA_NON_METRO_PRIMARIA,Nessuna strategia ha funzionato,1,2026-01-23T18:36:21.216336
synced,SAAA8BY047,STAT_CAMPANIA_NON_METRO_INFANZIA,Nessuna strategia ha funzionato,1,2026-01-23T18:36:18.103905
synced,SAIC8AA00T,STAT_CAMPANIA_NON_METRO_ALTRO,Nessuna strategia ha funzionato,1,2026-01-23T18:36:07.017216
synced,NAPS01901L,STAT_CAMPANIA_METRO_SEC_SECONDO,Nessuna strategia ha funzionato,1,2026-01-23T18:36:04.851349
synced,NACT74800V,STAT_CAMPANIA_METRO_ALTRO,Nessuna strategia ha funzionato,1,2026-01-23T18:35:39.955678
synced,CSPS01401P,STAT_CALABRIA_NON_METRO_SEC_SECONDO,Nessuna strategia ha funzionato,1,2026-01-23T18:35:26.385024
synced,CSEE8AS05P,STAT_CALABRIA_NON_METRO_PRIMARIA,Nessuna strategia ha funzionato,1,2026-01-23T18:35:13.648440
synced,RCSL03901E,STAT_CALABRIA_METRO_SEC_SECONDO,Nessuna strategia ha funzionato,1,2026-01-23T18:34:53.123333
synced,RCAA846057,STAT_CALABRIA_METRO_INFANZIA,Nessuna strategia ha funzionato,1,2026-01-23T18:34:18.508946
synced,PZTD02453N,STAT_BASILICATA_NON_METRO_SEC_SECONDO,Nessuna strategia ha funzionato,1,2026-01-23T18:33:41.202016
synced,PZAA81703G,STAT_BASILICATA_NON_METRO_INFANZIA,Nessuna strategia ha funzionato,1,2026-01-23T18:32:55.055890
synced,TEPC01201L,STAT_ABRUZZO_NON_METRO_SEC_SECONDO,Nessuna strategia ha funzionato,1,2026-01-23T18:32:43.819133
synced,TEEE82502A,STAT_ABRUZZO_NON_METRO_PRIMARIA,Nessuna strategia ha funzionato,2,2026-01-23T18:32:19.678838
synced,PDPMRT5004,PAR_NORD EST_NON_METRO_SEC_SECONDO,Nessuna strategia ha funzionato,2,2026-01-23T18:31:41.427376
synced,PD1A06500V,PAR_VENETO_NON_METRO_INFANZIA,Nessuna strategia ha funzionato,1,2026-01-23T18:31:15.982929
synced,VEPC02500E,PAR_NORD EST_METRO_SEC_SECONDO,Nessuna strategia ha funzionato,2,2026-01-23T18:31:02.626670
synced,PGPC00500C,PAR_UMBRIA_NON_METRO_SEC_SECONDO,Nessuna strategia ha funzionato,2,2026-01-23T18:30:37.400462
synced,LU1E00400X,PAR_TOSCANA_NON_METRO_PRIMARIA,Nessuna strategia ha funzionato,1,2026-01-23T18:30:14.090284
synced,FIPL085005,PAR_CENTRO_METRO_SEC_SECONDO,Nessuna strategia ha funzionato,2,2026-01-23T18:29:42.123837
synced,FI1ECP5008,PAR_TOSCANA_METRO_PRIMARIA,Nessuna strategia ha funzionato,1,2026-01-23T18:29:37.061452
synced,FI1A12900Q,PAR_TOSCANA_METRO_INFANZIA,Nessuna strategia ha funzionato,1,2026-01-23T18:29:20.169386
synced,SRTD06500N,PAR_ISOLE_NON_METRO_SEC_SECONDO,Nessuna strategia ha funzionato,3,2026-01-23T18:29:11.407267
synced,TP1AA3500M,PAR_SICILIA_NON_METRO_INFANZIA,Nessuna strategia ha funzionato,1,2026-01-23T18:29:09.657866
synced,PAPSVD500Q,PAR_SICILIA_METRO_SEC_SECONDO,Nessuna strategia ha funzionato,1,2026-01-23T18:29:01.425981
synced,CT1E00600L,PAR_SICILIA_METRO_PRIMARIA,Nessuna strategia ha funzionato,1,2026-01-23T18:28:57.680966
synced,CA1A08700P,PAR_SARDEGNA_NON_METRO_INFANZIA,Nessuna strategia ha funzionato,1,2026-01-23T18:28:28.787912
synced,CA1A04400R,PAR_SARDEGNA_METRO_INFANZIA,Nessuna strategia ha funzionato,1,2026-01-23T18:28:19.846777
synced,TARF2M500U,PAR_PUGLIA_NON_METRO_SEC_SECONDO,Nessuna strategia ha funzionato,1,2026-01-23T18:28:11.600196
synced,BT1A22200R,PAR_PUGLIA_NON_METRO_INFANZIA,Nessuna strategia ha funzionato,1,2026-01-23T18:28:00.867969
synced,AT1A01600G,PAR_PIEMONTE_NON_METRO_INFANZIA,Nessuna strategia ha funzionato,1,2026-01-23T18:27:38.005408
synced,TOSLUR500P,PAR_PIEMONTE_METRO_SEC_SECONDO,Nessuna strategia ha funzionato,1,2026-01-23T18:27:23.800371
synced,TO1E020001,PAR_NORD OVEST_METRO_PRIMARIA,Nessuna strategia ha funzionato,2,2026-01-23T18:27:08.618927
synced,TO1A06900X,PAR_PIEMONTE_METRO_INFANZIA,Nessuna strategia ha funzionato,1,2026-01-23T18:26:54.962220
synced,IS1A00100L,PAR_MOLISE_NON_METRO_INFANZIA,Nessuna strategia ha funzionato,1,2026-01-23T18:26:15.311782
synced,ANPS025003,PAR_MARCHE_NON_METRO_SEC_SECONDO,Nessuna strategia ha funzionato,1,2026-01-23T18:26:06.241930
synced,BS1E00500R,PAR_LOMBARDIA_NON_METRO_PRIMARIA,Nessuna strategia ha funzionato,1,2026-01-23T18:23:34.966039
synced,MIPMC15009,PAR_LOMBARDIA_METRO_SEC_SECONDO,Nessuna strategia ha funzionato,2,2026-01-23T18:23:10.386728
synced,MI1EAE500E,PAR_LOMBARDIA_METRO_PRIMARIA,Nessuna strategia ha funzionato,1,2026-01-23T18:22:35.229501
synced,GE1E034005,PAR_NORD OVEST_METRO_PRIMARIA,Nessuna strategia ha funzionato,3,2026-01-23T18:19:32.013246
synced,GE1A035003,PAR_LIGURIA_METRO_INFANZIA,Nessuna strategia ha funzionato,2,2026-01-23T18:18:56.805010
synced,FRTD00500N,PAR_LAZIO_NON_METRO_SEC_SECONDO,Nessuna strategia ha funzionato,1,2026-01-23T18:18:22.153994
synced,LT1AN2500H,PAR_LAZIO_NON_METRO_INFANZIA,Nessuna strategia ha funzionato,1,2026-01-23T18:18:14.064781
synced,RM1E13200L,PAR_LAZIO_METRO_PRIMARIA,Nessuna strategia ha funzionato,2,2026-01-23T18:17:59.611876
synced,RM1AEO5002,PAR_LAZIO_METRO_INFANZIA,Nessuna strategia ha funzionato,2,2026-01-23T18:17:25.995238
synced,UDPS1I5006,PAR_FRIULI_VENEZIA_G._NON_METRO_SEC_SECONDO,Nessuna strategia ha funzionato,1,2026-01-23T18:16:52.290241
synced,UD1E010003,PAR_NORD EST_NON_METRO_PRIMARIA,Nessuna strategia ha funzionato,3,2026-01-23T18:16:18.379730
synced,UD1A06300N,PAR_FRIULI_VENEZIA_G._NON_METRO_INFANZIA,Nessuna strategia ha funzionato,1,2026-01-23T18:15:31.601634
synced,PRPMF95000,PAR_NORD EST_NON_METRO_SEC_SECONDO,Nessuna strategia ha funzionato,3,2026-01-23T18:14:44.448054
synced,RE1E00500D,PAR_EMILIA_ROMAGNA_NON_METRO_PRIMARIA,Nessuna strategia ha funzionato,1,2026-01-23T18:14:31.848239
synced,MO1A120005,PAR_NORD EST_NON_METRO_INFANZIA,Nessuna strategia ha funzionato,2,2026-01-23T18:14:01.479011
synced,BO1E020008,PAR_NORD EST_METRO_PRIMARIA,Nessuna strategia ha funzionato,2,2026-01-23T18:13:36.252444
synced,SATF5M500Z,PAR_CAMPANIA_NON_METRO_SEC_SECONDO,Nessuna strategia ha funzionato,1,2026-01-23T18:13:19.798211
synced,NAPS065009,PAR_CAMPANIA_METRO_SEC_SECONDO,Nessuna strategia ha funzionato,1,2026-01-23T18:12:57.172355
synced,NA1E06700Q,PAR_CAMPANIA_METRO_PRIMARIA,Nessuna strategia ha funzionato,1,2026-01-23T18:12:49.596001
synced,NA1A03400E,PAR_CAMPANIA_METRO_INFANZIA,Nessuna strategia ha funzionato,1,2026-01-23T18:12:41.205631
synced,RCTD5M5009,PAR_SUD_METRO_SEC_SECONDO,Nessuna strategia ha funzionato,3,2026-01-23T18:11:30.645700
synced,RC1E00300L,PAR_CALABRIA_METRO_PRIMARIA,Nessuna strategia ha funzionato,2,2026-01-23T18:11:26.319007
synced,PZ1ATH500U,PAR_SUD_NON_METRO_INFANZIA,Nessuna strategia ha funzionato,2,2026-01-23T18:11:07.936904
synced,PETN015009,PAR_SUD_NON_METRO_SEC_SECONDO,Nessuna strategia ha funzionato,3,2026-01-23T18:10:42.090894
synced,TE1A01100Q,PAR_ABRUZZO_NON_METRO_INFANZIA,Nessuna strategia ha funzionato,1,2026-01-23T18:09:30.384083
synced,SAMM8BY029,STAT_CAMPANIA_NON_METRO_SEC_PRIMO,Nessuna strategia ha funzionato,1,2026-01-23T18:01:35.411070
synced,SAMM81801N,STAT_CAMPANIA_NON_METRO_SEC_PRIMO,Nessuna strategia ha funzionato,2,2026-01-23T18:01:32.579760
synced,BNMM814011,STAT_CAMPANIA_NON_METRO_SEC_PRIMO,Nessuna strategia ha funzionato,2,2026-01-23T18:01:15.068021
synced,AVMM70401N,STAT_CAMPANIA_NON_METRO_SEC_PRIMO,Nessuna strategia ha funzionato,2,2026-01-23T18:01:11.607877
synced,CNAA82204Q,STAT_PIEMONTE_NON_METRO_INFANZIA,Nessuna strategia ha funzionato,1,2026-01-23T18:00:45.669825
synced,BIAA802023,STAT_PIEMONTE_NON_METRO_INFANZIA,Nessuna strategia ha funzionato,1,2026-01-23T18:00:42.732115
synced,CNAA859039,STAT_PIEMONTE_NON_METRO_INFANZIA,Nessuna strategia ha funzionato,1,2026-01-23T18:00:28.707555
synced,CNAA86503L,STAT_PIEMONTE_NON_METRO_INFANZIA,Nessuna strategia ha funzionato,1,2026-01-23T18:00:20.940490
synced,CNAA840016,STAT_PIEMONTE_NON_METRO_INFANZIA,Nessuna strategia ha funzionato,1,2026-01-23T18:00:00.817090
synced,CNAA86501E,STAT_PIEMONTE_NON_METRO_INFANZIA,Nessuna strategia ha funzionato,1,2026-01-23T17:59:25.618197
synced,VBAA80803D,STAT_PIEMONTE_NON_METRO_INFANZIA,Nessuna strategia ha funzionato,1,2026-01-23T17:59:17.900235
synced,ATAA815049,STAT_PIEMONTE_NON_METRO_INFANZIA,Nessuna strategia ha funzionato,1,2026-01-23T17:59:15.114020
synced,CAAA87702G,STAT_SARDEGNA_NON_METRO_INFANZIA,Nessuna strategia ha funzionato,1,2026-01-23T17:58:27.237756
synced,CAAA88902T,STAT_ISOLE_NON_METRO_INFANZIA,Nessuna strategia ha funzionato,3,2026-01-23T17:58:05.667167
synced,SSAA834011,STAT_SARDEGNA_NON_METRO_INFANZIA,Nessuna strategia ha funzionato,1,2026-01-23T17:58:02.159571
synced,CAAA87703L,STAT_SARDEGNA_NON_METRO_INFANZIA,Nessuna strategia ha funzionato,1,2026-01-23T17:57:32.190739
synced,SSAA81105C,STAT_ISOLE_NON_METRO_INFANZIA,Nessuna strategia ha funzionato,3,2026-01-23T17:57:04.276889
synced,SRTF010505,STAT_SICILIA_NON_METRO_SEC_SECONDO,Nessuna strategia ha funzionato,1,2026-01-23T17:56:17.790637
synced,CLPM018015,STAT_SICILIA_NON_METRO_SEC_SECONDO,Nessuna strategia ha funzionato,1,2026-01-23T17:56:03.669885
synced,TPTL02151L,STAT_SICILIA_NON_METRO_SEC_SECONDO,Nessuna strategia ha funzionato,1,2026-01-23T17:55:44.028425
synced,SRTD00951Q,STAT_ISOLE_NON_METRO_SEC_SECONDO,Nessuna strategia ha funzionato,3,2026-01-23T17:55:32.307115
synced,CLTD090016,STAT_SICILIA_NON_METRO_SEC_SECONDO,Nessuna strategia ha funzionato,1,2026-01-23T17:55:23.661209
synced,RGIS012003,STAT_SICILIA_NON_METRO_SEC_SECONDO,Nessuna strategia ha funzionato,1,2026-01-23T17:54:32.315989
synced,CSTF08601P,STAT_CALABRIA_NON_METRO_SEC_SECONDO,Nessuna strategia ha funzionato,1,2026-01-23T17:53:56.253707
synced,CSPS07902E,STAT_CALABRIA_NON_METRO_SEC_SECONDO,Nessuna strategia ha funzionato,1,2026-01-23T17:53:51.357429
synced,CSPC02801D,STAT_CALABRIA_NON_METRO_SEC_SECONDO,Nessuna strategia ha funzionato,1,2026-01-23T17:53:44.388091
synced,CZIS02300V,STAT_CALABRIA_NON_METRO_SEC_SECONDO,Nessuna strategia ha funzionato,1,2026-01-23T17:53:04.311525
synced,CSPC00101D,STAT_CALABRIA_NON_METRO_SEC_SECONDO,Nessuna strategia ha funzionato,1,2026-01-23T17:52:36.160644
synced,PNAA82901L,STAT_FRIULI_VENEZIA_G._NON_METRO_INFANZIA,Nessuna strategia ha funzionato,1,2026-01-23T17:51:46.884589
synced,UDAA85403B,STAT_FRIULI_VENEZIA_G._NON_METRO_INFANZIA,Nessuna strategia ha funzionato,1,2026-01-23T17:51:25.949258
synced,UDAA812039,STAT_FRIULI_VENEZIA_G._NON_METRO_INFANZIA,Nessuna strategia ha funzionato,1,2026-01-23T17:51:23.497834
synced,UDAA81204A,STAT_FRIULI_VENEZIA_G._NON_METRO_INFANZIA,Nessuna strategia ha funzionato,1,2026-01-23T17:50:58.036480
synced,UDAA826026,STAT_FRIULI_VENEZIA_G._NON_METRO_INFANZIA,Nessuna strategia ha funzionato,1,2026-01-23T17:50:41.832932
synced,GOAA815051,STAT_FRIULI_VENEZIA_G._NON_METRO_INFANZIA,Nessuna strategia ha funzionato,1,2026-01-23T17:50:22.795918
synced,GOAA800046,STAT_FRIULI_VENEZIA_G._NON_METRO_INFANZIA,Nessuna strategia ha funzionato,1,2026-01-23T17:50:03.118531
synced,UDAA842035,STAT_FRIULI_VENEZIA_G._NON_METRO_INFANZIA,Nessuna strategia ha funzionato,1,2026-01-23T17:49:43.936287
synced,BNAA85203N,STAT_CAMPANIA_NON_METRO_INFANZIA,Nessuna strategia ha funzionato,1,2026-01-23T17:48:47.748613
synced,BNAA83702E,STAT_CAMPANIA_NON_METRO_INFANZIA,Nessuna strategia ha funzionato,1,2026-01-23T17:48:37.554225
synced,CEAA863013,STAT_CAMPANIA_NON_METRO_INFANZIA,Nessuna strategia ha funzionato,1,2026-01-23T17:48:31.384987
synced,AVAA88101Q,STAT_CAMPANIA_NON_METRO_INFANZIA,Nessuna strategia ha funzionato,1,2026-01-23T17:48:26.989556
synced,CEAA8A101A,STAT_CAMPANIA_NON_METRO_INFANZIA,Nessuna strategia ha funzionato,1,2026-01-23T17:48:12.528289
synced,CEAA8BG032,STAT_CAMPANIA_NON_METRO_INFANZIA,Nessuna strategia ha funzionato,1,2026-01-23T17:48:05.226789
synced,FGTD01050D,STAT_PUGLIA_NON_METRO_SEC_SECONDO,Nessuna strategia ha funzionato,1,2026-01-23T17:46:48.474403
synced,LEIS05100G,STAT_PUGLIA_NON_METRO_SEC_SECONDO,Nessuna strategia ha funzionato,1,2026-01-23T17:46:41.419990
synced,FGTE03000R,STAT_PUGLIA_NON_METRO_SEC_SECONDO,Nessuna strategia ha funzionato,1,2026-01-23T17:46:30.356425
synced,LETD03951L,STAT_PUGLIA_NON_METRO_SEC_SECONDO,Nessuna strategia ha funzionato,1,2026-01-23T17:46:06.384440
synced,SVTD00651D,STAT_LIGURIA_NON_METRO_SEC_SECONDO,Nessuna strategia ha funzionato,1,2026-01-23T17:45:43.050421
synced,IMIS002001,STAT_LIGURIA_NON_METRO_SEC_SECONDO,Nessuna strategia ha funzionato,1,2026-01-23T17:45:30.570840
synced,SVIS00700N,STAT_LIGURIA_NON_METRO_SEC_SECONDO,Nessuna strategia ha funzionato,1,2026-01-23T17:45:08.200992
synced,SPIS007007,STAT_LIGURIA_NON_METRO_SEC_SECONDO,Nessuna strategia ha funzionato,1,2026-01-23T17:44:57.999324
synced,SPTD12000Q,STAT_LIGURIA_NON_METRO_SEC_SECONDO,Nessuna strategia ha funzionato,1,2026-01-23T17:44:44.600288
synced,SVTD001011,STAT_LIGURIA_NON_METRO_SEC_SECONDO,Nessuna strategia ha funzionato,1,2026-01-23T17:44:41.007257
synced,VVMM83502N,STAT_CALABRIA_NON_METRO_SEC_PRIMO,Nessuna strategia ha funzionato,1,2026-01-23T17:43:50.198938
synced,CSMM84603P,STAT_CALABRIA_NON_METRO_SEC_PRIMO,Nessuna strategia ha funzionato,1,2026-01-23T17:43:48.228166
synced,CSMM814059,STAT_CALABRIA_NON_METRO_SEC_PRIMO,Nessuna strategia ha funzionato,1,2026-01-23T17:43:45.853409
synced,CSMM82401Q,STAT_CALABRIA_NON_METRO_SEC_PRIMO,Nessuna strategia ha funzionato,1,2026-01-23T17:43:32.684423
synced,CSMM829031,STAT_CALABRIA_NON_METRO_SEC_PRIMO,Nessuna strategia ha funzionato,1,2026-01-23T17:43:20.939738
synced,CSMM83101V,STAT_CALABRIA_NON_METRO_SEC_PRIMO,Nessuna strategia ha funzionato,1,2026-01-23T17:43:02.436160
synced,KRMM820017,STAT_CALABRIA_NON_METRO_SEC_PRIMO,Nessuna strategia ha funzionato,1,2026-01-23T17:42:59.872274
synced,VVMM83501L,STAT_CALABRIA_NON_METRO_SEC_PRIMO,Nessuna strategia ha funzionato,1,2026-01-23T17:42:57.585595
synced,CSMM85006D,STAT_CALABRIA_NON_METRO_SEC_PRIMO,Nessuna strategia ha funzionato,1,2026-01-23T17:42:32.127259
synced,CZMM86701D,STAT_CALABRIA_NON_METRO_SEC_PRIMO,Nessuna strategia ha funzionato,2,2026-01-23T17:42:22.742507
synced,PSRI00401E,STAT_MARCHE_NON_METRO_ALTRO,Nessuna strategia ha funzionato,1,2026-01-23T17:41:29.815720
synced,PSIC82000L,STAT_MARCHE_NON_METRO_ALTRO,Nessuna strategia ha funzionato,1,2026-01-23T17:40:58.322522
synced,ANTD00401V,STAT_MARCHE_NON_METRO_ALTRO,Nessuna strategia ha funzionato,1,2026-01-23T17:40:39.877276
synced,APVC02000P,STAT_MARCHE_NON_METRO_ALTRO,Nessuna strategia ha funzionato,1,2026-01-23T17:40:04.925372
synced,CSEE89905A,STAT_CALABRIA_NON_METRO_PRIMARIA,Nessuna strategia ha funzionato,1,2026-01-23T17:39:58.613140
synced,CZEE85804V,STAT_CALABRIA_NON_METRO_PRIMARIA,Nessuna strategia ha funzionato,1,2026-01-23T17:39:06.822236
synced,KREE820018,STAT_CALABRIA_NON_METRO_PRIMARIA,Nessuna strategia ha funzionato,1,2026-01-23T17:38:53.217552
synced,CZEE85006A,STAT_CALABRIA_NON_METRO_PRIMARIA,Nessuna strategia ha funzionato,1,2026-01-23T17:38:49.637463
synced,SOAA806016,STAT_LOMBARDIA_NON_METRO_INFANZIA,Nessuna strategia ha funzionato,1,2026-01-23T17:38:26.119388
synced,PVAA82801T,STAT_LOMBARDIA_NON_METRO_INFANZIA,Nessuna strategia ha funzionato,1,2026-01-23T17:38:15.178426
synced,MNAA839013,STAT_LOMBARDIA_NON_METRO_INFANZIA,Nessuna strategia ha funzionato,1,2026-01-23T17:38:11.690987
synced,MBAA8CP029,STAT_LOMBARDIA_NON_METRO_INFANZIA,Nessuna strategia ha funzionato,1,2026-01-23T17:38:00.629476
synced,BSAA8AA01L,STAT_LOMBARDIA_NON_METRO_INFANZIA,Nessuna strategia ha funzionato,1,2026-01-23T17:37:55.577653
synced,BGAA8AD01G,STAT_LOMBARDIA_NON_METRO_INFANZIA,Nessuna strategia ha funzionato,1,2026-01-23T17:37:38.196113
synced,BSAA89601L,STAT_LOMBARDIA_NON_METRO_INFANZIA,Nessuna strategia ha funzionato,1,2026-01-23T17:37:30.003210
synced,MNAA80206N,STAT_LOMBARDIA_NON_METRO_INFANZIA,Nessuna strategia ha funzionato,1,2026-01-23T17:37:23.251002
synced,BGAA85502V,STAT_LOMBARDIA_NON_METRO_INFANZIA,Nessuna strategia ha funzionato,1,2026-01-23T17:37:02.549245
synced,TEIS00800N,STAT_ABRUZZO_NON_METRO_SEC_SECONDO,Nessuna strategia ha funzionato,1,2026-01-23T17:36:57.350902
synced,AQIS002006,STAT_ABRUZZO_NON_METRO_SEC_SECONDO,Nessuna strategia ha funzionato,1,2026-01-23T17:36:13.395855
synced,CHIS012006,STAT_ABRUZZO_NON_METRO_SEC_SECONDO,Nessuna strategia ha funzionato,1,2026-01-23T17:35:57.647775
synced,TEPC05000A,STAT_ABRUZZO_NON_METRO_SEC_SECONDO,Nessuna strategia ha funzionato,1,2026-01-23T17:35:42.005561
synced,CHTD006015,STAT_ABRUZZO_NON_METRO_SEC_SECONDO,Nessuna strategia ha funzionato,1,2026-01-23T17:35:35.041471
synced,TEIS00400A,STAT_ABRUZZO_NON_METRO_SEC_SECONDO,Nessuna strategia ha funzionato,1,2026-01-23T17:35:31.737163
synced,AQTF01950C,STAT_ABRUZZO_NON_METRO_SEC_SECONDO,Nessuna strategia ha funzionato,1,2026-01-23T17:35:19.776397
synced,TETF011012,STAT_ABRUZZO_NON_METRO_SEC_SECONDO,Nessuna strategia ha funzionato,1,2026-01-23T17:35:16.897213
synced,TEIS00100V,STAT_ABRUZZO_NON_METRO_SEC_SECONDO,Nessuna strategia ha funzionato,1,2026-01-23T17:35:14.559198
synced,PVTD05500P,PAR_LOMBARDIA_NON_METRO_SEC_SECONDO,Nessuna strategia ha funzionato,1,2026-01-23T17:08:01.975970
synced,MI1E024008,PAR_LOMBARDIA_METRO_PRIMARIA,Nessuna strategia ha funzionato,1,2026-01-23T17:07:30.330282
synced,MI1A168001,PAR_LOMBARDIA_METRO_INFANZIA,Nessuna strategia ha funzionato,1,2026-01-23T17:07:18.511143
synced,IM1E00600C,PAR_NORD OVEST_NON_METRO_PRIMARIA,Nessuna strategia ha funzionato,2,2026-01-23T17:07:14.279023
synced,RMPS59500C,PAR_LAZIO_METRO_SEC_SECONDO,Nessuna strategia ha funzionato,1,2026-01-23T17:06:44.979485
synced,UDPSMD500L,PAR_NORD EST_NON_METRO_SEC_SECONDO,Nessuna strategia ha funzionato,3,2026-01-23T17:06:33.085686
synced,BOPS05500C,PAR_NORD EST_METRO_SEC_SECONDO,Nessuna strategia ha funzionato,2,2026-01-23T17:05:33.655866
synced,SAPL65500L,PAR_CAMPANIA_NON_METRO_SEC_SECONDO,Nessuna strategia ha funzionato,1,2026-01-23T17:04:41.038867
synced,CE1E06300E,PAR_SUD_NON_METRO_PRIMARIA,Nessuna strategia ha funzionato,2,2026-01-23T17:04:37.094270
synced,NAPL19500R,PAR_CAMPANIA_METRO_SEC_SECONDO,Nessuna strategia ha funzionato,1,2026-01-23T17:04:26.660336
synced,CS1E00500N,PAR_SUD_NON_METRO_PRIMARIA,Nessuna strategia ha funzionato,2,2026-01-23T17:03:36.539295
synced,TEEE82304R,STAT_ABRUZZO_NON_METRO_PRIMARIA,Nessuna strategia ha funzionato,1,2026-01-22T09:39:48.537913
synced,TV1A14600C,PAR_VENETO_NON_METRO_INFANZIA,Nessuna strategia ha funzionato,1,2026-01-22T09:38:42.142826
synced,VEPS015003,PAR_NORD EST_METRO_SEC_SECONDO,Nessuna strategia ha funzionato,2,2026-01-22T09:38:26.566784
synced,VE1A006005,PAR_NORD EST_METRO_INFANZIA,Nessuna strategia ha funzionato,2,2026-01-22T09:38:22.902024
synced,PGPCUN500G,PAR_UMBRIA_NON_METRO_SEC_SECONDO,Nessuna strategia ha funzionato,1,2026-01-22T09:38:06.740599
synced,TR1A04000B,PAR_CENTRO_NON_METRO_INFANZIA,Nessuna strategia ha funzionato,2,2026-01-22T09:37:42.788346
synced,POPS00500D,PAR_CENTRO_NON_METRO_SEC_SECONDO,Nessuna strategia ha funzionato,2,2026-01-22T09:37:23.824907
synced,FISLHH5008,PAR_TOSCANA_METRO_SEC_SECONDO,Nessuna strategia ha funzionato,1,2026-01-22T09:34:53.292912
synced,FI1E035004,PAR_TOSCANA_METRO_PRIMARIA,Nessuna strategia ha funzionato,1,2026-01-22T09:34:51.495137
synced,CLPC025003,PAR_ISOLE_NON_METRO_SEC_SECONDO,Nessuna strategia ha funzionato,2,2026-01-22T09:34:40.439192
synced,AG1A015004,PAR_SICILIA_NON_METRO_INFANZIA,Nessuna strategia ha funzionato,1,2026-01-22T09:34:38.378609
synced,CT1E00100D,PAR_ISOLE_METRO_PRIMARIA,Nessuna strategia ha funzionato,3,2026-01-22T09:34:32.099670
synced,PA1A056008,PAR_SICILIA_METRO_INFANZIA,Nessuna strategia ha funzionato,1,2026-01-22T09:34:27.403724
synced,SS1A07100D,PAR_SARDEGNA_NON_METRO_INFANZIA,Nessuna strategia ha funzionato,1,2026-01-22T09:34:16.401782
synced,TATD055002,PAR_PUGLIA_NON_METRO_SEC_SECONDO,Nessuna strategia ha funzionato,2,2026-01-22T09:34:07.539300
synced,BATDB3500N,PAR_PUGLIA_METRO_SEC_SECONDO,Nessuna strategia ha funzionato,2,2026-01-22T09:33:45.603177
synced,BA1ADB500A,PAR_PUGLIA_METRO_INFANZIA,Nessuna strategia ha funzionato,1,2026-01-22T09:33:18.346952
synced,NOPSUI500C,PAR_PIEMONTE_NON_METRO_SEC_SECONDO,Nessuna strategia ha funzionato,1,2026-01-22T09:33:15.285247
synced,TOPS04500E,PAR_PIEMONTE_METRO_SEC_SECONDO,Nessuna strategia ha funzionato,1,2026-01-22T09:32:44.837188
synced,TO1A10000P,PAR_PIEMONTE_METRO_INFANZIA,Nessuna strategia ha funzionato,1,2026-01-22T09:32:33.158953
synced,CB1A02000V,PAR_MOLISE_NON_METRO_INFANZIA,Nessuna strategia ha funzionato,1,2026-01-22T09:32:12.446165
synced,MCTD00500B,PAR_CENTRO_NON_METRO_SEC_SECONDO,Nessuna strategia ha funzionato,3,2026-01-22T09:32:09.443259
synced,AP1E00200Q,PAR_MARCHE_NON_METRO_PRIMARIA,Nessuna strategia ha funzionato,1,2026-01-22T09:32:05.105368
synced,MBRC4H500I,PAR_NORD OVEST_NON_METRO_SEC_SECONDO,Nessuna strategia ha funzionato,2,2026-01-22T09:31:39.823172
synced,BS1E01200X,PAR_LOMBARDIA_NON_METRO_PRIMARIA,Nessuna strategia ha funzionato,1,2026-01-22T09:31:18.520213
synced,MIPS74500L,PAR_LOMBARDIA_METRO_SEC_SECONDO,Nessuna strategia ha funzionato,1,2026-01-22T09:31:08.494008
synced,MI1A274005,PAR_LOMBARDIA_METRO_INFANZIA,Nessuna strategia ha funzionato,1,2026-01-22T09:31:01.797851
synced,SV1E006002,PAR_LIGURIA_NON_METRO_PRIMARIA,Nessuna strategia ha funzionato,1,2026-01-22T09:30:58.815853
synced,GEPS6L5006,PAR_NORD OVEST_METRO_SEC_SECONDO,Nessuna strategia ha funzionato,2,2026-01-22T09:30:40.373541
synced,GE1EEG5005,PAR_NORD OVEST_METRO_PRIMARIA,Nessuna strategia ha funzionato,2,2026-01-22T09:30:23.094767
synced,GE1A14400P,PAR_LIGURIA_METRO_INFANZIA,Nessuna strategia ha funzionato,1,2026-01-22T09:29:47.614102
synced,LTPLCG500C,PAR_CENTRO_NON_METRO_SEC_SECONDO,Nessuna strategia ha funzionato,2,2026-01-22T09:29:44.373244
synced,RMTD51500B,PAR_LAZIO_METRO_SEC_SECONDO,Nessuna strategia ha funzionato,1,2026-01-22T09:29:35.456053
synced,UDPS01500B,PAR_FRIULI_VENEZIA_G._NON_METRO_SEC_SECONDO,Nessuna strategia ha funzionato,1,2026-01-22T09:29:20.015359
synced,UD1E00400Q,PAR_NORD EST_NON_METRO_PRIMARIA,Nessuna strategia ha funzionato,2,2026-01-22T09:29:14.883653
synced,UD1A024003,PAR_FRIULI_VENEZIA_G._NON_METRO_INFANZIA,Nessuna strategia ha funzionato,1,2026-01-22T09:29:10.756611
synced,FO1E00500D,PAR_NORD EST_NON_METRO_PRIMARIA,Nessuna strategia ha funzionato,2,2026-01-22T09:29:03.125815
synced,CE1E06200P,PAR_CAMPANIA_NON_METRO_PRIMARIA,Nessuna strategia ha funzionato,1,2026-01-22T09:28:19.836425
synced,CE1ABB500Q,PAR_CAMPANIA_NON_METRO_INFANZIA,Nessuna strategia ha funzionato,1,2026-01-22T09:28:17.189069
synced,NAPSP85001,PAR_SUD_METRO_SEC_SECONDO,Nessuna strategia ha funzionato,2,2026-01-22T09:28:13.073419
synced,NA1A591003,PAR_CAMPANIA_METRO_INFANZIA,Nessuna strategia ha funzionato,1,2026-01-22T09:27:55.019208
synced,RC1E01000Q,PAR_SUD_METRO_PRIMARIA,Nessuna strategia ha funzionato,2,2026-01-22T09:27:36.006547
synced,AQ1A00600Q,PAR_ABRUZZO_NON_METRO_INFANZIA,Nessuna strategia ha funzionato,1,2026-01-22T09:27:17.017515
synced,MTEE808046,STAT_BASILICATA_NON_METRO_PRIMARIA,Nessuna strategia ha funzionato,1,2026-01-22T09:16:06.529920
synced,SSTD015004,PAR_SARDEGNA_NON_METRO_SEC_SECONDO,Nessuna strategia ha funzionato,1,2026-01-21T13:32:24.734477
synced,CAPS02500E,PAR_ISOLE_METRO_SEC_SECONDO,Nessuna strategia ha funzionato,2,2026-01-21T13:32:21.070341
synced,LEPS1Q500E,PAR_PUGLIA_NON_METRO_SEC_SECONDO,Nessuna strategia ha funzionato,1,2026-01-21T13:32:05.899271
synced,ALPM02500D,PAR_PIEMONTE_NON_METRO_SEC_SECONDO,Nessuna strategia ha funzionato,1,2026-01-21T13:32:00.917918
synced,TOSLQQ500Z,PAR_PIEMONTE_METRO_SEC_SECONDO,Nessuna strategia ha funzionato,1,2026-01-21T13:31:57.282321
synced,ISTFG35007,PAR_MOLISE_NON_METRO_SEC_SECONDO,Nessuna strategia ha funzionato,1,2026-01-21T13:31:55.052066
synced,PVSL1E500O,PAR_LOMBARDIA_NON_METRO_SEC_SECONDO,Nessuna strategia ha funzionato,1,2026-01-21T13:31:33.568659
synced,MIPC15500V,PAR_LOMBARDIA_METRO_SEC_SECONDO,Nessuna strategia ha funzionato,1,2026-01-21T13:31:29.828236
synced,GEPS04500R,PAR_LIGURIA_METRO_SEC_SECONDO,Nessuna strategia ha funzionato,1,2026-01-21T13:31:17.244649
synced,LTTD035005,PAR_LAZIO_NON_METRO_SEC_SECONDO,Nessuna strategia ha funzionato,1,2026-01-21T13:31:10.171841
synced,RMPL43500P,PAR_LAZIO_METRO_SEC_SECONDO,Nessuna strategia ha funzionato,1,2026-01-21T13:31:05.766880
synced,UDPLO3500Z,PAR_NORD EST_NON_METRO_SEC_SECONDO,Nessuna strategia ha funzionato,2,2026-01-21T13:30:48.724473
synced,MOPLT95002,PAR_EMILIA_ROMAGNA_NON_METRO_SEC_SECONDO,Nessuna strategia ha funzionato,1,2026-01-21T13:30:13.686651
synced,BORI03500C,PAR_NORD EST_METRO_SEC_SECONDO,Nessuna strategia ha funzionato,2,2026-01-21T13:29:56.725435
synced,CERH015004,PAR_SUD_NON_METRO_SEC_SECONDO,Nessuna strategia ha funzionato,2,2026-01-21T13:29:53.803460
synced,NATHES5002,PAR_SUD_METRO_SEC_SECONDO,Nessuna strategia ha funzionato,2,2026-01-21T13:29:48.732120
synced,TRPS001011,STAT_UMBRIA_NON_METRO_SEC_SECONDO,Nessuna strategia ha funzionato,1,2026-01-21T13:28:49.725867
synced,PTTA010004,STAT_TOSCANA_NON_METRO_SEC_SECONDO,Nessuna strategia ha funzionato,1,2026-01-21T13:28:46.599957
synced,SRPC00301C,STAT_SICILIA_NON_METRO_SEC_SECONDO,Nessuna strategia ha funzionato,1,2026-01-21T13:28:32.097305
synced,SSTD029024,STAT_SARDEGNA_NON_METRO_SEC_SECONDO,Nessuna strategia ha funzionato,1,2026-01-21T13:28:24.327576
synced,BAPS05000A,STAT_PUGLIA_METRO_SEC_SECONDO,Nessuna strategia ha funzionato,1,2026-01-21T13:27:55.008846
synced,VCIS01900Q,STAT_PIEMONTE_NON_METRO_SEC_SECONDO,Nessuna strategia ha funzionato,1,2026-01-21T13:27:46.729873
synced,TOTD03750R,STAT_PIEMONTE_METRO_SEC_SECONDO,Nessuna strategia ha funzionato,1,2026-01-21T13:27:44.095817
synced,CBSL00201A,STAT_MOLISE_NON_METRO_SEC_SECONDO,Nessuna strategia ha funzionato,1,2026-01-21T13:27:39.962082
synced,APIS01600D,STAT_MARCHE_NON_METRO_SEC_SECONDO,Nessuna strategia ha funzionato,1,2026-01-21T13:27:28.105984
synced,COPC020007,STAT_LOMBARDIA_NON_METRO_SEC_SECONDO,Nessuna strategia ha funzionato,1,2026-01-21T13:27:20.179562
synced,MIIS10300X,STAT_LOMBARDIA_METRO_SEC_SECONDO,Nessuna strategia ha funzionato,1,2026-01-21T13:27:13.091375
synced,FRIS006008,STAT_LAZIO_NON_METRO_SEC_SECONDO,Nessuna strategia ha funzionato,1,2026-01-21T13:26:56.738128
synced,RMTF023019,STAT_LAZIO_METRO_SEC_SECONDO,Nessuna strategia ha funzionato,1,2026-01-21T13:26:51.394146
synced,RATL02000L,STAT_EMILIA_ROMAGNA_NON_METRO_SEC_SECONDO,Nessuna strategia ha funzionato,1,2026-01-21T13:26:33.786848
synced,NAIS03900B,STAT_CAMPANIA_METRO_SEC_SECONDO,Nessuna strategia ha funzionato,1,2026-01-21T13:25:19.999637
synced,CZPM02201E,STAT_CALABRIA_NON_METRO_SEC_SECONDO,Nessuna strategia ha funzionato,1,2026-01-21T13:25:16.935730
synced,RCIS041007,STAT_CALABRIA_METRO_SEC_SECONDO,Nessuna strategia ha funzionato,1,2026-01-21T13:25:05.203393
synced,VIPS3I500B,PAR_NORD EST_NON_METRO_SEC_SECONDO,Nessuna strategia ha funzionato,2,2026-01-21T13:24:51.176304
synced,LUPL01500A,PAR_CENTRO_NON_METRO_SEC_SECONDO,Nessuna strategia ha funzionato,2,2026-01-21T13:24:21.086478
synced,FIPMP9500U,PAR_TOSCANA_METRO_SEC_SECONDO,Nessuna strategia ha funzionato,1,2026-01-21T13:24:13.705311
synced,SRTN1M500T,PAR_ISOLE_NON_METRO_SEC_SECONDO,Nessuna strategia ha funzionato,2,2026-01-21T13:23:58.628531
synced,SSPSNU500Q,PAR_ISOLE_NON_METRO_SEC_SECONDO,Nessuna strategia ha funzionato,2,2026-01-21T13:23:52.251962
synced,CAPS005009,PAR_SARDEGNA_METRO_SEC_SECONDO,Nessuna strategia ha funzionato,1,2026-01-21T13:23:45.754063
synced,TAPS02500A,PAR_SUD_NON_METRO_SEC_SECONDO,Nessuna strategia ha funzionato,2,2026-01-21T13:23:15.420136
synced,NOPC05500E,PAR_PIEMONTE_NON_METRO_SEC_SECONDO,Nessuna strategia ha funzionato,1,2026-01-21T13:22:42.429490
synced,TOPS19500C,PAR_NORD OVEST_METRO_SEC_SECONDO,Nessuna strategia ha funzionato,2,2026-01-21T13:22:20.857622
synced,ISTDGG500C,PAR_MOLISE_NON_METRO_SEC_SECONDO,Nessuna strategia ha funzionato,1,2026-01-21T13:22:01.083234
synced,APPSL05000,PAR_CENTRO_NON_METRO_SEC_SECONDO,Nessuna strategia ha funzionato,2,2026-01-21T13:21:25.488428
synced,VATB01500D,PAR_NORD OVEST_NON_METRO_SEC_SECONDO,Nessuna strategia ha funzionato,2,2026-01-21T13:21:22.556015
synced,MIPM01500Q,PAR_LOMBARDIA_METRO_SEC_SECONDO,Nessuna strategia ha funzionato,1,2026-01-21T13:21:18.207372
synced,SVPS015002,PAR_LIGURIA_NON_METRO_SEC_SECONDO,Nessuna strategia ha funzionato,1,2026-01-21T13:21:09.180074
synced,LTPM4Q5001,PAR_CENTRO_NON_METRO_SEC_SECONDO,Nessuna strategia ha funzionato,2,2026-01-21T13:20:57.036122
synced,RMPC545008,PAR_LAZIO_METRO_SEC_SECONDO,Nessuna strategia ha funzionato,1,2026-01-21T13:20:53.801430
synced,MOTD02500A,PAR_NORD EST_NON_METRO_SEC_SECONDO,Nessuna strategia ha funzionato,2,2026-01-21T13:20:33.866479
synced,BOPLUH500M,PAR_NORD EST_METRO_SEC_SECONDO,Nessuna strategia ha funzionato,2,2026-01-21T13:20:07.002595
synced,NATF3I5009,PAR_CAMPANIA_METRO_SEC_SECONDO,Nessuna strategia ha funzionato,1,2026-01-21T13:19:48.262741
synced,CSTN015007,PAR_CALABRIA_NON_METRO_SEC_SECONDO,Nessuna strategia ha funzionato,1,2026-01-21T13:19:46.137285
synced,RCTD035005,PAR_CALABRIA_METRO_SEC_SECONDO,Nessuna strategia ha funzionato,1,2026-01-21T13:19:43.235104
synced,PETD03500L,PAR_ABRUZZO_NON_METRO_SEC_SECONDO,Nessuna strategia ha funzionato,1,2026-01-21T13:19:40.037589
synced,VEPM002013,STAT_NORD EST_METRO_SEC_SECONDO,Nessuna strategia ha funzionato,2,2026-01-21T13:18:59.547165
synced,PGIS013005,STAT_UMBRIA_NON_METRO_SEC_SECONDO,Nessuna strategia ha funzionato,1,2026-01-21T13:18:50.741154
synced,GRPS013012,STAT_TOSCANA_NON_METRO_SEC_SECONDO,Nessuna strategia ha funzionato,1,2026-01-21T13:18:45.522483
synced,FITF00601C,STAT_TOSCANA_METRO_SEC_SECONDO,Nessuna strategia ha funzionato,1,2026-01-21T13:18:19.907307
synced,TPTD00201B,STAT_SICILIA_NON_METRO_SEC_SECONDO,Nessuna strategia ha funzionato,1,2026-01-21T13:18:10.453791
synced,CATD02901P,STAT_ISOLE_METRO_SEC_SECONDO,Nessuna strategia ha funzionato,2,2026-01-21T13:17:20.465534
synced,VBIS006003,STAT_PIEMONTE_NON_METRO_SEC_SECONDO,Nessuna strategia ha funzionato,1,2026-01-21T13:16:57.559999
synced,TOPM034016,STAT_PIEMONTE_METRO_SEC_SECONDO,Nessuna strategia ha funzionato,1,2026-01-21T13:16:44.582356
synced,PSPC03000N,STAT_MARCHE_NON_METRO_SEC_SECONDO,Nessuna strategia ha funzionato,1,2026-01-21T13:16:23.596848
synced,GETH020002,STAT_LIGURIA_METRO_SEC_SECONDO,Nessuna strategia ha funzionato,1,2026-01-21T13:15:53.966492
synced,RIPS00901A,STAT_LAZIO_NON_METRO_SEC_SECONDO,Nessuna strategia ha funzionato,1,2026-01-21T13:15:50.273815
synced,GOIS01100R,STAT_FRIULI_VENEZIA_G._NON_METRO_SEC_SECONDO,Nessuna strategia ha funzionato,1,2026-01-21T13:15:44.621732
synced,BOPM001016,STAT_NORD EST_METRO_SEC_SECONDO,Nessuna strategia ha funzionato,2,2026-01-21T13:15:24.694743
synced,CEIS006006,STAT_CAMPANIA_NON_METRO_SEC_SECONDO,Nessuna strategia ha funzionato,1,2026-01-21T13:15:17.906436
synced,NASL010002,STAT_CAMPANIA_METRO_SEC_SECONDO,Nessuna strategia ha funzionato,1,2026-01-21T13:15:13.818194
synced,CZTF00701D,STAT_CALABRIA_NON_METRO_SEC_SECONDO,Nessuna strategia ha funzionato,1,2026-01-21T13:14:38.370108
synced,PZIS028007,STAT_BASILICATA_NON_METRO_SEC_SECONDO,Nessuna strategia ha funzionato,1,2026-01-21T13:14:19.360319
synced,PDPSA0500O,PAR_NORD EST_NON_METRO_SEC_SECONDO,Nessuna strategia ha funzionato,2,2026-01-21T13:13:39.065047
synced,LUPMRC5008,PAR_TOSCANA_NON_METRO_SEC_SECONDO,Nessuna strategia ha funzionato,1,2026-01-21T13:13:27.096384
synced,FIPSCR500M,PAR_CENTRO_METRO_SEC_SECONDO,Nessuna strategia ha funzionato,2,2026-01-21T13:13:11.033455
synced,CLSD00500B,PAR_ISOLE_NON_METRO_SEC_SECONDO,Nessuna strategia ha funzionato,2,2026-01-21T13:13:06.035373
synced,CTTFQT500Q,PAR_ISOLE_METRO_SEC_SECONDO,Nessuna strategia ha funzionato,2,2026-01-21T13:12:52.399116
synced,SSPQC7500O,PAR_ISOLE_NON_METRO_SEC_SECONDO,Nessuna strategia ha funzionato,2,2026-01-21T13:12:38.080713
synced,CAPC005006,PAR_SARDEGNA_METRO_SEC_SECONDO,Nessuna strategia ha funzionato,1,2026-01-21T13:12:33.098436
synced,ANTD02500V,PAR_CENTRO_NON_METRO_SEC_SECONDO,Nessuna strategia ha funzionato,2,2026-01-21T13:10:38.264702
synced,VTPSP5500E,PAR_CENTRO_NON_METRO_SEC_SECONDO,Nessuna strategia ha funzionato,2,2026-01-21T13:09:10.298696
synced,UDPS0G500U,PAR_NORD EST_NON_METRO_SEC_SECONDO,Nessuna strategia ha funzionato,2,2026-01-21T13:08:38.087167
synced,REPM7R500G,PAR_EMILIA_ROMAGNA_NON_METRO_SEC_SECONDO,Nessuna strategia ha funzionato,1,2026-01-21T13:08:32.839996
synced,NATDFO5000,PAR_CAMPANIA_METRO_SEC_SECONDO,Nessuna strategia ha funzionato,1,2026-01-21T13:07:49.351941
synced,VE1M002001,PAR_NORD EST_METRO_SEC_PRIMO,Nessuna strategia ha funzionato,2,2026-01-05T16:39:23.809506
synced,VE1M007004,PAR_NORD EST_METRO_SEC_PRIMO,Nessuna strategia ha funzionato,2,2026-01-05T16:39:05.291458
synced,VE1M01000X,PAR_NORD EST_METRO_SEC_PRIMO,Nessuna strategia ha funzionato,2,2026-01-05T16:38:53.677084
synced,VE1M01200G,PAR_NORD EST_METRO_SEC_PRIMO,Nessuna strategia ha funzionato,2,2026-01-05T16:38:14.357589
synced,VE1M00500C,PAR_NORD EST_METRO_SEC_PRIMO,Nessuna strategia ha funzionato,2,2026-01-05T16:37:55.086166
synced,IS1MS7500N,PAR_SUD_NON_METRO_SEC_PRIMO,Nessuna strategia ha funzionato,3,2026-01-05T16:37:48.194534
synced,PG1MB2500Q,PAR_CENTRO_NON_METRO_SEC_PRIMO,Nessuna strategia ha funzionato,2,2026-01-05T16:37:15.256251
synced,PG1M00500G,PAR_CENTRO_NON_METRO_SEC_PRIMO,Nessuna strategia ha funzionato,2,2026-01-05T16:37:05.595324
synced,PG1M001008,PAR_CENTRO_NON_METRO_SEC_PRIMO,Nessuna strategia ha funzionato,3,2026-01-05T16:37:02.098569
synced,TR1M00100X,PAR_CENTRO_NON_METRO_SEC_PRIMO,Nessuna strategia ha funzionato,2,2026-01-05T16:36:44.500001
synced,RC1M00400N,PAR_SUD_METRO_SEC_PRIMO,Nessuna strategia ha funzionato,2,2026-01-05T16:36:24.053846
synced,PE1M5C500R,PAR_SUD_NON_METRO_SEC_PRIMO,Nessuna strategia ha funzionato,2,2026-01-05T16:36:04.804648
synced,PE1M00800C,PAR_SUD_NON_METRO_SEC_PRIMO,Nessuna strategia ha funzionato,2,2026-01-05T16:35:51.894680
synced,PE1M004005,PAR_SUD_NON_METRO_SEC_PRIMO,Nessuna strategia ha funzionato,2,2026-01-05T16:35:47.875879
synced,PE1M00100N,PAR_SUD_NON_METRO_SEC_PRIMO,Nessuna strategia ha funzionato,2,2026-01-05T16:34:49.502071
synced,CA1M01200C,PAR_ISOLE_METRO_SEC_PRIMO,Nessuna strategia ha funzionato,2,2026-01-05T16:34:36.980583
synced,CA1M01100L,PAR_ISOLE_METRO_SEC_PRIMO,Nessuna strategia ha funzionato,2,2026-01-05T16:33:51.390838
synced,SV1M00500B,PAR_LIGURIA_NON_METRO_SEC_PRIMO,Nessuna strategia ha funzionato,1,2026-01-05T16:33:29.762310
synced,SV1M00400G,PAR_LIGURIA_NON_METRO_SEC_PRIMO,Nessuna strategia ha funzionato,1,2026-01-05T16:33:18.903577
synced,SV1M00200X,PAR_LIGURIA_NON_METRO_SEC_PRIMO,Nessuna strategia ha funzionato,1,2026-01-05T16:33:01.939467
synced,IM1M00500T,PAR_NORD OVEST_NON_METRO_SEC_PRIMO,Nessuna strategia ha funzionato,2,2026-01-05T16:32:46.108433
synced,BA1M006008,PAR_SUD_METRO_SEC_PRIMO,Nessuna strategia ha funzionato,2,2026-01-05T16:32:25.695142
synced,BA1MDT500L,PAR_SUD_METRO_SEC_PRIMO,Nessuna strategia ha funzionato,2,2026-01-05T16:32:19.317140
synced,MC1MIF5001,PAR_CENTRO_NON_METRO_SEC_PRIMO,Nessuna strategia ha funzionato,2,2026-01-05T16:31:28.991110
synced,AP1M001005,PAR_CENTRO_NON_METRO_SEC_PRIMO,Nessuna strategia ha funzionato,2,2026-01-05T16:31:22.713679
synced,AP1MUM500N,PAR_CENTRO_NON_METRO_SEC_PRIMO,Nessuna strategia ha funzionato,2,2026-01-05T16:31:16.221994
synced,MC1M8S500G,PAR_CENTRO_NON_METRO_SEC_PRIMO,Nessuna strategia ha funzionato,2,2026-01-05T16:31:05.517553
synced,GR1M00200E,PAR_CENTRO_NON_METRO_SEC_PRIMO,Nessuna strategia ha funzionato,2,2026-01-05T16:30:54.375803
synced,LI1M00600A,PAR_CENTRO_NON_METRO_SEC_PRIMO,Nessuna strategia ha funzionato,2,2026-01-05T16:30:49.761989
synced,SI1M00200A,PAR_CENTRO_NON_METRO_SEC_PRIMO,Nessuna strategia ha funzionato,2,2026-01-05T16:30:38.649104
synced,PO1M02000G,PAR_CENTRO_NON_METRO_SEC_PRIMO,Nessuna strategia ha funzionato,3,2026-01-05T16:30:28.366210
synced,BO1M01300A,PAR_NORD EST_METRO_SEC_PRIMO,Nessuna strategia ha funzionato,3,2026-01-05T16:28:15.131050
synced,BO1M00300Q,PAR_NORD EST_METRO_SEC_PRIMO,Nessuna strategia ha funzionato,2,2026-01-05T16:28:05.202677
synced,BO1M007003,PAR_NORD EST_METRO_SEC_PRIMO,Nessuna strategia ha funzionato,2,2026-01-05T16:27:55.380201
synced,FI1M010001,PAR_CENTRO_METRO_SEC_PRIMO,Nessuna strategia ha funzionato,2,2026-01-05T16:27:27.030809
synced,FI1M008001,PAR_TOSCANA_METRO_SEC_PRIMO,Nessuna strategia ha funzionato,1,2026-01-05T16:27:20.890055
synced,FI1M015004,PAR_TOSCANA_METRO_SEC_PRIMO,Nessuna strategia ha funzionato,1,2026-01-05T16:27:09.922942
synced,FI1M00500D,PAR_TOSCANA_METRO_SEC_PRIMO,Nessuna strategia ha funzionato,1,2026-01-05T16:24:02.905474
synced,PN1M002009,PAR_NORD EST_NON_METRO_SEC_PRIMO,Nessuna strategia ha funzionato,2,2026-01-05T16:23:28.242674
synced,UD1M002009,PAR_FRIULI_VENEZIA_G._NON_METRO_SEC_PRIMO,Nessuna strategia ha funzionato,1,2026-01-05T16:23:10.496108
synced,UD1M00700C,PAR_NORD EST_NON_METRO_SEC_PRIMO,Nessuna strategia ha funzionato,2,2026-01-05T16:22:58.654896
synced,UD1M00100D,PAR_NORD EST_NON_METRO_SEC_PRIMO,Nessuna strategia ha funzionato,2,2026-01-05T16:22:54.608776
synced,GO1MGQ500P,PAR_NORD EST_NON_METRO_SEC_PRIMO,Nessuna strategia ha funzionato,2,2026-01-05T16:22:31.220604
synced,CS1MT95008,PAR_SUD_NON_METRO_SEC_PRIMO,Nessuna strategia ha funzionato,2,2026-01-05T16:22:13.134544
synced,CZ1MBR5002,PAR_SUD_NON_METRO_SEC_PRIMO,Nessuna strategia ha funzionato,2,2026-01-05T16:22:09.265436
synced,CZ1M002007,PAR_SUD_NON_METRO_SEC_PRIMO,Nessuna strategia ha funzionato,2,2026-01-05T16:21:59.576003
synced,CZ1M00100B,PAR_SUD_NON_METRO_SEC_PRIMO,Nessuna strategia ha funzionato,2,2026-01-05T16:21:49.319705
synced,CS1MUP500H,PAR_SUD_NON_METRO_SEC_PRIMO,Nessuna strategia ha funzionato,2,2026-01-05T16:21:25.912425
synced,MI1M07300P,PAR_NORD OVEST_METRO_SEC_PRIMO,Nessuna strategia ha funzionato,2,2026-01-05T16:21:17.090875
synced,MI1M00700Q,PAR_LOMBARDIA_METRO_SEC_PRIMO,Nessuna strategia ha funzionato,1,2026-01-05T16:21:07.707423
synced,MI1M04000B,PAR_NORD OVEST_METRO_SEC_PRIMO,Nessuna strategia ha funzionato,2,2026-01-05T16:20:57.505203
synced,MI1M097007,PAR_LOMBARDIA_METRO_SEC_PRIMO,Nessuna strategia ha funzionato,1,2026-01-05T16:20:43.357000
synced,LE1MO05005,PAR_SUD_NON_METRO_SEC_PRIMO,Nessuna strategia ha funzionato,2,2026-01-05T16:20:34.342878
synced,LE1M00400B,PAR_SUD_NON_METRO_SEC_PRIMO,Nessuna strategia ha funzionato,2,2026-01-05T16:20:03.918645
synced,FG1MS1500L,PAR_SUD_NON_METRO_SEC_PRIMO,Nessuna strategia ha funzionato,2,2026-01-05T16:20:00.570846
synced,FG1M002009,PAR_SUD_NON_METRO_SEC_PRIMO,Nessuna strategia ha funzionato,2,2026-01-05T16:19:51.015884
synced,TA1M00300D,PAR_SUD_NON_METRO_SEC_PRIMO,Nessuna strategia ha funzionato,2,2026-01-05T16:19:41.777138
synced,AT1M00200R,PAR_NORD OVEST_NON_METRO_SEC_PRIMO,Nessuna strategia ha funzionato,2,2026-01-05T16:19:26.973098
synced,AT1MS75008,PAR_PIEMONTE_NON_METRO_SEC_PRIMO,Nessuna strategia ha funzionato,1,2026-01-05T16:19:11.378740
synced,NO1M001009,PAR_PIEMONTE_NON_METRO_SEC_PRIMO,Nessuna strategia ha funzionato,1,2026-01-05T16:19:06.149158
synced,CN1M001008,PAR_NORD OVEST_NON_METRO_SEC_PRIMO,Nessuna strategia ha funzionato,2,2026-01-05T16:18:36.773317
synced,NO1M00900X,PAR_PIEMONTE_NON_METRO_SEC_PRIMO,Nessuna strategia ha funzionato,1,2026-01-05T16:18:26.569901
synced,LT1M001006,PAR_CENTRO_NON_METRO_SEC_PRIMO,Nessuna strategia ha funzionato,2,2026-01-05T16:17:31.817555
synced,ME1MU5500F,PAR_ISOLE_METRO_SEC_PRIMO,Nessuna strategia ha funzionato,2,2026-01-05T16:17:02.075319
synced,ME1M004001,PAR_ISOLE_METRO_SEC_PRIMO,Nessuna strategia ha funzionato,2,2026-01-05T16:16:44.938584
synced,PA1M02400X,PAR_ISOLE_METRO_SEC_PRIMO,Nessuna strategia ha funzionato,2,2026-01-05T16:16:36.416278
synced,CT1M01600C,PAR_ISOLE_METRO_SEC_PRIMO,Nessuna strategia ha funzionato,3,2026-01-05T16:16:26.425393
synced,CR1M00200X,PAR_LOMBARDIA_NON_METRO_SEC_PRIMO,Nessuna strategia ha funzionato,1,2026-01-05T16:15:40.969018
synced,PV1M00600N,PAR_LOMBARDIA_NON_METRO_SEC_PRIMO,Nessuna strategia ha funzionato,1,2026-01-05T16:15:21.503575
synced,VA1M005002,PAR_LOMBARDIA_NON_METRO_SEC_PRIMO,Nessuna strategia ha funzionato,1,2026-01-05T16:15:03.798810
synced,RM1M04300B,PAR_LAZIO_METRO_SEC_PRIMO,Nessuna strategia ha funzionato,1,2026-01-05T16:14:27.216146
synced,RM1M5A5006,PAR_LAZIO_METRO_SEC_PRIMO,Nessuna strategia ha funzionato,1,2026-01-05T16:14:18.304476
synced,RM1MHD500Z,PAR_LAZIO_METRO_SEC_PRIMO,Nessuna strategia ha funzionato,1,2026-01-05T16:14:06.813531
synced,RM1M09800G,PAR_LAZIO_METRO_SEC_PRIMO,Nessuna strategia ha funzionato,1,2026-01-05T16:14:00.269317
synced,GE1M027007,PAR_NORD OVEST_METRO_SEC_PRIMO,Nessuna strategia ha funzionato,2,2026-01-05T16:13:52.879151
synced,GE1M03300E,PAR_LIGURIA_METRO_SEC_PRIMO,Nessuna strategia ha funzionato,1,2026-01-05T16:13:24.976617
synced,GE1M015001,PAR_LIGURIA_METRO_SEC_PRIMO,Nessuna strategia ha funzionato,1,2026-01-05T16:13:09.904212
synced,GE1M014005,PAR_LIGURIA_METRO_SEC_PRIMO,Nessuna strategia ha funzionato,1,2026-01-05T16:12:59.683126
synced,GE1M00800T,PAR_LIGURIA_METRO_SEC_PRIMO,Nessuna strategia ha funzionato,1,2026-01-05T16:12:46.150912
synced,TO1M02300N,PAR_NORD OVEST_METRO_SEC_PRIMO,Nessuna strategia ha funzionato,2,2026-01-05T16:12:28.043172
synced,TO1M04500E,PAR_NORD OVEST_METRO_SEC_PRIMO,Nessuna strategia ha funzionato,2,2026-01-05T16:11:31.333945
synced,TO1M042003,PAR_PIEMONTE_METRO_SEC_PRIMO,Nessuna strategia ha funzionato,1,2026-01-05T16:11:22.234066
synced,TO1M01000G,PAR_PIEMONTE_METRO_SEC_PRIMO,Nessuna strategia ha funzionato,1,2026-01-05T16:10:12.829942
synced,BN1M4D5009,PAR_SUD_NON_METRO_SEC_PRIMO,Nessuna strategia ha funzionato,2,2026-01-05T16:08:36.653590
synced,SA1MR95005,PAR_SUD_NON_METRO_SEC_PRIMO,Nessuna strategia ha funzionato,3,2026-01-05T16:08:16.326646
synced,CE1ME85005,PAR_SUD_NON_METRO_SEC_PRIMO,Nessuna strategia ha funzionato,2,2026-01-05T16:08:05.029094
synced,BL1M00100R,PAR_NORD EST_NON_METRO_SEC_PRIMO,Nessuna strategia ha funzionato,2,2026-01-05T16:07:53.844510
synced,TV1M014007,PAR_VENETO_NON_METRO_SEC_PRIMO,Nessuna strategia ha funzionato,1,2026-01-05T16:07:34.298245
synced,TV1M01000X,PAR_NORD EST_NON_METRO_SEC_PRIMO,Nessuna strategia ha funzionato,2,2026-01-05T16:07:22.962641
synced,VR1M92500T,PAR_VENETO_NON_METRO_SEC_PRIMO,Nessuna strategia ha funzionato,1,2026-01-05T16:07:11.190417
synced,TV1M00800X,PAR_NORD EST_NON_METRO_SEC_PRIMO,Nessuna strategia ha funzionato,2,2026-01-05T16:07:00.771564
synced,RN1M02000L,PAR_EMILIA_ROMAGNA_NON_METRO_SEC_PRIMO,Nessuna strategia ha funzionato,1,2026-01-05T16:06:25.064037
synced,RE1M8H500D,PAR_NORD EST_NON_METRO_SEC_PRIMO,Nessuna strategia ha funzionato,2,2026-01-05T16:05:58.478759
synced,PR1M00500L,PAR_EMILIA_ROMAGNA_NON_METRO_SEC_PRIMO,Nessuna strategia ha funzionato,1,2026-01-05T16:05:53.600837
synced,RE1M00400V,PAR_EMILIA_ROMAGNA_NON_METRO_SEC_PRIMO,Nessuna strategia ha funzionato,1,2026-01-05T16:05:27.174446
synced,NA1M00600D,PAR_SUD_METRO_SEC_PRIMO,Nessuna strategia ha funzionato,2,2026-01-05T16:04:49.857573
synced,NA1MPT5003,PAR_SUD_METRO_SEC_PRIMO,Nessuna strategia ha funzionato,2,2026-01-05T16:04:44.808584
synced,NA1M015008,PAR_SUD_METRO_SEC_PRIMO,Nessuna strategia ha funzionato,2,2026-01-05T16:03:52.544419
synced,NA1MT6500T,PAR_SUD_METRO_SEC_PRIMO,Nessuna strategia ha funzionato,2,2026-01-05T16:03:34.490094
synced,VEMM87101V,STAT_NORD EST_METRO_SEC_PRIMO,Nessuna strategia ha funzionato,2,2026-01-05T16:03:28.257207
synced,VEMM86901V,STAT_NORD EST_METRO_SEC_PRIMO,Nessuna strategia ha funzionato,2,2026-01-05T16:03:11.464654
synced,VEMM824019,STAT_NORD EST_METRO_SEC_PRIMO,Nessuna strategia ha funzionato,2,2026-01-05T16:03:05.949916
synced,VEMM86401Q,STAT_NORD EST_METRO_SEC_PRIMO,Nessuna strategia ha funzionato,2,2026-01-05T16:02:47.591300
synced,CAMM89801Q,STAT_SARDEGNA_METRO_SEC_PRIMO,Nessuna strategia ha funzionato,1,2026-01-05T16:02:00.688399
synced,CAMM8AN01B,STAT_SARDEGNA_METRO_SEC_PRIMO,Nessuna strategia ha funzionato,1,2026-01-05T16:01:47.095948
synced,CAMM8AM01G,STAT_SARDEGNA_METRO_SEC_PRIMO,Nessuna strategia ha funzionato,1,2026-01-05T16:01:22.465582
synced,CAMM00600L,STAT_SARDEGNA_METRO_SEC_PRIMO,Nessuna strategia ha funzionato,1,2026-01-05T16:00:37.587758
synced,CBMM85501C,STAT_MOLISE_NON_METRO_SEC_PRIMO,Nessuna strategia ha funzionato,1,2026-01-05T16:00:12.902549
synced,CBMM85401L,STAT_MOLISE_NON_METRO_SEC_PRIMO,Nessuna strategia ha funzionato,1,2026-01-05T15:59:20.523256
synced,GEMM181008,STAT_LIGURIA_METRO_SEC_PRIMO,Nessuna strategia ha funzionato,1,2026-01-05T15:58:34.697720
synced,GEMM86602A,STAT_LIGURIA_METRO_SEC_PRIMO,Nessuna strategia ha funzionato,1,2026-01-05T15:58:24.593004
synced,GEMM84302N,STAT_LIGURIA_METRO_SEC_PRIMO,Nessuna strategia ha funzionato,1,2026-01-05T15:58:21.232884
synced,GEMM81503E,STAT_LIGURIA_METRO_SEC_PRIMO,Nessuna strategia ha funzionato,1,2026-01-05T15:58:06.740969
synced,GEMM86902T,STAT_LIGURIA_METRO_SEC_PRIMO,Nessuna strategia ha funzionato,1,2026-01-05T15:57:59.687747
synced,PZMM886014,STAT_SUD_NON_METRO_SEC_PRIMO,Nessuna strategia ha funzionato,3,2026-01-05T15:57:30.831280
synced,MTMM81802N,STAT_BASILICATA_NON_METRO_SEC_PRIMO,Nessuna strategia ha funzionato,1,2026-01-05T15:56:57.163839
synced,MTMM83404N,STAT_BASILICATA_NON_METRO_SEC_PRIMO,Nessuna strategia ha funzionato,1,2026-01-05T15:56:46.045271
synced,PZMM885018,STAT_BASILICATA_NON_METRO_SEC_PRIMO,Nessuna strategia ha funzionato,1,2026-01-05T15:55:53.603191
synced,LEMM895016,STAT_PUGLIA_NON_METRO_SEC_PRIMO,Nessuna strategia ha funzionato,1,2026-01-05T15:55:49.096890
synced,LEMM85701B,STAT_PUGLIA_NON_METRO_SEC_PRIMO,Nessuna strategia ha funzionato,1,2026-01-05T15:55:45.717946
synced,LEMM81903P,STAT_PUGLIA_NON_METRO_SEC_PRIMO,Nessuna strategia ha funzionato,1,2026-01-05T15:55:28.926780
synced,TOMM858014,STAT_PIEMONTE_METRO_SEC_PRIMO,Nessuna strategia ha funzionato,1,2026-01-05T15:55:21.400241
synced,TOMM32500B,STAT_PIEMONTE_METRO_SEC_PRIMO,Nessuna strategia ha funzionato,1,2026-01-05T15:55:03.990803
synced,TOMM8B501R,STAT_PIEMONTE_METRO_SEC_PRIMO,Nessuna strategia ha funzionato,1,2026-01-05T15:54:59.145840
synced,TOMM807039,STAT_PIEMONTE_METRO_SEC_PRIMO,Nessuna strategia ha funzionato,1,2026-01-05T15:54:55.312513
synced,CAMM875024,STAT_SARDEGNA_NON_METRO_SEC_PRIMO,Nessuna strategia ha funzionato,1,2026-01-05T15:54:49.502579
synced,SSMM80302E,STAT_ISOLE_NON_METRO_SEC_PRIMO,Nessuna strategia ha funzionato,2,2026-01-05T15:54:45.032888
synced,CAMM84204V,STAT_ISOLE_NON_METRO_SEC_PRIMO,Nessuna strategia ha funzionato,2,2026-01-05T15:54:34.437925
synced,ORMM82701N,STAT_SARDEGNA_NON_METRO_SEC_PRIMO,Nessuna strategia ha funzionato,1,2026-01-05T15:54:26.895732
synced,CAMM82103R,STAT_SARDEGNA_NON_METRO_SEC_PRIMO,Nessuna strategia ha funzionato,1,2026-01-05T15:54:22.361501
synced,PVMM806037,STAT_LOMBARDIA_NON_METRO_SEC_PRIMO,Nessuna strategia ha funzionato,1,2026-01-05T15:53:06.798633
synced,BSMM81601X,STAT_LOMBARDIA_NON_METRO_SEC_PRIMO,Nessuna strategia ha funzionato,1,2026-01-05T15:52:43.006373
synced,BGMM85201E,STAT_LOMBARDIA_NON_METRO_SEC_PRIMO,Nessuna strategia ha funzionato,1,2026-01-05T15:52:18.104325
synced,LCMM806019,STAT_LOMBARDIA_NON_METRO_SEC_PRIMO,Nessuna strategia ha funzionato,1,2026-01-05T15:51:54.308718
synced,ALMM823029,STAT_PIEMONTE_NON_METRO_SEC_PRIMO,Nessuna strategia ha funzionato,1,2026-01-05T15:51:43.241024
synced,ALMM811034,STAT_PIEMONTE_NON_METRO_SEC_PRIMO,Nessuna strategia ha funzionato,1,2026-01-05T15:51:31.591946
synced,ATMM80502R,STAT_PIEMONTE_NON_METRO_SEC_PRIMO,Nessuna strategia ha funzionato,1,2026-01-05T15:51:21.926714
synced,ALMM816037,STAT_PIEMONTE_NON_METRO_SEC_PRIMO,Nessuna strategia ha funzionato,1,2026-01-05T15:50:42.797662
synced,TRMM02200C,STAT_UMBRIA_NON_METRO_SEC_PRIMO,Nessuna strategia ha funzionato,1,2026-01-05T15:50:13.576725
synced,PGMM83801A,STAT_UMBRIA_NON_METRO_SEC_PRIMO,Nessuna strategia ha funzionato,1,2026-01-05T15:50:05.115931
synced,BOMM853029,STAT_EMILIA_ROMAGNA_METRO_SEC_PRIMO,Nessuna strategia ha funzionato,1,2026-01-05T15:49:10.179149
synced,BOMM87701R,STAT_NORD EST_METRO_SEC_PRIMO,Nessuna strategia ha funzionato,2,2026-01-05T15:49:03.803975
synced,BOMM832028,STAT_NORD EST_METRO_SEC_PRIMO,Nessuna strategia ha funzionato,2,2026-01-05T15:48:19.760693
synced,BOMM83501P,STAT_NORD EST_METRO_SEC_PRIMO,Nessuna strategia ha funzionato,2,2026-01-05T15:47:45.724228
synced,RCMM85203L,STAT_CALABRIA_METRO_SEC_PRIMO,Nessuna strategia ha funzionato,1,2026-01-05T15:47:38.893567
synced,RCMM82908R,STAT_CALABRIA_METRO_SEC_PRIMO,Nessuna strategia ha funzionato,1,2026-01-05T15:47:34.700437
synced,RCMM82901D,STAT_CALABRIA_METRO_SEC_PRIMO,Nessuna strategia ha funzionato,1,2026-01-05T15:47:31.023637
synced,RCMM85001V,STAT_CALABRIA_METRO_SEC_PRIMO,Nessuna strategia ha funzionato,1,2026-01-05T15:47:27.238731
synced,RCMM813021,STAT_CALABRIA_METRO_SEC_PRIMO,Nessuna strategia ha funzionato,1,2026-01-05T15:47:22.959325
synced,LTMM83501R,STAT_LAZIO_NON_METRO_SEC_PRIMO,Nessuna strategia ha funzionato,1,2026-01-05T15:47:09.671993
synced,LTMM840018,STAT_LAZIO_NON_METRO_SEC_PRIMO,Nessuna strategia ha funzionato,1,2026-01-05T15:47:00.161760
synced,VTMM822043,STAT_LAZIO_NON_METRO_SEC_PRIMO,Nessuna strategia ha funzionato,1,2026-01-05T15:46:56.153148
synced,VTMM81203B,STAT_LAZIO_NON_METRO_SEC_PRIMO,Nessuna strategia ha funzionato,1,2026-01-05T15:46:50.309573
synced,ANMM82301V,STAT_MARCHE_NON_METRO_SEC_PRIMO,Nessuna strategia ha funzionato,1,2026-01-05T15:46:32.996139
synced,MCMM80201G,STAT_MARCHE_NON_METRO_SEC_PRIMO,Nessuna strategia ha funzionato,1,2026-01-05T15:45:57.058935
synced,PSMM84002X,STAT_MARCHE_NON_METRO_SEC_PRIMO,Nessuna strategia ha funzionato,1,2026-01-05T15:45:29.261842
synced,TEMM83002R,STAT_ABRUZZO_NON_METRO_SEC_PRIMO,Nessuna strategia ha funzionato,1,2026-01-05T15:45:19.090568
synced,AQMM845011,STAT_ABRUZZO_NON_METRO_SEC_PRIMO,Nessuna strategia ha funzionato,1,2026-01-05T15:44:53.026962
synced,CHMM80601Q,STAT_ABRUZZO_NON_METRO_SEC_PRIMO,Nessuna strategia ha funzionato,1,2026-01-05T15:44:37.778010
synced,UDMM00800Q,STAT_FRIULI_VENEZIA_G._NON_METRO_SEC_PRIMO,Nessuna strategia ha funzionato,1,2026-01-05T15:44:16.275343
synced,UDMM827015,STAT_FRIULI_VENEZIA_G._NON_METRO_SEC_PRIMO,Nessuna strategia ha funzionato,1,2026-01-05T15:44:09.949615
synced,UDMM86001R,STAT_FRIULI_VENEZIA_G._NON_METRO_SEC_PRIMO,Nessuna strategia ha funzionato,1,2026-01-05T15:43:32.786799
synced,PNMM836021,STAT_FRIULI_VENEZIA_G._NON_METRO_SEC_PRIMO,Nessuna strategia ha funzionato,1,2026-01-05T15:43:28.570378
synced,UDMM84504T,STAT_NORD EST_NON_METRO_SEC_PRIMO,Nessuna strategia ha funzionato,3,2026-01-05T15:43:16.760884
synced,RMMM89402R,STAT_LAZIO_METRO_SEC_PRIMO,Nessuna strategia ha funzionato,1,2026-01-05T15:42:44.421921
synced,BAMM825015,STAT_PUGLIA_METRO_SEC_PRIMO,Nessuna strategia ha funzionato,1,2026-01-05T15:42:01.885389
synced,BAMM888018,STAT_PUGLIA_METRO_SEC_PRIMO,Nessuna strategia ha funzionato,1,2026-01-05T15:41:37.479400
synced,BAMM80801B,STAT_PUGLIA_METRO_SEC_PRIMO,Nessuna strategia ha funzionato,1,2026-01-05T15:41:32.168191
synced,BAMM81301V,STAT_PUGLIA_METRO_SEC_PRIMO,Nessuna strategia ha funzionato,1,2026-01-05T15:41:27.540832
synced,MIMM8GG01D,STAT_LOMBARDIA_METRO_SEC_PRIMO,Nessuna strategia ha funzionato,1,2026-01-05T15:41:11.150526
synced,MIMM8B502T,STAT_LOMBARDIA_METRO_SEC_PRIMO,Nessuna strategia ha funzionato,1,2026-01-05T15:40:32.555457
synced,MIMM80901V,STAT_LOMBARDIA_METRO_SEC_PRIMO,Nessuna strategia ha funzionato,1,2026-01-05T15:40:21.570315
synced,MIMM8FC01G,STAT_LOMBARDIA_METRO_SEC_PRIMO,Nessuna strategia ha funzionato,1,2026-01-05T15:40:16.118167
synced,MEMM8AF01P,STAT_SICILIA_METRO_SEC_PRIMO,Nessuna strategia ha funzionato,1,2026-01-05T15:39:52.096591
synced,CTMM8BM01V,STAT_SICILIA_METRO_SEC_PRIMO,Nessuna strategia ha funzionato,1,2026-01-05T15:39:30.557837
synced,MEMM84705E,STAT_SICILIA_METRO_SEC_PRIMO,Nessuna strategia ha funzionato,1,2026-01-05T15:39:07.010375
synced,PIMM823019,STAT_TOSCANA_NON_METRO_SEC_PRIMO,Nessuna strategia ha funzionato,1,2026-01-05T15:39:00.898560
synced,SIMM81303A,STAT_TOSCANA_NON_METRO_SEC_PRIMO,Nessuna strategia ha funzionato,1,2026-01-05T15:38:42.096732
synced,SIMM81202D,STAT_CENTRO_NON_METRO_SEC_PRIMO,Nessuna strategia ha funzionato,2,2026-01-05T15:38:13.636424
synced,MSMM81101P,STAT_TOSCANA_NON_METRO_SEC_PRIMO,Nessuna strategia ha funzionato,1,2026-01-05T15:38:09.854283
synced,SRMM86401D,STAT_SICILIA_NON_METRO_SEC_PRIMO,Nessuna strategia ha funzionato,1,2026-01-05T15:37:52.971703
synced,SVMM812023,STAT_LIGURIA_NON_METRO_SEC_PRIMO,Nessuna strategia ha funzionato,1,2026-01-05T15:37:25.835495
synced,SVMM80701E,STAT_LIGURIA_NON_METRO_SEC_PRIMO,Nessuna strategia ha funzionato,1,2026-01-05T15:37:14.104563
synced,NAMM8FJ01D,STAT_CAMPANIA_METRO_SEC_PRIMO,Nessuna strategia ha funzionato,1,2026-01-05T15:36:49.398395
synced,NAMM8F3015,STAT_CAMPANIA_METRO_SEC_PRIMO,Nessuna strategia ha funzionato,1,2026-01-05T15:36:43.602499
synced,TVMM70601V,STAT_VENETO_NON_METRO_SEC_PRIMO,Nessuna strategia ha funzionato,1,2026-01-05T15:36:05.293199
synced,BLMM82502T,STAT_VENETO_NON_METRO_SEC_PRIMO,Nessuna strategia ha funzionato,1,2026-01-05T15:36:01.174026
synced,VIMM84403X,STAT_VENETO_NON_METRO_SEC_PRIMO,Nessuna strategia ha funzionato,1,2026-01-05T15:35:50.627572
synced,VIMM869016,STAT_VENETO_NON_METRO_SEC_PRIMO,Nessuna strategia ha funzionato,1,2026-01-05T15:35:44.427742
synced,FEMM810015,STAT_EMILIA_ROMAGNA_NON_METRO_SEC_PRIMO,Nessuna strategia ha funzionato,1,2026-01-05T15:35:31.904493
synced,FEMM807019,STAT_EMILIA_ROMAGNA_NON_METRO_SEC_PRIMO,Nessuna strategia ha funzionato,1,2026-01-05T15:35:15.438023
synced,REMM81101D,STAT_EMILIA_ROMAGNA_NON_METRO_SEC_PRIMO,Nessuna strategia ha funzionato,1,2026-01-05T15:34:45.436498
synced,CEMM85409R,STAT_CAMPANIA_NON_METRO_SEC_PRIMO,Nessuna strategia ha funzionato,1,2026-01-05T15:34:38.827281
synced,FIMM85801D,STAT_TOSCANA_METRO_SEC_PRIMO,Nessuna strategia ha funzionato,1,2026-01-05T15:34:03.191788
synced,FIMM863022,STAT_CENTRO_METRO_SEC_PRIMO,Nessuna strategia ha funzionato,3,2026-01-05T15:33:56.958446
synced,FIMM809029,STAT_TOSCANA_METRO_SEC_PRIMO,Nessuna strategia ha funzionato,1,2026-01-05T15:33:14.437851
synced,AN1E002005,PAR_CENTRO_NON_METRO_PRIMARIA,Nessuna strategia ha funzionato,2,2025-12-29T22:53:53.500554
synced,RM1E16700G,PAR_CENTRO_METRO_PRIMARIA,Nessuna strategia ha funzionato,2,2025-12-29T22:53:41.459389
synced,RM1A54300L,PAR_CENTRO_METRO_INFANZIA,Nessuna strategia ha funzionato,1,2025-12-29T22:53:36.882807
synced,VVEE812066,STAT_SUD_NON_METRO_PRIMARIA,Nessuna strategia ha funzionato,1,2025-12-29T22:53:25.505464
synced,FGRC04601L,STAT_SUD_NON_METRO_ALTRO,Nessuna strategia ha funzionato,1,2025-12-29T22:53:18.950142
synced,NAMM820017,STAT_SUD_METRO_SEC_PRIMO,Nessuna strategia ha funzionato,1,2025-12-29T22:52:58.050549
synced,NAIC8BG001,STAT_SUD_METRO_ALTRO,Nessuna strategia ha funzionato,1,2025-12-29T22:52:39.260663
synced,ALMM838012,STAT_NORD OVEST_NON_METRO_SEC_PRIMO,Nessuna strategia ha funzionato,1,2025-12-29T22:52:18.629145
synced,BIEE81301N,STAT_NORD OVEST_NON_METRO_PRIMARIA,Nessuna strategia ha funzionato,1,2025-12-29T22:52:05.677371
synced,NOAA83101C,STAT_NORD OVEST_NON_METRO_INFANZIA,Nessuna strategia ha funzionato,1,2025-12-29T22:51:56.911321
synced,MITD02801N,STAT_NORD OVEST_METRO_SEC_SECONDO,Nessuna strategia ha funzionato,1,2025-12-29T22:51:37.819800
synced,MIMM8D001V,STAT_NORD OVEST_METRO_SEC_PRIMO,Nessuna strategia ha funzionato,1,2025-12-29T22:51:34.076895
synced,TOEE137067,STAT_NORD OVEST_METRO_PRIMARIA,Nessuna strategia ha funzionato,1,2025-12-29T22:51:29.920708
synced,TOAA8B8025,STAT_NORD OVEST_METRO_INFANZIA,Nessuna strategia ha funzionato,1,2025-12-29T22:51:20.449639
synced,MOPC020008,STAT_NORD EST_NON_METRO_SEC_SECONDO,Nessuna strategia ha funzionato,1,2025-12-29T22:51:00.922786
synced,TSMM80101V,STAT_NORD EST_NON_METRO_SEC_PRIMO,Nessuna strategia ha funzionato,1,2025-12-29T22:50:53.872948
synced,REEE844041,STAT_NORD EST_NON_METRO_PRIMARIA,Nessuna strategia ha funzionato,1,2025-12-29T22:50:46.928147
synced,MOIC81900N,STAT_NORD EST_NON_METRO_ALTRO,Nessuna strategia ha funzionato,1,2025-12-29T22:50:32.016858
synced,BOTA00601N,STAT_NORD EST_METRO_SEC_SECONDO,Nessuna strategia ha funzionato,2,2025-12-29T22:50:14.203230
synced,VEMM87401A,STAT_NORD EST_METRO_SEC_PRIMO,Nessuna strategia ha funzionato,1,2025-12-29T22:50:04.341911
synced,BOAA87601R,STAT_NORD EST_METRO_INFANZIA,Nessuna strategia ha funzionato,1,2025-12-29T22:49:42.228160
synced,BORF00101B,STAT_NORD EST_METRO_ALTRO,Nessuna strategia ha funzionato,1,2025-12-29T22:49:33.987128
synced,AGMM818027,STAT_ISOLE_NON_METRO_SEC_PRIMO,Nessuna strategia ha funzionato,1,2025-12-29T22:49:08.793184
synced,CLEE829012,STAT_ISOLE_NON_METRO_PRIMARIA,Nessuna strategia ha funzionato,1,2025-12-29T22:48:52.842728
synced,SSAA82008A,STAT_ISOLE_NON_METRO_INFANZIA,Nessuna strategia ha funzionato,1,2025-12-29T22:48:47.272970
synced,METH037518,STAT_ISOLE_METRO_SEC_SECONDO,Nessuna strategia ha funzionato,2,2025-12-29T22:48:25.897745
synced,CTEE8AY02N,STAT_ISOLE_METRO_PRIMARIA,Nessuna strategia ha funzionato,1,2025-12-29T22:48:12.439465
synced,PGMM86001G,STAT_CENTRO_NON_METRO_SEC_PRIMO,Nessuna strategia ha funzionato,1,2025-12-29T22:47:52.402194
synced,LUAA830044,STAT_CENTRO_NON_METRO_INFANZIA,Nessuna strategia ha funzionato,1,2025-12-29T22:47:27.750402
synced,MSIC81700L,STAT_CENTRO_NON_METRO_ALTRO,Nessuna strategia ha funzionato,1,2025-12-29T22:47:20.751884
synced,RMAA8D6016,STAT_CENTRO_METRO_INFANZIA,Nessuna strategia ha funzionato,1,2025-12-29T22:46:57.671385
synced,RMRH00450X,STAT_CENTRO_METRO_ALTRO,Nessuna strategia ha funzionato,1,2025-12-29T22:46:42.572153
synced,CEPSVB5005,PAR_SUD_NON_METRO_SEC_SECONDO,Nessuna strategia ha funzionato,2,2025-12-29T22:46:38.600999
synced,BT1AMA5005,PAR_SUD_NON_METRO_INFANZIA,Nessuna strategia ha funzionato,1,2025-12-29T22:46:28.765584
synced,NATL265009,PAR_SUD_METRO_SEC_SECONDO,Nessuna strategia ha funzionato,1,2025-12-29T22:46:23.112021
synced,NA1E00500C,PAR_SUD_METRO_PRIMARIA,Nessuna strategia ha funzionato,2,2025-12-29T22:46:16.623662
synced,BA1A06200D,PAR_SUD_METRO_INFANZIA,Nessuna strategia ha funzionato,1,2025-12-29T22:46:12.770371
synced,BGPS12500G,PAR_NORD OVEST_NON_METRO_SEC_SECONDO,Nessuna strategia ha funzionato,2,2025-12-29T22:45:56.765952
synced,BS1A24600V,PAR_NORD OVEST_NON_METRO_INFANZIA,Nessuna strategia ha funzionato,1,2025-12-29T22:45:21.339996
synced,TO1E03500P,PAR_NORD OVEST_METRO_PRIMARIA,Nessuna strategia ha funzionato,1,2025-12-29T22:45:10.593422
synced,MI1A563009,PAR_NORD OVEST_METRO_INFANZIA,Nessuna strategia ha funzionato,1,2025-12-29T22:45:07.094607
synced,TS1A03300Q,PAR_NORD EST_NON_METRO_INFANZIA,Nessuna strategia ha funzionato,1,2025-12-29T22:44:51.521002
synced,BOPSR2500M,PAR_NORD EST_METRO_SEC_SECONDO,Nessuna strategia ha funzionato,3,2025-12-29T22:44:45.771121
synced,BO1E013005,PAR_NORD EST_METRO_PRIMARIA,Nessuna strategia ha funzionato,2,2025-12-29T22:44:26.431543
synced,BO1A106001,PAR_NORD EST_METRO_INFANZIA,Nessuna strategia ha funzionato,1,2025-12-29T22:44:13.683486
synced,PAPLE05003,PAR_ISOLE_METRO_SEC_SECONDO,Nessuna strategia ha funzionato,2,2025-12-29T22:43:47.242095
synced,CT1E016007,PAR_ISOLE_METRO_PRIMARIA,Nessuna strategia ha funzionato,1,2025-12-29T22:43:42.965090
synced,PA1A030004,PAR_ISOLE_METRO_INFANZIA,Nessuna strategia ha funzionato,1,2025-12-29T22:43:35.539353
synced,ANTD03500D,PAR_CENTRO_NON_METRO_SEC_SECONDO,Nessuna strategia ha funzionato,1,2025-12-29T22:43:31.294646
synced,FR1A823018,PAR_CENTRO_NON_METRO_INFANZIA,Nessuna strategia ha funzionato,1,2025-12-29T22:43:22.751889
synced,FIPC05500B,PAR_CENTRO_METRO_SEC_SECONDO,Nessuna strategia ha funzionato,2,2025-12-29T22:43:17.280503
synced,LEMM89301E,STAT_SUD_NON_METRO_SEC_PRIMO,Nessuna strategia ha funzionato,1,2025-12-29T22:39:05.797820
synced,LTCT703005,STAT_CENTRO_NON_METRO_ALTRO,Nessuna strategia ha funzionato,1,2025-12-29T22:38:31.173601
synced,ARIC821002,STAT_CENTRO_NON_METRO_ALTRO,Nessuna strategia ha funzionato,1,2025-12-29T22:38:26.092029
synced,MSRI006023,STAT_CENTRO_NON_METRO_ALTRO,Nessuna strategia ha funzionato,2,2025-12-29T22:38:08.823661
synced,CSEE83203T,STAT_SUD_NON_METRO_PRIMARIA,Nessuna strategia ha funzionato,1,2025-12-29T22:37:55.475206
synced,CEEE880012,STAT_SUD_NON_METRO_PRIMARIA,Nessuna strategia ha funzionato,1,2025-12-29T22:37:37.422516
synced,ATAA80106D,STAT_NORD OVEST_NON_METRO_INFANZIA,Nessuna strategia ha funzionato,1,2025-12-29T22:37:12.336217
synced,COAA803021,STAT_NORD OVEST_NON_METRO_INFANZIA,Nessuna strategia ha funzionato,1,2025-12-29T22:36:59.539238
synced,MNAA82802N,STAT_NORD OVEST_NON_METRO_INFANZIA,Nessuna strategia ha funzionato,1,2025-12-29T22:36:55.370459
synced,CZPC09000X,STAT_SUD_NON_METRO_SEC_SECONDO,Nessuna strategia ha funzionato,1,2025-12-29T22:36:22.690766
synced,CSPS059018,STAT_SUD_NON_METRO_SEC_SECONDO,Nessuna strategia ha funzionato,1,2025-12-29T22:36:19.801157
synced,TVSL028013,STAT_NORD EST_NON_METRO_SEC_SECONDO,Nessuna strategia ha funzionato,1,2025-12-29T22:31:45.883132
synced,ROPS007021,STAT_NORD EST_NON_METRO_SEC_SECONDO,Nessuna strategia ha funzionato,1,2025-12-29T22:31:27.992255
synced,NAEE021015,STAT_SUD_METRO_PRIMARIA,Nessuna strategia ha funzionato,1,2025-12-29T22:31:20.986078
synced,BAEE81902X,STAT_SUD_METRO_PRIMARIA,Nessuna strategia ha funzionato,1,2025-12-29T22:31:14.205326
synced,BAEE876013,STAT_SUD_METRO_PRIMARIA,Nessuna strategia ha funzionato,1,2025-12-29T22:31:06.455080
synced,BAAA02703Q,STAT_SUD_METRO_INFANZIA,Nessuna strategia ha funzionato,3,2025-12-29T22:29:46.520840
synced,RCAA82618L,STAT_SUD_METRO_INFANZIA,Nessuna strategia ha funzionato,1,2025-12-29T22:29:42.276609
synced,SRAA816032,STAT_ISOLE_NON_METRO_INFANZIA,Nessuna strategia ha funzionato,1,2025-12-29T22:29:31.863795
synced,CAAA895014,STAT_ISOLE_NON_METRO_INFANZIA,Nessuna strategia ha funzionato,1,2025-12-29T22:29:10.401388
synced,AGPM02801B,STAT_ISOLE_NON_METRO_SEC_SECONDO,Nessuna strategia ha funzionato,1,2025-12-29T22:28:56.077306
synced,NUTL00350T,STAT_ISOLE_NON_METRO_SEC_SECONDO,Nessuna strategia ha funzionato,1,2025-12-29T22:28:39.044226
synced,ENIS017006,STAT_ISOLE_NON_METRO_SEC_SECONDO,Nessuna strategia ha funzionato,1,2025-12-29T22:28:36.669504
synced,MOAA81101X,STAT_NORD EST_NON_METRO_INFANZIA,Nessuna strategia ha funzionato,1,2025-12-29T22:28:22.674561
synced,RNAA80203C,STAT_NORD EST_NON_METRO_INFANZIA,Nessuna strategia ha funzionato,2,2025-12-29T22:28:19.986392
synced,TAAA843039,STAT_SUD_NON_METRO_INFANZIA,Nessuna strategia ha funzionato,1,2025-12-29T22:27:40.300130
synced,AVAA84602D,STAT_SUD_NON_METRO_INFANZIA,Nessuna strategia ha funzionato,1,2025-12-29T22:27:36.734387
synced,ATPM01000R,STAT_NORD OVEST_NON_METRO_SEC_SECONDO,Nessuna strategia ha funzionato,1,2025-12-29T22:26:34.994790
synced,RMMM8D8012,STAT_CENTRO_METRO_SEC_PRIMO,Nessuna strategia ha funzionato,1,2025-12-29T22:25:48.522110
synced,FIMM876013,STAT_CENTRO_METRO_SEC_PRIMO,Nessuna strategia ha funzionato,3,2025-12-29T22:25:40.235050
synced,CBMM81703Q,STAT_SUD_NON_METRO_SEC_PRIMO,Nessuna strategia ha funzionato,1,2025-12-29T22:25:05.160298
synced,CSEE84802A,STAT_SUD_NON_METRO_PRIMARIA,Nessuna strategia ha funzionato,1,2025-12-29T22:23:37.257109
synced,AVEE837053,STAT_SUD_NON_METRO_PRIMARIA,Nessuna strategia ha funzionato,1,2025-12-29T22:23:30.026683
synced,CRAA82002T,STAT_NORD OVEST_NON_METRO_INFANZIA,Nessuna strategia ha funzionato,1,2025-12-29T22:23:09.719199
synced,NOAA824019,STAT_NORD OVEST_NON_METRO_INFANZIA,Nessuna strategia ha funzionato,1,2025-12-29T22:22:36.381321
synced,SAPS05701T,STAT_SUD_NON_METRO_SEC_SECONDO,Nessuna strategia ha funzionato,1,2025-12-29T22:21:56.763394
synced,BO1MZN5006,PAR_NORD EST_METRO_SEC_PRIMO,Nessuna strategia ha funzionato,2,2025-12-24T12:33:32.847618
synced,RG1M5D500Z,PAR_ISOLE_NON_METRO_SEC_PRIMO,Nessuna strategia ha funzionato,2,2025-12-24T12:31:59.106407
synced,CA1M013008,PAR_ISOLE_NON_METRO_SEC_PRIMO,Nessuna strategia ha funzionato,2,2025-12-24T12:31:42.730722
synced,BOPM8F500M,PAR_NORD EST_METRO_SEC_SECONDO,Nessuna strategia ha funzionato,2,2025-12-24T12:31:12.218262
synced,VEPSAM500G,PAR_NORD EST_METRO_SEC_SECONDO,Nessuna strategia ha funzionato,2,2025-12-24T12:31:05.055712
synced,BOPSOI5007,PAR_NORD EST_METRO_SEC_SECONDO,Nessuna strategia ha funzionato,2,2025-12-24T12:30:52.128603
synced,VETF015005,PAR_NORD EST_METRO_SEC_SECONDO,Nessuna strategia ha funzionato,2,2025-12-24T12:30:39.340475
synced,AP1MUQ500M,PAR_CENTRO_NON_METRO_SEC_PRIMO,Nessuna strategia ha funzionato,2,2025-12-24T12:27:17.917846
synced,VTPLR35005,PAR_CENTRO_NON_METRO_SEC_SECONDO,Nessuna strategia ha funzionato,1,2025-12-24T12:27:11.544110
synced,FRPSD0500E,PAR_CENTRO_NON_METRO_SEC_SECONDO,Nessuna strategia ha funzionato,1,2025-12-24T12:25:15.719860
synced,VTPMC7500I,PAR_CENTRO_NON_METRO_SEC_SECONDO,Nessuna strategia ha funzionato,1,2025-12-24T12:25:04.547679
synced,CT1M00700N,PAR_ISOLE_METRO_SEC_PRIMO,Nessuna strategia ha funzionato,2,2025-12-24T12:24:58.214803
synced,CT1M00200E,PAR_ISOLE_METRO_SEC_PRIMO,Nessuna strategia ha funzionato,2,2025-12-24T12:24:46.732620
synced,PA1M01100T,PAR_ISOLE_METRO_SEC_PRIMO,Nessuna strategia ha funzionato,2,2025-12-24T12:24:06.519338
synced,BS1M02200Q,PAR_NORD OVEST_NON_METRO_SEC_PRIMO,Nessuna strategia ha funzionato,2,2025-12-24T12:23:54.488002
synced,BS1M013001,PAR_NORD OVEST_NON_METRO_SEC_PRIMO,Nessuna strategia ha funzionato,1,2025-12-24T12:23:09.310141
synced,PRPS4I500E,PAR_NORD EST_NON_METRO_SEC_SECONDO,Nessuna strategia ha funzionato,2,2025-12-24T12:19:58.627801
synced,VRTD04500A,PAR_NORD EST_NON_METRO_SEC_SECONDO,Nessuna strategia ha funzionato,1,2025-12-24T12:19:29.853845
synced,PDRHMH500P,PAR_NORD EST_NON_METRO_SEC_SECONDO,Nessuna strategia ha funzionato,1,2025-12-24T12:19:13.135725
synced,BLPL49500T,PAR_NORD EST_NON_METRO_SEC_SECONDO,Nessuna strategia ha funzionato,2,2025-12-24T12:18:51.129137
synced,MESL0P500H,PAR_ISOLE_METRO_SEC_SECONDO,Nessuna strategia ha funzionato,1,2025-12-24T12:18:37.260366
synced,RM1M01400B,PAR_CENTRO_METRO_SEC_PRIMO,Nessuna strategia ha funzionato,1,2025-12-24T12:16:43.922711
synced,RM1M074003,PAR_CENTRO_METRO_SEC_PRIMO,Nessuna strategia ha funzionato,2,2025-12-24T12:16:27.658144
synced,TR1E00100P,PAR_CENTRO_NON_METRO_PRIMARIA,Nessuna strategia ha funzionato,2,2025-12-24T12:16:01.828283
synced,MI1M05700R,PAR_NORD OVEST_METRO_SEC_PRIMO,Nessuna strategia ha funzionato,2,2025-12-24T12:15:30.983170
synced,TO1MUU5007,PAR_NORD OVEST_METRO_SEC_PRIMO,Nessuna strategia ha funzionato,1,2025-12-24T12:15:22.754755
synced,TO1M004008,PAR_NORD OVEST_METRO_SEC_PRIMO,Nessuna strategia ha funzionato,1,2025-12-24T12:14:42.865552
synced,MI1M03200C,PAR_NORD OVEST_METRO_SEC_PRIMO,Nessuna strategia ha funzionato,2,2025-12-24T12:14:30.421671
synced,MIPS20500T,PAR_NORD OVEST_METRO_SEC_SECONDO,Nessuna strategia ha funzionato,1,2025-12-24T12:13:40.898942
synced,GEPMAH500O,PAR_NORD OVEST_METRO_SEC_SECONDO,Nessuna strategia ha funzionato,1,2025-12-24T12:13:11.598666
synced,MIPL94500B,PAR_NORD OVEST_METRO_SEC_SECONDO,Nessuna strategia ha funzionato,1,2025-12-24T12:13:00.958821
synced,RM1E10900G,PAR_CENTRO_METRO_PRIMARIA,Nessuna strategia ha funzionato,2,2025-12-24T12:12:11.565917
synced,RM1E04600N,PAR_CENTRO_METRO_PRIMARIA,Nessuna strategia ha funzionato,1,2025-12-24T12:11:58.016168
synced,RM1E00800V,PAR_CENTRO_METRO_PRIMARIA,Nessuna strategia ha funzionato,1,2025-12-24T12:11:47.533236
synced,VR1E01400N,PAR_NORD EST_NON_METRO_PRIMARIA,Nessuna strategia ha funzionato,2,2025-12-24T12:11:14.505785
synced,FO1E00400N,PAR_NORD EST_NON_METRO_PRIMARIA,Nessuna strategia ha funzionato,1,2025-12-24T12:10:36.821899
synced,RMPSPL500P,PAR_CENTRO_METRO_SEC_SECONDO,Nessuna strategia ha funzionato,1,2025-12-24T12:09:47.485582
synced,RMRF00500V,PAR_CENTRO_METRO_SEC_SECONDO,Nessuna strategia ha funzionato,1,2025-12-24T12:09:41.676521
synced,RMPL50500Q,PAR_CENTRO_METRO_SEC_SECONDO,Nessuna strategia ha funzionato,1,2025-12-24T12:09:36.160771
synced,RMTD665009,PAR_CENTRO_METRO_SEC_SECONDO,Nessuna strategia ha funzionato,1,2025-12-24T12:09:21.073208
synced,VAPSDE500S,PAR_NORD OVEST_NON_METRO_SEC_SECONDO,Nessuna strategia ha funzionato,1,2025-12-24T12:09:06.613007
synced,BSTF8F5009,PAR_NORD OVEST_NON_METRO_SEC_SECONDO,Nessuna strategia ha funzionato,1,2025-12-24T12:08:53.336385
synced,LCPC00500V,PAR_NORD OVEST_NON_METRO_SEC_SECONDO,Nessuna strategia ha funzionato,1,2025-12-24T12:08:09.960325
synced,VAPQ9E500O,PAR_NORD OVEST_NON_METRO_SEC_SECONDO,Nessuna strategia ha funzionato,1,2025-12-24T12:07:59.861355
synced,TO1A11800X,PAR_NORD OVEST_METRO_INFANZIA,Nessuna strategia ha funzionato,1,2025-12-24T12:07:30.010051
synced,MI1A41800E,PAR_NORD OVEST_METRO_INFANZIA,Nessuna strategia ha funzionato,1,2025-12-24T12:07:01.367252
synced,AG1A044004,PAR_ISOLE_NON_METRO_INFANZIA,Nessuna strategia ha funzionato,1,2025-12-24T12:02:43.666148
synced,CL1A02600V,PAR_ISOLE_NON_METRO_INFANZIA,Nessuna strategia ha funzionato,1,2025-12-24T12:02:27.921959
synced,OR1A03800D,PAR_ISOLE_NON_METRO_INFANZIA,Nessuna strategia ha funzionato,1,2025-12-24T12:02:12.945013
synced,SR1A039006,PAR_ISOLE_NON_METRO_INFANZIA,Nessuna strategia ha funzionato,1,2025-12-24T12:02:03.080830
synced,AG1E006007,PAR_ISOLE_NON_METRO_PRIMARIA,Nessuna strategia ha funzionato,2,2025-12-24T12:01:42.019500
synced,RG1E004008,PAR_ISOLE_NON_METRO_PRIMARIA,Nessuna strategia ha funzionato,2,2025-12-24T12:01:18.306356
synced,SR1E3H5006,PAR_ISOLE_NON_METRO_PRIMARIA,Nessuna strategia ha funzionato,2,2025-12-24T12:01:03.332513
synced,PA1E00400D,PAR_ISOLE_METRO_PRIMARIA,Nessuna strategia ha funzionato,2,2025-12-24T12:00:29.348201
synced,CT1E033001,PAR_ISOLE_METRO_PRIMARIA,Nessuna strategia ha funzionato,2,2025-12-24T11:58:55.061332
synced,LI1A030004,PAR_CENTRO_NON_METRO_INFANZIA,Nessuna strategia ha funzionato,1,2025-12-24T11:58:29.319347
synced,RI1A025004,PAR_CENTRO_NON_METRO_INFANZIA,Nessuna strategia ha funzionato,1,2025-12-24T11:58:20.039237
synced,LI1A050009,PAR_CENTRO_NON_METRO_INFANZIA,Nessuna strategia ha funzionato,1,2025-12-24T11:58:15.152548
synced,VE1E01000P,PAR_NORD EST_METRO_PRIMARIA,Nessuna strategia ha funzionato,2,2025-12-24T11:57:09.683650
synced,BO1ECD500T,PAR_NORD EST_METRO_PRIMARIA,Nessuna strategia ha funzionato,2,2025-12-24T11:56:44.450718
synced,BO1E00300E,PAR_NORD EST_METRO_PRIMARIA,Nessuna strategia ha funzionato,2,2025-12-24T11:56:32.481931
synced,SATDG0500E,PAR_SUD_NON_METRO_SEC_SECONDO,Nessuna strategia ha funzionato,1,2025-12-24T11:55:56.449861
synced,TEPS335003,PAR_SUD_NON_METRO_SEC_SECONDO,Nessuna strategia ha funzionato,1,2025-12-24T11:55:48.786738
synced,VE1A03800L,PAR_NORD EST_METRO_INFANZIA,Nessuna strategia ha funzionato,1,2025-12-24T11:55:04.475199
synced,BO1A043003,PAR_NORD EST_METRO_INFANZIA,Nessuna strategia ha funzionato,1,2025-12-24T11:54:31.897122
synced,BO1AAC5001,PAR_NORD EST_METRO_INFANZIA,Nessuna strategia ha funzionato,1,2025-12-24T11:54:09.894874
synced,VE1A04700B,PAR_NORD EST_METRO_INFANZIA,Nessuna strategia ha funzionato,1,2025-12-24T11:53:32.522763
synced,BO1A01700E,PAR_NORD EST_METRO_INFANZIA,Nessuna strategia ha funzionato,1,2025-12-24T11:53:05.043070
synced,FI1A049004,PAR_CENTRO_METRO_INFANZIA,Nessuna strategia ha funzionato,1,2025-12-24T11:52:51.359530
synced,RGTD105002,PAR_ISOLE_NON_METRO_SEC_SECONDO,Nessuna strategia ha funzionato,1,2025-12-24T11:50:05.106822
synced,RGRIAG500E,PAR_ISOLE_NON_METRO_SEC_SECONDO,Nessuna strategia ha funzionato,2,2025-12-24T11:49:51.340461
synced,RGPL025009,PAR_ISOLE_NON_METRO_SEC_SECONDO,Nessuna strategia ha funzionato,2,2025-12-24T11:49:32.730044
synced,GE1E03800C,PAR_NORD OVEST_METRO_PRIMARIA,Nessuna strategia ha funzionato,1,2025-12-24T11:49:19.809605
synced,MI1E123009,PAR_NORD OVEST_METRO_PRIMARIA,Nessuna strategia ha funzionato,1,2025-12-24T11:48:43.863309
synced,MI1EA8500G,PAR_NORD OVEST_METRO_PRIMARIA,Nessuna strategia ha funzionato,1,2025-12-24T11:48:03.629059
synced,VR1M00900B,PAR_NORD EST_NON_METRO_SEC_PRIMO,Nessuna strategia ha funzionato,1,2025-12-24T11:46:09.670486
synced,PR1M003001,PAR_NORD EST_NON_METRO_SEC_PRIMO,Nessuna strategia ha funzionato,1,2025-12-24T11:45:59.421359
synced,BA1AV7500Q,PAR_SUD_METRO_INFANZIA,Nessuna strategia ha funzionato,1,2025-12-24T11:45:44.990269
synced,NA1A28300D,PAR_SUD_METRO_INFANZIA,Nessuna strategia ha funzionato,1,2025-12-24T11:45:01.487333
synced,NA1A4V500B,PAR_SUD_METRO_INFANZIA,Nessuna strategia ha funzionato,1,2025-12-24T11:44:48.678443
synced,RC1A10200Q,PAR_SUD_METRO_INFANZIA,Nessuna strategia ha funzionato,1,2025-12-24T11:44:38.704250
synced,PA1AT15000,PAR_ISOLE_METRO_INFANZIA,Nessuna strategia ha funzionato,1,2025-12-24T11:44:34.282380
synced,ME1A565003,PAR_ISOLE_METRO_INFANZIA,Nessuna strategia ha funzionato,1,2025-12-24T11:43:51.796404
synced,CE1E02100C,PAR_SUD_NON_METRO_PRIMARIA,Nessuna strategia ha funzionato,1,2025-12-24T11:43:10.250293
synced,AQ1E00700D,PAR_SUD_NON_METRO_PRIMARIA,Nessuna strategia ha funzionato,2,2025-12-24T11:42:55.217213
synced,CE1E028007,PAR_SUD_NON_METRO_PRIMARIA,Nessuna strategia ha funzionato,1,2025-12-24T11:42:39.205578
synced,CR1E00400A,PAR_NORD OVEST_NON_METRO_PRIMARIA,Nessuna strategia ha funzionato,2,2025-12-24T11:42:21.640748
synced,CO1E00100Q,PAR_NORD OVEST_NON_METRO_PRIMARIA,Nessuna strategia ha funzionato,2,2025-12-24T11:42:09.390634
synced,MB1E058008,PAR_NORD OVEST_NON_METRO_PRIMARIA,Nessuna strategia ha funzionato,1,2025-12-24T11:41:44.364158
synced,RC1M00300T,PAR_SUD_METRO_SEC_PRIMO,Nessuna strategia ha funzionato,2,2025-12-24T11:41:33.799221
synced,NA1MSZ5005,PAR_SUD_METRO_SEC_PRIMO,Nessuna strategia ha funzionato,2,2025-12-24T11:41:22.048300
synced,NA1M26500L,PAR_SUD_METRO_SEC_PRIMO,Nessuna strategia ha funzionato,2,2025-12-24T11:41:17.065482
synced,NARHA8500Q,PAR_SUD_METRO_SEC_SECONDO,Nessuna strategia ha funzionato,1,2025-12-24T11:40:04.641707
synced,NAPSZI500L,PAR_SUD_METRO_SEC_SECONDO,Nessuna strategia ha funzionato,1,2025-12-24T11:39:56.389798
synced,BG1A16100G,PAR_NORD OVEST_NON_METRO_INFANZIA,Nessuna strategia ha funzionato,1,2025-12-24T11:39:13.481171
synced,VA1A090007,PAR_NORD OVEST_NON_METRO_INFANZIA,Nessuna strategia ha funzionato,1,2025-12-24T11:39:03.005405
synced,BG1A057003,PAR_NORD OVEST_NON_METRO_INFANZIA,Nessuna strategia ha funzionato,1,2025-12-24T11:38:50.923794
synced,UD1A038001,PAR_NORD EST_NON_METRO_INFANZIA,Nessuna strategia ha funzionato,1,2025-12-24T11:38:33.563500
synced,PN1A04600X,PAR_NORD EST_NON_METRO_INFANZIA,Nessuna strategia ha funzionato,1,2025-12-24T11:38:27.287701
synced,PD1A099002,PAR_NORD EST_NON_METRO_INFANZIA,Nessuna strategia ha funzionato,1,2025-12-24T11:37:58.953784
synced,CE1A094008,PAR_SUD_NON_METRO_INFANZIA,Nessuna strategia ha funzionato,1,2025-12-24T11:37:49.516601
synced,PZ1A011004,PAR_SUD_NON_METRO_INFANZIA,Nessuna strategia ha funzionato,1,2025-12-24T11:37:44.331200
synced,CZ1A17500A,PAR_SUD_NON_METRO_INFANZIA,Nessuna strategia ha funzionato,1,2025-12-24T11:36:24.897535
synced,BOPM030005,STAT_NORD EST_METRO_SEC_SECONDO,Nessuna strategia ha funzionato,1,2025-12-24T11:35:56.283540
synced,VEIS01600D,STAT_NORD EST_METRO_SEC_SECONDO,Nessuna strategia ha funzionato,1,2025-12-24T11:35:11.406833
synced,VEPC02301X,STAT_NORD EST_METRO_SEC_SECONDO,Nessuna strategia ha funzionato,1,2025-12-24T11:34:53.480770
synced,VETD022013,STAT_NORD EST_METRO_SEC_SECONDO,Nessuna strategia ha funzionato,1,2025-12-24T11:34:42.783211
synced,CTIS01700V,STAT_ISOLE_METRO_SEC_SECONDO,Nessuna strategia ha funzionato,1,2025-12-24T11:34:37.963151
synced,MEIS00200X,STAT_ISOLE_METRO_SEC_SECONDO,Nessuna strategia ha funzionato,1,2025-12-24T11:34:18.147072
synced,CAIS033004,STAT_ISOLE_METRO_SEC_SECONDO,Nessuna strategia ha funzionato,1,2025-12-24T11:33:35.078462
synced,BOMM80501V,STAT_NORD EST_METRO_SEC_PRIMO,Nessuna strategia ha funzionato,1,2025-12-24T11:30:42.932929
synced,BOMM811027,STAT_NORD EST_METRO_SEC_PRIMO,Nessuna strategia ha funzionato,1,2025-12-24T11:30:37.495762
synced,BOMM84301N,STAT_NORD EST_METRO_SEC_PRIMO,Nessuna strategia ha funzionato,1,2025-12-24T11:30:20.258280
synced,BOMM838016,STAT_NORD EST_METRO_SEC_PRIMO,Nessuna strategia ha funzionato,2,2025-12-24T11:30:07.780011
synced,CARI033526,STAT_ISOLE_METRO_ALTRO,Nessuna strategia ha funzionato,1,2025-12-24T11:28:14.507850
synced,MEIC82400L,STAT_ISOLE_METRO_ALTRO,Nessuna strategia ha funzionato,1,2025-12-24T11:27:55.572561
synced,PAIC88000P,STAT_ISOLE_METRO_ALTRO,Nessuna strategia ha funzionato,1,2025-12-24T11:27:46.250462
synced,MECT705004,STAT_ISOLE_METRO_ALTRO,Nessuna strategia ha funzionato,1,2025-12-24T11:27:40.214549
synced,GRPC009017,STAT_CENTRO_NON_METRO_SEC_SECONDO,Nessuna strategia ha funzionato,1,2025-12-24T11:27:21.230140
synced,PSPS01001L,STAT_CENTRO_NON_METRO_SEC_SECONDO,Nessuna strategia ha funzionato,1,2025-12-24T11:26:47.623511
synced,RMEE89001D,STAT_CENTRO_METRO_PRIMARIA,Nessuna strategia ha funzionato,1,2025-12-24T11:26:06.049968
synced,RMEE8CQ01C,STAT_CENTRO_METRO_PRIMARIA,Nessuna strategia ha funzionato,1,2025-12-24T11:25:53.449847
synced,RMEE8B404N,STAT_CENTRO_METRO_PRIMARIA,Nessuna strategia ha funzionato,1,2025-12-24T11:25:43.976577
synced,MIMM8EM01R,STAT_NORD OVEST_METRO_SEC_PRIMO,Nessuna strategia ha funzionato,2,2025-12-24T11:25:00.588620
synced,GEMM86901R,STAT_NORD OVEST_METRO_SEC_PRIMO,Nessuna strategia ha funzionato,1,2025-12-24T11:24:49.267391
synced,TOMM326007,STAT_NORD OVEST_METRO_SEC_PRIMO,Nessuna strategia ha funzionato,1,2025-12-24T11:24:17.235607
synced,PAMM83005V,STAT_ISOLE_METRO_SEC_PRIMO,Nessuna strategia ha funzionato,1,2025-12-24T11:23:56.329690
synced,MEMM813028,STAT_ISOLE_METRO_SEC_PRIMO,Nessuna strategia ha funzionato,1,2025-12-24T11:23:43.582369
synced,MEMM88902D,STAT_ISOLE_METRO_SEC_PRIMO,Nessuna strategia ha funzionato,1,2025-12-24T11:23:33.040726
synced,BAIC83400V,STAT_SUD_METRO_ALTRO,Nessuna strategia ha funzionato,1,2025-12-24T11:23:04.479096
synced,NACT70200D,STAT_SUD_METRO_ALTRO,Nessuna strategia ha funzionato,1,2025-12-24T11:22:43.466377
synced,RCTD02251D,STAT_SUD_METRO_ALTRO,Nessuna strategia ha funzionato,1,2025-12-24T11:22:35.502062
synced,SSEE80303L,STAT_ISOLE_NON_METRO_PRIMARIA,Nessuna strategia ha funzionato,1,2025-12-24T11:22:24.439481
synced,TPEE816011,STAT_ISOLE_NON_METRO_PRIMARIA,Nessuna strategia ha funzionato,1,2025-12-24T11:22:03.904763
synced,RGEE70101N,STAT_ISOLE_NON_METRO_PRIMARIA,Nessuna strategia ha funzionato,1,2025-12-24T11:21:52.263245
synced,RMCT70800B,STAT_CENTRO_METRO_ALTRO,Nessuna strategia ha funzionato,1,2025-12-24T11:21:35.584144
synced,RMCT709007,STAT_CENTRO_METRO_ALTRO,Nessuna strategia ha funzionato,1,2025-12-24T11:21:06.219888
synced,FIAA833022,STAT_CENTRO_METRO_INFANZIA,Nessuna strategia ha funzionato,1,2025-12-24T11:20:41.774004
synced,RMAA8GP01T,STAT_CENTRO_METRO_INFANZIA,Nessuna strategia ha funzionato,2,2025-12-24T11:20:17.614175
synced,TOAA856018,STAT_NORD OVEST_METRO_INFANZIA,Nessuna strategia ha funzionato,1,2025-12-24T11:18:59.958788
synced,MIAA8FH02G,STAT_NORD OVEST_METRO_INFANZIA,Nessuna strategia ha funzionato,1,2025-12-24T11:18:31.749872
synced,RGMM82201E,STAT_ISOLE_NON_METRO_SEC_PRIMO,Nessuna strategia ha funzionato,1,2025-12-24T11:18:18.258240
synced,AGMM85101T,STAT_ISOLE_NON_METRO_SEC_PRIMO,Nessuna strategia ha funzionato,1,2025-12-24T11:18:00.786426
synced,CAMM83501L,STAT_ISOLE_NON_METRO_SEC_PRIMO,Nessuna strategia ha funzionato,1,2025-12-24T11:17:53.992300
synced,TRAA815026,STAT_CENTRO_NON_METRO_INFANZIA,Nessuna strategia ha funzionato,1,2025-12-24T11:17:04.645741
synced,PTAA810034,STAT_CENTRO_NON_METRO_INFANZIA,Nessuna strategia ha funzionato,1,2025-12-24T11:16:59.479224
synced,CRMM817015,STAT_NORD OVEST_NON_METRO_SEC_PRIMO,Nessuna strategia ha funzionato,1,2025-12-24T11:16:53.469899
synced,PVMM808051,STAT_NORD OVEST_NON_METRO_SEC_PRIMO,Nessuna strategia ha funzionato,1,2025-12-24T11:16:28.057997
synced,BAMM003008,STAT_SUD_METRO_SEC_PRIMO,Nessuna strategia ha funzionato,1,2025-12-24T11:15:47.349026
synced,BAMM82801L,STAT_SUD_METRO_SEC_PRIMO,Nessuna strategia ha funzionato,1,2025-12-24T11:15:36.581113
synced,VREE84101Q,STAT_NORD EST_NON_METRO_PRIMARIA,Nessuna strategia ha funzionato,3,2025-12-24T11:14:43.792084
synced,FOEE02011T,STAT_NORD EST_NON_METRO_PRIMARIA,Nessuna strategia ha funzionato,1,2025-12-24T11:14:30.161297
synced,VIEE81005X,STAT_NORD EST_NON_METRO_PRIMARIA,Nessuna strategia ha funzionato,1,2025-12-24T11:14:16.255065
synced,FEEE823018,STAT_NORD EST_NON_METRO_PRIMARIA,Nessuna strategia ha funzionato,1,2025-12-24T11:14:10.066945
synced,RGIC81300P,STAT_ISOLE_NON_METRO_ALTRO,Nessuna strategia ha funzionato,1,2025-12-24T11:13:25.447508
synced,MEEE886078,STAT_ISOLE_METRO_PRIMARIA,Nessuna strategia ha funzionato,1,2025-12-24T11:12:41.341818
synced,CTEE88802X,STAT_ISOLE_METRO_PRIMARIA,Nessuna strategia ha funzionato,1,2025-12-24T11:12:35.400808
synced,PAEE86004P,STAT_ISOLE_METRO_PRIMARIA,Nessuna strategia ha funzionato,1,2025-12-24T11:12:21.226497
synced,SVIC82100Q,STAT_NORD OVEST_NON_METRO_ALTRO,Nessuna strategia ha funzionato,1,2025-12-24T11:11:56.942547
synced,MNCT70700G,STAT_NORD OVEST_NON_METRO_ALTRO,Nessuna strategia ha funzionato,3,2025-12-24T11:11:46.701561
synced,RMPS04801G,STAT_CENTRO_METRO_SEC_SECONDO,Nessuna strategia ha funzionato,1,2025-12-24T11:11:27.571962
synced,RMTD10901N,STAT_CENTRO_METRO_SEC_SECONDO,Nessuna strategia ha funzionato,1,2025-12-24T11:10:35.611963
synced,MIEE8GE02X,STAT_NORD OVEST_METRO_PRIMARIA,Nessuna strategia ha funzionato,1,2025-12-24T11:09:16.540011
synced,MITA10301Q,STAT_NORD OVEST_METRO_SEC_SECONDO,Nessuna strategia ha funzionato,1,2025-12-24T11:09:09.327078
synced,MIPC05000V,STAT_NORD OVEST_METRO_SEC_SECONDO,Nessuna strategia ha funzionato,1,2025-12-24T11:08:51.500607
synced,VRIC89600T,STAT_NORD EST_NON_METRO_ALTRO,Nessuna strategia ha funzionato,1,2025-12-24T11:08:13.354919
synced,FOIC82400E,STAT_NORD EST_NON_METRO_ALTRO,Nessuna strategia ha funzionato,1,2025-12-24T11:08:05.379445
synced,PCIC81100D,STAT_NORD EST_NON_METRO_ALTRO,Nessuna strategia ha funzionato,1,2025-12-24T11:08:00.354558
synced,PNIC83700P,STAT_NORD EST_NON_METRO_ALTRO,Nessuna strategia ha funzionato,1,2025-12-24T11:07:55.994684
synced,MEAA88905C,STAT_ISOLE_METRO_INFANZIA,Nessuna strategia ha funzionato,1,2025-12-24T11:07:35.443963
synced,BOEE805032,STAT_NORD EST_METRO_PRIMARIA,Nessuna strategia ha funzionato,1,2025-12-24T11:06:17.054046
synced,VEEE86503P,STAT_NORD EST_METRO_PRIMARIA,Nessuna strategia ha funzionato,1,2025-12-24T11:06:03.694075
synced,VEIC867006,STAT_NORD EST_METRO_ALTRO,Nessuna strategia ha funzionato,1,2025-12-24T11:04:33.846816
synced,VEIC83000G,STAT_NORD EST_METRO_ALTRO,Nessuna strategia ha funzionato,1,2025-12-24T11:04:28.101321
synced,VEIC80800A,STAT_NORD EST_METRO_ALTRO,Nessuna strategia ha funzionato,1,2025-12-24T11:03:21.674246
synced,PDMM83001E,STAT_NORD EST_NON_METRO_SEC_PRIMO,Nessuna strategia ha funzionato,1,2025-12-24T11:02:32.874987
synced,FEMM803023,STAT_NORD EST_NON_METRO_SEC_PRIMO,Nessuna strategia ha funzionato,1,2025-12-24T11:01:55.957929
synced,PCMM00300G,STAT_NORD EST_NON_METRO_SEC_PRIMO,Nessuna strategia ha funzionato,1,2025-12-24T11:01:41.991690
synced,BSEE84803E,STAT_NORD OVEST_NON_METRO_PRIMARIA,Nessuna strategia ha funzionato,1,2025-12-24T11:01:14.094524
synced,COEE854034,STAT_NORD OVEST_NON_METRO_PRIMARIA,Nessuna strategia ha funzionato,1,2025-12-24T11:00:50.469730
synced,BGEE88602Q,STAT_NORD OVEST_NON_METRO_PRIMARIA,Nessuna strategia ha funzionato,3,2025-12-24T11:00:45.830802
synced,BATD071018,STAT_SUD_METRO_SEC_SECONDO,Nessuna strategia ha funzionato,1,2025-12-24T11:00:23.874998
synced,TVPC01101N,STAT_NORD EST_NON_METRO_SEC_SECONDO,Nessuna strategia ha funzionato,1,2025-12-24T10:59:40.538330
synced,TVIS00300B,STAT_NORD EST_NON_METRO_SEC_SECONDO,Nessuna strategia ha funzionato,3,2025-12-24T10:59:33.406618
synced,RCEE71602L,STAT_SUD_METRO_PRIMARIA,Nessuna strategia ha funzionato,1,2025-12-24T10:59:14.098361
synced,NAEE139006,STAT_SUD_METRO_PRIMARIA,Nessuna strategia ha funzionato,1,2025-12-24T10:59:02.022122
synced,RCEE850032,STAT_SUD_METRO_PRIMARIA,Nessuna strategia ha funzionato,1,2025-12-24T10:58:56.522915
synced,BAEE8A001C,STAT_SUD_METRO_PRIMARIA,Nessuna strategia ha funzionato,1,2025-12-24T10:58:49.301232
synced,TREE82204L,STAT_CENTRO_NON_METRO_PRIMARIA,Nessuna strategia ha funzionato,1,2025-12-24T10:58:03.910702
synced,BAAA846012,STAT_SUD_METRO_INFANZIA,Nessuna strategia ha funzionato,1,2025-12-24T10:57:32.661341
synced,NAAA8HJ04N,STAT_SUD_METRO_INFANZIA,Nessuna strategia ha funzionato,1,2025-12-24T10:57:26.098127
synced,NUAA869025,STAT_ISOLE_NON_METRO_INFANZIA,Nessuna strategia ha funzionato,3,2025-12-24T10:57:02.255764
synced,SRTL02951B,STAT_ISOLE_NON_METRO_SEC_SECONDO,Nessuna strategia ha funzionato,3,2025-12-24T10:56:37.787083
synced,SRPC02801R,STAT_ISOLE_NON_METRO_SEC_SECONDO,Nessuna strategia ha funzionato,1,2025-12-24T10:56:22.180710
synced,RAAA81401A,STAT_NORD EST_NON_METRO_INFANZIA,Nessuna strategia ha funzionato,1,2025-12-24T10:56:01.960408
synced,BRAA839033,STAT_SUD_NON_METRO_INFANZIA,Nessuna strategia ha funzionato,1,2025-12-24T10:55:44.046505
synced,IMIS00400L,STAT_NORD OVEST_NON_METRO_SEC_SECONDO,Nessuna strategia ha funzionato,1,2025-12-24T10:55:19.905119
synced,CRTF00601A,STAT_NORD OVEST_NON_METRO_SEC_SECONDO,Nessuna strategia ha funzionato,1,2025-12-24T10:55:14.799617
synced,CNPS01101X,STAT_NORD OVEST_NON_METRO_SEC_SECONDO,Nessuna strategia ha funzionato,1,2025-12-24T10:55:05.994134
synced,RMMM892025,STAT_CENTRO_METRO_SEC_PRIMO,Nessuna strategia ha funzionato,1,2025-12-24T10:54:58.813038
synced,FIMM84901P,STAT_CENTRO_METRO_SEC_PRIMO,Nessuna strategia ha funzionato,1,2025-12-24T10:54:52.192109
synced,RMMM89902X,STAT_CENTRO_METRO_SEC_PRIMO,Nessuna strategia ha funzionato,1,2025-12-24T10:54:46.772304
synced,RMMM8EY01L,STAT_CENTRO_METRO_SEC_PRIMO,Nessuna strategia ha funzionato,1,2025-12-24T10:54:37.677206
synced,CZMM83002X,STAT_SUD_NON_METRO_SEC_PRIMO,Nessuna strategia ha funzionato,2,2025-12-24T10:54:31.133405
synced,BAMM85801C,STAT_SUD_METRO_SEC_PRIMO,Nessuna strategia ha funzionato,2,2025-12-24T10:52:28.813678
synced,NAMM8BE02B,STAT_SUD_METRO_SEC_PRIMO,Nessuna strategia ha funzionato,2,2025-12-24T10:52:20.346464
synced,BAMM8A001B,STAT_SUD_METRO_SEC_PRIMO,Nessuna strategia ha funzionato,2,2025-12-24T10:52:16.934676
synced,NAMM8BD01E,STAT_SUD_METRO_SEC_PRIMO,Nessuna strategia ha funzionato,2,2025-12-24T10:52:13.473922
synced,NAMM8EX01T,STAT_SUD_METRO_SEC_PRIMO,Nessuna strategia ha funzionato,2,2025-12-24T10:52:08.847678
synced,NAMM607002,STAT_SUD_METRO_SEC_PRIMO,Nessuna strategia ha funzionato,2,2025-12-24T10:52:05.488337
synced,NAMM8FK019,STAT_SUD_METRO_SEC_PRIMO,Nessuna strategia ha funzionato,2,2025-12-24T10:52:02.502330
synced,RCMM825016,STAT_SUD_METRO_SEC_PRIMO,Nessuna strategia ha funzionato,2,2025-12-24T10:51:59.008959
synced,NAMM8DU01Q,STAT_SUD_METRO_SEC_PRIMO,Nessuna strategia ha funzionato,2,2025-12-24T10:51:55.813071
synced,NAMM297002,STAT_SUD_METRO_SEC_PRIMO,Nessuna strategia ha funzionato,2,2025-12-24T10:51:44.897290
synced,NAMM8EH01N,STAT_SUD_METRO_SEC_PRIMO,Nessuna strategia ha funzionato,2,2025-12-24T10:51:37.301526
synced,NAMM8CU015,STAT_SUD_METRO_SEC_PRIMO,Nessuna strategia ha funzionato,2,2025-12-24T10:51:33.962776
synced,NAMM005005,STAT_SUD_METRO_SEC_PRIMO,Nessuna strategia ha funzionato,2,2025-12-24T10:51:30.121049
synced,NAMM8DR01V,STAT_SUD_METRO_SEC_PRIMO,Nessuna strategia ha funzionato,2,2025-12-24T10:51:27.139920
synced,NAMM8CA01N,STAT_SUD_METRO_SEC_PRIMO,Nessuna strategia ha funzionato,2,2025-12-24T10:51:23.578231
synced,BAMM81601A,STAT_SUD_METRO_SEC_PRIMO,Nessuna strategia ha funzionato,2,2025-12-24T10:51:19.665767
synced,BAMM854015,STAT_SUD_METRO_SEC_PRIMO,Nessuna strategia ha funzionato,2,2025-12-24T10:51:16.283498
synced,RCMM87302L,STAT_SUD_METRO_SEC_PRIMO,Nessuna strategia ha funzionato,2,2025-12-24T10:51:07.078786
synced,BAMM718026,STAT_SUD_METRO_SEC_PRIMO,Nessuna strategia ha funzionato,2,2025-12-24T10:51:04.485717
synced,NAMM8BK01V,STAT_SUD_METRO_SEC_PRIMO,Nessuna strategia ha funzionato,2,2025-12-24T10:50:48.049357
synced,RCMM81902X,STAT_SUD_METRO_SEC_PRIMO,Nessuna strategia ha funzionato,2,2025-12-24T10:50:43.881222
synced,RCMM861019,STAT_SUD_METRO_SEC_PRIMO,Nessuna strategia ha funzionato,2,2025-12-24T10:50:20.729612
synced,VREE87602Q,STAT_NORD EST_NON_METRO_PRIMARIA,Nessuna strategia ha funzionato,2,2025-12-24T10:50:17.190222
synced,UDEE82005G,STAT_NORD EST_NON_METRO_PRIMARIA,Nessuna strategia ha funzionato,2,2025-12-24T10:50:14.026339
synced,PDEE84005A,STAT_NORD EST_NON_METRO_PRIMARIA,Nessuna strategia ha funzionato,2,2025-12-24T10:50:10.883418
synced,VIEE873064,STAT_NORD EST_NON_METRO_PRIMARIA,Nessuna strategia ha funzionato,2,2025-12-24T10:50:02.132122
synced,ROEE817023,STAT_NORD EST_NON_METRO_PRIMARIA,Nessuna strategia ha funzionato,2,2025-12-24T10:49:16.523885
synced,VIEE814013,STAT_NORD EST_NON_METRO_PRIMARIA,Nessuna strategia ha funzionato,2,2025-12-24T10:49:05.821747
synced,TSEE801021,STAT_NORD EST_NON_METRO_PRIMARIA,Nessuna strategia ha funzionato,2,2025-12-24T10:48:39.990562
synced,FOEE81603Q,STAT_NORD EST_NON_METRO_PRIMARIA,Nessuna strategia ha funzionato,2,2025-12-24T10:48:31.862957
synced,REEE844052,STAT_NORD EST_NON_METRO_PRIMARIA,Nessuna strategia ha funzionato,2,2025-12-24T10:48:28.652847
synced,PDEE868023,STAT_NORD EST_NON_METRO_PRIMARIA,Nessuna strategia ha funzionato,2,2025-12-24T10:48:25.486817
synced,PREE83302A,STAT_NORD EST_NON_METRO_PRIMARIA,Nessuna strategia ha funzionato,2,2025-12-24T10:48:21.812190
synced,TSEE807031,STAT_NORD EST_NON_METRO_PRIMARIA,Nessuna strategia ha funzionato,2,2025-12-24T10:48:15.324707
synced,FOEE021038,STAT_NORD EST_NON_METRO_PRIMARIA,Nessuna strategia ha funzionato,2,2025-12-24T10:48:10.084931
synced,UDEE86203G,STAT_NORD EST_NON_METRO_PRIMARIA,Nessuna strategia ha funzionato,2,2025-12-24T10:47:52.457984
synced,PNEE81303A,STAT_NORD EST_NON_METRO_PRIMARIA,Nessuna strategia ha funzionato,2,2025-12-24T10:47:48.821079
synced,PDEE890017,STAT_NORD EST_NON_METRO_PRIMARIA,Nessuna strategia ha funzionato,2,2025-12-24T10:47:46.074002
synced,REEE84501N,STAT_NORD EST_NON_METRO_PRIMARIA,Nessuna strategia ha funzionato,2,2025-12-24T10:47:42.263466
synced,TVEE83704G,STAT_NORD EST_NON_METRO_PRIMARIA,Nessuna strategia ha funzionato,2,2025-12-24T10:47:37.674275
synced,TVEE83603P,STAT_NORD EST_NON_METRO_PRIMARIA,Nessuna strategia ha funzionato,2,2025-12-24T10:47:20.066241
synced,PNEE813029,STAT_NORD EST_NON_METRO_PRIMARIA,Nessuna strategia ha funzionato,2,2025-12-24T10:47:16.596439
synced,GOEE80302R,STAT_NORD EST_NON_METRO_PRIMARIA,Nessuna strategia ha funzionato,2,2025-12-24T10:47:12.044310
synced,FOEE02303X,STAT_NORD EST_NON_METRO_PRIMARIA,Nessuna strategia ha funzionato,2,2025-12-24T10:47:02.790080
synced,PDEE86301V,STAT_NORD EST_NON_METRO_PRIMARIA,Nessuna strategia ha funzionato,2,2025-12-24T10:46:59.535795
synced,VIEE857044,STAT_NORD EST_NON_METRO_PRIMARIA,Nessuna strategia ha funzionato,2,2025-12-24T10:46:56.343024
synced,PDEE86402Q,STAT_NORD EST_NON_METRO_PRIMARIA,Nessuna strategia ha funzionato,2,2025-12-24T10:46:38.600011
synced,VREE84205Q,STAT_NORD EST_NON_METRO_PRIMARIA,Nessuna strategia ha funzionato,2,2025-12-24T10:46:35.247558
synced,ROEE81902P,STAT_NORD EST_NON_METRO_PRIMARIA,Nessuna strategia ha funzionato,2,2025-12-24T10:46:31.694855
synced,PDEE85105R,STAT_NORD EST_NON_METRO_PRIMARIA,Nessuna strategia ha funzionato,2,2025-12-24T10:46:23.761106
synced,UDEE85904R,STAT_NORD EST_NON_METRO_PRIMARIA,Nessuna strategia ha funzionato,2,2025-12-24T10:46:19.008351
synced,TSEE81501T,STAT_NORD EST_NON_METRO_PRIMARIA,Nessuna strategia ha funzionato,2,2025-12-24T10:46:14.755191
synced,PCEE002096,STAT_NORD EST_NON_METRO_PRIMARIA,Nessuna strategia ha funzionato,2,2025-12-24T10:46:05.501324
synced,GOEE81603X,STAT_NORD EST_NON_METRO_PRIMARIA,Nessuna strategia ha funzionato,2,2025-12-24T10:45:56.062831
synced,ROEE81005B,STAT_NORD EST_NON_METRO_PRIMARIA,Nessuna strategia ha funzionato,2,2025-12-24T10:45:52.829902
synced,TVEE83701C,STAT_NORD EST_NON_METRO_PRIMARIA,Nessuna strategia ha funzionato,2,2025-12-24T10:45:49.577630
synced,VREE830019,STAT_NORD EST_NON_METRO_PRIMARIA,Nessuna strategia ha funzionato,2,2025-12-24T10:45:16.910570
synced,FOEE01908D,STAT_NORD EST_NON_METRO_PRIMARIA,Nessuna strategia ha funzionato,2,2025-12-24T10:45:01.547021
synced,MOEE04008D,STAT_NORD EST_NON_METRO_PRIMARIA,Nessuna strategia ha funzionato,2,2025-12-24T10:44:58.105266
synced,FEEE82202D,STAT_NORD EST_NON_METRO_PRIMARIA,Nessuna strategia ha funzionato,2,2025-12-24T10:44:54.767017
synced,MOEE82202L,STAT_NORD EST_NON_METRO_PRIMARIA,Nessuna strategia ha funzionato,2,2025-12-24T10:44:51.498712
synced,VREE86403E,STAT_NORD EST_NON_METRO_PRIMARIA,Nessuna strategia ha funzionato,2,2025-12-24T10:44:41.608079
synced,ROEE816049,STAT_NORD EST_NON_METRO_PRIMARIA,Nessuna strategia ha funzionato,2,2025-12-24T10:44:36.456286
synced,MOEE845029,STAT_NORD EST_NON_METRO_PRIMARIA,Nessuna strategia ha funzionato,2,2025-12-24T10:44:01.792925
synced,VREE859033,STAT_NORD EST_NON_METRO_PRIMARIA,Nessuna strategia ha funzionato,2,2025-12-24T10:43:58.557742
synced,AGIC819001,STAT_ISOLE_NON_METRO_ALTRO,Nessuna strategia ha funzionato,2,2025-12-24T10:43:49.977926
synced,NURH03005D,STAT_ISOLE_NON_METRO_ALTRO,Nessuna strategia ha funzionato,2,2025-12-24T10:43:46.318022
synced,ORRA00851R,STAT_ISOLE_NON_METRO_ALTRO,Nessuna strategia ha funzionato,2,2025-12-24T10:43:30.705245
synced,ENIC82800C,STAT_ISOLE_NON_METRO_ALTRO,Nessuna strategia ha funzionato,2,2025-12-24T10:43:27.102378
synced,TPIC82100A,STAT_ISOLE_NON_METRO_ALTRO,Nessuna strategia ha funzionato,2,2025-12-24T10:43:24.658170
synced,CLCT70300L,STAT_ISOLE_NON_METRO_ALTRO,Nessuna strategia ha funzionato,2,2025-12-24T10:43:22.053904
synced,CLRH023019,STAT_ISOLE_NON_METRO_ALTRO,Nessuna strategia ha funzionato,2,2025-12-24T10:42:48.816371
synced,RGRC00201B,STAT_ISOLE_NON_METRO_ALTRO,Nessuna strategia ha funzionato,2,2025-12-24T10:42:45.640233
synced,AGIC83800A,STAT_ISOLE_NON_METRO_ALTRO,Nessuna strategia ha funzionato,2,2025-12-24T10:42:41.969483
synced,RGSD00350D,STAT_ISOLE_NON_METRO_ALTRO,Nessuna strategia ha funzionato,2,2025-12-24T10:42:39.382662
synced,SSCT704005,STAT_ISOLE_NON_METRO_ALTRO,Nessuna strategia ha funzionato,2,2025-12-24T10:42:36.229011
synced,CAIC82100N,STAT_ISOLE_NON_METRO_ALTRO,Nessuna strategia ha funzionato,2,2025-12-24T10:42:32.242996
synced,SSRI011017,STAT_ISOLE_NON_METRO_ALTRO,Nessuna strategia ha funzionato,2,2025-12-24T10:42:29.812735
synced,NUIC87000B,STAT_ISOLE_NON_METRO_ALTRO,Nessuna strategia ha funzionato,2,2025-12-24T10:42:25.967824
synced,NUTD10000B,STAT_ISOLE_NON_METRO_ALTRO,Nessuna strategia ha funzionato,2,2025-12-24T10:42:23.439394
synced,SSRH022016,STAT_ISOLE_NON_METRO_ALTRO,Nessuna strategia ha funzionato,2,2025-12-24T10:42:20.823196
synced,AGTD02701A,STAT_ISOLE_NON_METRO_ALTRO,Nessuna strategia ha funzionato,2,2025-12-24T10:42:17.228400
synced,ORCT703001,STAT_ISOLE_NON_METRO_ALTRO,Nessuna strategia ha funzionato,2,2025-12-24T10:42:03.484933
synced,SRRH040007,STAT_ISOLE_NON_METRO_ALTRO,Nessuna strategia ha funzionato,2,2025-12-24T10:41:59.559415
synced,SSIC81100B,STAT_ISOLE_NON_METRO_ALTRO,Nessuna strategia ha funzionato,2,2025-12-24T10:41:56.992009
synced,AGIC848001,STAT_ISOLE_NON_METRO_ALTRO,Nessuna strategia ha funzionato,2,2025-12-24T10:41:53.616954
synced,NURH03050N,STAT_ISOLE_NON_METRO_ALTRO,Nessuna strategia ha funzionato,2,2025-12-24T10:41:50.000273
synced,RGRC012012,STAT_ISOLE_NON_METRO_ALTRO,Nessuna strategia ha funzionato,2,2025-12-24T10:41:29.925976
synced,SSRA01102L,STAT_ISOLE_NON_METRO_ALTRO,Nessuna strategia ha funzionato,2,2025-12-24T10:41:26.394437
synced,CLRA00850B,STAT_ISOLE_NON_METRO_ALTRO,Nessuna strategia ha funzionato,2,2025-12-24T10:41:23.020422
synced,SSSD027012,STAT_ISOLE_NON_METRO_ALTRO,Nessuna strategia ha funzionato,2,2025-12-24T10:41:19.455426
synced,AGRC02301Q,STAT_ISOLE_NON_METRO_ALTRO,Nessuna strategia ha funzionato,2,2025-12-24T10:41:10.805030
synced,AGIC820005,STAT_ISOLE_NON_METRO_ALTRO,Nessuna strategia ha funzionato,2,2025-12-24T10:41:06.081281
synced,CAIC84800N,STAT_ISOLE_NON_METRO_ALTRO,Nessuna strategia ha funzionato,2,2025-12-24T10:41:02.572512
synced,RGIC81500A,STAT_ISOLE_NON_METRO_ALTRO,Nessuna strategia ha funzionato,2,2025-12-24T10:40:59.890944
synced,CLRA008013,STAT_ISOLE_NON_METRO_ALTRO,Nessuna strategia ha funzionato,2,2025-12-24T10:40:27.193890
synced,AGTD01701Q,STAT_ISOLE_NON_METRO_ALTRO,Nessuna strategia ha funzionato,2,2025-12-24T10:40:22.769655
synced,NURC01250V,STAT_ISOLE_NON_METRO_ALTRO,Nessuna strategia ha funzionato,2,2025-12-24T10:40:16.470860
synced,RGIC825001,STAT_ISOLE_NON_METRO_ALTRO,Nessuna strategia ha funzionato,2,2025-12-24T10:40:13.283530
synced,NUIC86500X,STAT_ISOLE_NON_METRO_ALTRO,Nessuna strategia ha funzionato,2,2025-12-24T10:40:10.876818
synced,MEEE872047,STAT_ISOLE_METRO_PRIMARIA,Nessuna strategia ha funzionato,2,2025-12-24T10:40:07.094726
synced,CTEE8AB02P,STAT_ISOLE_METRO_PRIMARIA,Nessuna strategia ha funzionato,2,2025-12-24T10:39:58.256209
synced,CAEE8AJ026,STAT_ISOLE_METRO_PRIMARIA,Nessuna strategia ha funzionato,2,2025-12-24T10:39:51.706833
synced,CTEE89802E,STAT_ISOLE_METRO_PRIMARIA,Nessuna strategia ha funzionato,2,2025-12-24T10:39:43.246059
synced,PAEE8AH026,STAT_ISOLE_METRO_PRIMARIA,Nessuna strategia ha funzionato,2,2025-12-24T10:39:38.625109
synced,CTEE859042,STAT_ISOLE_METRO_PRIMARIA,Nessuna strategia ha funzionato,2,2025-12-24T10:39:33.214594
synced,CTEE8AQ02N,STAT_ISOLE_METRO_PRIMARIA,Nessuna strategia ha funzionato,2,2025-12-24T10:39:29.886307
synced,PAEE871012,STAT_ISOLE_METRO_PRIMARIA,Nessuna strategia ha funzionato,2,2025-12-24T10:39:26.681778
synced,PAEE85301C,STAT_ISOLE_METRO_PRIMARIA,Nessuna strategia ha funzionato,2,2025-12-24T10:39:21.899203
synced,PAEE8A602E,STAT_ISOLE_METRO_PRIMARIA,Nessuna strategia ha funzionato,2,2025-12-24T10:39:18.660136
synced,PAEE83702G,STAT_ISOLE_METRO_PRIMARIA,Nessuna strategia ha funzionato,2,2025-12-24T10:39:14.132409
synced,CTEE8AU06E,STAT_ISOLE_METRO_PRIMARIA,Nessuna strategia ha funzionato,2,2025-12-24T10:39:10.891625
synced,MEEE886034,STAT_ISOLE_METRO_PRIMARIA,Nessuna strategia ha funzionato,2,2025-12-24T10:39:08.024998
synced,MEEE852042,STAT_ISOLE_METRO_PRIMARIA,Nessuna strategia ha funzionato,2,2025-12-24T10:39:04.698316
synced,CTEE886017,STAT_ISOLE_METRO_PRIMARIA,Nessuna strategia ha funzionato,2,2025-12-24T10:39:01.454265
synced,CAEE867015,STAT_ISOLE_METRO_PRIMARIA,Nessuna strategia ha funzionato,2,2025-12-24T10:38:58.047854
synced,CTEE894027,STAT_ISOLE_METRO_PRIMARIA,Nessuna strategia ha funzionato,2,2025-12-24T10:38:52.032170
synced,CTEE887057,STAT_ISOLE_METRO_PRIMARIA,Nessuna strategia ha funzionato,2,2025-12-24T10:38:45.581845
synced,MEEE84707N,STAT_ISOLE_METRO_PRIMARIA,Nessuna strategia ha funzionato,2,2025-12-24T10:38:12.278158
synced,PAEE85804P,STAT_ISOLE_METRO_PRIMARIA,Nessuna strategia ha funzionato,2,2025-12-24T10:38:08.882952
synced,CTEE83902P,STAT_ISOLE_METRO_PRIMARIA,Nessuna strategia ha funzionato,2,2025-12-24T10:37:44.901026
synced,PAEE886083,STAT_ISOLE_METRO_PRIMARIA,Nessuna strategia ha funzionato,2,2025-12-24T10:37:41.460397
synced,CTEE8AU05D,STAT_ISOLE_METRO_PRIMARIA,Nessuna strategia ha funzionato,2,2025-12-24T10:37:31.449149
synced,MEEE88907Q,STAT_ISOLE_METRO_PRIMARIA,Nessuna strategia ha funzionato,2,2025-12-24T10:37:26.809864
synced,PAEE88605X,STAT_ISOLE_METRO_PRIMARIA,Nessuna strategia ha funzionato,2,2025-12-24T10:37:04.686316
synced,PAEE84001A,STAT_ISOLE_METRO_PRIMARIA,Nessuna strategia ha funzionato,2,2025-12-24T10:36:59.437021
synced,MEEE8AD11G,STAT_ISOLE_METRO_PRIMARIA,Nessuna strategia ha funzionato,2,2025-12-24T10:36:56.199790
synced,CAEE845029,STAT_ISOLE_METRO_PRIMARIA,Nessuna strategia ha funzionato,2,2025-12-24T10:36:52.737560
synced,MEEE87601B,STAT_ISOLE_METRO_PRIMARIA,Nessuna strategia ha funzionato,2,2025-12-24T10:36:49.469573
synced,CTEE815037,STAT_ISOLE_METRO_PRIMARIA,Nessuna strategia ha funzionato,2,2025-12-24T10:36:46.112726
synced,BGIC812003,STAT_NORD OVEST_NON_METRO_ALTRO,Nessuna strategia ha funzionato,2,2025-12-24T10:36:39.524577
synced,BSIC82600D,STAT_NORD OVEST_NON_METRO_ALTRO,Nessuna strategia ha funzionato,2,2025-12-24T10:36:21.231996
synced,ALIC83500D,STAT_NORD OVEST_NON_METRO_ALTRO,Nessuna strategia ha funzionato,2,2025-12-24T10:36:03.291185
synced,SPIC80200X,STAT_NORD OVEST_NON_METRO_ALTRO,Nessuna strategia ha funzionato,2,2025-12-24T10:35:30.180806
synced,VCRH012015,STAT_NORD OVEST_NON_METRO_ALTRO,Nessuna strategia ha funzionato,2,2025-12-24T10:35:27.769249
synced,ALIC831006,STAT_NORD OVEST_NON_METRO_ALTRO,Nessuna strategia ha funzionato,2,2025-12-24T10:35:07.643113
synced,BGRH04101B,STAT_NORD OVEST_NON_METRO_ALTRO,Nessuna strategia ha funzionato,2,2025-12-24T10:35:03.171787
synced,CRIC82100Q,STAT_NORD OVEST_NON_METRO_ALTRO,Nessuna strategia ha funzionato,2,2025-12-24T10:34:49.111196
synced,PVRC00201X,STAT_NORD OVEST_NON_METRO_ALTRO,Nessuna strategia ha funzionato,2,2025-12-24T10:34:16.800835
synced,BSIC82400T,STAT_NORD OVEST_NON_METRO_ALTRO,Nessuna strategia ha funzionato,2,2025-12-24T10:34:04.022207
synced,CRIC80200A,STAT_NORD OVEST_NON_METRO_ALTRO,Nessuna strategia ha funzionato,2,2025-12-24T10:33:48.997951
synced,VAIC82100A,STAT_NORD OVEST_NON_METRO_ALTRO,Nessuna strategia ha funzionato,2,2025-12-24T10:33:46.045115
synced,CRRI004517,STAT_NORD OVEST_NON_METRO_ALTRO,Nessuna strategia ha funzionato,2,2025-12-24T10:33:36.952746
synced,PVRC01202G,STAT_NORD OVEST_NON_METRO_ALTRO,Nessuna strategia ha funzionato,2,2025-12-24T10:33:33.624117
synced,CRRC00101N,STAT_NORD OVEST_NON_METRO_ALTRO,Nessuna strategia ha funzionato,2,2025-12-24T10:33:26.745563
synced,BGIC86900V,STAT_NORD OVEST_NON_METRO_ALTRO,Nessuna strategia ha funzionato,2,2025-12-24T10:33:23.243170
synced,BSIC843007,STAT_NORD OVEST_NON_METRO_ALTRO,Nessuna strategia ha funzionato,2,2025-12-24T10:32:33.578640
synced,IMRA00401L,STAT_NORD OVEST_NON_METRO_ALTRO,Nessuna strategia ha funzionato,2,2025-12-24T10:32:20.737127
synced,CNIC85200G,STAT_NORD OVEST_NON_METRO_ALTRO,Nessuna strategia ha funzionato,2,2025-12-24T10:32:17.424349
synced,COIC811002,STAT_NORD OVEST_NON_METRO_ALTRO,Nessuna strategia ha funzionato,2,2025-12-24T10:32:14.661016
synced,MNIC82200R,STAT_NORD OVEST_NON_METRO_ALTRO,Nessuna strategia ha funzionato,2,2025-12-24T10:32:11.901808
synced,CNIC83500T,STAT_NORD OVEST_NON_METRO_ALTRO,Nessuna strategia ha funzionato,2,2025-12-24T10:31:19.882708
synced,BIIC81900E,STAT_NORD OVEST_NON_METRO_ALTRO,Nessuna strategia ha funzionato,2,2025-12-24T10:30:56.023946
synced,MNIC81000E,STAT_NORD OVEST_NON_METRO_ALTRO,Nessuna strategia ha funzionato,2,2025-12-24T10:30:52.108726
synced,LCIC830005,STAT_NORD OVEST_NON_METRO_ALTRO,Nessuna strategia ha funzionato,2,2025-12-24T10:30:49.112158
synced,VAIC80800X,STAT_NORD OVEST_NON_METRO_ALTRO,Nessuna strategia ha funzionato,2,2025-12-24T10:30:42.178564
synced,SVIC81800X,STAT_NORD OVEST_NON_METRO_ALTRO,Nessuna strategia ha funzionato,2,2025-12-24T10:30:11.811923
synced,COIC84800L,STAT_NORD OVEST_NON_METRO_ALTRO,Nessuna strategia ha funzionato,2,2025-12-24T10:29:57.956421
synced,SPIC82400R,STAT_NORD OVEST_NON_METRO_ALTRO,Nessuna strategia ha funzionato,2,2025-12-24T10:29:55.140341
synced,CNCT70100G,STAT_NORD OVEST_NON_METRO_ALTRO,Nessuna strategia ha funzionato,2,2025-12-24T10:29:51.180480
synced,CNRI004012,STAT_NORD OVEST_NON_METRO_ALTRO,Nessuna strategia ha funzionato,2,2025-12-24T10:29:47.908401
synced,SOIC81900B,STAT_NORD OVEST_NON_METRO_ALTRO,Nessuna strategia ha funzionato,2,2025-12-24T10:29:42.587991
synced,BGCT710008,STAT_NORD OVEST_NON_METRO_ALTRO,Nessuna strategia ha funzionato,2,2025-12-24T10:29:20.342416
synced,VCTD012017,STAT_NORD OVEST_NON_METRO_ALTRO,Nessuna strategia ha funzionato,2,2025-12-24T10:29:14.306396
synced,BSIC84700E,STAT_NORD OVEST_NON_METRO_ALTRO,Nessuna strategia ha funzionato,2,2025-12-24T10:28:53.341035
synced,ALIC81900G,STAT_NORD OVEST_NON_METRO_ALTRO,Nessuna strategia ha funzionato,2,2025-12-24T10:28:15.985071
synced,CNTD014028,STAT_NORD OVEST_NON_METRO_ALTRO,Nessuna strategia ha funzionato,2,2025-12-24T10:28:06.749444
synced,BSIC88900L,STAT_NORD OVEST_NON_METRO_ALTRO,Nessuna strategia ha funzionato,2,2025-12-24T10:28:03.181024
synced,BSIC89500X,STAT_NORD OVEST_NON_METRO_ALTRO,Nessuna strategia ha funzionato,2,2025-12-24T10:28:00.347903
synced,SOIC806009,STAT_NORD OVEST_NON_METRO_ALTRO,Nessuna strategia ha funzionato,2,2025-12-24T10:27:11.535777
synced,CNIC83600N,STAT_NORD OVEST_NON_METRO_ALTRO,Nessuna strategia ha funzionato,2,2025-12-24T10:27:04.205136
synced,MNRA00801P,STAT_NORD OVEST_NON_METRO_ALTRO,Nessuna strategia ha funzionato,2,2025-12-24T10:26:54.548734
synced,RMPS33000X,STAT_CENTRO_METRO_SEC_SECONDO,Nessuna strategia ha funzionato,2,2025-12-24T10:26:38.555220
synced,RMTD05151L,STAT_CENTRO_METRO_SEC_SECONDO,Nessuna strategia ha funzionato,2,2025-12-24T10:26:31.708700
synced,FITD00801T,STAT_CENTRO_METRO_SEC_SECONDO,Nessuna strategia ha funzionato,2,2025-12-24T10:26:27.922914
synced,RMPM160003,STAT_CENTRO_METRO_SEC_SECONDO,Nessuna strategia ha funzionato,2,2025-12-24T10:26:24.616589
synced,FIIS01600E,STAT_CENTRO_METRO_SEC_SECONDO,Nessuna strategia ha funzionato,2,2025-12-24T10:26:16.572900
synced,RMPM10601B,STAT_CENTRO_METRO_SEC_SECONDO,Nessuna strategia ha funzionato,2,2025-12-24T10:26:12.179564
synced,RMPS200007,STAT_CENTRO_METRO_SEC_SECONDO,Nessuna strategia ha funzionato,2,2025-12-24T10:26:04.264947
synced,RMPS130006,STAT_CENTRO_METRO_SEC_SECONDO,Nessuna strategia ha funzionato,2,2025-12-24T10:26:01.559536
synced,FIPM03301Q,STAT_CENTRO_METRO_SEC_SECONDO,Nessuna strategia ha funzionato,2,2025-12-24T10:25:58.611743
synced,RMPC10401G,STAT_CENTRO_METRO_SEC_SECONDO,Nessuna strategia ha funzionato,2,2025-12-24T10:25:54.367549
synced,FIPS01802N,STAT_CENTRO_METRO_SEC_SECONDO,Nessuna strategia ha funzionato,2,2025-12-24T10:25:42.178814
synced,RMTF19000X,STAT_CENTRO_METRO_SEC_SECONDO,Nessuna strategia ha funzionato,2,2025-12-24T10:25:30.615294
synced,RMPC04000R,STAT_CENTRO_METRO_SEC_SECONDO,Nessuna strategia ha funzionato,2,2025-12-24T10:25:21.702794
synced,RMPC016011,STAT_CENTRO_METRO_SEC_SECONDO,Nessuna strategia ha funzionato,2,2025-12-24T10:25:18.154589
synced,RMIS119002,STAT_CENTRO_METRO_SEC_SECONDO,Nessuna strategia ha funzionato,2,2025-12-24T10:25:14.781279
synced,RMPC101014,STAT_CENTRO_METRO_SEC_SECONDO,Nessuna strategia ha funzionato,2,2025-12-24T10:25:12.216037
synced,RMIS092007,STAT_CENTRO_METRO_SEC_SECONDO,Nessuna strategia ha funzionato,2,2025-12-24T10:25:08.891126
synced,RMTD08151C,STAT_CENTRO_METRO_SEC_SECONDO,Nessuna strategia ha funzionato,2,2025-12-24T10:24:58.624849
synced,RMTF02202E,STAT_CENTRO_METRO_SEC_SECONDO,Nessuna strategia ha funzionato,2,2025-12-24T10:24:54.921134
synced,FITA00750X,STAT_CENTRO_METRO_SEC_SECONDO,Nessuna strategia ha funzionato,2,2025-12-24T10:24:41.377902
synced,RMPS02801A,STAT_CENTRO_METRO_SEC_SECONDO,Nessuna strategia ha funzionato,2,2025-12-24T10:24:38.572268
synced,RMPC280001,STAT_CENTRO_METRO_SEC_SECONDO,Nessuna strategia ha funzionato,2,2025-12-24T10:24:35.328582
synced,RMPS50000T,STAT_CENTRO_METRO_SEC_SECONDO,Nessuna strategia ha funzionato,2,2025-12-24T10:24:31.484055
synced,FIPM00901V,STAT_CENTRO_METRO_SEC_SECONDO,Nessuna strategia ha funzionato,2,2025-12-24T10:24:28.979007
synced,RMPS12401X,STAT_CENTRO_METRO_SEC_SECONDO,Nessuna strategia ha funzionato,2,2025-12-24T10:24:17.422847
synced,RMIS11400V,STAT_CENTRO_METRO_SEC_SECONDO,Nessuna strategia ha funzionato,2,2025-12-24T10:24:04.321954
synced,RMIS00400B,STAT_CENTRO_METRO_SEC_SECONDO,Nessuna strategia ha funzionato,2,2025-12-24T10:24:00.859328
synced,FITA00701G,STAT_CENTRO_METRO_SEC_SECONDO,Nessuna strategia ha funzionato,2,2025-12-24T10:23:57.539131
synced,FIPS002013,STAT_CENTRO_METRO_SEC_SECONDO,Nessuna strategia ha funzionato,2,2025-12-24T10:23:47.686389
synced,RMTF090003,STAT_CENTRO_METRO_SEC_SECONDO,Nessuna strategia ha funzionato,2,2025-12-24T10:23:37.670963
synced,RMTF10850C,STAT_CENTRO_METRO_SEC_SECONDO,Nessuna strategia ha funzionato,2,2025-12-24T10:23:30.021503
synced,RMTN05301R,STAT_CENTRO_METRO_SEC_SECONDO,Nessuna strategia ha funzionato,2,2025-12-24T10:23:23.173101
synced,TOEE8A201Q,STAT_NORD OVEST_METRO_PRIMARIA,Nessuna strategia ha funzionato,2,2025-12-24T10:23:18.545642
synced,TOEE815028,STAT_NORD OVEST_METRO_PRIMARIA,Nessuna strategia ha funzionato,2,2025-12-24T10:23:12.445201
synced,TOEE8AJ021,STAT_NORD OVEST_METRO_PRIMARIA,Nessuna strategia ha funzionato,2,2025-12-24T10:22:54.030722
synced,GEEE85203E,STAT_NORD OVEST_METRO_PRIMARIA,Nessuna strategia ha funzionato,2,2025-12-24T10:22:49.690588
synced,MIEE82502V,STAT_NORD OVEST_METRO_PRIMARIA,Nessuna strategia ha funzionato,2,2025-12-24T10:22:45.876680
synced,MIEE8C504G,STAT_NORD OVEST_METRO_PRIMARIA,Nessuna strategia ha funzionato,2,2025-12-24T10:22:42.372022
synced,TOEE87601P,STAT_NORD OVEST_METRO_PRIMARIA,Nessuna strategia ha funzionato,2,2025-12-24T10:22:39.038341
synced,TOEE82804C,STAT_NORD OVEST_METRO_PRIMARIA,Nessuna strategia ha funzionato,2,2025-12-24T10:22:35.893149
synced,TOEE831037,STAT_NORD OVEST_METRO_PRIMARIA,Nessuna strategia ha funzionato,2,2025-12-24T10:22:18.876335
synced,MIEE82001P,STAT_NORD OVEST_METRO_PRIMARIA,Nessuna strategia ha funzionato,2,2025-12-24T10:22:13.719338
synced,MIEE8AP01B,STAT_NORD OVEST_METRO_PRIMARIA,Nessuna strategia ha funzionato,2,2025-12-24T10:22:09.586672
synced,MIEE8AQ017,STAT_NORD OVEST_METRO_PRIMARIA,Nessuna strategia ha funzionato,2,2025-12-24T10:21:09.317197
synced,TOEE8AU03D,STAT_NORD OVEST_METRO_PRIMARIA,Nessuna strategia ha funzionato,2,2025-12-24T10:21:04.166668
synced,TOEE89303E,STAT_NORD OVEST_METRO_PRIMARIA,Nessuna strategia ha funzionato,2,2025-12-24T10:20:58.054942
synced,MIEE8C6029,STAT_NORD OVEST_METRO_PRIMARIA,Nessuna strategia ha funzionato,2,2025-12-24T10:20:53.244827
synced,TOEE853023,STAT_NORD OVEST_METRO_PRIMARIA,Nessuna strategia ha funzionato,2,2025-12-24T10:20:47.745801
synced,MIEE8D5024,STAT_NORD OVEST_METRO_PRIMARIA,Nessuna strategia ha funzionato,2,2025-12-24T10:19:40.270780
synced,TOEE88502E,STAT_NORD OVEST_METRO_PRIMARIA,Nessuna strategia ha funzionato,2,2025-12-24T10:19:33.798023
synced,TOEE8BQ02A,STAT_NORD OVEST_METRO_PRIMARIA,Nessuna strategia ha funzionato,2,2025-12-24T10:19:24.705360
synced,TOEE8AQ03R,STAT_NORD OVEST_METRO_PRIMARIA,Nessuna strategia ha funzionato,2,2025-12-24T10:19:13.300678
synced,TOEE88001A,STAT_NORD OVEST_METRO_PRIMARIA,Nessuna strategia ha funzionato,2,2025-12-24T10:19:10.539858
synced,TOEE81401B,STAT_NORD OVEST_METRO_PRIMARIA,Nessuna strategia ha funzionato,2,2025-12-24T10:19:07.867461
synced,GEEE867049,STAT_NORD OVEST_METRO_PRIMARIA,Nessuna strategia ha funzionato,2,2025-12-24T10:19:04.228239
synced,GEEE868023,STAT_NORD OVEST_METRO_PRIMARIA,Nessuna strategia ha funzionato,2,2025-12-24T10:19:01.011352
synced,TOEE8B5041,STAT_NORD OVEST_METRO_PRIMARIA,Nessuna strategia ha funzionato,2,2025-12-24T10:18:27.542469
synced,TOEE8AQ01P,STAT_NORD OVEST_METRO_PRIMARIA,Nessuna strategia ha funzionato,2,2025-12-24T10:18:01.210269
synced,MIEE873017,STAT_NORD OVEST_METRO_PRIMARIA,Nessuna strategia ha funzionato,2,2025-12-24T10:17:48.022422
synced,TOEE88007L,STAT_NORD OVEST_METRO_PRIMARIA,Nessuna strategia ha funzionato,2,2025-12-24T10:17:05.413961
synced,MIEE8EG02A,STAT_NORD OVEST_METRO_PRIMARIA,Nessuna strategia ha funzionato,2,2025-12-24T10:17:02.132603
synced,TOEE8CA015,STAT_NORD OVEST_METRO_PRIMARIA,Nessuna strategia ha funzionato,2,2025-12-24T10:16:58.896497
synced,MIEE8FC01L,STAT_NORD OVEST_METRO_PRIMARIA,Nessuna strategia ha funzionato,2,2025-12-24T10:16:55.509865
synced,TOEE88501D,STAT_NORD OVEST_METRO_PRIMARIA,Nessuna strategia ha funzionato,2,2025-12-24T10:16:46.099427
synced,MIEE860015,STAT_NORD OVEST_METRO_PRIMARIA,Nessuna strategia ha funzionato,2,2025-12-24T10:16:42.517544
synced,TOEE808047,STAT_NORD OVEST_METRO_PRIMARIA,Nessuna strategia ha funzionato,2,2025-12-24T10:16:39.218751
synced,MIEE709013,STAT_NORD OVEST_METRO_PRIMARIA,Nessuna strategia ha funzionato,2,2025-12-24T10:16:35.929144
synced,TOEE89408G,STAT_NORD OVEST_METRO_PRIMARIA,Nessuna strategia ha funzionato,2,2025-12-24T10:16:33.351751
synced,GEEE840016,STAT_NORD OVEST_METRO_PRIMARIA,Nessuna strategia ha funzionato,2,2025-12-24T10:16:28.914541
synced,TOEE8B002Q,STAT_NORD OVEST_METRO_PRIMARIA,Nessuna strategia ha funzionato,2,2025-12-24T10:16:25.635470
synced,MIEE8CE02D,STAT_NORD OVEST_METRO_PRIMARIA,Nessuna strategia ha funzionato,2,2025-12-24T10:16:22.537802
synced,TOEE888055,STAT_NORD OVEST_METRO_PRIMARIA,Nessuna strategia ha funzionato,2,2025-12-24T10:16:19.541594
synced,TOEE8BY02A,STAT_NORD OVEST_METRO_PRIMARIA,Nessuna strategia ha funzionato,2,2025-12-24T10:16:16.280944
synced,MIEE8EP02A,STAT_NORD OVEST_METRO_PRIMARIA,Nessuna strategia ha funzionato,2,2025-12-24T10:16:11.255502
synced,GETH020013,STAT_NORD OVEST_METRO_SEC_SECONDO,Nessuna strategia ha funzionato,2,2025-12-24T10:16:06.818530
synced,GETN00701R,STAT_NORD OVEST_METRO_SEC_SECONDO,Nessuna strategia ha funzionato,2,2025-12-24T10:16:03.242005
synced,GEPM030004,STAT_NORD OVEST_METRO_SEC_SECONDO,Nessuna strategia ha funzionato,2,2025-12-24T10:16:00.045034
synced,TOPS06701C,STAT_NORD OVEST_METRO_SEC_SECONDO,Nessuna strategia ha funzionato,2,2025-12-24T10:15:52.129800
synced,TOTF048015,STAT_NORD OVEST_METRO_SEC_SECONDO,Nessuna strategia ha funzionato,2,2025-12-24T10:15:48.943362
synced,TOTF066514,STAT_NORD OVEST_METRO_SEC_SECONDO,Nessuna strategia ha funzionato,2,2025-12-24T10:15:39.354401
synced,GEIS012004,STAT_NORD OVEST_METRO_SEC_SECONDO,Nessuna strategia ha funzionato,2,2025-12-24T10:15:34.838468
synced,TOTL036013,STAT_NORD OVEST_METRO_SEC_SECONDO,Nessuna strategia ha funzionato,2,2025-12-24T10:15:31.773034
synced,MIIS04300D,STAT_NORD OVEST_METRO_SEC_SECONDO,Nessuna strategia ha funzionato,2,2025-12-24T10:15:21.927890
synced,TOIS04900C,STAT_NORD OVEST_METRO_SEC_SECONDO,Nessuna strategia ha funzionato,2,2025-12-24T10:14:33.502646
synced,GESL01000P,STAT_NORD OVEST_METRO_SEC_SECONDO,Nessuna strategia ha funzionato,2,2025-12-24T10:14:31.177239
synced,TOIS03400P,STAT_NORD OVEST_METRO_SEC_SECONDO,Nessuna strategia ha funzionato,2,2025-12-24T10:14:22.487180
synced,MIPS021013,STAT_NORD OVEST_METRO_SEC_SECONDO,Nessuna strategia ha funzionato,2,2025-12-24T10:14:10.615825
synced,MITF05401C,STAT_NORD OVEST_METRO_SEC_SECONDO,Nessuna strategia ha funzionato,2,2025-12-24T10:14:07.340777
synced,TOIS04100T,STAT_NORD OVEST_METRO_SEC_SECONDO,Nessuna strategia ha funzionato,2,2025-12-24T10:14:04.056708
synced,MIIS101008,STAT_NORD OVEST_METRO_SEC_SECONDO,Nessuna strategia ha funzionato,2,2025-12-24T10:14:00.012920
synced,MITF092017,STAT_NORD OVEST_METRO_SEC_SECONDO,Nessuna strategia ha funzionato,2,2025-12-24T10:13:57.060065
synced,MITF03801E,STAT_NORD OVEST_METRO_SEC_SECONDO,Nessuna strategia ha funzionato,2,2025-12-24T10:13:51.955582
synced,TOIS07200D,STAT_NORD OVEST_METRO_SEC_SECONDO,Nessuna strategia ha funzionato,2,2025-12-24T10:13:46.831064
synced,MIPS61000R,STAT_NORD OVEST_METRO_SEC_SECONDO,Nessuna strategia ha funzionato,2,2025-12-24T10:13:42.412784
synced,TOTL03401B,STAT_NORD OVEST_METRO_SEC_SECONDO,Nessuna strategia ha funzionato,2,2025-12-24T10:13:39.548759
synced,TOTD01402R,STAT_NORD OVEST_METRO_SEC_SECONDO,Nessuna strategia ha funzionato,2,2025-12-24T10:13:34.033133
synced,MITF11000E,STAT_NORD OVEST_METRO_SEC_SECONDO,Nessuna strategia ha funzionato,2,2025-12-24T10:13:25.013327
synced,TOIS003003,STAT_NORD OVEST_METRO_SEC_SECONDO,Nessuna strategia ha funzionato,2,2025-12-24T10:13:15.719874
synced,MISL044501,STAT_NORD OVEST_METRO_SEC_SECONDO,Nessuna strategia ha funzionato,2,2025-12-24T10:12:59.942836
synced,TOIS04700R,STAT_NORD OVEST_METRO_SEC_SECONDO,Nessuna strategia ha funzionato,2,2025-12-24T10:12:39.370382
synced,TOSL01000C,STAT_NORD OVEST_METRO_SEC_SECONDO,Nessuna strategia ha funzionato,2,2025-12-24T10:12:17.465881
synced,MITD01601B,STAT_NORD OVEST_METRO_SEC_SECONDO,Nessuna strategia ha funzionato,2,2025-12-24T10:11:59.687981
synced,MIIS008006,STAT_NORD OVEST_METRO_SEC_SECONDO,Nessuna strategia ha funzionato,2,2025-12-24T10:11:52.106129
synced,MIIS04100T,STAT_NORD OVEST_METRO_SEC_SECONDO,Nessuna strategia ha funzionato,2,2025-12-24T10:11:29.900743
synced,MIIS02200C,STAT_NORD OVEST_METRO_SEC_SECONDO,Nessuna strategia ha funzionato,2,2025-12-24T10:11:16.102176
synced,GEPS01701N,STAT_NORD OVEST_METRO_SEC_SECONDO,Nessuna strategia ha funzionato,2,2025-12-24T10:11:03.873410
synced,TOTD01650Q,STAT_NORD OVEST_METRO_SEC_SECONDO,Nessuna strategia ha funzionato,2,2025-12-24T10:11:00.758919
synced,TOIS05400X,STAT_NORD OVEST_METRO_SEC_SECONDO,Nessuna strategia ha funzionato,2,2025-12-24T10:10:56.597477
synced,GEPS01000T,STAT_NORD OVEST_METRO_SEC_SECONDO,Nessuna strategia ha funzionato,2,2025-12-24T10:10:04.241974
synced,GEPC001022,STAT_NORD OVEST_METRO_SEC_SECONDO,Nessuna strategia ha funzionato,2,2025-12-24T10:09:55.827626
synced,TOTF014012,STAT_NORD OVEST_METRO_SEC_SECONDO,Nessuna strategia ha funzionato,2,2025-12-24T10:09:52.499800
synced,MIPC170001,STAT_NORD OVEST_METRO_SEC_SECONDO,Nessuna strategia ha funzionato,2,2025-12-24T10:09:48.033276
synced,MIPS13000N,STAT_NORD OVEST_METRO_SEC_SECONDO,Nessuna strategia ha funzionato,2,2025-12-24T10:09:10.830950
synced,PRIC820005,STAT_NORD EST_NON_METRO_ALTRO,Nessuna strategia ha funzionato,2,2025-12-24T10:08:33.974323
synced,GOIC81500X,STAT_NORD EST_NON_METRO_ALTRO,Nessuna strategia ha funzionato,2,2025-12-24T10:08:26.029168
synced,VIIC82500B,STAT_NORD EST_NON_METRO_ALTRO,Nessuna strategia ha funzionato,2,2025-12-24T10:08:23.565434
synced,PDTD04000D,STAT_NORD EST_NON_METRO_ALTRO,Nessuna strategia ha funzionato,2,2025-12-24T10:07:51.230236
synced,PNIC83200G,STAT_NORD EST_NON_METRO_ALTRO,Nessuna strategia ha funzionato,2,2025-12-24T10:07:48.788788
synced,ROIC81300L,STAT_NORD EST_NON_METRO_ALTRO,Nessuna strategia ha funzionato,2,2025-12-24T10:07:40.061698
synced,MOIC803004,STAT_NORD EST_NON_METRO_ALTRO,Nessuna strategia ha funzionato,2,2025-12-24T10:07:32.895479
synced,VIIC88700P,STAT_NORD EST_NON_METRO_ALTRO,Nessuna strategia ha funzionato,2,2025-12-24T10:07:29.992640
synced,BLIC810002,STAT_NORD EST_NON_METRO_ALTRO,Nessuna strategia ha funzionato,2,2025-12-24T10:07:00.796568
synced,VRIC830007,STAT_NORD EST_NON_METRO_ALTRO,Nessuna strategia ha funzionato,2,2025-12-24T10:06:58.160595
synced,UDVC01000C,STAT_NORD EST_NON_METRO_ALTRO,Nessuna strategia ha funzionato,2,2025-12-24T10:06:44.028079
synced,REIC835001,STAT_NORD EST_NON_METRO_ALTRO,Nessuna strategia ha funzionato,2,2025-12-24T10:06:41.522883
synced,REIC81600G,STAT_NORD EST_NON_METRO_ALTRO,Nessuna strategia ha funzionato,2,2025-12-24T10:06:07.719709
synced,VIIC839009,STAT_NORD EST_NON_METRO_ALTRO,Nessuna strategia ha funzionato,2,2025-12-24T10:06:05.211132
synced,TVCT70100X,STAT_NORD EST_NON_METRO_ALTRO,Nessuna strategia ha funzionato,2,2025-12-24T10:05:54.611731
synced,VRIC844005,STAT_NORD EST_NON_METRO_ALTRO,Nessuna strategia ha funzionato,2,2025-12-24T10:05:50.442592
synced,BLIC823004,STAT_NORD EST_NON_METRO_ALTRO,Nessuna strategia ha funzionato,2,2025-12-24T10:05:46.897998
synced,PCIC806002,STAT_NORD EST_NON_METRO_ALTRO,Nessuna strategia ha funzionato,2,2025-12-24T10:05:38.902309
synced,MOIC846002,STAT_NORD EST_NON_METRO_ALTRO,Nessuna strategia ha funzionato,2,2025-12-24T10:05:36.611334
synced,VIIC83600T,STAT_NORD EST_NON_METRO_ALTRO,Nessuna strategia ha funzionato,2,2025-12-24T10:05:29.713612
synced,MOIC83000C,STAT_NORD EST_NON_METRO_ALTRO,Nessuna strategia ha funzionato,2,2025-12-24T10:05:22.635682
synced,RNRC00201L,STAT_NORD EST_NON_METRO_ALTRO,Nessuna strategia ha funzionato,2,2025-12-24T10:05:19.796754
synced,ROIC80000E,STAT_NORD EST_NON_METRO_ALTRO,Nessuna strategia ha funzionato,2,2025-12-24T10:05:16.450979
synced,TVIC847001,STAT_NORD EST_NON_METRO_ALTRO,Nessuna strategia ha funzionato,2,2025-12-24T10:05:13.634273
synced,FEIC824002,STAT_NORD EST_NON_METRO_ALTRO,Nessuna strategia ha funzionato,2,2025-12-24T10:05:11.160868
synced,PDIC87200G,STAT_NORD EST_NON_METRO_ALTRO,Nessuna strategia ha funzionato,2,2025-12-24T10:04:53.756471
synced,UDIC85300L,STAT_NORD EST_NON_METRO_ALTRO,Nessuna strategia ha funzionato,2,2025-12-24T10:04:49.770104
synced,TSRC001509,STAT_NORD EST_NON_METRO_ALTRO,Nessuna strategia ha funzionato,2,2025-12-24T10:04:46.748727
synced,PDTD01701D,STAT_NORD EST_NON_METRO_ALTRO,Nessuna strategia ha funzionato,2,2025-12-24T10:04:43.597935
synced,TVRH01005V,STAT_NORD EST_NON_METRO_ALTRO,Nessuna strategia ha funzionato,2,2025-12-24T10:04:39.951944
synced,UDIC84600D,STAT_NORD EST_NON_METRO_ALTRO,Nessuna strategia ha funzionato,2,2025-12-24T10:04:34.666182
synced,VIIC885003,STAT_NORD EST_NON_METRO_ALTRO,Nessuna strategia ha funzionato,2,2025-12-24T10:04:32.142586
synced,RNIC811008,STAT_NORD EST_NON_METRO_ALTRO,Nessuna strategia ha funzionato,2,2025-12-24T10:04:29.001809
synced,TSIC80200N,STAT_NORD EST_NON_METRO_ALTRO,Nessuna strategia ha funzionato,2,2025-12-24T10:04:26.428225
synced,VRIC87000N,STAT_NORD EST_NON_METRO_ALTRO,Nessuna strategia ha funzionato,2,2025-12-24T10:03:49.325877
synced,PDRI02201A,STAT_NORD EST_NON_METRO_ALTRO,Nessuna strategia ha funzionato,2,2025-12-24T10:03:46.844519
synced,PDIC82800D,STAT_NORD EST_NON_METRO_ALTRO,Nessuna strategia ha funzionato,2,2025-12-24T10:03:38.544841
synced,FORI009018,STAT_NORD EST_NON_METRO_ALTRO,Nessuna strategia ha funzionato,2,2025-12-24T10:03:10.630126
synced,PRIC839006,STAT_NORD EST_NON_METRO_ALTRO,Nessuna strategia ha funzionato,2,2025-12-24T10:03:06.991132
synced,VRCT70500B,STAT_NORD EST_NON_METRO_ALTRO,Nessuna strategia ha funzionato,2,2025-12-24T10:02:57.571463
synced,GORI01101C,STAT_NORD EST_NON_METRO_ALTRO,Nessuna strategia ha funzionato,2,2025-12-24T10:02:53.576975
synced,MOCT701009,STAT_NORD EST_NON_METRO_ALTRO,Nessuna strategia ha funzionato,2,2025-12-24T10:02:50.573013
synced,FOIC818007,STAT_NORD EST_NON_METRO_ALTRO,Nessuna strategia ha funzionato,2,2025-12-24T10:02:47.301222
synced,VRCT71300A,STAT_NORD EST_NON_METRO_ALTRO,Nessuna strategia ha funzionato,2,2025-12-24T10:02:19.556380
synced,MOIC80500Q,STAT_NORD EST_NON_METRO_ALTRO,Nessuna strategia ha funzionato,2,2025-12-24T10:02:14.787400
synced,VITD02000N,STAT_NORD EST_NON_METRO_ALTRO,Nessuna strategia ha funzionato,2,2025-12-24T10:00:14.350761
synced,CTAA8BJ017,STAT_ISOLE_METRO_INFANZIA,Nessuna strategia ha funzionato,2,2025-12-24T10:00:07.361478
synced,PAAA85501V,STAT_ISOLE_METRO_INFANZIA,Nessuna strategia ha funzionato,2,2025-12-24T10:00:01.514361
synced,MEAA881081,STAT_ISOLE_METRO_INFANZIA,Nessuna strategia ha funzionato,2,2025-12-24T09:59:56.371279
synced,MEAA8AE04T,STAT_ISOLE_METRO_INFANZIA,Nessuna strategia ha funzionato,2,2025-12-24T09:59:52.517538
synced,CAAA84601V,STAT_ISOLE_METRO_INFANZIA,Nessuna strategia ha funzionato,2,2025-12-24T09:59:42.440922
synced,MEAA856022,STAT_ISOLE_METRO_INFANZIA,Nessuna strategia ha funzionato,2,2025-12-24T09:59:38.341638
synced,CTAA887052,STAT_ISOLE_METRO_INFANZIA,Nessuna strategia ha funzionato,2,2025-12-24T09:59:35.053572
synced,PAAA8BF01V,STAT_ISOLE_METRO_INFANZIA,Nessuna strategia ha funzionato,2,2025-12-24T09:59:04.643765
synced,PAAA83005P,STAT_ISOLE_METRO_INFANZIA,Nessuna strategia ha funzionato,2,2025-12-24T09:59:01.712467
synced,PAAA892052,STAT_ISOLE_METRO_INFANZIA,Nessuna strategia ha funzionato,2,2025-12-24T09:58:57.754944
synced,CAAA845013,STAT_ISOLE_METRO_INFANZIA,Nessuna strategia ha funzionato,2,2025-12-24T09:58:54.400086
synced,CTAA8A0084,STAT_ISOLE_METRO_INFANZIA,Nessuna strategia ha funzionato,2,2025-12-24T09:58:51.818464
synced,CAAA86402D,STAT_ISOLE_METRO_INFANZIA,Nessuna strategia ha funzionato,2,2025-12-24T09:58:45.550862
synced,CAAA8AK01Q,STAT_ISOLE_METRO_INFANZIA,Nessuna strategia ha funzionato,2,2025-12-24T09:58:42.402618
synced,MEAA83807N,STAT_ISOLE_METRO_INFANZIA,Nessuna strategia ha funzionato,2,2025-12-24T09:58:36.861101
synced,CAAA845035,STAT_ISOLE_METRO_INFANZIA,Nessuna strategia ha funzionato,2,2025-12-24T09:58:26.195722
synced,PAAA84801Q,STAT_ISOLE_METRO_INFANZIA,Nessuna strategia ha funzionato,2,2025-12-24T09:58:23.081713
synced,CTAA8BQ012,STAT_ISOLE_METRO_INFANZIA,Nessuna strategia ha funzionato,2,2025-12-24T09:58:19.832185
synced,PAAA8BM028,STAT_ISOLE_METRO_INFANZIA,Nessuna strategia ha funzionato,2,2025-12-24T09:58:16.743993
synced,PAAA84903N,STAT_ISOLE_METRO_INFANZIA,Nessuna strategia ha funzionato,2,2025-12-24T09:58:12.752459
synced,CTAA881031,STAT_ISOLE_METRO_INFANZIA,Nessuna strategia ha funzionato,2,2025-12-24T09:58:09.519544
synced,CTAA815032,STAT_ISOLE_METRO_INFANZIA,Nessuna strategia ha funzionato,2,2025-12-24T09:58:06.371827
synced,CTAA8AQ03D,STAT_ISOLE_METRO_INFANZIA,Nessuna strategia ha funzionato,2,2025-12-24T09:58:03.096694
synced,MEAA827033,STAT_ISOLE_METRO_INFANZIA,Nessuna strategia ha funzionato,2,2025-12-24T09:57:59.877773
synced,CTAA84204B,STAT_ISOLE_METRO_INFANZIA,Nessuna strategia ha funzionato,2,2025-12-24T09:57:56.471612
synced,MEAA82405N,STAT_ISOLE_METRO_INFANZIA,Nessuna strategia ha funzionato,2,2025-12-24T09:57:48.255151
synced,CTAA830023,STAT_ISOLE_METRO_INFANZIA,Nessuna strategia ha funzionato,2,2025-12-24T09:57:44.233077
synced,MEAA872053,STAT_ISOLE_METRO_INFANZIA,Nessuna strategia ha funzionato,2,2025-12-24T09:57:41.071117
synced,CAAA870072,STAT_ISOLE_METRO_INFANZIA,Nessuna strategia ha funzionato,2,2025-12-24T09:57:37.482196
synced,PAAA8A2011,STAT_ISOLE_METRO_INFANZIA,Nessuna strategia ha funzionato,2,2025-12-24T09:57:33.961681
synced,MEAA8AD097,STAT_ISOLE_METRO_INFANZIA,Nessuna strategia ha funzionato,2,2025-12-24T09:56:25.960913
synced,CTAA89807E,STAT_ISOLE_METRO_INFANZIA,Nessuna strategia ha funzionato,2,2025-12-24T09:56:22.366009
synced,PAAA88504T,STAT_ISOLE_METRO_INFANZIA,Nessuna strategia ha funzionato,2,2025-12-24T09:55:12.098644
synced,MEAA83201C,STAT_ISOLE_METRO_INFANZIA,Nessuna strategia ha funzionato,2,2025-12-24T09:55:08.639286
synced,CTAA8AR05B,STAT_ISOLE_METRO_INFANZIA,Nessuna strategia ha funzionato,2,2025-12-24T09:55:05.012444
synced,MEAA842013,STAT_ISOLE_METRO_INFANZIA,Nessuna strategia ha funzionato,2,2025-12-24T09:55:01.768576
synced,CTAA86201D,STAT_ISOLE_METRO_INFANZIA,Nessuna strategia ha funzionato,2,2025-12-24T09:54:58.492699
synced,CTAA8BE01E,STAT_ISOLE_METRO_INFANZIA,Nessuna strategia ha funzionato,2,2025-12-24T09:54:29.237235
synced,BOEE87205V,STAT_NORD EST_METRO_PRIMARIA,Nessuna strategia ha funzionato,2,2025-12-24T09:53:44.875473
synced,VEEE840018,STAT_NORD EST_METRO_PRIMARIA,Nessuna strategia ha funzionato,2,2025-12-24T09:53:41.739526
synced,VEEE84005C,STAT_NORD EST_METRO_PRIMARIA,Nessuna strategia ha funzionato,2,2025-12-24T09:53:38.760729
synced,BOEE05601T,STAT_NORD EST_METRO_PRIMARIA,Nessuna strategia ha funzionato,2,2025-12-24T09:53:35.590934
synced,VEEE700011,STAT_NORD EST_METRO_PRIMARIA,Nessuna strategia ha funzionato,2,2025-12-24T09:53:01.765419
synced,VEEE85703Q,STAT_NORD EST_METRO_PRIMARIA,Nessuna strategia ha funzionato,2,2025-12-24T09:52:59.287145
synced,BOEE70001X,STAT_NORD EST_METRO_PRIMARIA,Nessuna strategia ha funzionato,2,2025-12-24T09:52:56.521752
synced,BOEE85702N,STAT_NORD EST_METRO_PRIMARIA,Nessuna strategia ha funzionato,2,2025-12-24T09:52:53.760444
synced,VEEE83002P,STAT_NORD EST_METRO_PRIMARIA,Nessuna strategia ha funzionato,2,2025-12-24T09:52:48.096659
synced,VEEE826023,STAT_NORD EST_METRO_PRIMARIA,Nessuna strategia ha funzionato,2,2025-12-24T09:52:26.068037
synced,VEEE01001D,STAT_NORD EST_METRO_PRIMARIA,Nessuna strategia ha funzionato,2,2025-12-24T09:52:21.919761
synced,VEEE87403D,STAT_NORD EST_METRO_PRIMARIA,Nessuna strategia ha funzionato,2,2025-12-24T09:52:18.659260
synced,BOEE83001L,STAT_NORD EST_METRO_PRIMARIA,Nessuna strategia ha funzionato,2,2025-12-24T09:52:12.544971
synced,VEEE86601C,STAT_NORD EST_METRO_PRIMARIA,Nessuna strategia ha funzionato,2,2025-12-24T09:51:46.122707
synced,BOEE87801N,STAT_NORD EST_METRO_PRIMARIA,Nessuna strategia ha funzionato,2,2025-12-24T09:51:42.948789
synced,VEEE827041,STAT_NORD EST_METRO_PRIMARIA,Nessuna strategia ha funzionato,2,2025-12-24T09:51:37.590019
synced,BOEE882019,STAT_NORD EST_METRO_PRIMARIA,Nessuna strategia ha funzionato,2,2025-12-24T09:51:29.378428
synced,VEEE87404E,STAT_NORD EST_METRO_PRIMARIA,Nessuna strategia ha funzionato,2,2025-12-24T09:51:24.069300
synced,VEEE83204C,STAT_NORD EST_METRO_PRIMARIA,Nessuna strategia ha funzionato,2,2025-12-24T09:51:16.427529
synced,VEEE86901X,STAT_NORD EST_METRO_PRIMARIA,Nessuna strategia ha funzionato,2,2025-12-24T09:51:00.383235
synced,BOEE83002N,STAT_NORD EST_METRO_PRIMARIA,Nessuna strategia ha funzionato,2,2025-12-24T09:50:54.553395
synced,VEEE85302B,STAT_NORD EST_METRO_PRIMARIA,Nessuna strategia ha funzionato,2,2025-12-24T09:50:25.001938
synced,VEEE86401R,STAT_NORD EST_METRO_PRIMARIA,Nessuna strategia ha funzionato,2,2025-12-24T09:50:21.575428
synced,BOEE87901D,STAT_NORD EST_METRO_PRIMARIA,Nessuna strategia ha funzionato,2,2025-12-24T09:49:51.090982
synced,VEEE87202R,STAT_NORD EST_METRO_PRIMARIA,Nessuna strategia ha funzionato,2,2025-12-24T09:49:48.069949
synced,BOEE88002P,STAT_NORD EST_METRO_PRIMARIA,Nessuna strategia ha funzionato,2,2025-12-24T09:49:41.516093
synced,VEEE82703X,STAT_NORD EST_METRO_PRIMARIA,Nessuna strategia ha funzionato,2,2025-12-24T09:49:38.164168
synced,BOEE812013,STAT_NORD EST_METRO_PRIMARIA,Nessuna strategia ha funzionato,2,2025-12-24T09:49:29.068140
synced,VEEE818035,STAT_NORD EST_METRO_PRIMARIA,Nessuna strategia ha funzionato,2,2025-12-24T09:48:40.126083
synced,BOEE820023,STAT_NORD EST_METRO_PRIMARIA,Nessuna strategia ha funzionato,2,2025-12-24T09:48:28.673361
synced,VEEE83602N,STAT_NORD EST_METRO_PRIMARIA,Nessuna strategia ha funzionato,2,2025-12-24T09:48:25.071294
synced,VEEE85702P,STAT_NORD EST_METRO_PRIMARIA,Nessuna strategia ha funzionato,2,2025-12-24T09:48:21.873543
synced,VEEE87401B,STAT_NORD EST_METRO_PRIMARIA,Nessuna strategia ha funzionato,2,2025-12-24T09:48:18.165978
synced,BOEE81401P,STAT_NORD EST_METRO_PRIMARIA,Nessuna strategia ha funzionato,2,2025-12-24T09:48:09.654784
synced,BOEE07200P,STAT_NORD EST_METRO_PRIMARIA,Nessuna strategia ha funzionato,2,2025-12-24T09:48:02.987483
synced,BOEE805043,STAT_NORD EST_METRO_PRIMARIA,Nessuna strategia ha funzionato,2,2025-12-24T09:48:00.409484
synced,VEEE847035,STAT_NORD EST_METRO_PRIMARIA,Nessuna strategia ha funzionato,2,2025-12-24T09:47:56.741721
synced,VEEE83003Q,STAT_NORD EST_METRO_PRIMARIA,Nessuna strategia ha funzionato,2,2025-12-24T09:47:53.961353
synced,VEEE805022,STAT_NORD EST_METRO_PRIMARIA,Nessuna strategia ha funzionato,2,2025-12-24T09:47:50.447275
synced,VEEE819031,STAT_NORD EST_METRO_PRIMARIA,Nessuna strategia ha funzionato,2,2025-12-24T09:47:47.004103
synced,BOEE846027,STAT_NORD EST_METRO_PRIMARIA,Nessuna strategia ha funzionato,2,2025-12-24T09:47:03.459236
synced,BOEE81502G,STAT_NORD EST_METRO_PRIMARIA,Nessuna strategia ha funzionato,2,2025-12-24T09:46:59.312138
synced,VEEE86703A,STAT_NORD EST_METRO_PRIMARIA,Nessuna strategia ha funzionato,2,2025-12-24T09:46:55.792965
synced,BOEE833014,STAT_NORD EST_METRO_PRIMARIA,Nessuna strategia ha funzionato,2,2025-12-24T09:46:51.582346
synced,VEEE833059,STAT_NORD EST_METRO_PRIMARIA,Nessuna strategia ha funzionato,2,2025-12-24T09:46:48.115676
synced,LERF016509,STAT_SUD_NON_METRO_ALTRO,Nessuna strategia ha funzionato,2,2025-12-24T09:46:09.653932
synced,LERF002013,STAT_SUD_NON_METRO_ALTRO,Nessuna strategia ha funzionato,2,2025-12-24T09:45:43.660682
synced,CECT70800E,STAT_SUD_NON_METRO_ALTRO,Nessuna strategia ha funzionato,2,2025-12-24T09:45:40.235321
synced,CHIC81000A,STAT_SUD_NON_METRO_ALTRO,Nessuna strategia ha funzionato,2,2025-12-24T09:45:36.920156
synced,AQRC007018,STAT_SUD_NON_METRO_ALTRO,Nessuna strategia ha funzionato,2,2025-12-24T09:45:27.438317
synced,SARI07150N,STAT_SUD_NON_METRO_ALTRO,Nessuna strategia ha funzionato,2,2025-12-24T09:45:24.634697
synced,SATD06401R,STAT_SUD_NON_METRO_ALTRO,Nessuna strategia ha funzionato,2,2025-12-24T09:45:07.328031
synced,TERI01401L,STAT_SUD_NON_METRO_ALTRO,Nessuna strategia ha funzionato,2,2025-12-24T09:45:03.819202
synced,CERI02951X,STAT_SUD_NON_METRO_ALTRO,Nessuna strategia ha funzionato,2,2025-12-24T09:44:54.494690
synced,TEIC825007,STAT_SUD_NON_METRO_ALTRO,Nessuna strategia ha funzionato,2,2025-12-24T09:44:50.002281
synced,CZIC84400Q,STAT_SUD_NON_METRO_ALTRO,Nessuna strategia ha funzionato,2,2025-12-24T09:44:21.104962
synced,KRCT70600R,STAT_SUD_NON_METRO_ALTRO,Nessuna strategia ha funzionato,2,2025-12-24T09:44:18.570716
synced,PERI00101X,STAT_SUD_NON_METRO_ALTRO,Nessuna strategia ha funzionato,2,2025-12-24T09:43:49.938244
synced,AVTD003014,STAT_SUD_NON_METRO_ALTRO,Nessuna strategia ha funzionato,2,2025-12-24T09:43:46.440541
synced,SARC00650T,STAT_SUD_NON_METRO_ALTRO,Nessuna strategia ha funzionato,2,2025-12-24T09:43:42.511986
synced,ISTD013518,STAT_SUD_NON_METRO_ALTRO,Nessuna strategia ha funzionato,2,2025-12-24T09:43:39.336779
synced,TEIC82800P,STAT_SUD_NON_METRO_ALTRO,Nessuna strategia ha funzionato,2,2025-12-24T09:43:36.416277
synced,MTIC808001,STAT_SUD_NON_METRO_ALTRO,Nessuna strategia ha funzionato,2,2025-12-24T09:43:28.114430
synced,CSIC822003,STAT_SUD_NON_METRO_ALTRO,Nessuna strategia ha funzionato,2,2025-12-24T09:43:24.636378
synced,CHIC824008,STAT_SUD_NON_METRO_ALTRO,Nessuna strategia ha funzionato,2,2025-12-24T09:43:22.049629
synced,LEIC88000B,STAT_SUD_NON_METRO_ALTRO,Nessuna strategia ha funzionato,2,2025-12-24T09:43:19.647539
synced,MTIC828006,STAT_SUD_NON_METRO_ALTRO,Nessuna strategia ha funzionato,2,2025-12-24T09:43:08.788334
synced,CEIC8AM001,STAT_SUD_NON_METRO_ALTRO,Nessuna strategia ha funzionato,2,2025-12-24T09:42:53.606145
synced,CZIC82500A,STAT_SUD_NON_METRO_ALTRO,Nessuna strategia ha funzionato,2,2025-12-24T09:42:50.127635
synced,PEIC819009,STAT_SUD_NON_METRO_ALTRO,Nessuna strategia ha funzionato,2,2025-12-24T09:42:38.011933
synced,PZRI04052X,STAT_SUD_NON_METRO_ALTRO,Nessuna strategia ha funzionato,2,2025-12-24T09:42:35.380326
synced,SAIC85000C,STAT_SUD_NON_METRO_ALTRO,Nessuna strategia ha funzionato,2,2025-12-24T09:42:32.200789
synced,TAIC85900X,STAT_SUD_NON_METRO_ALTRO,Nessuna strategia ha funzionato,2,2025-12-24T09:42:29.648159
synced,BRIC838008,STAT_SUD_NON_METRO_ALTRO,Nessuna strategia ha funzionato,2,2025-12-24T09:42:27.287963
synced,TARI024527,STAT_SUD_NON_METRO_ALTRO,Nessuna strategia ha funzionato,2,2025-12-24T09:42:23.958990
synced,KRIC83200C,STAT_SUD_NON_METRO_ALTRO,Nessuna strategia ha funzionato,2,2025-12-24T09:42:20.773381
synced,AQRA007019,STAT_SUD_NON_METRO_ALTRO,Nessuna strategia ha funzionato,2,2025-12-24T09:42:18.363941
synced,SAIC87100D,STAT_SUD_NON_METRO_ALTRO,Nessuna strategia ha funzionato,2,2025-12-24T09:42:15.005960
synced,CZRI01901V,STAT_SUD_NON_METRO_ALTRO,Nessuna strategia ha funzionato,2,2025-12-24T09:42:12.664439
synced,AVRC02852G,STAT_SUD_NON_METRO_ALTRO,Nessuna strategia ha funzionato,2,2025-12-24T09:41:41.912671
synced,PZIC85200X,STAT_SUD_NON_METRO_ALTRO,Nessuna strategia ha funzionato,2,2025-12-24T09:41:37.905333
synced,ISIC822007,STAT_SUD_NON_METRO_ALTRO,Nessuna strategia ha funzionato,2,2025-12-24T09:41:22.178911
synced,PZRH02802C,STAT_SUD_NON_METRO_ALTRO,Nessuna strategia ha funzionato,2,2025-12-24T09:41:18.387450
synced,VVIC82000T,STAT_SUD_NON_METRO_ALTRO,Nessuna strategia ha funzionato,2,2025-12-24T09:40:43.477880
synced,CSRI31050G,STAT_SUD_NON_METRO_ALTRO,Nessuna strategia ha funzionato,2,2025-12-24T09:40:31.041351
synced,BORA006506,STAT_NORD EST_METRO_ALTRO,Nessuna strategia ha funzionato,2,2025-12-24T09:40:27.425412
synced,BOCT709002,STAT_NORD EST_METRO_ALTRO,Nessuna strategia ha funzionato,2,2025-12-24T09:40:19.438079
synced,BOIC82100Q,STAT_NORD EST_METRO_ALTRO,Nessuna strategia ha funzionato,2,2025-12-24T09:40:16.751256
synced,BOIC87200L,STAT_NORD EST_METRO_ALTRO,Nessuna strategia ha funzionato,2,2025-12-24T09:40:14.326785
synced,BOTD021016,STAT_NORD EST_METRO_ALTRO,Nessuna strategia ha funzionato,2,2025-12-24T09:40:07.849587
synced,VEIC832007,STAT_NORD EST_METRO_ALTRO,Nessuna strategia ha funzionato,2,2025-12-24T09:40:00.420211
synced,BOIC81300R,STAT_NORD EST_METRO_ALTRO,Nessuna strategia ha funzionato,2,2025-12-24T09:39:45.677729
synced,BOIC87900B,STAT_NORD EST_METRO_ALTRO,Nessuna strategia ha funzionato,2,2025-12-24T09:39:12.417379
synced,BOCT711002,STAT_NORD EST_METRO_ALTRO,Nessuna strategia ha funzionato,2,2025-12-24T09:38:36.635086
synced,VERI02101L,STAT_NORD EST_METRO_ALTRO,Nessuna strategia ha funzionato,2,2025-12-24T09:38:33.826933
synced,VEIC80700E,STAT_NORD EST_METRO_ALTRO,Nessuna strategia ha funzionato,2,2025-12-24T09:38:30.088322
synced,BOIC86400N,STAT_NORD EST_METRO_ALTRO,Nessuna strategia ha funzionato,2,2025-12-24T09:38:22.768225
synced,VERH020008,STAT_NORD EST_METRO_ALTRO,Nessuna strategia ha funzionato,2,2025-12-24T09:37:49.207470
synced,BORI01402D,STAT_NORD EST_METRO_ALTRO,Nessuna strategia ha funzionato,2,2025-12-24T09:37:41.547405
synced,VERH04050V,STAT_NORD EST_METRO_ALTRO,Nessuna strategia ha funzionato,2,2025-12-24T09:37:36.437885
synced,BOIC82700P,STAT_NORD EST_METRO_ALTRO,Nessuna strategia ha funzionato,2,2025-12-24T09:37:31.176567
synced,VEIC820001,STAT_NORD EST_METRO_ALTRO,Nessuna strategia ha funzionato,2,2025-12-24T09:36:59.949023
synced,BOIC86300T,STAT_NORD EST_METRO_ALTRO,Nessuna strategia ha funzionato,2,2025-12-24T09:36:57.416193
synced,VEIC847001,STAT_NORD EST_METRO_ALTRO,Nessuna strategia ha funzionato,2,2025-12-24T09:36:54.470425
synced,BOIC83400T,STAT_NORD EST_METRO_ALTRO,Nessuna strategia ha funzionato,2,2025-12-24T09:36:51.715194
synced,BOIC81800X,STAT_NORD EST_METRO_ALTRO,Nessuna strategia ha funzionato,2,2025-12-24T09:36:17.366452
synced,BORC02101V,STAT_NORD EST_METRO_ALTRO,Nessuna strategia ha funzionato,2,2025-12-24T09:36:14.941050
synced,BOIC86500D,STAT_NORD EST_METRO_ALTRO,Nessuna strategia ha funzionato,2,2025-12-24T09:36:05.548685
synced,VEIC817005,STAT_NORD EST_METRO_ALTRO,Nessuna strategia ha funzionato,2,2025-12-24T09:35:42.509885
synced,BORH022043,STAT_NORD EST_METRO_ALTRO,Nessuna strategia ha funzionato,2,2025-12-24T09:35:33.678908
synced,BOCT710006,STAT_NORD EST_METRO_ALTRO,Nessuna strategia ha funzionato,2,2025-12-24T09:35:25.156990
synced,BOIC883003,STAT_NORD EST_METRO_ALTRO,Nessuna strategia ha funzionato,2,2025-12-24T09:35:21.895390
synced,VERI00251L,STAT_NORD EST_METRO_ALTRO,Nessuna strategia ha funzionato,2,2025-12-24T09:35:10.991586
synced,BORI02351L,STAT_NORD EST_METRO_ALTRO,Nessuna strategia ha funzionato,2,2025-12-24T09:35:01.889994
synced,VEIC868002,STAT_NORD EST_METRO_ALTRO,Nessuna strategia ha funzionato,2,2025-12-24T09:34:58.920725
synced,BOIC853007,STAT_NORD EST_METRO_ALTRO,Nessuna strategia ha funzionato,2,2025-12-24T09:34:56.271222
synced,BOIC82800E,STAT_NORD EST_METRO_ALTRO,Nessuna strategia ha funzionato,2,2025-12-24T09:34:12.112445
synced,BOIC882007,STAT_NORD EST_METRO_ALTRO,Nessuna strategia ha funzionato,2,2025-12-24T09:34:09.569230
synced,VEIC859007,STAT_NORD EST_METRO_ALTRO,Nessuna strategia ha funzionato,2,2025-12-24T09:34:06.096848
synced,BOIC82200G,STAT_NORD EST_METRO_ALTRO,Nessuna strategia ha funzionato,2,2025-12-24T09:34:03.564655
synced,BORI023017,STAT_NORD EST_METRO_ALTRO,Nessuna strategia ha funzionato,2,2025-12-24T09:33:13.934415
synced,BORH022021,STAT_NORD EST_METRO_ALTRO,Nessuna strategia ha funzionato,2,2025-12-24T09:33:10.470667
synced,BOIC88000G,STAT_NORD EST_METRO_ALTRO,Nessuna strategia ha funzionato,2,2025-12-24T09:33:00.618884
synced,VERM008502,STAT_NORD EST_METRO_ALTRO,Nessuna strategia ha funzionato,2,2025-12-24T09:32:57.850740
synced,BOIC81900Q,STAT_NORD EST_METRO_ALTRO,Nessuna strategia ha funzionato,2,2025-12-24T09:32:54.697185
synced,VERH02050N,STAT_NORD EST_METRO_ALTRO,Nessuna strategia ha funzionato,2,2025-12-24T09:32:42.828685
synced,VEIC85700G,STAT_NORD EST_METRO_ALTRO,Nessuna strategia ha funzionato,2,2025-12-24T09:32:34.472656
synced,BOIC83600D,STAT_NORD EST_METRO_ALTRO,Nessuna strategia ha funzionato,2,2025-12-24T09:32:22.608818
synced,BOIC808009,STAT_NORD EST_METRO_ALTRO,Nessuna strategia ha funzionato,2,2025-12-24T09:31:41.784968
synced,BOCT70000G,STAT_NORD EST_METRO_ALTRO,Nessuna strategia ha funzionato,2,2025-12-24T09:31:37.342439
synced,VEIC824008,STAT_NORD EST_METRO_ALTRO,Nessuna strategia ha funzionato,2,2025-12-24T09:31:34.216433
synced,VEIC84200T,STAT_NORD EST_METRO_ALTRO,Nessuna strategia ha funzionato,2,2025-12-24T09:31:25.293203
synced,VEIC83400V,STAT_NORD EST_METRO_ALTRO,Nessuna strategia ha funzionato,2,2025-12-24T09:30:45.804994
synced,VRMM86901E,STAT_NORD EST_NON_METRO_SEC_PRIMO,Nessuna strategia ha funzionato,2,2025-12-24T09:29:37.135906
synced,GOMM815011,STAT_NORD EST_NON_METRO_SEC_PRIMO,Nessuna strategia ha funzionato,2,2025-12-24T09:29:29.794997
synced,REMM85401B,STAT_NORD EST_NON_METRO_SEC_PRIMO,Nessuna strategia ha funzionato,2,2025-12-24T09:29:24.100203
synced,VRMM887014,STAT_NORD EST_NON_METRO_SEC_PRIMO,Nessuna strategia ha funzionato,2,2025-12-24T09:29:20.708247
synced,PCMM81001P,STAT_NORD EST_NON_METRO_SEC_PRIMO,Nessuna strategia ha funzionato,2,2025-12-24T09:29:17.405933
synced,MOMM84801P,STAT_NORD EST_NON_METRO_SEC_PRIMO,Nessuna strategia ha funzionato,2,2025-12-24T09:29:13.496487
synced,RNMM80601T,STAT_NORD EST_NON_METRO_SEC_PRIMO,Nessuna strategia ha funzionato,2,2025-12-24T09:29:08.290874
synced,VIMM89002L,STAT_NORD EST_NON_METRO_SEC_PRIMO,Nessuna strategia ha funzionato,2,2025-12-24T09:29:04.906508
synced,VIMM84001E,STAT_NORD EST_NON_METRO_SEC_PRIMO,Nessuna strategia ha funzionato,2,2025-12-24T09:29:01.596077
synced,GOMM80501A,STAT_NORD EST_NON_METRO_SEC_PRIMO,Nessuna strategia ha funzionato,2,2025-12-24T09:28:58.153608
synced,FOMM80203R,STAT_NORD EST_NON_METRO_SEC_PRIMO,Nessuna strategia ha funzionato,2,2025-12-24T09:28:52.691179
synced,VIMM87902T,STAT_NORD EST_NON_METRO_SEC_PRIMO,Nessuna strategia ha funzionato,2,2025-12-24T09:28:44.436340
synced,UDMM85901L,STAT_NORD EST_NON_METRO_SEC_PRIMO,Nessuna strategia ha funzionato,2,2025-12-24T09:28:29.277585
synced,BLMM82702D,STAT_NORD EST_NON_METRO_SEC_PRIMO,Nessuna strategia ha funzionato,2,2025-12-24T09:28:26.193663
synced,BLMM81801N,STAT_NORD EST_NON_METRO_SEC_PRIMO,Nessuna strategia ha funzionato,2,2025-12-24T09:28:23.082328
synced,VIMM85701X,STAT_NORD EST_NON_METRO_SEC_PRIMO,Nessuna strategia ha funzionato,2,2025-12-24T09:28:19.810267
synced,VRMM836017,STAT_NORD EST_NON_METRO_SEC_PRIMO,Nessuna strategia ha funzionato,2,2025-12-24T09:28:11.872366
synced,PRMM818016,STAT_NORD EST_NON_METRO_SEC_PRIMO,Nessuna strategia ha funzionato,2,2025-12-24T09:28:08.685748
synced,UDMM84602G,STAT_NORD EST_NON_METRO_SEC_PRIMO,Nessuna strategia ha funzionato,2,2025-12-24T09:27:45.143854
synced,VRMM844016,STAT_NORD EST_NON_METRO_SEC_PRIMO,Nessuna strategia ha funzionato,2,2025-12-24T09:27:42.077680
synced,UDMM098007,STAT_NORD EST_NON_METRO_SEC_PRIMO,Nessuna strategia ha funzionato,2,2025-12-24T09:27:38.924676
synced,TVMM83602L,STAT_NORD EST_NON_METRO_SEC_PRIMO,Nessuna strategia ha funzionato,2,2025-12-24T09:27:36.939788
synced,TVMM85101N,STAT_NORD EST_NON_METRO_SEC_PRIMO,Nessuna strategia ha funzionato,2,2025-12-24T09:27:27.357695
synced,GOMM80401E,STAT_NORD EST_NON_METRO_SEC_PRIMO,Nessuna strategia ha funzionato,2,2025-12-24T09:27:24.053622
synced,UDMM80902L,STAT_NORD EST_NON_METRO_SEC_PRIMO,Nessuna strategia ha funzionato,2,2025-12-24T09:27:15.706585
synced,FEMM81201R,STAT_NORD EST_NON_METRO_SEC_PRIMO,Nessuna strategia ha funzionato,2,2025-12-24T09:27:12.702354
synced,UDMM86203E,STAT_NORD EST_NON_METRO_SEC_PRIMO,Nessuna strategia ha funzionato,2,2025-12-24T09:27:09.619119
synced,MOMM81302R,STAT_NORD EST_NON_METRO_SEC_PRIMO,Nessuna strategia ha funzionato,2,2025-12-24T09:27:06.538969
synced,VRMM830018,STAT_NORD EST_NON_METRO_SEC_PRIMO,Nessuna strategia ha funzionato,2,2025-12-24T09:26:58.656648
synced,PDMM84302N,STAT_NORD EST_NON_METRO_SEC_PRIMO,Nessuna strategia ha funzionato,2,2025-12-24T09:26:55.375347
synced,PNMM81602Q,STAT_NORD EST_NON_METRO_SEC_PRIMO,Nessuna strategia ha funzionato,2,2025-12-24T09:26:16.645427
synced,REMM83802E,STAT_NORD EST_NON_METRO_SEC_PRIMO,Nessuna strategia ha funzionato,2,2025-12-24T09:26:12.989262
synced,TVMM832029,STAT_NORD EST_NON_METRO_SEC_PRIMO,Nessuna strategia ha funzionato,2,2025-12-24T09:26:08.087176
synced,VIMM85401C,STAT_NORD EST_NON_METRO_SEC_PRIMO,Nessuna strategia ha funzionato,2,2025-12-24T09:25:32.746996
synced,UDMM700018,STAT_NORD EST_NON_METRO_SEC_PRIMO,Nessuna strategia ha funzionato,2,2025-12-24T09:24:53.492988
synced,MOMM80501R,STAT_NORD EST_NON_METRO_SEC_PRIMO,Nessuna strategia ha funzionato,2,2025-12-24T09:24:50.960829
synced,UDMM842017,STAT_NORD EST_NON_METRO_SEC_PRIMO,Nessuna strategia ha funzionato,2,2025-12-24T09:22:35.104744
synced,VIMM85201R,STAT_NORD EST_NON_METRO_SEC_PRIMO,Nessuna strategia ha funzionato,2,2025-12-24T09:22:30.772309
synced,REMM813015,STAT_NORD EST_NON_METRO_SEC_PRIMO,Nessuna strategia ha funzionato,2,2025-12-24T09:22:27.407554
synced,VRMM8AC01E,STAT_NORD EST_NON_METRO_SEC_PRIMO,Nessuna strategia ha funzionato,2,2025-12-24T09:22:23.928424
synced,VCEE81506G,STAT_NORD OVEST_NON_METRO_PRIMARIA,Nessuna strategia ha funzionato,2,2025-12-24T09:22:12.707334
synced,MNEE80702T,STAT_NORD OVEST_NON_METRO_PRIMARIA,Nessuna strategia ha funzionato,2,2025-12-24T09:22:03.230689
synced,BGEE81602D,STAT_NORD OVEST_NON_METRO_PRIMARIA,Nessuna strategia ha funzionato,2,2025-12-24T09:21:58.828355
synced,BIEE80701A,STAT_NORD OVEST_NON_METRO_PRIMARIA,Nessuna strategia ha funzionato,2,2025-12-24T09:21:54.471475
synced,LCEE815015,STAT_NORD OVEST_NON_METRO_PRIMARIA,Nessuna strategia ha funzionato,2,2025-12-24T09:21:51.172688
synced,SVEE81507R,STAT_NORD OVEST_NON_METRO_PRIMARIA,Nessuna strategia ha funzionato,2,2025-12-24T09:21:43.231626
synced,VCEE80701B,STAT_NORD OVEST_NON_METRO_PRIMARIA,Nessuna strategia ha funzionato,2,2025-12-24T09:21:39.998434
synced,CREE82703V,STAT_NORD OVEST_NON_METRO_PRIMARIA,Nessuna strategia ha funzionato,2,2025-12-24T09:21:35.776265
synced,BGEE80601T,STAT_NORD OVEST_NON_METRO_PRIMARIA,Nessuna strategia ha funzionato,2,2025-12-24T09:21:02.007914
synced,COEE845028,STAT_NORD OVEST_NON_METRO_PRIMARIA,Nessuna strategia ha funzionato,2,2025-12-24T09:20:30.408982
synced,SOEE81702V,STAT_NORD OVEST_NON_METRO_PRIMARIA,Nessuna strategia ha funzionato,2,2025-12-24T09:19:55.275819
synced,CREE820023,STAT_NORD OVEST_NON_METRO_PRIMARIA,Nessuna strategia ha funzionato,2,2025-12-24T09:19:44.972123
synced,BGEE851072,STAT_NORD OVEST_NON_METRO_PRIMARIA,Nessuna strategia ha funzionato,2,2025-12-24T09:19:18.342596
synced,SOEE81801N,STAT_NORD OVEST_NON_METRO_PRIMARIA,Nessuna strategia ha funzionato,2,2025-12-24T09:18:09.520396
synced,IMEE815044,STAT_NORD OVEST_NON_METRO_PRIMARIA,Nessuna strategia ha funzionato,2,2025-12-24T09:18:02.042949
synced,VAEE80604D,STAT_NORD OVEST_NON_METRO_PRIMARIA,Nessuna strategia ha funzionato,2,2025-12-24T09:17:58.901179
synced,CREE825015,STAT_NORD OVEST_NON_METRO_PRIMARIA,Nessuna strategia ha funzionato,2,2025-12-24T09:17:55.116610
synced,VAEE831046,STAT_NORD OVEST_NON_METRO_PRIMARIA,Nessuna strategia ha funzionato,2,2025-12-24T09:17:51.686776
synced,PVEE824072,STAT_NORD OVEST_NON_METRO_PRIMARIA,Nessuna strategia ha funzionato,2,2025-12-24T09:17:48.591159
synced,SVEE80702L,STAT_NORD OVEST_NON_METRO_PRIMARIA,Nessuna strategia ha funzionato,2,2025-12-24T09:17:45.414454
synced,COEE811058,STAT_NORD OVEST_NON_METRO_PRIMARIA,Nessuna strategia ha funzionato,2,2025-12-24T09:17:33.695408
synced,MNEE821046,STAT_NORD OVEST_NON_METRO_PRIMARIA,Nessuna strategia ha funzionato,2,2025-12-24T09:17:30.388753
synced,CNEE83104Q,STAT_NORD OVEST_NON_METRO_PRIMARIA,Nessuna strategia ha funzionato,2,2025-12-24T09:17:27.207037
synced,BIEE817022,STAT_NORD OVEST_NON_METRO_PRIMARIA,Nessuna strategia ha funzionato,2,2025-12-24T09:17:21.988465
synced,VAEE86701T,STAT_NORD OVEST_NON_METRO_PRIMARIA,Nessuna strategia ha funzionato,2,2025-12-24T09:17:18.520259
synced,NOEE806011,STAT_NORD OVEST_NON_METRO_PRIMARIA,Nessuna strategia ha funzionato,2,2025-12-24T09:17:14.852320
synced,ATEE82002X,STAT_NORD OVEST_NON_METRO_PRIMARIA,Nessuna strategia ha funzionato,2,2025-12-24T09:17:11.678010
synced,BSEE80602B,STAT_NORD OVEST_NON_METRO_PRIMARIA,Nessuna strategia ha funzionato,2,2025-12-24T09:17:07.291514
synced,COEE838014,STAT_NORD OVEST_NON_METRO_PRIMARIA,Nessuna strategia ha funzionato,2,2025-12-24T09:16:58.948949
synced,ALEE838035,STAT_NORD OVEST_NON_METRO_PRIMARIA,Nessuna strategia ha funzionato,2,2025-12-24T09:16:42.202581
synced,CNEE819012,STAT_NORD OVEST_NON_METRO_PRIMARIA,Nessuna strategia ha funzionato,2,2025-12-24T09:16:38.621211
synced,MNEE82902P,STAT_NORD OVEST_NON_METRO_PRIMARIA,Nessuna strategia ha funzionato,2,2025-12-24T09:16:27.596711
synced,VBEE806011,STAT_NORD OVEST_NON_METRO_PRIMARIA,Nessuna strategia ha funzionato,2,2025-12-24T09:16:24.311300
synced,CNEE847016,STAT_NORD OVEST_NON_METRO_PRIMARIA,Nessuna strategia ha funzionato,2,2025-12-24T09:16:20.872415
synced,ATEE80604Q,STAT_NORD OVEST_NON_METRO_PRIMARIA,Nessuna strategia ha funzionato,2,2025-12-24T09:16:12.586719
synced,BSEE81103X,STAT_NORD OVEST_NON_METRO_PRIMARIA,Nessuna strategia ha funzionato,2,2025-12-24T09:16:08.196923
synced,VAEE86904L,STAT_NORD OVEST_NON_METRO_PRIMARIA,Nessuna strategia ha funzionato,2,2025-12-24T09:16:04.835989
synced,ALEE82312T,STAT_NORD OVEST_NON_METRO_PRIMARIA,Nessuna strategia ha funzionato,2,2025-12-24T09:16:01.259309
synced,VAEE88005C,STAT_NORD OVEST_NON_METRO_PRIMARIA,Nessuna strategia ha funzionato,2,2025-12-24T09:15:58.173751
synced,VAEE83401E,STAT_NORD OVEST_NON_METRO_PRIMARIA,Nessuna strategia ha funzionato,2,2025-12-24T09:15:54.567069
synced,BSEE86401A,STAT_NORD OVEST_NON_METRO_PRIMARIA,Nessuna strategia ha funzionato,2,2025-12-24T09:15:51.236049
synced,BGEE897015,STAT_NORD OVEST_NON_METRO_PRIMARIA,Nessuna strategia ha funzionato,2,2025-12-24T09:15:47.672485
synced,NATD02250L,STAT_SUD_METRO_SEC_SECONDO,Nessuna strategia ha funzionato,2,2025-12-24T09:15:43.313803
synced,NAPC08301R,STAT_SUD_METRO_SEC_SECONDO,Nessuna strategia ha funzionato,2,2025-12-24T09:15:40.154180
synced,NAPS84000X,STAT_SUD_METRO_SEC_SECONDO,Nessuna strategia ha funzionato,2,2025-12-24T09:15:36.018001
synced,NAPC22001B,STAT_SUD_METRO_SEC_SECONDO,Nessuna strategia ha funzionato,2,2025-12-24T09:15:33.086350
synced,BATF23050A,STAT_SUD_METRO_SEC_SECONDO,Nessuna strategia ha funzionato,2,2025-12-24T09:15:27.358532
synced,NATD009506,STAT_SUD_METRO_SEC_SECONDO,Nessuna strategia ha funzionato,2,2025-12-24T09:15:24.283045
synced,NAIS06200C,STAT_SUD_METRO_SEC_SECONDO,Nessuna strategia ha funzionato,2,2025-12-24T09:15:19.437095
synced,NATF096014,STAT_SUD_METRO_SEC_SECONDO,Nessuna strategia ha funzionato,2,2025-12-24T09:15:04.673167
synced,NAPS14000T,STAT_SUD_METRO_SEC_SECONDO,Nessuna strategia ha funzionato,2,2025-12-24T09:15:00.796208
synced,BATD02050Q,STAT_SUD_METRO_SEC_SECONDO,Nessuna strategia ha funzionato,2,2025-12-24T09:14:57.806084
synced,RCTL034505,STAT_SUD_METRO_SEC_SECONDO,Nessuna strategia ha funzionato,2,2025-12-24T09:14:55.156971
synced,RCPS01701R,STAT_SUD_METRO_SEC_SECONDO,Nessuna strategia ha funzionato,2,2025-12-24T09:14:52.021761
synced,NAPS029017,STAT_SUD_METRO_SEC_SECONDO,Nessuna strategia ha funzionato,2,2025-12-24T09:14:48.708970
synced,BAIS069002,STAT_SUD_METRO_SEC_SECONDO,Nessuna strategia ha funzionato,2,2025-12-24T09:14:44.913405
synced,NAPS011012,STAT_SUD_METRO_SEC_SECONDO,Nessuna strategia ha funzionato,2,2025-12-24T09:14:42.500196
synced,NAIS09100C,STAT_SUD_METRO_SEC_SECONDO,Nessuna strategia ha funzionato,2,2025-12-24T09:14:39.090748
synced,BATD086012,STAT_SUD_METRO_SEC_SECONDO,Nessuna strategia ha funzionato,2,2025-12-24T09:14:35.197120
synced,NAPS087017,STAT_SUD_METRO_SEC_SECONDO,Nessuna strategia ha funzionato,2,2025-12-24T09:14:31.684265
synced,BAPS01601X,STAT_SUD_METRO_SEC_SECONDO,Nessuna strategia ha funzionato,2,2025-12-24T09:14:27.496768
synced,NAPS04101T,STAT_SUD_METRO_SEC_SECONDO,Nessuna strategia ha funzionato,2,2025-12-24T09:14:21.053316
synced,NAPS78000D,STAT_SUD_METRO_SEC_SECONDO,Nessuna strategia ha funzionato,2,2025-12-24T09:14:16.763833
synced,NATL143512,STAT_SUD_METRO_SEC_SECONDO,Nessuna strategia ha funzionato,2,2025-12-24T09:14:13.747095
synced,RCIS00100R,STAT_SUD_METRO_SEC_SECONDO,Nessuna strategia ha funzionato,2,2025-12-24T09:14:09.849140
synced,BATD02000A,STAT_SUD_METRO_SEC_SECONDO,Nessuna strategia ha funzionato,2,2025-12-24T09:14:06.877327
synced,BAPS06801L,STAT_SUD_METRO_SEC_SECONDO,Nessuna strategia ha funzionato,2,2025-12-24T09:14:04.283603
synced,NAPS110002,STAT_SUD_METRO_SEC_SECONDO,Nessuna strategia ha funzionato,2,2025-12-24T09:13:59.810401
synced,NATN09801B,STAT_SUD_METRO_SEC_SECONDO,Nessuna strategia ha funzionato,2,2025-12-24T09:13:55.175383
synced,RCTF02250P,STAT_SUD_METRO_SEC_SECONDO,Nessuna strategia ha funzionato,2,2025-12-24T09:13:51.254275
synced,NATD05251D,STAT_SUD_METRO_SEC_SECONDO,Nessuna strategia ha funzionato,2,2025-12-24T09:13:45.868418
synced,NAPS11301E,STAT_SUD_METRO_SEC_SECONDO,Nessuna strategia ha funzionato,2,2025-12-24T09:13:41.345957
synced,NAPS06301P,STAT_SUD_METRO_SEC_SECONDO,Nessuna strategia ha funzionato,2,2025-12-24T09:13:37.986782
synced,NAPS09101V,STAT_SUD_METRO_SEC_SECONDO,Nessuna strategia ha funzionato,2,2025-12-24T09:13:34.688135
synced,RCPS016011,STAT_SUD_METRO_SEC_SECONDO,Nessuna strategia ha funzionato,2,2025-12-24T09:13:29.980273
synced,NATN122013,STAT_SUD_METRO_SEC_SECONDO,Nessuna strategia ha funzionato,2,2025-12-24T09:13:26.666435
synced,NATN01601V,STAT_SUD_METRO_SEC_SECONDO,Nessuna strategia ha funzionato,2,2025-12-24T09:13:23.231166
synced,NATN00901Q,STAT_SUD_METRO_SEC_SECONDO,Nessuna strategia ha funzionato,2,2025-12-24T09:13:16.128121
synced,NATF091011,STAT_SUD_METRO_SEC_SECONDO,Nessuna strategia ha funzionato,2,2025-12-24T09:13:11.746267
synced,VIPC010004,STAT_NORD EST_NON_METRO_SEC_SECONDO,Nessuna strategia ha funzionato,2,2025-12-24T09:13:08.218982
synced,MOTF01901A,STAT_NORD EST_NON_METRO_SEC_SECONDO,Nessuna strategia ha funzionato,2,2025-12-24T09:12:58.342243
synced,UDIS014006,STAT_NORD EST_NON_METRO_SEC_SECONDO,Nessuna strategia ha funzionato,2,2025-12-24T09:12:54.932433
synced,PDIS02300E,STAT_NORD EST_NON_METRO_SEC_SECONDO,Nessuna strategia ha funzionato,2,2025-12-24T09:12:52.406135
synced,MOPS04000L,STAT_NORD EST_NON_METRO_SEC_SECONDO,Nessuna strategia ha funzionato,2,2025-12-24T09:12:48.837591
synced,UDPS004023,STAT_NORD EST_NON_METRO_SEC_SECONDO,Nessuna strategia ha funzionato,2,2025-12-24T09:12:41.737471
synced,VRIS016005,STAT_NORD EST_NON_METRO_SEC_SECONDO,Nessuna strategia ha funzionato,2,2025-12-24T09:12:29.490515
synced,VIIS00400E,STAT_NORD EST_NON_METRO_SEC_SECONDO,Nessuna strategia ha funzionato,2,2025-12-24T09:12:20.818525
synced,VRTA01203Q,STAT_NORD EST_NON_METRO_SEC_SECONDO,Nessuna strategia ha funzionato,2,2025-12-24T09:12:13.103418
synced,VRTE00901Q,STAT_NORD EST_NON_METRO_SEC_SECONDO,Nessuna strategia ha funzionato,2,2025-12-24T09:12:09.590930
synced,UDTD004506,STAT_NORD EST_NON_METRO_SEC_SECONDO,Nessuna strategia ha funzionato,2,2025-12-24T09:12:01.097664
synced,RAPC01000L,STAT_NORD EST_NON_METRO_SEC_SECONDO,Nessuna strategia ha funzionato,2,2025-12-24T09:11:53.568819
synced,MOPS00401E,STAT_NORD EST_NON_METRO_SEC_SECONDO,Nessuna strategia ha funzionato,2,2025-12-24T09:11:50.061483
synced,UDTF01601A,STAT_NORD EST_NON_METRO_SEC_SECONDO,Nessuna strategia ha funzionato,2,2025-12-24T09:11:15.490743
synced,VITD00752P,STAT_NORD EST_NON_METRO_SEC_SECONDO,Nessuna strategia ha funzionato,2,2025-12-24T09:11:11.456819
synced,TSTF003016,STAT_NORD EST_NON_METRO_SEC_SECONDO,Nessuna strategia ha funzionato,2,2025-12-24T09:11:07.976112
synced,PDTE02951L,STAT_NORD EST_NON_METRO_SEC_SECONDO,Nessuna strategia ha funzionato,2,2025-12-24T09:11:03.285348
synced,VRTD017017,STAT_NORD EST_NON_METRO_SEC_SECONDO,Nessuna strategia ha funzionato,2,2025-12-24T09:10:59.282485
synced,VIPS02000T,STAT_NORD EST_NON_METRO_SEC_SECONDO,Nessuna strategia ha funzionato,2,2025-12-24T09:10:51.669289
synced,PRPC030006,STAT_NORD EST_NON_METRO_SEC_SECONDO,Nessuna strategia ha funzionato,2,2025-12-24T09:10:44.331470
synced,UDPM010009,STAT_NORD EST_NON_METRO_SEC_SECONDO,Nessuna strategia ha funzionato,2,2025-12-24T09:10:36.349554
synced,PDIS02900D,STAT_NORD EST_NON_METRO_SEC_SECONDO,Nessuna strategia ha funzionato,2,2025-12-24T09:10:27.269457
synced,MOPC00701V,STAT_NORD EST_NON_METRO_SEC_SECONDO,Nessuna strategia ha funzionato,2,2025-12-24T09:10:18.404217
synced,VRSL03001P,STAT_NORD EST_NON_METRO_SEC_SECONDO,Nessuna strategia ha funzionato,2,2025-12-24T09:10:07.489254
synced,UDIS00900P,STAT_NORD EST_NON_METRO_SEC_SECONDO,Nessuna strategia ha funzionato,2,2025-12-24T09:09:42.660645
synced,PRIS00800P,STAT_NORD EST_NON_METRO_SEC_SECONDO,Nessuna strategia ha funzionato,2,2025-12-24T09:09:40.076370
synced,TVIS01100A,STAT_NORD EST_NON_METRO_SEC_SECONDO,Nessuna strategia ha funzionato,2,2025-12-24T09:09:32.861005
synced,UDIS006007,STAT_NORD EST_NON_METRO_SEC_SECONDO,Nessuna strategia ha funzionato,2,2025-12-24T09:09:30.278732
synced,VRTD011029,STAT_NORD EST_NON_METRO_SEC_SECONDO,Nessuna strategia ha funzionato,2,2025-12-24T09:09:22.684205
synced,FEPC01000E,STAT_NORD EST_NON_METRO_SEC_SECONDO,Nessuna strategia ha funzionato,2,2025-12-24T09:09:19.463985
synced,TSPS03000B,STAT_NORD EST_NON_METRO_SEC_SECONDO,Nessuna strategia ha funzionato,2,2025-12-24T09:09:11.060584
synced,VRIS017001,STAT_NORD EST_NON_METRO_SEC_SECONDO,Nessuna strategia ha funzionato,2,2025-12-24T09:09:02.925805
synced,FEIS01300Q,STAT_NORD EST_NON_METRO_SEC_SECONDO,Nessuna strategia ha funzionato,2,2025-12-24T09:08:55.228943
synced,PRTF008017,STAT_NORD EST_NON_METRO_SEC_SECONDO,Nessuna strategia ha funzionato,2,2025-12-24T09:08:48.215695
synced,BLTD00801C,STAT_NORD EST_NON_METRO_SEC_SECONDO,Nessuna strategia ha funzionato,2,2025-12-24T09:08:37.612788
synced,MOIS018002,STAT_NORD EST_NON_METRO_SEC_SECONDO,Nessuna strategia ha funzionato,2,2025-12-24T09:08:34.484162
synced,FEPS00101X,STAT_NORD EST_NON_METRO_SEC_SECONDO,Nessuna strategia ha funzionato,2,2025-12-24T09:08:31.927447
synced,VRPS04000B,STAT_NORD EST_NON_METRO_SEC_SECONDO,Nessuna strategia ha funzionato,2,2025-12-24T09:07:59.624688
synced,PRTD00401N,STAT_NORD EST_NON_METRO_SEC_SECONDO,Nessuna strategia ha funzionato,2,2025-12-24T09:07:51.502380
synced,PCTL007514,STAT_NORD EST_NON_METRO_SEC_SECONDO,Nessuna strategia ha funzionato,2,2025-12-24T09:07:48.063724
synced,NAEE8EC04P,STAT_SUD_METRO_PRIMARIA,Nessuna strategia ha funzionato,2,2025-12-24T09:07:37.591544
synced,BAEE84502C,STAT_SUD_METRO_PRIMARIA,Nessuna strategia ha funzionato,2,2025-12-24T09:07:33.713216
synced,NAEE8AP03E,STAT_SUD_METRO_PRIMARIA,Nessuna strategia ha funzionato,2,2025-12-24T09:07:28.924048
synced,NAEE8AK03Q,STAT_SUD_METRO_PRIMARIA,Nessuna strategia ha funzionato,2,2025-12-24T09:07:24.270817
synced,NAEE81205D,STAT_SUD_METRO_PRIMARIA,Nessuna strategia ha funzionato,2,2025-12-24T09:07:21.594980
synced,RCEE87303P,STAT_SUD_METRO_PRIMARIA,Nessuna strategia ha funzionato,2,2025-12-24T09:07:17.752767
synced,NAEE8FY07G,STAT_SUD_METRO_PRIMARIA,Nessuna strategia ha funzionato,2,2025-12-24T09:07:14.432867
synced,NAEE871026,STAT_SUD_METRO_PRIMARIA,Nessuna strategia ha funzionato,2,2025-12-24T09:07:11.176250
synced,NAEE8AL02E,STAT_SUD_METRO_PRIMARIA,Nessuna strategia ha funzionato,2,2025-12-24T09:07:06.827682
synced,NAEE8CX02P,STAT_SUD_METRO_PRIMARIA,Nessuna strategia ha funzionato,2,2025-12-24T09:07:03.538305
synced,NAEE85101X,STAT_SUD_METRO_PRIMARIA,Nessuna strategia ha funzionato,2,2025-12-24T09:06:54.066956
synced,NAEE85201Q,STAT_SUD_METRO_PRIMARIA,Nessuna strategia ha funzionato,2,2025-12-24T09:06:50.443104
synced,NAEE847029,STAT_SUD_METRO_PRIMARIA,Nessuna strategia ha funzionato,2,2025-12-24T09:06:47.212974
synced,NAEE8GR01Q,STAT_SUD_METRO_PRIMARIA,Nessuna strategia ha funzionato,2,2025-12-24T09:06:43.785819
synced,NAEE8GH021,STAT_SUD_METRO_PRIMARIA,Nessuna strategia ha funzionato,2,2025-12-24T09:06:39.791545
synced,NAEE8EH02Q,STAT_SUD_METRO_PRIMARIA,Nessuna strategia ha funzionato,2,2025-12-24T09:06:36.404638
synced,NAEE83905D,STAT_SUD_METRO_PRIMARIA,Nessuna strategia ha funzionato,2,2025-12-24T09:06:33.038736
synced,NAEE8AR03P,STAT_SUD_METRO_PRIMARIA,Nessuna strategia ha funzionato,2,2025-12-24T09:05:52.773610
synced,BAEE87701V,STAT_SUD_METRO_PRIMARIA,Nessuna strategia ha funzionato,2,2025-12-24T09:05:43.469416
synced,NAEE8B6017,STAT_SUD_METRO_PRIMARIA,Nessuna strategia ha funzionato,2,2025-12-24T09:05:40.007537
synced,NAEE8AK02P,STAT_SUD_METRO_PRIMARIA,Nessuna strategia ha funzionato,2,2025-12-24T09:05:36.183600
synced,NAEE218013,STAT_SUD_METRO_PRIMARIA,Nessuna strategia ha funzionato,2,2025-12-24T09:05:32.813827
synced,BAEE8AS014,STAT_SUD_METRO_PRIMARIA,Nessuna strategia ha funzionato,2,2025-12-24T09:05:29.974727
synced,RCEE841015,STAT_SUD_METRO_PRIMARIA,Nessuna strategia ha funzionato,2,2025-12-24T09:05:26.478046
synced,NAEE8ED04E,STAT_SUD_METRO_PRIMARIA,Nessuna strategia ha funzionato,2,2025-12-24T09:05:23.306767
synced,RCEE809019,STAT_SUD_METRO_PRIMARIA,Nessuna strategia ha funzionato,2,2025-12-24T09:05:19.523400
synced,NAEE8G301R,STAT_SUD_METRO_PRIMARIA,Nessuna strategia ha funzionato,2,2025-12-24T09:05:15.953457
synced,NAEE8BD03N,STAT_SUD_METRO_PRIMARIA,Nessuna strategia ha funzionato,2,2025-12-24T09:05:12.586766
synced,RCEE869088,STAT_SUD_METRO_PRIMARIA,Nessuna strategia ha funzionato,2,2025-12-24T09:05:09.275480
synced,NAEE8HD017,STAT_SUD_METRO_PRIMARIA,Nessuna strategia ha funzionato,2,2025-12-24T09:05:05.665717
synced,RCEE84406T,STAT_SUD_METRO_PRIMARIA,Nessuna strategia ha funzionato,2,2025-12-24T09:05:02.542967
synced,BAEE884012,STAT_SUD_METRO_PRIMARIA,Nessuna strategia ha funzionato,2,2025-12-24T09:04:58.339446
synced,NAEE03600T,STAT_SUD_METRO_PRIMARIA,Nessuna strategia ha funzionato,2,2025-12-24T09:04:53.284324
synced,NAEE8EE04A,STAT_SUD_METRO_PRIMARIA,Nessuna strategia ha funzionato,2,2025-12-24T09:04:49.870405
synced,NAEE362012,STAT_SUD_METRO_PRIMARIA,Nessuna strategia ha funzionato,2,2025-12-24T09:04:47.048941
synced,NAEE8D3033,STAT_SUD_METRO_PRIMARIA,Nessuna strategia ha funzionato,2,2025-12-24T09:04:43.708825
synced,NAEE105003,STAT_SUD_METRO_PRIMARIA,Nessuna strategia ha funzionato,2,2025-12-24T09:04:40.347692
synced,BAEE825027,STAT_SUD_METRO_PRIMARIA,Nessuna strategia ha funzionato,2,2025-12-24T09:04:37.564932
synced,NAEE8HV013,STAT_SUD_METRO_PRIMARIA,Nessuna strategia ha funzionato,2,2025-12-24T09:04:34.336655
synced,RCEE867019,STAT_SUD_METRO_PRIMARIA,Nessuna strategia ha funzionato,2,2025-12-24T09:04:31.180679
synced,NAEE8HE013,STAT_SUD_METRO_PRIMARIA,Nessuna strategia ha funzionato,2,2025-12-24T09:04:24.781650
synced,RCEE84504G,STAT_SUD_METRO_PRIMARIA,Nessuna strategia ha funzionato,2,2025-12-24T09:04:21.422251
synced,NAEE8A701C,STAT_SUD_METRO_PRIMARIA,Nessuna strategia ha funzionato,2,2025-12-24T09:04:18.019596
synced,NAEE8GL02T,STAT_SUD_METRO_PRIMARIA,Nessuna strategia ha funzionato,2,2025-12-24T09:03:14.777597
synced,PSEE840043,STAT_CENTRO_NON_METRO_PRIMARIA,Nessuna strategia ha funzionato,2,2025-12-24T09:03:10.805958
synced,MSEE807025,STAT_CENTRO_NON_METRO_PRIMARIA,Nessuna strategia ha funzionato,2,2025-12-24T09:03:00.952336
synced,APEE82202Q,STAT_CENTRO_NON_METRO_PRIMARIA,Nessuna strategia ha funzionato,2,2025-12-24T09:02:42.074203
synced,ANEE819029,STAT_CENTRO_NON_METRO_PRIMARIA,Nessuna strategia ha funzionato,2,2025-12-24T09:01:58.602467
synced,LIEE80302C,STAT_CENTRO_NON_METRO_PRIMARIA,Nessuna strategia ha funzionato,2,2025-12-24T09:01:50.313159
synced,APEE834022,STAT_CENTRO_NON_METRO_PRIMARIA,Nessuna strategia ha funzionato,2,2025-12-24T09:01:47.091388
synced,LTEE85001X,STAT_CENTRO_NON_METRO_PRIMARIA,Nessuna strategia ha funzionato,2,2025-12-24T09:01:36.366711
synced,FREE823032,STAT_CENTRO_NON_METRO_PRIMARIA,Nessuna strategia ha funzionato,2,2025-12-24T09:01:33.207363
synced,VTEE81603Q,STAT_CENTRO_NON_METRO_PRIMARIA,Nessuna strategia ha funzionato,2,2025-12-24T09:01:29.911046
synced,PGEE03703P,STAT_CENTRO_NON_METRO_PRIMARIA,Nessuna strategia ha funzionato,2,2025-12-24T09:01:24.322820
synced,FREE85402L,STAT_CENTRO_NON_METRO_PRIMARIA,Nessuna strategia ha funzionato,2,2025-12-24T09:01:16.642360
synced,LIEE81004N,STAT_CENTRO_NON_METRO_PRIMARIA,Nessuna strategia ha funzionato,2,2025-12-24T09:01:12.548654
synced,PGEE05703X,STAT_CENTRO_NON_METRO_PRIMARIA,Nessuna strategia ha funzionato,2,2025-12-24T09:00:56.128292
synced,FREE83902E,STAT_CENTRO_NON_METRO_PRIMARIA,Nessuna strategia ha funzionato,2,2025-12-24T09:00:52.968571
synced,APEE83001N,STAT_CENTRO_NON_METRO_PRIMARIA,Nessuna strategia ha funzionato,2,2025-12-24T09:00:48.869113
synced,PGEE813035,STAT_CENTRO_NON_METRO_PRIMARIA,Nessuna strategia ha funzionato,2,2025-12-24T09:00:45.670213
synced,TREE82103Q,STAT_CENTRO_NON_METRO_PRIMARIA,Nessuna strategia ha funzionato,2,2025-12-24T09:00:42.503483
synced,APEE804015,STAT_CENTRO_NON_METRO_PRIMARIA,Nessuna strategia ha funzionato,2,2025-12-24T09:00:38.801659
synced,APEE838018,STAT_CENTRO_NON_METRO_PRIMARIA,Nessuna strategia ha funzionato,2,2025-12-24T09:00:35.201423
synced,MSEE81901A,STAT_CENTRO_NON_METRO_PRIMARIA,Nessuna strategia ha funzionato,2,2025-12-24T09:00:02.926490
synced,LTEE821021,STAT_CENTRO_NON_METRO_PRIMARIA,Nessuna strategia ha funzionato,2,2025-12-24T08:59:58.177371
synced,PSEE837069,STAT_CENTRO_NON_METRO_PRIMARIA,Nessuna strategia ha funzionato,2,2025-12-24T08:59:50.045949
synced,PTEE824048,STAT_CENTRO_NON_METRO_PRIMARIA,Nessuna strategia ha funzionato,2,2025-12-24T08:59:40.999916
synced,APEE81006N,STAT_CENTRO_NON_METRO_PRIMARIA,Nessuna strategia ha funzionato,2,2025-12-24T08:59:33.588249
synced,PIEE84101X,STAT_CENTRO_NON_METRO_PRIMARIA,Nessuna strategia ha funzionato,2,2025-12-24T08:59:29.343196
synced,POEE80602V,STAT_CENTRO_NON_METRO_PRIMARIA,Nessuna strategia ha funzionato,2,2025-12-24T08:59:25.947779
synced,PGEE03202E,STAT_CENTRO_NON_METRO_PRIMARIA,Nessuna strategia ha funzionato,2,2025-12-24T08:58:44.184157
synced,TREE81508N,STAT_CENTRO_NON_METRO_PRIMARIA,Nessuna strategia ha funzionato,2,2025-12-24T08:58:39.824159
synced,SIEE827017,STAT_CENTRO_NON_METRO_PRIMARIA,Nessuna strategia ha funzionato,2,2025-12-24T08:58:36.657390
synced,AREE83602V,STAT_CENTRO_NON_METRO_PRIMARIA,Nessuna strategia ha funzionato,2,2025-12-24T08:58:33.570679
synced,GREE82101C,STAT_CENTRO_NON_METRO_PRIMARIA,Nessuna strategia ha funzionato,2,2025-12-24T08:58:30.432485
synced,LIEE82401C,STAT_CENTRO_NON_METRO_PRIMARIA,Nessuna strategia ha funzionato,2,2025-12-24T08:58:26.417244
synced,ANEE829042,STAT_CENTRO_NON_METRO_PRIMARIA,Nessuna strategia ha funzionato,2,2025-12-24T08:58:22.577311
synced,FREE83306Q,STAT_CENTRO_NON_METRO_PRIMARIA,Nessuna strategia ha funzionato,2,2025-12-24T08:57:34.549215
synced,FREE82602C,STAT_CENTRO_NON_METRO_PRIMARIA,Nessuna strategia ha funzionato,2,2025-12-24T08:57:30.934139
synced,PSEE81201Q,STAT_CENTRO_NON_METRO_PRIMARIA,Nessuna strategia ha funzionato,2,2025-12-24T08:57:27.689486
synced,MCEE81101B,STAT_CENTRO_NON_METRO_PRIMARIA,Nessuna strategia ha funzionato,2,2025-12-24T08:57:24.419628
synced,GREE81703V,STAT_CENTRO_NON_METRO_PRIMARIA,Nessuna strategia ha funzionato,2,2025-12-24T08:57:21.093429
synced,GREE81701R,STAT_CENTRO_NON_METRO_PRIMARIA,Nessuna strategia ha funzionato,2,2025-12-24T08:57:17.813066
synced,LTEE82903L,STAT_CENTRO_NON_METRO_PRIMARIA,Nessuna strategia ha funzionato,2,2025-12-24T08:57:13.555922
synced,LUEE83801R,STAT_CENTRO_NON_METRO_PRIMARIA,Nessuna strategia ha funzionato,2,2025-12-24T08:57:08.154320
synced,NAAA21803X,STAT_SUD_METRO_INFANZIA,Nessuna strategia ha funzionato,2,2025-12-24T08:57:03.903732
synced,RCAA85005V,STAT_SUD_METRO_INFANZIA,Nessuna strategia ha funzionato,2,2025-12-24T08:57:00.830945
synced,RCAA871061,STAT_SUD_METRO_INFANZIA,Nessuna strategia ha funzionato,2,2025-12-24T08:56:51.117694
synced,NAAA22017G,STAT_SUD_METRO_INFANZIA,Nessuna strategia ha funzionato,2,2025-12-24T08:56:47.378167
synced,BAAA846023,STAT_SUD_METRO_INFANZIA,Nessuna strategia ha funzionato,2,2025-12-24T08:56:05.332423
synced,RCAA861015,STAT_SUD_METRO_INFANZIA,Nessuna strategia ha funzionato,2,2025-12-24T08:56:01.844609
synced,NAAA03001P,STAT_SUD_METRO_INFANZIA,Nessuna strategia ha funzionato,2,2025-12-24T08:55:59.114074
synced,BAAA816016,STAT_SUD_METRO_INFANZIA,Nessuna strategia ha funzionato,2,2025-12-24T08:55:55.393991
synced,BAAA01402L,STAT_SUD_METRO_INFANZIA,Nessuna strategia ha funzionato,2,2025-12-24T08:55:52.871336
synced,NAAA8EC06G,STAT_SUD_METRO_INFANZIA,Nessuna strategia ha funzionato,2,2025-12-24T08:55:49.350104
synced,NAAA8HA03L,STAT_SUD_METRO_INFANZIA,Nessuna strategia ha funzionato,2,2025-12-24T08:55:46.780452
synced,RCAA839076,STAT_SUD_METRO_INFANZIA,Nessuna strategia ha funzionato,2,2025-12-24T08:55:43.557112
synced,NAAA8BP01T,STAT_SUD_METRO_INFANZIA,Nessuna strategia ha funzionato,2,2025-12-24T08:55:40.283744
synced,BAAA87305E,STAT_SUD_METRO_INFANZIA,Nessuna strategia ha funzionato,2,2025-12-24T08:55:05.452612
synced,NAAA8HR015,STAT_SUD_METRO_INFANZIA,Nessuna strategia ha funzionato,2,2025-12-24T08:55:02.695002
synced,BAAA8A2031,STAT_SUD_METRO_INFANZIA,Nessuna strategia ha funzionato,2,2025-12-24T08:54:57.357166
synced,NAAA8E602V,STAT_SUD_METRO_INFANZIA,Nessuna strategia ha funzionato,2,2025-12-24T08:54:54.248279
synced,NAAA8C603P,STAT_SUD_METRO_INFANZIA,Nessuna strategia ha funzionato,2,2025-12-24T08:54:51.044667
synced,NAAA8EJ01P,STAT_SUD_METRO_INFANZIA,Nessuna strategia ha funzionato,2,2025-12-24T08:54:47.334545
synced,RCAA861037,STAT_SUD_METRO_INFANZIA,Nessuna strategia ha funzionato,2,2025-12-24T08:54:43.482147
synced,RCAA81508P,STAT_SUD_METRO_INFANZIA,Nessuna strategia ha funzionato,2,2025-12-24T08:54:39.139165
synced,BAAA82001T,STAT_SUD_METRO_INFANZIA,Nessuna strategia ha funzionato,2,2025-12-24T08:54:35.652661
synced,BAAA82601R,STAT_SUD_METRO_INFANZIA,Nessuna strategia ha funzionato,2,2025-12-24T08:54:32.076929
synced,BAAA87001V,STAT_SUD_METRO_INFANZIA,Nessuna strategia ha funzionato,2,2025-12-24T08:54:28.739372
synced,BAAA87303C,STAT_SUD_METRO_INFANZIA,Nessuna strategia ha funzionato,2,2025-12-24T08:54:25.364352
synced,NAAA8CF01L,STAT_SUD_METRO_INFANZIA,Nessuna strategia ha funzionato,2,2025-12-24T08:54:21.797246
synced,NAAA8CA01D,STAT_SUD_METRO_INFANZIA,Nessuna strategia ha funzionato,2,2025-12-24T08:54:18.373260
synced,BAAA855051,STAT_SUD_METRO_INFANZIA,Nessuna strategia ha funzionato,2,2025-12-24T08:54:14.969481
synced,NAAA8DV03D,STAT_SUD_METRO_INFANZIA,Nessuna strategia ha funzionato,2,2025-12-24T08:54:08.325348
synced,BAAA838035,STAT_SUD_METRO_INFANZIA,Nessuna strategia ha funzionato,2,2025-12-24T08:54:05.144166
synced,RCAA832048,STAT_SUD_METRO_INFANZIA,Nessuna strategia ha funzionato,2,2025-12-24T08:54:01.839073
synced,BAAA81605A,STAT_SUD_METRO_INFANZIA,Nessuna strategia ha funzionato,2,2025-12-24T08:53:58.552712
synced,NAAA8HH02A,STAT_SUD_METRO_INFANZIA,Nessuna strategia ha funzionato,2,2025-12-24T08:53:55.281256
synced,NAAA8GB01Q,STAT_SUD_METRO_INFANZIA,Nessuna strategia ha funzionato,2,2025-12-24T08:53:05.091437
synced,NAAA8EC04D,STAT_SUD_METRO_INFANZIA,Nessuna strategia ha funzionato,2,2025-12-24T08:53:01.655427
synced,RCAA853049,STAT_SUD_METRO_INFANZIA,Nessuna strategia ha funzionato,2,2025-12-24T08:52:58.377190
synced,NAAA8FX03A,STAT_SUD_METRO_INFANZIA,Nessuna strategia ha funzionato,2,2025-12-24T08:52:51.246572
synced,BAAA86903R,STAT_SUD_METRO_INFANZIA,Nessuna strategia ha funzionato,2,2025-12-24T08:52:47.918315
synced,BAAA86901P,STAT_SUD_METRO_INFANZIA,Nessuna strategia ha funzionato,2,2025-12-24T08:52:44.243836
synced,BAAA83301X,STAT_SUD_METRO_INFANZIA,Nessuna strategia ha funzionato,2,2025-12-24T08:52:41.039513
synced,NAAA8B701T,STAT_SUD_METRO_INFANZIA,Nessuna strategia ha funzionato,2,2025-12-24T08:52:36.257127
synced,NAAA8EE034,STAT_SUD_METRO_INFANZIA,Nessuna strategia ha funzionato,2,2025-12-24T08:52:33.261784
synced,NAAA803019,STAT_SUD_METRO_INFANZIA,Nessuna strategia ha funzionato,2,2025-12-24T08:52:29.814385
synced,TPAA81905B,STAT_ISOLE_NON_METRO_INFANZIA,Nessuna strategia ha funzionato,2,2025-12-24T08:52:26.529197
synced,SRAA851017,STAT_ISOLE_NON_METRO_INFANZIA,Nessuna strategia ha funzionato,2,2025-12-24T08:52:23.061391
synced,RGAA811043,STAT_ISOLE_NON_METRO_INFANZIA,Nessuna strategia ha funzionato,2,2025-12-24T08:52:19.455464
synced,ENAA82702E,STAT_ISOLE_NON_METRO_INFANZIA,Nessuna strategia ha funzionato,2,2025-12-24T08:52:16.263833
synced,NUAA86306A,STAT_ISOLE_NON_METRO_INFANZIA,Nessuna strategia ha funzionato,2,2025-12-24T08:52:12.954344
synced,SSAA84901P,STAT_ISOLE_NON_METRO_INFANZIA,Nessuna strategia ha funzionato,2,2025-12-24T08:52:08.817392
synced,SSAA84802X,STAT_ISOLE_NON_METRO_INFANZIA,Nessuna strategia ha funzionato,2,2025-12-24T08:52:00.632873
synced,CLAA83205R,STAT_ISOLE_NON_METRO_INFANZIA,Nessuna strategia ha funzionato,2,2025-12-24T08:51:57.425453
synced,SSAA83806D,STAT_ISOLE_NON_METRO_INFANZIA,Nessuna strategia ha funzionato,2,2025-12-24T08:51:50.053779
synced,AGAA82804Q,STAT_ISOLE_NON_METRO_INFANZIA,Nessuna strategia ha funzionato,2,2025-12-24T08:51:45.510808
synced,RGAA81306R,STAT_ISOLE_NON_METRO_INFANZIA,Nessuna strategia ha funzionato,2,2025-12-24T08:51:42.605523
synced,ENAA82602P,STAT_ISOLE_NON_METRO_INFANZIA,Nessuna strategia ha funzionato,2,2025-12-24T08:51:39.541961
synced,TPAA837051,STAT_ISOLE_NON_METRO_INFANZIA,Nessuna strategia ha funzionato,2,2025-12-24T08:51:36.128300
synced,CLAA82903V,STAT_ISOLE_NON_METRO_INFANZIA,Nessuna strategia ha funzionato,2,2025-12-24T08:51:32.594367
synced,RGAA82501T,STAT_ISOLE_NON_METRO_INFANZIA,Nessuna strategia ha funzionato,2,2025-12-24T08:51:24.986613
synced,SRAA81903D,STAT_ISOLE_NON_METRO_INFANZIA,Nessuna strategia ha funzionato,2,2025-12-24T08:51:21.505809
synced,CAAA82502V,STAT_ISOLE_NON_METRO_INFANZIA,Nessuna strategia ha funzionato,2,2025-12-24T08:51:17.989534
synced,SRAA84104Q,STAT_ISOLE_NON_METRO_INFANZIA,Nessuna strategia ha funzionato,2,2025-12-24T08:51:14.051693
synced,SRAA80509T,STAT_ISOLE_NON_METRO_INFANZIA,Nessuna strategia ha funzionato,2,2025-12-24T08:51:10.707084
synced,SSAA84902Q,STAT_ISOLE_NON_METRO_INFANZIA,Nessuna strategia ha funzionato,2,2025-12-24T08:51:07.508616
synced,AGAA84502B,STAT_ISOLE_NON_METRO_INFANZIA,Nessuna strategia ha funzionato,2,2025-12-24T08:50:58.941977
synced,TPAA84503T,STAT_ISOLE_NON_METRO_INFANZIA,Nessuna strategia ha funzionato,2,2025-12-24T08:50:32.749145
synced,RGAA82704L,STAT_ISOLE_NON_METRO_INFANZIA,Nessuna strategia ha funzionato,2,2025-12-24T08:50:16.840846
synced,NUAA85402B,STAT_ISOLE_NON_METRO_INFANZIA,Nessuna strategia ha funzionato,2,2025-12-24T08:50:05.521085
synced,SRAA84803D,STAT_ISOLE_NON_METRO_INFANZIA,Nessuna strategia ha funzionato,2,2025-12-24T08:49:32.234827
synced,AGAA82801L,STAT_ISOLE_NON_METRO_INFANZIA,Nessuna strategia ha funzionato,2,2025-12-24T08:49:14.496092
synced,ENAA80501L,STAT_ISOLE_NON_METRO_INFANZIA,Nessuna strategia ha funzionato,2,2025-12-24T08:49:05.749450
synced,CAAA825063,STAT_ISOLE_NON_METRO_INFANZIA,Nessuna strategia ha funzionato,2,2025-12-24T08:48:52.704124
synced,AGAA819041,STAT_ISOLE_NON_METRO_INFANZIA,Nessuna strategia ha funzionato,2,2025-12-24T08:48:49.561089
synced,TPAA848028,STAT_ISOLE_NON_METRO_INFANZIA,Nessuna strategia ha funzionato,2,2025-12-24T08:48:44.353277
synced,SSAA84501B,STAT_ISOLE_NON_METRO_INFANZIA,Nessuna strategia ha funzionato,2,2025-12-24T08:48:33.221590
synced,SSAA840018,STAT_ISOLE_NON_METRO_INFANZIA,Nessuna strategia ha funzionato,2,2025-12-24T08:48:26.156660
synced,RGAA81307T,STAT_ISOLE_NON_METRO_INFANZIA,Nessuna strategia ha funzionato,2,2025-12-24T08:48:22.910736
synced,AGAA85202E,STAT_ISOLE_NON_METRO_INFANZIA,Nessuna strategia ha funzionato,2,2025-12-24T08:48:19.286504
synced,SSAA85206Q,STAT_ISOLE_NON_METRO_INFANZIA,Nessuna strategia ha funzionato,2,2025-12-24T08:47:59.535585
synced,CATD03251X,STAT_ISOLE_NON_METRO_SEC_SECONDO,Nessuna strategia ha funzionato,2,2025-12-24T08:47:49.601568
synced,NUTA014013,STAT_ISOLE_NON_METRO_SEC_SECONDO,Nessuna strategia ha funzionato,2,2025-12-24T08:47:46.166145
synced,NUIS007004,STAT_ISOLE_NON_METRO_SEC_SECONDO,Nessuna strategia ha funzionato,2,2025-12-24T08:47:38.414613
synced,SSTA01650V,STAT_ISOLE_NON_METRO_SEC_SECONDO,Nessuna strategia ha funzionato,2,2025-12-24T08:47:34.933909
synced,SSPS017011,STAT_ISOLE_NON_METRO_SEC_SECONDO,Nessuna strategia ha funzionato,2,2025-12-24T08:47:31.621886
synced,SRIS003005,STAT_ISOLE_NON_METRO_SEC_SECONDO,Nessuna strategia ha funzionato,2,2025-12-24T08:47:13.976041
synced,NUTD10050R,STAT_ISOLE_NON_METRO_SEC_SECONDO,Nessuna strategia ha funzionato,2,2025-12-24T08:47:08.876337
synced,SRIS02800D,STAT_ISOLE_NON_METRO_SEC_SECONDO,Nessuna strategia ha funzionato,2,2025-12-24T08:46:58.469883
synced,AGIS027004,STAT_ISOLE_NON_METRO_SEC_SECONDO,Nessuna strategia ha funzionato,2,2025-12-24T08:46:55.063951
synced,AGPC060002,STAT_ISOLE_NON_METRO_SEC_SECONDO,Nessuna strategia ha funzionato,2,2025-12-24T08:46:41.956785
synced,TPTD02101R,STAT_ISOLE_NON_METRO_SEC_SECONDO,Nessuna strategia ha funzionato,2,2025-12-24T08:46:39.382965
synced,ORTF02000D,STAT_ISOLE_NON_METRO_SEC_SECONDO,Nessuna strategia ha funzionato,2,2025-12-24T08:46:36.129850
synced,TPTA01201G,STAT_ISOLE_NON_METRO_SEC_SECONDO,Nessuna strategia ha funzionato,2,2025-12-24T08:46:33.754879
synced,AGIS01700D,STAT_ISOLE_NON_METRO_SEC_SECONDO,Nessuna strategia ha funzionato,2,2025-12-24T08:46:29.605576
synced,SSTH023506,STAT_ISOLE_NON_METRO_SEC_SECONDO,Nessuna strategia ha funzionato,2,2025-12-24T08:46:27.197434
synced,NUPS090006,STAT_ISOLE_NON_METRO_SEC_SECONDO,Nessuna strategia ha funzionato,2,2025-12-24T08:46:24.131611
synced,SSSL031014,STAT_ISOLE_NON_METRO_SEC_SECONDO,Nessuna strategia ha funzionato,2,2025-12-24T08:46:16.902664
synced,SSIS00400C,STAT_ISOLE_NON_METRO_SEC_SECONDO,Nessuna strategia ha funzionato,2,2025-12-24T08:46:13.334420
synced,ORPS01201D,STAT_ISOLE_NON_METRO_SEC_SECONDO,Nessuna strategia ha funzionato,2,2025-12-24T08:46:10.481247
synced,SRPC07050G,STAT_ISOLE_NON_METRO_SEC_SECONDO,Nessuna strategia ha funzionato,2,2025-12-24T08:46:07.358946
synced,RGTA01750A,STAT_ISOLE_NON_METRO_SEC_SECONDO,Nessuna strategia ha funzionato,2,2025-12-24T08:46:04.154687
synced,SSIS01100G,STAT_ISOLE_NON_METRO_SEC_SECONDO,Nessuna strategia ha funzionato,2,2025-12-24T08:45:59.942308
synced,CLTL006014,STAT_ISOLE_NON_METRO_SEC_SECONDO,Nessuna strategia ha funzionato,2,2025-12-24T08:45:52.580579
synced,ENTD021014,STAT_ISOLE_NON_METRO_SEC_SECONDO,Nessuna strategia ha funzionato,2,2025-12-24T08:45:46.787788
synced,AGTF02601R,STAT_ISOLE_NON_METRO_SEC_SECONDO,Nessuna strategia ha funzionato,2,2025-12-24T08:45:40.443175
synced,CLIS01800N,STAT_ISOLE_NON_METRO_SEC_SECONDO,Nessuna strategia ha funzionato,2,2025-12-24T08:45:07.014605
synced,TPTD03000E,STAT_ISOLE_NON_METRO_SEC_SECONDO,Nessuna strategia ha funzionato,2,2025-12-24T08:45:04.656541
synced,NUPS090017,STAT_ISOLE_NON_METRO_SEC_SECONDO,Nessuna strategia ha funzionato,2,2025-12-24T08:45:01.081427
synced,TPTF018017,STAT_ISOLE_NON_METRO_SEC_SECONDO,Nessuna strategia ha funzionato,2,2025-12-24T08:44:57.650990
synced,ORIS00600Q,STAT_ISOLE_NON_METRO_SEC_SECONDO,Nessuna strategia ha funzionato,2,2025-12-24T08:44:53.994003
synced,ENTD02151D,STAT_ISOLE_NON_METRO_SEC_SECONDO,Nessuna strategia ha funzionato,2,2025-12-24T08:44:44.507214
synced,SRPS14000A,STAT_ISOLE_NON_METRO_SEC_SECONDO,Nessuna strategia ha funzionato,2,2025-12-24T08:44:40.298918
synced,PRAA83002N,STAT_NORD EST_NON_METRO_INFANZIA,Nessuna strategia ha funzionato,2,2025-12-24T08:44:35.705365
synced,FOAA81504Q,STAT_NORD EST_NON_METRO_INFANZIA,Nessuna strategia ha funzionato,2,2025-12-24T08:44:29.514442
synced,RAAA815016,STAT_NORD EST_NON_METRO_INFANZIA,Nessuna strategia ha funzionato,2,2025-12-24T08:44:26.335963
synced,FOAA818036,STAT_NORD EST_NON_METRO_INFANZIA,Nessuna strategia ha funzionato,2,2025-12-24T08:44:23.257978
synced,FEAA80502E,STAT_NORD EST_NON_METRO_INFANZIA,Nessuna strategia ha funzionato,2,2025-12-24T08:44:19.909160
synced,UDAA848023,STAT_NORD EST_NON_METRO_INFANZIA,Nessuna strategia ha funzionato,2,2025-12-24T08:44:16.569547
synced,VRAA86801E,STAT_NORD EST_NON_METRO_INFANZIA,Nessuna strategia ha funzionato,2,2025-12-24T08:44:07.829333
synced,PDAA838033,STAT_NORD EST_NON_METRO_INFANZIA,Nessuna strategia ha funzionato,2,2025-12-24T08:43:59.633199
synced,UDAA84502G,STAT_NORD EST_NON_METRO_INFANZIA,Nessuna strategia ha funzionato,2,2025-12-24T08:43:26.422581
synced,FOAA817018,STAT_NORD EST_NON_METRO_INFANZIA,Nessuna strategia ha funzionato,2,2025-12-24T08:43:02.294382
synced,MOAA831015,STAT_NORD EST_NON_METRO_INFANZIA,Nessuna strategia ha funzionato,2,2025-12-24T08:42:58.868723
synced,TSAA819021,STAT_NORD EST_NON_METRO_INFANZIA,Nessuna strategia ha funzionato,2,2025-12-24T08:42:55.791965
synced,ROAA82002N,STAT_NORD EST_NON_METRO_INFANZIA,Nessuna strategia ha funzionato,2,2025-12-24T08:42:47.259662
synced,VRAA8AB03L,STAT_NORD EST_NON_METRO_INFANZIA,Nessuna strategia ha funzionato,2,2025-12-24T08:41:16.119299
synced,FEAA81904E,STAT_NORD EST_NON_METRO_INFANZIA,Nessuna strategia ha funzionato,2,2025-12-24T08:40:14.380378
synced,VRAA88903N,STAT_NORD EST_NON_METRO_INFANZIA,Nessuna strategia ha funzionato,2,2025-12-24T08:39:58.349895
synced,PDAA838011,STAT_NORD EST_NON_METRO_INFANZIA,Nessuna strategia ha funzionato,2,2025-12-24T08:39:36.182506
synced,MOAA80501L,STAT_NORD EST_NON_METRO_INFANZIA,Nessuna strategia ha funzionato,2,2025-12-24T08:29:06.959191
synced,MOAA816024,STAT_NORD EST_NON_METRO_INFANZIA,Nessuna strategia ha funzionato,2,2025-12-24T08:28:49.960664
synced,VRAA89703L,STAT_NORD EST_NON_METRO_INFANZIA,Nessuna strategia ha funzionato,2,2025-12-24T08:26:46.442329
synced,FOAA80204N,STAT_NORD EST_NON_METRO_INFANZIA,Nessuna strategia ha funzionato,2,2025-12-24T08:26:11.118547
synced,TVAA82302A,STAT_NORD EST_NON_METRO_INFANZIA,Nessuna strategia ha funzionato,2,2025-12-24T08:25:43.564780
synced,FOAA03002R,STAT_NORD EST_NON_METRO_INFANZIA,Nessuna strategia ha funzionato,2,2025-12-24T08:25:29.224862
synced,UDAA83003V,STAT_NORD EST_NON_METRO_INFANZIA,Nessuna strategia ha funzionato,2,2025-12-24T08:25:25.978987
synced,FOAA020059,STAT_NORD EST_NON_METRO_INFANZIA,Nessuna strategia ha funzionato,2,2025-12-24T08:24:49.571391
synced,VIAA88801B,STAT_NORD EST_NON_METRO_INFANZIA,Nessuna strategia ha funzionato,2,2025-12-24T08:24:40.892701
synced,VRAA835017,STAT_NORD EST_NON_METRO_INFANZIA,Nessuna strategia ha funzionato,2,2025-12-24T08:24:36.442834
synced,UDAA842024,STAT_NORD EST_NON_METRO_INFANZIA,Nessuna strategia ha funzionato,2,2025-12-24T08:24:26.783500
synced,PNAA813057,STAT_NORD EST_NON_METRO_INFANZIA,Nessuna strategia ha funzionato,2,2025-12-24T08:24:23.602213
synced,UDAA849041,STAT_NORD EST_NON_METRO_INFANZIA,Nessuna strategia ha funzionato,2,2025-12-24T08:24:20.499346
synced,MOAA82603Q,STAT_NORD EST_NON_METRO_INFANZIA,Nessuna strategia ha funzionato,2,2025-12-24T08:23:43.376683
synced,VIAA85601X,STAT_NORD EST_NON_METRO_INFANZIA,Nessuna strategia ha funzionato,2,2025-12-24T08:23:40.033546
synced,TVAA87701N,STAT_NORD EST_NON_METRO_INFANZIA,Nessuna strategia ha funzionato,2,2025-12-24T08:23:22.937174
synced,PCAA81104D,STAT_NORD EST_NON_METRO_INFANZIA,Nessuna strategia ha funzionato,2,2025-12-24T08:23:18.760389
synced,MOAA84701P,STAT_NORD EST_NON_METRO_INFANZIA,Nessuna strategia ha funzionato,2,2025-12-24T08:23:15.597451
synced,PDAA874036,STAT_NORD EST_NON_METRO_INFANZIA,Nessuna strategia ha funzionato,2,2025-12-24T08:23:12.403920
synced,RAAA828018,STAT_NORD EST_NON_METRO_INFANZIA,Nessuna strategia ha funzionato,2,2025-12-24T08:23:09.194159
synced,FOAA817029,STAT_NORD EST_NON_METRO_INFANZIA,Nessuna strategia ha funzionato,2,2025-12-24T08:23:05.988354
synced,FEAA82001G,STAT_NORD EST_NON_METRO_INFANZIA,Nessuna strategia ha funzionato,2,2025-12-24T08:23:02.640307
synced,BLAA828025,STAT_NORD EST_NON_METRO_INFANZIA,Nessuna strategia ha funzionato,2,2025-12-24T08:22:29.598723
synced,TVAA88403V,STAT_NORD EST_NON_METRO_INFANZIA,Nessuna strategia ha funzionato,2,2025-12-24T08:22:20.109990
synced,VIAA88704P,STAT_NORD EST_NON_METRO_INFANZIA,Nessuna strategia ha funzionato,2,2025-12-24T08:22:16.800365
synced,VIAA833028,STAT_NORD EST_NON_METRO_INFANZIA,Nessuna strategia ha funzionato,2,2025-12-24T08:21:47.999812
synced,VIAA884036,STAT_NORD EST_NON_METRO_INFANZIA,Nessuna strategia ha funzionato,2,2025-12-24T08:20:54.982976
synced,PDAA896044,STAT_NORD EST_NON_METRO_INFANZIA,Nessuna strategia ha funzionato,2,2025-12-24T08:20:14.102407
synced,BRAA83002G,STAT_SUD_NON_METRO_INFANZIA,Nessuna strategia ha funzionato,2,2025-12-24T08:19:42.893048
synced,KRAA80801C,STAT_SUD_NON_METRO_INFANZIA,Nessuna strategia ha funzionato,2,2025-12-24T08:19:38.581084
synced,CEAA01205B,STAT_SUD_NON_METRO_INFANZIA,Nessuna strategia ha funzionato,2,2025-12-24T08:19:35.355688
synced,CSAA8A202A,STAT_SUD_NON_METRO_INFANZIA,Nessuna strategia ha funzionato,2,2025-12-24T08:19:31.970502
synced,PEAA83802L,STAT_SUD_NON_METRO_INFANZIA,Nessuna strategia ha funzionato,2,2025-12-24T08:19:28.772633
synced,BTAA8AJ01Q,STAT_SUD_NON_METRO_INFANZIA,Nessuna strategia ha funzionato,2,2025-12-24T08:19:25.201455
synced,PEAA806014,STAT_SUD_NON_METRO_INFANZIA,Nessuna strategia ha funzionato,2,2025-12-24T08:19:22.721184
synced,BNAA86001E,STAT_SUD_NON_METRO_INFANZIA,Nessuna strategia ha funzionato,2,2025-12-24T08:19:19.543413
synced,BTAA800019,STAT_SUD_NON_METRO_INFANZIA,Nessuna strategia ha funzionato,2,2025-12-24T08:19:16.328129
synced,PZAA88601X,STAT_SUD_NON_METRO_INFANZIA,Nessuna strategia ha funzionato,2,2025-12-24T08:19:13.136257
synced,KRAA81707D,STAT_SUD_NON_METRO_INFANZIA,Nessuna strategia ha funzionato,2,2025-12-24T08:18:40.270021
synced,KRAA817039,STAT_SUD_NON_METRO_INFANZIA,Nessuna strategia ha funzionato,2,2025-12-24T08:18:08.129657
synced,AQAA82001C,STAT_SUD_NON_METRO_INFANZIA,Nessuna strategia ha funzionato,2,2025-12-24T08:17:18.718800
synced,CZAA86703B,STAT_SUD_NON_METRO_INFANZIA,Nessuna strategia ha funzionato,2,2025-12-24T08:17:15.121857
synced,SAAA857069,STAT_SUD_NON_METRO_INFANZIA,Nessuna strategia ha funzionato,2,2025-12-24T08:17:10.834075
synced,PZAA89501P,STAT_SUD_NON_METRO_INFANZIA,Nessuna strategia ha funzionato,2,2025-12-24T08:17:07.761343
synced,CSAA842015,STAT_SUD_NON_METRO_INFANZIA,Nessuna strategia ha funzionato,2,2025-12-24T08:17:03.111069
synced,PZAA82108C,STAT_SUD_NON_METRO_INFANZIA,Nessuna strategia ha funzionato,2,2025-12-24T08:16:59.880501
synced,BTAA8AJ03T,STAT_SUD_NON_METRO_INFANZIA,Nessuna strategia ha funzionato,2,2025-12-24T08:16:56.651032
synced,CHAA82002V,STAT_SUD_NON_METRO_INFANZIA,Nessuna strategia ha funzionato,2,2025-12-24T08:16:53.715311
synced,CEAA86401V,STAT_SUD_NON_METRO_INFANZIA,Nessuna strategia ha funzionato,2,2025-12-24T08:14:57.345638
synced,BRAA81501C,STAT_SUD_NON_METRO_INFANZIA,Nessuna strategia ha funzionato,2,2025-12-24T08:14:52.484925
synced,BNAA855013,STAT_SUD_NON_METRO_INFANZIA,Nessuna strategia ha funzionato,2,2025-12-24T08:14:49.403970
synced,AQAA84803A,STAT_SUD_NON_METRO_INFANZIA,Nessuna strategia ha funzionato,2,2025-12-24T08:14:44.932867
synced,BTAA06907P,STAT_SUD_NON_METRO_INFANZIA,Nessuna strategia ha funzionato,2,2025-12-24T08:14:41.333144
synced,AVAA86705N,STAT_SUD_NON_METRO_INFANZIA,Nessuna strategia ha funzionato,2,2025-12-24T08:14:24.998153
synced,CSAA8A311L,STAT_SUD_NON_METRO_INFANZIA,Nessuna strategia ha funzionato,2,2025-12-24T08:14:20.751060
synced,SAAA866053,STAT_SUD_NON_METRO_INFANZIA,Nessuna strategia ha funzionato,2,2025-12-24T08:14:17.594740
synced,PZAA81705N,STAT_SUD_NON_METRO_INFANZIA,Nessuna strategia ha funzionato,2,2025-12-24T08:14:14.505476
synced,SAAA8A408D,STAT_SUD_NON_METRO_INFANZIA,Nessuna strategia ha funzionato,2,2025-12-24T08:14:10.926934
synced,CEAA8A105E,STAT_SUD_NON_METRO_INFANZIA,Nessuna strategia ha funzionato,2,2025-12-24T08:14:06.832484
synced,PZAA84811L,STAT_SUD_NON_METRO_INFANZIA,Nessuna strategia ha funzionato,2,2025-12-24T08:14:03.551828
synced,BNAA85207T,STAT_SUD_NON_METRO_INFANZIA,Nessuna strategia ha funzionato,2,2025-12-24T08:13:59.770926
synced,SAAA8AX01N,STAT_SUD_NON_METRO_INFANZIA,Nessuna strategia ha funzionato,2,2025-12-24T08:13:47.928232
synced,PEAA819038,STAT_SUD_NON_METRO_INFANZIA,Nessuna strategia ha funzionato,2,2025-12-24T08:13:29.346242
synced,ISAA81510B,STAT_SUD_NON_METRO_INFANZIA,Nessuna strategia ha funzionato,2,2025-12-24T08:13:25.649889
synced,LEAA887035,STAT_SUD_NON_METRO_INFANZIA,Nessuna strategia ha funzionato,2,2025-12-24T08:13:21.863388
synced,SAAA8AU016,STAT_SUD_NON_METRO_INFANZIA,Nessuna strategia ha funzionato,2,2025-12-24T08:12:45.076919
synced,SAAA899027,STAT_SUD_NON_METRO_INFANZIA,Nessuna strategia ha funzionato,2,2025-12-24T08:12:37.979500
synced,BRAA824028,STAT_SUD_NON_METRO_INFANZIA,Nessuna strategia ha funzionato,2,2025-12-24T08:12:34.511018
synced,CEAA8AX05D,STAT_SUD_NON_METRO_INFANZIA,Nessuna strategia ha funzionato,2,2025-12-24T08:12:31.376729
synced,CBAA85302N,STAT_SUD_NON_METRO_INFANZIA,Nessuna strategia ha funzionato,2,2025-12-24T08:12:27.954510
synced,CNTL02202N,STAT_NORD OVEST_NON_METRO_SEC_SECONDO,Nessuna strategia ha funzionato,2,2025-12-24T08:12:24.567153
synced,VATD009016,STAT_NORD OVEST_NON_METRO_SEC_SECONDO,Nessuna strategia ha funzionato,2,2025-12-24T08:12:20.208974
synced,SOPS050001,STAT_NORD OVEST_NON_METRO_SEC_SECONDO,Nessuna strategia ha funzionato,2,2025-12-24T08:12:10.849702
synced,NOTF02000R,STAT_NORD OVEST_NON_METRO_SEC_SECONDO,Nessuna strategia ha funzionato,2,2025-12-24T08:12:03.205429
synced,CNTF010005,STAT_NORD OVEST_NON_METRO_SEC_SECONDO,Nessuna strategia ha funzionato,2,2025-12-24T08:11:54.586265
synced,CRSL00801R,STAT_NORD OVEST_NON_METRO_SEC_SECONDO,Nessuna strategia ha funzionato,2,2025-12-24T08:11:38.648331
synced,COPS02000A,STAT_NORD OVEST_NON_METRO_SEC_SECONDO,Nessuna strategia ha funzionato,2,2025-12-24T08:11:28.593706
synced,BGPC001014,STAT_NORD OVEST_NON_METRO_SEC_SECONDO,Nessuna strategia ha funzionato,2,2025-12-24T08:10:53.536247
synced,BIIS004001,STAT_NORD OVEST_NON_METRO_SEC_SECONDO,Nessuna strategia ha funzionato,2,2025-12-24T08:10:50.405206
synced,PVTD00101B,STAT_NORD OVEST_NON_METRO_SEC_SECONDO,Nessuna strategia ha funzionato,2,2025-12-24T08:10:43.458151
synced,BGPS04000R,STAT_NORD OVEST_NON_METRO_SEC_SECONDO,Nessuna strategia ha funzionato,2,2025-12-24T08:10:40.231158
synced,MNPS008015,STAT_NORD OVEST_NON_METRO_SEC_SECONDO,Nessuna strategia ha funzionato,2,2025-12-24T08:10:31.573748
synced,LCTF00901C,STAT_NORD OVEST_NON_METRO_SEC_SECONDO,Nessuna strategia ha funzionato,2,2025-12-24T08:10:24.512318
synced,MNIS00300G,STAT_NORD OVEST_NON_METRO_SEC_SECONDO,Nessuna strategia ha funzionato,2,2025-12-24T08:09:51.342867
synced,BGIS00300C,STAT_NORD OVEST_NON_METRO_SEC_SECONDO,Nessuna strategia ha funzionato,2,2025-12-24T08:09:49.299751
synced,BSPS00801E,STAT_NORD OVEST_NON_METRO_SEC_SECONDO,Nessuna strategia ha funzionato,2,2025-12-24T08:09:46.940963
synced,IMTD00750P,STAT_NORD OVEST_NON_METRO_SEC_SECONDO,Nessuna strategia ha funzionato,2,2025-12-24T08:09:43.656316
synced,PVTF009018,STAT_NORD OVEST_NON_METRO_SEC_SECONDO,Nessuna strategia ha funzionato,2,2025-12-24T08:09:33.704636
synced,SVTF007016,STAT_NORD OVEST_NON_METRO_SEC_SECONDO,Nessuna strategia ha funzionato,2,2025-12-24T08:09:28.576526
synced,VAIS001009,STAT_NORD OVEST_NON_METRO_SEC_SECONDO,Nessuna strategia ha funzionato,2,2025-12-24T08:09:25.441006
synced,MNTD00301T,STAT_NORD OVEST_NON_METRO_SEC_SECONDO,Nessuna strategia ha funzionato,2,2025-12-24T08:09:23.075342
synced,BGTF01701V,STAT_NORD OVEST_NON_METRO_SEC_SECONDO,Nessuna strategia ha funzionato,2,2025-12-24T08:09:20.054321
synced,BGTF01201Q,STAT_NORD OVEST_NON_METRO_SEC_SECONDO,Nessuna strategia ha funzionato,2,2025-12-24T08:09:16.706725
synced,CNTA012015,STAT_NORD OVEST_NON_METRO_SEC_SECONDO,Nessuna strategia ha funzionato,2,2025-12-24T08:09:13.609035
synced,NOPS002016,STAT_NORD OVEST_NON_METRO_SEC_SECONDO,Nessuna strategia ha funzionato,2,2025-12-24T08:09:10.000097
synced,LOIS00400E,STAT_NORD OVEST_NON_METRO_SEC_SECONDO,Nessuna strategia ha funzionato,2,2025-12-24T08:09:00.024722
synced,MNPS002016,STAT_NORD OVEST_NON_METRO_SEC_SECONDO,Nessuna strategia ha funzionato,2,2025-12-24T08:08:50.328739
synced,SVPM01000X,STAT_NORD OVEST_NON_METRO_SEC_SECONDO,Nessuna strategia ha funzionato,2,2025-12-24T08:08:41.599628
synced,PVTF01000B,STAT_NORD OVEST_NON_METRO_SEC_SECONDO,Nessuna strategia ha funzionato,2,2025-12-24T08:08:33.891963
synced,NOTA00302C,STAT_NORD OVEST_NON_METRO_SEC_SECONDO,Nessuna strategia ha funzionato,2,2025-12-24T08:08:24.194727
synced,BGTF007018,STAT_NORD OVEST_NON_METRO_SEC_SECONDO,Nessuna strategia ha funzionato,2,2025-12-24T08:08:14.575735
synced,ALTD00350R,STAT_NORD OVEST_NON_METRO_SEC_SECONDO,Nessuna strategia ha funzionato,2,2025-12-24T08:08:11.394033
synced,CNTF01901L,STAT_NORD OVEST_NON_METRO_SEC_SECONDO,Nessuna strategia ha funzionato,2,2025-12-24T08:07:59.538904
synced,CNTL02201L,STAT_NORD OVEST_NON_METRO_SEC_SECONDO,Nessuna strategia ha funzionato,2,2025-12-24T08:07:55.991267
synced,BSPS03000P,STAT_NORD OVEST_NON_METRO_SEC_SECONDO,Nessuna strategia ha funzionato,2,2025-12-24T08:07:52.714553
synced,COTD010501,STAT_NORD OVEST_NON_METRO_SEC_SECONDO,Nessuna strategia ha funzionato,2,2025-12-24T08:07:35.050658
synced,VBTD00401N,STAT_NORD OVEST_NON_METRO_SEC_SECONDO,Nessuna strategia ha funzionato,2,2025-12-24T08:07:30.592250
synced,RMMM89301X,STAT_CENTRO_METRO_SEC_PRIMO,Nessuna strategia ha funzionato,2,2025-12-24T08:07:26.029855
synced,FIMM83701C,STAT_CENTRO_METRO_SEC_PRIMO,Nessuna strategia ha funzionato,2,2025-12-24T08:07:00.055910
synced,RMMM8DW01A,STAT_CENTRO_METRO_SEC_PRIMO,Nessuna strategia ha funzionato,2,2025-12-24T08:06:52.064150
synced,RMMM8AL046,STAT_CENTRO_METRO_SEC_PRIMO,Nessuna strategia ha funzionato,2,2025-12-24T08:06:43.028936
synced,FIMM84902Q,STAT_CENTRO_METRO_SEC_PRIMO,Nessuna strategia ha funzionato,2,2025-12-24T08:06:39.722410
synced,RMMM8GE01A,STAT_CENTRO_METRO_SEC_PRIMO,Nessuna strategia ha funzionato,2,2025-12-24T08:06:37.455814
synced,RMMM8ER01C,STAT_CENTRO_METRO_SEC_PRIMO,Nessuna strategia ha funzionato,2,2025-12-24T08:06:34.029035
synced,RMMM8DT01V,STAT_CENTRO_METRO_SEC_PRIMO,Nessuna strategia ha funzionato,2,2025-12-24T08:06:30.328946
synced,RMMM863014,STAT_CENTRO_METRO_SEC_PRIMO,Nessuna strategia ha funzionato,2,2025-12-24T08:06:23.543810
synced,RMMM8FU01X,STAT_CENTRO_METRO_SEC_PRIMO,Nessuna strategia ha funzionato,2,2025-12-24T08:06:19.499575
synced,RMMM8AX017,STAT_CENTRO_METRO_SEC_PRIMO,Nessuna strategia ha funzionato,2,2025-12-24T08:06:15.771593
synced,RMMM8BY01N,STAT_CENTRO_METRO_SEC_PRIMO,Nessuna strategia ha funzionato,2,2025-12-24T08:05:47.008842
synced,FIMM87301G,STAT_CENTRO_METRO_SEC_PRIMO,Nessuna strategia ha funzionato,2,2025-12-24T08:05:29.666423
synced,RMMM8DF01A,STAT_CENTRO_METRO_SEC_PRIMO,Nessuna strategia ha funzionato,2,2025-12-24T08:05:25.467723
synced,RMMM8CF01Q,STAT_CENTRO_METRO_SEC_PRIMO,Nessuna strategia ha funzionato,2,2025-12-24T08:04:36.879379
synced,RMMM8GD01E,STAT_CENTRO_METRO_SEC_PRIMO,Nessuna strategia ha funzionato,2,2025-12-24T08:04:33.660511
synced,FIMM85201E,STAT_CENTRO_METRO_SEC_PRIMO,Nessuna strategia ha funzionato,2,2025-12-24T08:03:58.682875
synced,RMMM8GS01V,STAT_CENTRO_METRO_SEC_PRIMO,Nessuna strategia ha funzionato,2,2025-12-24T08:03:53.700526
synced,RMMM80701Q,STAT_CENTRO_METRO_SEC_PRIMO,Nessuna strategia ha funzionato,2,2025-12-24T08:03:50.531855
synced,FIMM859019,STAT_CENTRO_METRO_SEC_PRIMO,Nessuna strategia ha funzionato,2,2025-12-24T08:03:34.273684
synced,RMMM806021,STAT_CENTRO_METRO_SEC_PRIMO,Nessuna strategia ha funzionato,2,2025-12-24T08:03:27.949923
synced,RMMM8GN01A,STAT_CENTRO_METRO_SEC_PRIMO,Nessuna strategia ha funzionato,2,2025-12-24T08:03:24.436492
synced,FIMM87101X,STAT_CENTRO_METRO_SEC_PRIMO,Nessuna strategia ha funzionato,2,2025-12-24T08:03:20.338022
synced,RMMM8G506G,STAT_CENTRO_METRO_SEC_PRIMO,Nessuna strategia ha funzionato,2,2025-12-24T08:03:11.403054
synced,RMMM8AW05P,STAT_CENTRO_METRO_SEC_PRIMO,Nessuna strategia ha funzionato,2,2025-12-24T08:03:09.069959
synced,RMMM8GK01V,STAT_CENTRO_METRO_SEC_PRIMO,Nessuna strategia ha funzionato,2,2025-12-24T08:03:05.600886
synced,RMMM8A001G,STAT_CENTRO_METRO_SEC_PRIMO,Nessuna strategia ha funzionato,2,2025-12-24T08:02:32.430464
synced,RMMM8DG016,STAT_CENTRO_METRO_SEC_PRIMO,Nessuna strategia ha funzionato,2,2025-12-24T08:01:56.913594
synced,FIMM834011,STAT_CENTRO_METRO_SEC_PRIMO,Nessuna strategia ha funzionato,2,2025-12-24T08:01:40.225530
synced,RMMM8A3013,STAT_CENTRO_METRO_SEC_PRIMO,Nessuna strategia ha funzionato,2,2025-12-24T08:01:32.527086
synced,RMMM8C601Q,STAT_CENTRO_METRO_SEC_PRIMO,Nessuna strategia ha funzionato,2,2025-12-24T08:01:23.832780
synced,RMMM842013,STAT_CENTRO_METRO_SEC_PRIMO,Nessuna strategia ha funzionato,2,2025-12-24T08:01:20.163246
synced,RMMM8GG012,STAT_CENTRO_METRO_SEC_PRIMO,Nessuna strategia ha funzionato,2,2025-12-24T08:01:16.408899
synced,RMMM8E0012,STAT_CENTRO_METRO_SEC_PRIMO,Nessuna strategia ha funzionato,2,2025-12-24T08:00:44.594140
synced,RMMM8AT024,STAT_CENTRO_METRO_SEC_PRIMO,Nessuna strategia ha funzionato,2,2025-12-24T08:00:41.213913
synced,RMMM8AS01A,STAT_CENTRO_METRO_SEC_PRIMO,Nessuna strategia ha funzionato,2,2025-12-24T08:00:16.933032
synced,RMMM8GF016,STAT_CENTRO_METRO_SEC_PRIMO,Nessuna strategia ha funzionato,2,2025-12-24T07:59:42.302317
synced,RMMM821012,STAT_CENTRO_METRO_SEC_PRIMO,Nessuna strategia ha funzionato,2,2025-12-24T07:59:39.102372
synced,FIMM81001C,STAT_CENTRO_METRO_SEC_PRIMO,Nessuna strategia ha funzionato,2,2025-12-24T07:59:35.890086
synced,RMMM8CD014,STAT_CENTRO_METRO_SEC_PRIMO,Nessuna strategia ha funzionato,2,2025-12-24T07:59:05.552688
synced,RMMM72006E,STAT_CENTRO_METRO_SEC_PRIMO,Nessuna strategia ha funzionato,2,2025-12-24T07:59:02.394987
synced,CEMM10800G,STAT_SUD_NON_METRO_SEC_PRIMO,Nessuna strategia ha funzionato,2,2025-12-24T07:58:58.486745
synced,CZMM86503X,STAT_SUD_NON_METRO_SEC_PRIMO,Nessuna strategia ha funzionato,2,2025-12-24T07:58:55.465482
synced,ISMM82606R,STAT_SUD_NON_METRO_SEC_PRIMO,Nessuna strategia ha funzionato,2,2025-12-24T07:58:24.717447
synced,MTMM808012,STAT_SUD_NON_METRO_SEC_PRIMO,Nessuna strategia ha funzionato,2,2025-12-24T07:58:01.062188
synced,SAMM866068,STAT_SUD_NON_METRO_SEC_PRIMO,Nessuna strategia ha funzionato,2,2025-12-24T07:57:57.348860
synced,BTMM30100X,STAT_SUD_NON_METRO_SEC_PRIMO,Nessuna strategia ha funzionato,2,2025-12-24T07:57:53.257101
synced,CEMM8AM012,STAT_SUD_NON_METRO_SEC_PRIMO,Nessuna strategia ha funzionato,2,2025-12-24T07:57:50.794754
synced,CEMM8BG014,STAT_SUD_NON_METRO_SEC_PRIMO,Nessuna strategia ha funzionato,2,2025-12-24T07:57:47.404237
synced,CSMM8A3019,STAT_SUD_NON_METRO_SEC_PRIMO,Nessuna strategia ha funzionato,2,2025-12-24T07:57:44.163033
synced,TEMM819033,STAT_SUD_NON_METRO_SEC_PRIMO,Nessuna strategia ha funzionato,2,2025-12-24T07:57:41.192222
synced,AQMM83902P,STAT_SUD_NON_METRO_SEC_PRIMO,Nessuna strategia ha funzionato,2,2025-12-24T07:57:37.005094
synced,KRMM80302E,STAT_SUD_NON_METRO_SEC_PRIMO,Nessuna strategia ha funzionato,2,2025-12-24T07:57:17.959160
synced,SAMM8BN01R,STAT_SUD_NON_METRO_SEC_PRIMO,Nessuna strategia ha funzionato,2,2025-12-24T07:57:14.199607
synced,TAMM81201Q,STAT_SUD_NON_METRO_SEC_PRIMO,Nessuna strategia ha funzionato,2,2025-12-24T07:57:10.984183
synced,CEMM898016,STAT_SUD_NON_METRO_SEC_PRIMO,Nessuna strategia ha funzionato,2,2025-12-24T07:57:07.915042
synced,CEMM13000R,STAT_SUD_NON_METRO_SEC_PRIMO,Nessuna strategia ha funzionato,2,2025-12-24T07:57:04.408555
synced,BNMM722013,STAT_SUD_NON_METRO_SEC_PRIMO,Nessuna strategia ha funzionato,2,2025-12-24T07:57:01.980539
synced,CEMM8A802A,STAT_SUD_NON_METRO_SEC_PRIMO,Nessuna strategia ha funzionato,2,2025-12-24T07:56:56.382844
synced,TEMM04000A,STAT_SUD_NON_METRO_SEC_PRIMO,Nessuna strategia ha funzionato,2,2025-12-24T07:56:53.267755
synced,TEMM82303P,STAT_SUD_NON_METRO_SEC_PRIMO,Nessuna strategia ha funzionato,2,2025-12-24T07:56:16.486635
synced,CZMM83001V,STAT_SUD_NON_METRO_SEC_PRIMO,Nessuna strategia ha funzionato,2,2025-12-24T07:55:37.781893
synced,CHMM81605E,STAT_SUD_NON_METRO_SEC_PRIMO,Nessuna strategia ha funzionato,2,2025-12-24T07:55:33.466492
synced,VVMM81305X,STAT_SUD_NON_METRO_SEC_PRIMO,Nessuna strategia ha funzionato,2,2025-12-24T07:55:30.347640
synced,AQMM81701R,STAT_SUD_NON_METRO_SEC_PRIMO,Nessuna strategia ha funzionato,2,2025-12-24T07:55:27.765285
synced,TEMM82503A,STAT_SUD_NON_METRO_SEC_PRIMO,Nessuna strategia ha funzionato,2,2025-12-24T07:55:24.303909
synced,CSMM877029,STAT_SUD_NON_METRO_SEC_PRIMO,Nessuna strategia ha funzionato,2,2025-12-24T07:55:21.009677
synced,VVMM824016,STAT_SUD_NON_METRO_SEC_PRIMO,Nessuna strategia ha funzionato,2,2025-12-24T07:55:17.250086
synced,VVMM812032,STAT_SUD_NON_METRO_SEC_PRIMO,Nessuna strategia ha funzionato,2,2025-12-24T07:55:14.558670
synced,AVMM701016,STAT_SUD_NON_METRO_SEC_PRIMO,Nessuna strategia ha funzionato,2,2025-12-24T07:55:10.487382
synced,VVMM81303T,STAT_SUD_NON_METRO_SEC_PRIMO,Nessuna strategia ha funzionato,2,2025-12-24T07:55:08.058631
synced,PZMM88801Q,STAT_SUD_NON_METRO_SEC_PRIMO,Nessuna strategia ha funzionato,2,2025-12-24T07:55:04.660795
synced,SAMM8BJ01D,STAT_SUD_NON_METRO_SEC_PRIMO,Nessuna strategia ha funzionato,2,2025-12-24T07:55:01.293598
synced,LEMM875011,STAT_SUD_NON_METRO_SEC_PRIMO,Nessuna strategia ha funzionato,2,2025-12-24T07:54:57.970896
synced,LEMM8AL02P,STAT_SUD_NON_METRO_SEC_PRIMO,Nessuna strategia ha funzionato,2,2025-12-24T07:54:54.415393
synced,TAMM81701V,STAT_SUD_NON_METRO_SEC_PRIMO,Nessuna strategia ha funzionato,2,2025-12-24T07:54:51.183001
synced,VVMM833011,STAT_SUD_NON_METRO_SEC_PRIMO,Nessuna strategia ha funzionato,2,2025-12-24T07:54:40.869628
synced,CHMM84201V,STAT_SUD_NON_METRO_SEC_PRIMO,Nessuna strategia ha funzionato,2,2025-12-24T07:54:37.810172
synced,CHMM83401X,STAT_SUD_NON_METRO_SEC_PRIMO,Nessuna strategia ha funzionato,2,2025-12-24T07:54:33.164735
synced,VVMM824049,STAT_SUD_NON_METRO_SEC_PRIMO,Nessuna strategia ha funzionato,2,2025-12-24T07:53:59.655769
synced,BNMM848058,STAT_SUD_NON_METRO_SEC_PRIMO,Nessuna strategia ha funzionato,2,2025-12-24T07:53:56.840773
synced,PGSD026014,STAT_CENTRO_NON_METRO_ALTRO,Nessuna strategia ha funzionato,2,2025-12-24T07:53:53.558191
synced,MSVC020006,STAT_CENTRO_NON_METRO_ALTRO,Nessuna strategia ha funzionato,2,2025-12-24T07:53:46.407633
synced,PSVC02000A,STAT_CENTRO_NON_METRO_ALTRO,Nessuna strategia ha funzionato,2,2025-12-24T07:53:44.137756
synced,APIC840006,STAT_CENTRO_NON_METRO_ALTRO,Nessuna strategia ha funzionato,2,2025-12-24T07:53:41.736470
synced,PGIC85100Q,STAT_CENTRO_NON_METRO_ALTRO,Nessuna strategia ha funzionato,2,2025-12-24T07:53:34.546470
synced,ANIC805008,STAT_CENTRO_NON_METRO_ALTRO,Nessuna strategia ha funzionato,2,2025-12-24T07:53:05.532500
synced,POIC81000B,STAT_CENTRO_NON_METRO_ALTRO,Nessuna strategia ha funzionato,2,2025-12-24T07:53:01.949078
synced,LIIC81600B,STAT_CENTRO_NON_METRO_ALTRO,Nessuna strategia ha funzionato,2,2025-12-24T07:52:59.299138
synced,LIIC826002,STAT_CENTRO_NON_METRO_ALTRO,Nessuna strategia ha funzionato,2,2025-12-24T07:52:54.067552
synced,MSRH01050E,STAT_CENTRO_NON_METRO_ALTRO,Nessuna strategia ha funzionato,2,2025-12-24T07:52:51.499213
synced,FRRH00751N,STAT_CENTRO_NON_METRO_ALTRO,Nessuna strategia ha funzionato,2,2025-12-24T07:51:57.005748
synced,PGIC862006,STAT_CENTRO_NON_METRO_ALTRO,Nessuna strategia ha funzionato,2,2025-12-24T07:51:54.473859
synced,ANIC82000A,STAT_CENTRO_NON_METRO_ALTRO,Nessuna strategia ha funzionato,2,2025-12-24T07:51:33.735249
synced,RIRA00150N,STAT_CENTRO_NON_METRO_ALTRO,Nessuna strategia ha funzionato,2,2025-12-24T07:51:26.821330
synced,POIC81900T,STAT_CENTRO_NON_METRO_ALTRO,Nessuna strategia ha funzionato,2,2025-12-24T07:51:20.168384
synced,PTIC808005,STAT_CENTRO_NON_METRO_ALTRO,Nessuna strategia ha funzionato,2,2025-12-24T07:51:16.606579
synced,SIRC007013,STAT_CENTRO_NON_METRO_ALTRO,Nessuna strategia ha funzionato,2,2025-12-24T07:51:14.061069
synced,MSIC80900N,STAT_CENTRO_NON_METRO_ALTRO,Nessuna strategia ha funzionato,2,2025-12-24T07:51:10.039569
synced,MSIC819008,STAT_CENTRO_NON_METRO_ALTRO,Nessuna strategia ha funzionato,2,2025-12-24T07:51:07.538129
synced,PGIC813001,STAT_CENTRO_NON_METRO_ALTRO,Nessuna strategia ha funzionato,2,2025-12-24T07:51:00.009885
synced,PSIC80900T,STAT_CENTRO_NON_METRO_ALTRO,Nessuna strategia ha funzionato,2,2025-12-24T07:50:57.422478
synced,SIIC80700X,STAT_CENTRO_NON_METRO_ALTRO,Nessuna strategia ha funzionato,2,2025-12-24T07:50:52.558871
synced,APIC82900B,STAT_CENTRO_NON_METRO_ALTRO,Nessuna strategia ha funzionato,2,2025-12-24T07:50:11.906544
synced,PGTD011515,STAT_CENTRO_NON_METRO_ALTRO,Nessuna strategia ha funzionato,2,2025-12-24T07:50:08.548487
synced,SIIC828001,STAT_CENTRO_NON_METRO_ALTRO,Nessuna strategia ha funzionato,2,2025-12-24T07:49:59.483673
synced,MCIC82900E,STAT_CENTRO_NON_METRO_ALTRO,Nessuna strategia ha funzionato,2,2025-12-24T07:49:56.052585
synced,APSD018012,STAT_CENTRO_NON_METRO_ALTRO,Nessuna strategia ha funzionato,2,2025-12-24T07:49:52.049148
synced,SIRC00450X,STAT_CENTRO_NON_METRO_ALTRO,Nessuna strategia ha funzionato,2,2025-12-24T07:49:24.281612
synced,SISD00201T,STAT_CENTRO_NON_METRO_ALTRO,Nessuna strategia ha funzionato,2,2025-12-24T07:49:19.209443
synced,APCT703004,STAT_CENTRO_NON_METRO_ALTRO,Nessuna strategia ha funzionato,2,2025-12-24T07:49:03.217838
synced,LUIC848009,STAT_CENTRO_NON_METRO_ALTRO,Nessuna strategia ha funzionato,2,2025-12-24T07:48:59.983076
synced,LUIC83300G,STAT_CENTRO_NON_METRO_ALTRO,Nessuna strategia ha funzionato,2,2025-12-24T07:48:40.999342
synced,PTRI00250A,STAT_CENTRO_NON_METRO_ALTRO,Nessuna strategia ha funzionato,2,2025-12-24T07:48:38.578419
synced,GRIC829001,STAT_CENTRO_NON_METRO_ALTRO,Nessuna strategia ha funzionato,2,2025-12-24T07:48:35.132973
synced,SIIC82000A,STAT_CENTRO_NON_METRO_ALTRO,Nessuna strategia ha funzionato,2,2025-12-24T07:48:32.548021
synced,FRRH007029,STAT_CENTRO_NON_METRO_ALTRO,Nessuna strategia ha funzionato,2,2025-12-24T07:48:30.010728
synced,ANIC849002,STAT_CENTRO_NON_METRO_ALTRO,Nessuna strategia ha funzionato,2,2025-12-24T07:48:27.401786
synced,ANRC01302B,STAT_CENTRO_NON_METRO_ALTRO,Nessuna strategia ha funzionato,2,2025-12-24T07:47:56.592558
synced,LTIC847002,STAT_CENTRO_NON_METRO_ALTRO,Nessuna strategia ha funzionato,2,2025-12-24T07:47:23.140307
synced,FRIC848006,STAT_CENTRO_NON_METRO_ALTRO,Nessuna strategia ha funzionato,2,2025-12-24T07:47:20.126881
synced,VTIC83200D,STAT_CENTRO_NON_METRO_ALTRO,Nessuna strategia ha funzionato,2,2025-12-24T07:47:11.741250
synced,TAEE84901B,STAT_SUD_NON_METRO_PRIMARIA,Nessuna strategia ha funzionato,2,2025-12-24T07:46:49.159689
synced,LEEE81902P,STAT_SUD_NON_METRO_PRIMARIA,Nessuna strategia ha funzionato,2,2025-12-24T07:46:40.478532
synced,PZEE87413C,STAT_SUD_NON_METRO_PRIMARIA,Nessuna strategia ha funzionato,2,2025-12-24T07:46:36.526204
synced,KREE80303L,STAT_SUD_NON_METRO_PRIMARIA,Nessuna strategia ha funzionato,2,2025-12-24T07:46:33.420833
synced,TAEE865019,STAT_SUD_NON_METRO_PRIMARIA,Nessuna strategia ha funzionato,2,2025-12-24T07:46:29.923127
synced,SAEE8BD012,STAT_SUD_NON_METRO_PRIMARIA,Nessuna strategia ha funzionato,2,2025-12-24T07:46:08.779613
synced,TAEE866015,STAT_SUD_NON_METRO_PRIMARIA,Nessuna strategia ha funzionato,2,2025-12-24T07:46:05.692096
synced,SAEE010004,STAT_SUD_NON_METRO_PRIMARIA,Nessuna strategia ha funzionato,2,2025-12-24T07:46:01.524959
synced,PZEE857048,STAT_SUD_NON_METRO_PRIMARIA,Nessuna strategia ha funzionato,2,2025-12-24T07:45:58.683619
synced,LEEE85103G,STAT_SUD_NON_METRO_PRIMARIA,Nessuna strategia ha funzionato,2,2025-12-24T07:45:55.367335
synced,VVEE82404A,STAT_SUD_NON_METRO_PRIMARIA,Nessuna strategia ha funzionato,2,2025-12-24T07:45:51.226833
synced,SAEE8AH03R,STAT_SUD_NON_METRO_PRIMARIA,Nessuna strategia ha funzionato,2,2025-12-24T07:45:46.790838
synced,CZEE856058,STAT_SUD_NON_METRO_PRIMARIA,Nessuna strategia ha funzionato,2,2025-12-24T07:45:43.820804
synced,AVEE86601V,STAT_SUD_NON_METRO_PRIMARIA,Nessuna strategia ha funzionato,2,2025-12-24T07:45:26.492986
synced,CSEE87503Q,STAT_SUD_NON_METRO_PRIMARIA,Nessuna strategia ha funzionato,2,2025-12-24T07:45:23.195905
synced,LEEE831018,STAT_SUD_NON_METRO_PRIMARIA,Nessuna strategia ha funzionato,2,2025-12-24T07:45:18.731799
synced,ISEE82211R,STAT_SUD_NON_METRO_PRIMARIA,Nessuna strategia ha funzionato,2,2025-12-24T07:45:15.629994
synced,MTEE82603P,STAT_SUD_NON_METRO_PRIMARIA,Nessuna strategia ha funzionato,2,2025-12-24T07:45:13.074574
synced,BTEE860016,STAT_SUD_NON_METRO_PRIMARIA,Nessuna strategia ha funzionato,2,2025-12-24T07:45:09.671472
synced,AVEE84605T,STAT_SUD_NON_METRO_PRIMARIA,Nessuna strategia ha funzionato,2,2025-12-24T07:45:06.591837
synced,CSEE8AN012,STAT_SUD_NON_METRO_PRIMARIA,Nessuna strategia ha funzionato,2,2025-12-24T07:45:03.322039
synced,CSEE858032,STAT_SUD_NON_METRO_PRIMARIA,Nessuna strategia ha funzionato,2,2025-12-24T07:44:52.643300
synced,BTEE172009,STAT_SUD_NON_METRO_PRIMARIA,Nessuna strategia ha funzionato,2,2025-12-24T07:44:47.417352
synced,CZEE858128,STAT_SUD_NON_METRO_PRIMARIA,Nessuna strategia ha funzionato,2,2025-12-24T07:44:44.063642
synced,BREE83202C,STAT_SUD_NON_METRO_PRIMARIA,Nessuna strategia ha funzionato,2,2025-12-24T07:44:40.049070
synced,BTEE85401V,STAT_SUD_NON_METRO_PRIMARIA,Nessuna strategia ha funzionato,2,2025-12-24T07:44:36.766007
synced,LEEE861014,STAT_SUD_NON_METRO_PRIMARIA,Nessuna strategia ha funzionato,2,2025-12-24T07:44:33.690799
synced,CBEE816042,STAT_SUD_NON_METRO_PRIMARIA,Nessuna strategia ha funzionato,2,2025-12-24T07:44:26.384800
synced,CZEE814045,STAT_SUD_NON_METRO_PRIMARIA,Nessuna strategia ha funzionato,2,2025-12-24T07:44:09.581880
synced,SAEE88005E,STAT_SUD_NON_METRO_PRIMARIA,Nessuna strategia ha funzionato,2,2025-12-24T07:44:06.355735
synced,ISEE82204C,STAT_SUD_NON_METRO_PRIMARIA,Nessuna strategia ha funzionato,2,2025-12-24T07:44:02.765348
synced,CSEE815056,STAT_SUD_NON_METRO_PRIMARIA,Nessuna strategia ha funzionato,2,2025-12-24T07:43:59.601083
synced,TEEE826037,STAT_SUD_NON_METRO_PRIMARIA,Nessuna strategia ha funzionato,2,2025-12-24T07:43:41.912767
synced,FGEE89601L,STAT_SUD_NON_METRO_PRIMARIA,Nessuna strategia ha funzionato,2,2025-12-24T07:43:38.871928
synced,CHEE81301X,STAT_SUD_NON_METRO_PRIMARIA,Nessuna strategia ha funzionato,2,2025-12-24T07:43:35.634435
synced,TAEE87702L,STAT_SUD_NON_METRO_PRIMARIA,Nessuna strategia ha funzionato,2,2025-12-24T07:43:32.459239
synced,CBEE84802B,STAT_SUD_NON_METRO_PRIMARIA,Nessuna strategia ha funzionato,2,2025-12-24T07:43:29.412170
synced,PEEE831012,STAT_SUD_NON_METRO_PRIMARIA,Nessuna strategia ha funzionato,2,2025-12-24T07:43:26.066165
synced,CZEE844052,STAT_SUD_NON_METRO_PRIMARIA,Nessuna strategia ha funzionato,2,2025-12-24T07:43:22.613295
synced,SOAA81601R,STAT_NORD OVEST_NON_METRO_INFANZIA,Nessuna strategia ha funzionato,2,2025-12-24T07:43:17.389022
synced,CNAA81405T,STAT_NORD OVEST_NON_METRO_INFANZIA,Nessuna strategia ha funzionato,2,2025-12-24T07:43:06.902453
synced,SPAA802051,STAT_NORD OVEST_NON_METRO_INFANZIA,Nessuna strategia ha funzionato,2,2025-12-24T07:43:03.640556
synced,COAA836017,STAT_NORD OVEST_NON_METRO_INFANZIA,Nessuna strategia ha funzionato,2,2025-12-24T07:42:54.574852
synced,CNAA85501X,STAT_NORD OVEST_NON_METRO_INFANZIA,Nessuna strategia ha funzionato,2,2025-12-24T07:42:49.516977
synced,CNAA81902T,STAT_NORD OVEST_NON_METRO_INFANZIA,Nessuna strategia ha funzionato,2,2025-12-24T07:42:46.048370
synced,ALAA80602B,STAT_NORD OVEST_NON_METRO_INFANZIA,Nessuna strategia ha funzionato,2,2025-12-24T07:42:35.812711
synced,BGAA84101X,STAT_NORD OVEST_NON_METRO_INFANZIA,Nessuna strategia ha funzionato,2,2025-12-24T07:42:21.536738
synced,PVAA812018,STAT_NORD OVEST_NON_METRO_INFANZIA,Nessuna strategia ha funzionato,2,2025-12-24T07:42:18.471035
synced,CNAA84901L,STAT_NORD OVEST_NON_METRO_INFANZIA,Nessuna strategia ha funzionato,2,2025-12-24T07:42:15.114037
synced,BSAA85503C,STAT_NORD OVEST_NON_METRO_INFANZIA,Nessuna strategia ha funzionato,2,2025-12-24T07:42:04.581818
synced,BSAA836011,STAT_NORD OVEST_NON_METRO_INFANZIA,Nessuna strategia ha funzionato,2,2025-12-24T07:41:57.544075
synced,BSAA828034,STAT_NORD OVEST_NON_METRO_INFANZIA,Nessuna strategia ha funzionato,2,2025-12-24T07:41:54.259034
synced,SOAA81304C,STAT_NORD OVEST_NON_METRO_INFANZIA,Nessuna strategia ha funzionato,2,2025-12-24T07:41:50.780343
synced,VCAA81203Q,STAT_NORD OVEST_NON_METRO_INFANZIA,Nessuna strategia ha funzionato,2,2025-12-24T07:41:47.400120
synced,BSAA86701L,STAT_NORD OVEST_NON_METRO_INFANZIA,Nessuna strategia ha funzionato,2,2025-12-24T07:41:44.266459
synced,IMAA80802N,STAT_NORD OVEST_NON_METRO_INFANZIA,Nessuna strategia ha funzionato,2,2025-12-24T07:41:40.974870
synced,PVAA82609E,STAT_NORD OVEST_NON_METRO_INFANZIA,Nessuna strategia ha funzionato,2,2025-12-24T07:41:36.341271
synced,PVAA827023,STAT_NORD OVEST_NON_METRO_INFANZIA,Nessuna strategia ha funzionato,2,2025-12-24T07:41:32.956245
synced,PVAA835033,STAT_NORD OVEST_NON_METRO_INFANZIA,Nessuna strategia ha funzionato,2,2025-12-24T07:41:29.598611
synced,VCAA807049,STAT_NORD OVEST_NON_METRO_INFANZIA,Nessuna strategia ha funzionato,2,2025-12-24T07:41:25.377957
synced,ATAA80103A,STAT_NORD OVEST_NON_METRO_INFANZIA,Nessuna strategia ha funzionato,2,2025-12-24T07:41:21.115170
synced,CNAA82101R,STAT_NORD OVEST_NON_METRO_INFANZIA,Nessuna strategia ha funzionato,2,2025-12-24T07:41:08.590523
synced,SVAA81508L,STAT_NORD OVEST_NON_METRO_INFANZIA,Nessuna strategia ha funzionato,2,2025-12-24T07:40:59.074181
synced,BSAA871018,STAT_NORD OVEST_NON_METRO_INFANZIA,Nessuna strategia ha funzionato,2,2025-12-24T07:40:55.893043
synced,BGAA8AB021,STAT_NORD OVEST_NON_METRO_INFANZIA,Nessuna strategia ha funzionato,2,2025-12-24T07:40:43.665761
synced,CRAA813092,STAT_NORD OVEST_NON_METRO_INFANZIA,Nessuna strategia ha funzionato,2,2025-12-24T07:40:40.091306
synced,PVAA819035,STAT_NORD OVEST_NON_METRO_INFANZIA,Nessuna strategia ha funzionato,2,2025-12-24T07:40:37.503427
synced,CRAA809045,STAT_NORD OVEST_NON_METRO_INFANZIA,Nessuna strategia ha funzionato,2,2025-12-24T07:40:28.570544
synced,PVAA813036,STAT_NORD OVEST_NON_METRO_INFANZIA,Nessuna strategia ha funzionato,2,2025-12-24T07:40:25.478089
synced,CNAA81002B,STAT_NORD OVEST_NON_METRO_INFANZIA,Nessuna strategia ha funzionato,2,2025-12-24T07:40:22.126548
synced,LOAA81003L,STAT_NORD OVEST_NON_METRO_INFANZIA,Nessuna strategia ha funzionato,2,2025-12-24T07:40:17.005651
synced,PVAA82404N,STAT_NORD OVEST_NON_METRO_INFANZIA,Nessuna strategia ha funzionato,2,2025-12-24T07:40:11.629686
synced,ALAA83905T,STAT_NORD OVEST_NON_METRO_INFANZIA,Nessuna strategia ha funzionato,2,2025-12-24T07:40:07.764668
synced,MNAA824019,STAT_NORD OVEST_NON_METRO_INFANZIA,Nessuna strategia ha funzionato,2,2025-12-24T07:40:04.339132
synced,BGAA89701X,STAT_NORD OVEST_NON_METRO_INFANZIA,Nessuna strategia ha funzionato,2,2025-12-24T07:40:01.111527
synced,CRAA81306V,STAT_NORD OVEST_NON_METRO_INFANZIA,Nessuna strategia ha funzionato,2,2025-12-24T07:39:57.200031
synced,BGAA8AB043,STAT_NORD OVEST_NON_METRO_INFANZIA,Nessuna strategia ha funzionato,2,2025-12-24T07:39:54.193812
synced,SOAA81903A,STAT_NORD OVEST_NON_METRO_INFANZIA,Nessuna strategia ha funzionato,2,2025-12-24T07:39:51.016564
synced,SPAA819027,STAT_NORD OVEST_NON_METRO_INFANZIA,Nessuna strategia ha funzionato,2,2025-12-24T07:39:42.526559
synced,COAA81202Q,STAT_NORD OVEST_NON_METRO_INFANZIA,Nessuna strategia ha funzionato,2,2025-12-24T07:39:39.321623
synced,LOAA812049,STAT_NORD OVEST_NON_METRO_INFANZIA,Nessuna strategia ha funzionato,2,2025-12-24T07:39:32.091831
synced,BSAA85302Q,STAT_NORD OVEST_NON_METRO_INFANZIA,Nessuna strategia ha funzionato,2,2025-12-24T07:39:28.994035
synced,KRTD07000L,STAT_SUD_NON_METRO_SEC_SECONDO,Nessuna strategia ha funzionato,2,2025-12-24T07:39:25.925130
synced,CSPS082019,STAT_SUD_NON_METRO_SEC_SECONDO,Nessuna strategia ha funzionato,2,2025-12-24T07:39:22.252946
synced,AVTA028012,STAT_SUD_NON_METRO_SEC_SECONDO,Nessuna strategia ha funzionato,2,2025-12-24T07:39:15.491244
synced,BTTD05901A,STAT_SUD_NON_METRO_SEC_SECONDO,Nessuna strategia ha funzionato,2,2025-12-24T07:39:11.303588
synced,BNPS010006,STAT_SUD_NON_METRO_SEC_SECONDO,Nessuna strategia ha funzionato,2,2025-12-24T07:39:05.046145
synced,AQTD013518,STAT_SUD_NON_METRO_SEC_SECONDO,Nessuna strategia ha funzionato,2,2025-12-24T07:38:53.533391
synced,CETD01801P,STAT_SUD_NON_METRO_SEC_SECONDO,Nessuna strategia ha funzionato,2,2025-12-24T07:38:51.009793
synced,TAPS19000A,STAT_SUD_NON_METRO_SEC_SECONDO,Nessuna strategia ha funzionato,2,2025-12-24T07:38:42.893826
synced,SAPM05301G,STAT_SUD_NON_METRO_SEC_SECONDO,Nessuna strategia ha funzionato,2,2025-12-24T07:38:29.836355
synced,CHTD00301N,STAT_SUD_NON_METRO_SEC_SECONDO,Nessuna strategia ha funzionato,2,2025-12-24T07:38:24.727454
synced,CBPS01000B,STAT_SUD_NON_METRO_SEC_SECONDO,Nessuna strategia ha funzionato,2,2025-12-24T07:38:13.135782
synced,AVPS03102D,STAT_SUD_NON_METRO_SEC_SECONDO,Nessuna strategia ha funzionato,2,2025-12-24T07:38:10.691944
synced,CSIS087002,STAT_SUD_NON_METRO_SEC_SECONDO,Nessuna strategia ha funzionato,2,2025-12-24T07:38:06.590570
synced,CSTD06751C,STAT_SUD_NON_METRO_SEC_SECONDO,Nessuna strategia ha funzionato,2,2025-12-24T07:38:04.266694
synced,AQTL013019,STAT_SUD_NON_METRO_SEC_SECONDO,Nessuna strategia ha funzionato,2,2025-12-24T07:38:01.300396
synced,CSPS330006,STAT_SUD_NON_METRO_SEC_SECONDO,Nessuna strategia ha funzionato,2,2025-12-24T07:37:57.025275
synced,BTIS05600L,STAT_SUD_NON_METRO_SEC_SECONDO,Nessuna strategia ha funzionato,2,2025-12-24T07:37:52.329737
synced,CEIS03800N,STAT_SUD_NON_METRO_SEC_SECONDO,Nessuna strategia ha funzionato,2,2025-12-24T07:37:46.413920
synced,BNIS022003,STAT_SUD_NON_METRO_SEC_SECONDO,Nessuna strategia ha funzionato,2,2025-12-24T07:37:44.006120
synced,CSIS05900T,STAT_SUD_NON_METRO_SEC_SECONDO,Nessuna strategia ha funzionato,2,2025-12-24T07:37:38.951392
synced,CEPM010008,STAT_SUD_NON_METRO_SEC_SECONDO,Nessuna strategia ha funzionato,2,2025-12-24T07:37:34.512222
synced,KRIS00900G,STAT_SUD_NON_METRO_SEC_SECONDO,Nessuna strategia ha funzionato,2,2025-12-24T07:37:26.550478
synced,CETD02951E,STAT_SUD_NON_METRO_SEC_SECONDO,Nessuna strategia ha funzionato,3,2025-12-24T07:36:48.281416
synced,CETD047514,STAT_SUD_NON_METRO_SEC_SECONDO,Nessuna strategia ha funzionato,3,2025-12-24T07:36:45.343305
synced,TAPS021014,STAT_SUD_NON_METRO_SEC_SECONDO,Nessuna strategia ha funzionato,3,2025-12-24T07:36:40.297963
synced,BO1M00200X,PAR_NORD EST_METRO_SEC_PRIMO,Nessuna strategia ha funzionato,1,2025-12-24T06:25:01.120525
synced,BO1MUE500U,PAR_NORD EST_METRO_SEC_PRIMO,Nessuna strategia ha funzionato,1,2025-12-24T06:24:52.853733
synced,BO1M001004,PAR_NORD EST_METRO_SEC_PRIMO,Nessuna strategia ha funzionato,1,2025-12-24T06:24:21.785913
synced,VE1M00400L,PAR_NORD EST_METRO_SEC_PRIMO,Nessuna strategia ha funzionato,1,2025-12-24T06:24:04.699171
synced,BO1M01200E,PAR_NORD EST_METRO_SEC_PRIMO,Nessuna strategia ha funzionato,1,2025-12-24T06:23:57.430634
synced,BO1M01000V,PAR_NORD EST_METRO_SEC_PRIMO,Nessuna strategia ha funzionato,1,2025-12-24T06:23:37.867992
synced,BO1M00400G,PAR_NORD EST_METRO_SEC_PRIMO,Nessuna strategia ha funzionato,1,2025-12-24T06:23:09.264263
synced,BO1M00800V,PAR_NORD EST_METRO_SEC_PRIMO,Nessuna strategia ha funzionato,1,2025-12-24T06:22:49.245197
synced,VE1M001005,PAR_NORD EST_METRO_SEC_PRIMO,Nessuna strategia ha funzionato,1,2025-12-24T06:21:58.564064
synced,BO1M00900P,PAR_NORD EST_METRO_SEC_PRIMO,Nessuna strategia ha funzionato,1,2025-12-24T06:21:52.299124
synced,VE1M6Q5004,PAR_NORD EST_METRO_SEC_PRIMO,Nessuna strategia ha funzionato,1,2025-12-24T06:21:48.721817
synced,BO1M2F5007,PAR_NORD EST_METRO_SEC_PRIMO,Nessuna strategia ha funzionato,1,2025-12-24T06:21:43.519862
synced,SR1M00100V,PAR_ISOLE_NON_METRO_SEC_PRIMO,Nessuna strategia ha funzionato,1,2025-12-24T06:21:36.829026
synced,CA1M4N500E,PAR_ISOLE_NON_METRO_SEC_PRIMO,Nessuna strategia ha funzionato,1,2025-12-24T06:20:52.041412
synced,VEPL04500N,PAR_NORD EST_METRO_SEC_SECONDO,Nessuna strategia ha funzionato,1,2025-12-24T06:20:45.583529
synced,BOPSVN5005,PAR_NORD EST_METRO_SEC_SECONDO,Nessuna strategia ha funzionato,1,2025-12-24T06:20:34.729216
synced,BOPS02500L,PAR_NORD EST_METRO_SEC_SECONDO,Nessuna strategia ha funzionato,1,2025-12-24T06:20:16.204947
synced,BOPL57500R,PAR_NORD EST_METRO_SEC_SECONDO,Nessuna strategia ha funzionato,1,2025-12-24T06:20:13.037176
synced,VEPS00500C,PAR_NORD EST_METRO_SEC_SECONDO,Nessuna strategia ha funzionato,1,2025-12-24T06:20:02.492535
synced,BOTB02500D,PAR_NORD EST_METRO_SEC_SECONDO,Nessuna strategia ha funzionato,1,2025-12-24T06:19:31.293629
synced,BOPS525001,PAR_NORD EST_METRO_SEC_SECONDO,Nessuna strategia ha funzionato,1,2025-12-24T06:19:23.105695
synced,BOTF2S5000,PAR_NORD EST_METRO_SEC_SECONDO,Nessuna strategia ha funzionato,1,2025-12-24T06:19:05.453018
synced,VETN745000,PAR_NORD EST_METRO_SEC_SECONDO,Nessuna strategia ha funzionato,1,2025-12-24T06:18:50.764667
synced,BOPSHR500B,PAR_NORD EST_METRO_SEC_SECONDO,Nessuna strategia ha funzionato,1,2025-12-24T06:18:40.902562
synced,BOPSPA5006,PAR_NORD EST_METRO_SEC_SECONDO,Nessuna strategia ha funzionato,1,2025-12-24T06:18:14.914454
synced,VEPMLV5000,PAR_NORD EST_METRO_SEC_SECONDO,Nessuna strategia ha funzionato,1,2025-12-24T06:18:11.682692
synced,BOPL02500B,PAR_NORD EST_METRO_SEC_SECONDO,Nessuna strategia ha funzionato,1,2025-12-24T06:18:03.537736
synced,VEPS04500V,PAR_NORD EST_METRO_SEC_SECONDO,Nessuna strategia ha funzionato,1,2025-12-24T06:17:46.668445
synced,BOPLMA500N,PAR_NORD EST_METRO_SEC_SECONDO,Nessuna strategia ha funzionato,1,2025-12-24T06:17:37.963288
synced,BORC10500R,PAR_NORD EST_METRO_SEC_SECONDO,Nessuna strategia ha funzionato,1,2025-12-24T06:17:21.527983
synced,BOPMNL500M,PAR_NORD EST_METRO_SEC_SECONDO,Nessuna strategia ha funzionato,1,2025-12-24T06:17:10.418721
synced,BOPSPI500D,PAR_NORD EST_METRO_SEC_SECONDO,Nessuna strategia ha funzionato,1,2025-12-24T06:17:07.149752
synced,BOPSP8500H,PAR_NORD EST_METRO_SEC_SECONDO,Nessuna strategia ha funzionato,1,2025-12-24T06:16:56.841160
synced,VETFO1500N,PAR_NORD EST_METRO_SEC_SECONDO,Nessuna strategia ha funzionato,1,2025-12-24T06:16:39.352946
synced,BOPS3D500P,PAR_NORD EST_METRO_SEC_SECONDO,Nessuna strategia ha funzionato,1,2025-12-24T06:16:20.444134
synced,VEPL01500T,PAR_NORD EST_METRO_SEC_SECONDO,Nessuna strategia ha funzionato,1,2025-12-24T06:16:01.001774
synced,VEPL4H500R,PAR_NORD EST_METRO_SEC_SECONDO,Nessuna strategia ha funzionato,1,2025-12-24T06:15:55.523803
synced,VT1M00400V,PAR_CENTRO_NON_METRO_SEC_PRIMO,Nessuna strategia ha funzionato,1,2025-12-24T06:15:48.848307
synced,VT1M00600E,PAR_CENTRO_NON_METRO_SEC_PRIMO,Nessuna strategia ha funzionato,1,2025-12-24T06:13:43.201176
synced,PT1M00100X,PAR_CENTRO_NON_METRO_SEC_PRIMO,Nessuna strategia ha funzionato,1,2025-12-24T06:13:33.471121
synced,LI1M00300V,PAR_CENTRO_NON_METRO_SEC_PRIMO,Nessuna strategia ha funzionato,1,2025-12-24T06:13:12.008400
synced,PT1M00200Q,PAR_CENTRO_NON_METRO_SEC_PRIMO,Nessuna strategia ha funzionato,1,2025-12-24T06:13:04.531356
synced,LT1MZZ500E,PAR_CENTRO_NON_METRO_SEC_PRIMO,Nessuna strategia ha funzionato,1,2025-12-24T06:13:01.377961
synced,FR1M00100E,PAR_CENTRO_NON_METRO_SEC_PRIMO,Nessuna strategia ha funzionato,1,2025-12-24T06:12:47.405095
synced,VT1M00500P,PAR_CENTRO_NON_METRO_SEC_PRIMO,Nessuna strategia ha funzionato,1,2025-12-24T06:12:40.633049
synced,PO1M3E5001,PAR_CENTRO_NON_METRO_SEC_PRIMO,Nessuna strategia ha funzionato,1,2025-12-24T06:12:37.342295
synced,LU1M7F5008,PAR_CENTRO_NON_METRO_SEC_PRIMO,Nessuna strategia ha funzionato,1,2025-12-24T06:11:59.472638
synced,LU1M8R500T,PAR_CENTRO_NON_METRO_SEC_PRIMO,Nessuna strategia ha funzionato,1,2025-12-24T06:11:56.295675
synced,VT1M003003,PAR_CENTRO_NON_METRO_SEC_PRIMO,Nessuna strategia ha funzionato,1,2025-12-24T06:11:35.389724
synced,FR1M003006,PAR_CENTRO_NON_METRO_SEC_PRIMO,Nessuna strategia ha funzionato,1,2025-12-24T06:11:29.060381
synced,AR1M9B500D,PAR_CENTRO_NON_METRO_SEC_PRIMO,Nessuna strategia ha funzionato,1,2025-12-24T06:11:20.858864
synced,FR1M00200A,PAR_CENTRO_NON_METRO_SEC_PRIMO,Nessuna strategia ha funzionato,1,2025-12-24T06:11:13.952999
synced,MCRHOE500M,PAR_CENTRO_NON_METRO_SEC_SECONDO,Nessuna strategia ha funzionato,1,2025-12-24T06:10:58.151740
synced,APTDCF500V,PAR_CENTRO_NON_METRO_SEC_SECONDO,Nessuna strategia ha funzionato,1,2025-12-24T06:10:56.355537
synced,SIPS01500C,PAR_CENTRO_NON_METRO_SEC_SECONDO,Nessuna strategia ha funzionato,1,2025-12-24T06:10:51.407810
synced,APTD5L500H,PAR_CENTRO_NON_METRO_SEC_SECONDO,Nessuna strategia ha funzionato,1,2025-12-24T06:10:42.600658
synced,LTTFOH5004,PAR_CENTRO_NON_METRO_SEC_SECONDO,Nessuna strategia ha funzionato,1,2025-12-24T06:10:39.367740
synced,LTTA335002,PAR_CENTRO_NON_METRO_SEC_SECONDO,Nessuna strategia ha funzionato,1,2025-12-24T06:10:29.993927
synced,APPSZ65005,PAR_CENTRO_NON_METRO_SEC_SECONDO,Nessuna strategia ha funzionato,1,2025-12-24T06:10:15.403642
synced,FRTD5O500I,PAR_CENTRO_NON_METRO_SEC_SECONDO,Nessuna strategia ha funzionato,1,2025-12-24T06:10:11.983204
synced,LIPL035005,PAR_CENTRO_NON_METRO_SEC_SECONDO,Nessuna strategia ha funzionato,1,2025-12-24T06:10:08.901472
synced,MSPC01500B,PAR_CENTRO_NON_METRO_SEC_SECONDO,Nessuna strategia ha funzionato,1,2025-12-24T06:10:05.733958
synced,APTFZ6500L,PAR_CENTRO_NON_METRO_SEC_SECONDO,Nessuna strategia ha funzionato,1,2025-12-24T06:10:01.693096
synced,LTTF9N5007,PAR_CENTRO_NON_METRO_SEC_SECONDO,Nessuna strategia ha funzionato,1,2025-12-24T06:09:59.801651
synced,APPMOI500F,PAR_CENTRO_NON_METRO_SEC_SECONDO,Nessuna strategia ha funzionato,1,2025-12-24T06:09:56.717273
synced,FRTF2T500E,PAR_CENTRO_NON_METRO_SEC_SECONDO,Nessuna strategia ha funzionato,1,2025-12-24T06:09:54.848843
synced,LITD02500G,PAR_CENTRO_NON_METRO_SEC_SECONDO,Nessuna strategia ha funzionato,1,2025-12-24T06:09:51.717955
synced,VTPM7D500R,PAR_CENTRO_NON_METRO_SEC_SECONDO,Nessuna strategia ha funzionato,1,2025-12-24T06:09:48.592470
synced,PTPM02500D,PAR_CENTRO_NON_METRO_SEC_SECONDO,Nessuna strategia ha funzionato,1,2025-12-24T06:09:37.168397
synced,PTPC8G500H,PAR_CENTRO_NON_METRO_SEC_SECONDO,Nessuna strategia ha funzionato,1,2025-12-24T06:09:27.340436
synced,MCTFBF5005,PAR_CENTRO_NON_METRO_SEC_SECONDO,Nessuna strategia ha funzionato,1,2025-12-24T06:09:21.014786
synced,LTPSO3500F,PAR_CENTRO_NON_METRO_SEC_SECONDO,Nessuna strategia ha funzionato,1,2025-12-24T06:09:19.072905
synced,LTTN125009,PAR_CENTRO_NON_METRO_SEC_SECONDO,Nessuna strategia ha funzionato,1,2025-12-24T06:09:01.791564
synced,APPSN3500G,PAR_CENTRO_NON_METRO_SEC_SECONDO,Nessuna strategia ha funzionato,1,2025-12-24T06:08:55.896719
synced,MCTFL85000,PAR_CENTRO_NON_METRO_SEC_SECONDO,Nessuna strategia ha funzionato,1,2025-12-24T06:08:52.753215
synced,ANPM3A500M,PAR_CENTRO_NON_METRO_SEC_SECONDO,Nessuna strategia ha funzionato,1,2025-12-24T06:08:50.793014
synced,APPM04500X,PAR_CENTRO_NON_METRO_SEC_SECONDO,Nessuna strategia ha funzionato,1,2025-12-24T06:08:49.038318
synced,FRPSMO500R,PAR_CENTRO_NON_METRO_SEC_SECONDO,Nessuna strategia ha funzionato,1,2025-12-24T06:08:30.843831
synced,LISL00500B,PAR_CENTRO_NON_METRO_SEC_SECONDO,Nessuna strategia ha funzionato,1,2025-12-24T06:08:27.752207
synced,VTTD015005,PAR_CENTRO_NON_METRO_SEC_SECONDO,Nessuna strategia ha funzionato,1,2025-12-24T06:08:13.090667
synced,ARPM015009,PAR_CENTRO_NON_METRO_SEC_SECONDO,Nessuna strategia ha funzionato,1,2025-12-24T06:07:49.687945
synced,MCPSL3500U,PAR_CENTRO_NON_METRO_SEC_SECONDO,Nessuna strategia ha funzionato,1,2025-12-24T06:07:46.477704
synced,PGPM02500T,PAR_CENTRO_NON_METRO_SEC_SECONDO,Nessuna strategia ha funzionato,1,2025-12-24T06:07:42.906378
synced,FRTDEU500U,PAR_CENTRO_NON_METRO_SEC_SECONDO,Nessuna strategia ha funzionato,1,2025-12-24T06:07:03.764578
synced,PTPS3N5004,PAR_CENTRO_NON_METRO_SEC_SECONDO,Nessuna strategia ha funzionato,1,2025-12-24T06:07:00.719857
synced,LTRFGQ5000,PAR_CENTRO_NON_METRO_SEC_SECONDO,Nessuna strategia ha funzionato,1,2025-12-24T06:06:57.527950
synced,GRPS005002,PAR_CENTRO_NON_METRO_SEC_SECONDO,Nessuna strategia ha funzionato,1,2025-12-24T06:06:33.760807
synced,PGPSVU500T,PAR_CENTRO_NON_METRO_SEC_SECONDO,Nessuna strategia ha funzionato,1,2025-12-24T06:06:30.592820
synced,GRPC64500E,PAR_CENTRO_NON_METRO_SEC_SECONDO,Nessuna strategia ha funzionato,1,2025-12-24T06:05:39.751829
synced,APTFOR5004,PAR_CENTRO_NON_METRO_SEC_SECONDO,Nessuna strategia ha funzionato,1,2025-12-24T06:05:32.600969
synced,MCPM00500L,PAR_CENTRO_NON_METRO_SEC_SECONDO,Nessuna strategia ha funzionato,1,2025-12-24T06:05:29.171971
synced,PA1M01800L,PAR_ISOLE_METRO_SEC_PRIMO,Nessuna strategia ha funzionato,1,2025-12-24T06:05:22.593321
synced,PA1MQ8500S,PAR_ISOLE_METRO_SEC_PRIMO,Nessuna strategia ha funzionato,1,2025-12-24T06:04:47.508106
synced,CT1M00100P,PAR_ISOLE_METRO_SEC_PRIMO,Nessuna strategia ha funzionato,1,2025-12-24T06:04:42.010559
synced,CT1M011009,PAR_ISOLE_METRO_SEC_PRIMO,Nessuna strategia ha funzionato,1,2025-12-24T06:04:34.818537
synced,PA1MS3500I,PAR_ISOLE_METRO_SEC_PRIMO,Nessuna strategia ha funzionato,1,2025-12-24T06:04:18.517214
synced,ME1M6B500F,PAR_ISOLE_METRO_SEC_PRIMO,Nessuna strategia ha funzionato,1,2025-12-24T06:04:07.403503
synced,CT1MHE500T,PAR_ISOLE_METRO_SEC_PRIMO,Nessuna strategia ha funzionato,1,2025-12-24T06:03:57.711349
synced,PA1M01700R,PAR_ISOLE_METRO_SEC_PRIMO,Nessuna strategia ha funzionato,1,2025-12-24T06:03:26.220916
synced,CT1M020004,PAR_ISOLE_METRO_SEC_PRIMO,Nessuna strategia ha funzionato,1,2025-12-24T06:03:16.861743
synced,PA1M008002,PAR_ISOLE_METRO_SEC_PRIMO,Nessuna strategia ha funzionato,1,2025-12-24T06:03:03.568680
synced,CT1M02400B,PAR_ISOLE_METRO_SEC_PRIMO,Nessuna strategia ha funzionato,1,2025-12-24T06:02:38.409382
synced,PA1M01900C,PAR_ISOLE_METRO_SEC_PRIMO,Nessuna strategia ha funzionato,1,2025-12-24T06:01:53.536935
synced,PA1MB95007,PAR_ISOLE_METRO_SEC_PRIMO,Nessuna strategia ha funzionato,1,2025-12-24T06:01:50.335524
synced,BS1M025007,PAR_NORD OVEST_NON_METRO_SEC_PRIMO,Nessuna strategia ha funzionato,1,2025-12-24T06:01:47.201408
synced,BS1M01600C,PAR_NORD OVEST_NON_METRO_SEC_PRIMO,Nessuna strategia ha funzionato,1,2025-12-24T06:01:39.310650
synced,CO1M019006,PAR_NORD OVEST_NON_METRO_SEC_PRIMO,Nessuna strategia ha funzionato,1,2025-12-24T06:01:13.220218
synced,BG1M008001,PAR_NORD OVEST_NON_METRO_SEC_PRIMO,Nessuna strategia ha funzionato,1,2025-12-24T06:00:39.767143
synced,BS1M01400R,PAR_NORD OVEST_NON_METRO_SEC_PRIMO,Nessuna strategia ha funzionato,1,2025-12-24T05:59:35.800550
synced,NO1M01400B,PAR_NORD OVEST_NON_METRO_SEC_PRIMO,Nessuna strategia ha funzionato,1,2025-12-24T05:59:05.068439
synced,LO1M010007,PAR_NORD OVEST_NON_METRO_SEC_PRIMO,Nessuna strategia ha funzionato,1,2025-12-24T05:58:38.821403
synced,MB1M01000C,PAR_NORD OVEST_NON_METRO_SEC_PRIMO,Nessuna strategia ha funzionato,1,2025-12-24T05:58:09.406882
synced,VA1M013001,PAR_NORD OVEST_NON_METRO_SEC_PRIMO,Nessuna strategia ha funzionato,1,2025-12-24T05:57:34.174702
synced,VA1MIT5001,PAR_NORD OVEST_NON_METRO_SEC_PRIMO,Nessuna strategia ha funzionato,1,2025-12-24T05:57:17.669927
synced,BG1M00500D,PAR_NORD OVEST_NON_METRO_SEC_PRIMO,Nessuna strategia ha funzionato,1,2025-12-24T05:57:04.493405
synced,VA1M01400R,PAR_NORD OVEST_NON_METRO_SEC_PRIMO,Nessuna strategia ha funzionato,1,2025-12-24T05:56:59.522706
synced,BG1MV3500S,PAR_NORD OVEST_NON_METRO_SEC_PRIMO,Nessuna strategia ha funzionato,1,2025-12-24T05:56:47.126589
synced,VA1M01000D,PAR_NORD OVEST_NON_METRO_SEC_PRIMO,Nessuna strategia ha funzionato,1,2025-12-24T05:56:44.070769
synced,CO1M00200R,PAR_NORD OVEST_NON_METRO_SEC_PRIMO,Nessuna strategia ha funzionato,1,2025-12-24T05:56:27.115685
synced,BS1M012005,PAR_NORD OVEST_NON_METRO_SEC_PRIMO,Nessuna strategia ha funzionato,1,2025-12-24T05:55:49.355266
synced,BS1M00700N,PAR_NORD OVEST_NON_METRO_SEC_PRIMO,Nessuna strategia ha funzionato,1,2025-12-24T05:55:30.790140
synced,BS1M00300A,PAR_NORD OVEST_NON_METRO_SEC_PRIMO,Nessuna strategia ha funzionato,1,2025-12-24T05:55:20.997940
synced,CO1M01500V,PAR_NORD OVEST_NON_METRO_SEC_PRIMO,Nessuna strategia ha funzionato,1,2025-12-24T05:55:17.475906
synced,BG1MH45000,PAR_NORD OVEST_NON_METRO_SEC_PRIMO,Nessuna strategia ha funzionato,1,2025-12-24T05:55:12.605934
synced,CO1M013007,PAR_NORD OVEST_NON_METRO_SEC_PRIMO,Nessuna strategia ha funzionato,1,2025-12-24T05:54:52.394846
synced,MB1M01600B,PAR_NORD OVEST_NON_METRO_SEC_PRIMO,Nessuna strategia ha funzionato,1,2025-12-24T05:54:26.786251
synced,VA1M009009,PAR_NORD OVEST_NON_METRO_SEC_PRIMO,Nessuna strategia ha funzionato,1,2025-12-24T05:54:22.554663
synced,BG1M022007,PAR_NORD OVEST_NON_METRO_SEC_PRIMO,Nessuna strategia ha funzionato,1,2025-12-24T05:54:11.786243
synced,CO1M001001,PAR_NORD OVEST_NON_METRO_SEC_PRIMO,Nessuna strategia ha funzionato,1,2025-12-24T05:54:08.360943
synced,VA1M01600C,PAR_NORD OVEST_NON_METRO_SEC_PRIMO,Nessuna strategia ha funzionato,1,2025-12-24T05:53:54.643709
synced,MB1M02800N,PAR_NORD OVEST_NON_METRO_SEC_PRIMO,Nessuna strategia ha funzionato,1,2025-12-24T05:53:45.053009
synced,PV1M004002,PAR_NORD OVEST_NON_METRO_SEC_PRIMO,Nessuna strategia ha funzionato,1,2025-12-24T05:53:35.014245
synced,MB1M01500G,PAR_NORD OVEST_NON_METRO_SEC_PRIMO,Nessuna strategia ha funzionato,1,2025-12-24T05:53:31.213959
synced,BG1MRA500Q,PAR_NORD OVEST_NON_METRO_SEC_PRIMO,Nessuna strategia ha funzionato,1,2025-12-24T05:53:12.060987
synced,BG1M9L500G,PAR_NORD OVEST_NON_METRO_SEC_PRIMO,Nessuna strategia ha funzionato,1,2025-12-24T05:53:08.861126
synced,MB1M017007,PAR_NORD OVEST_NON_METRO_SEC_PRIMO,Nessuna strategia ha funzionato,1,2025-12-24T05:52:54.945939
synced,MB1M012004,PAR_NORD OVEST_NON_METRO_SEC_PRIMO,Nessuna strategia ha funzionato,1,2025-12-24T05:52:38.113290
synced,MB1MC5500R,PAR_NORD OVEST_NON_METRO_SEC_PRIMO,Nessuna strategia ha funzionato,1,2025-12-24T05:52:24.341464
synced,VA1M00600T,PAR_NORD OVEST_NON_METRO_SEC_PRIMO,Nessuna strategia ha funzionato,1,2025-12-24T05:52:21.305891
synced,LO1M02000T,PAR_NORD OVEST_NON_METRO_SEC_PRIMO,Nessuna strategia ha funzionato,1,2025-12-24T05:51:55.216484
synced,CO1MCB500P,PAR_NORD OVEST_NON_METRO_SEC_PRIMO,Nessuna strategia ha funzionato,1,2025-12-24T05:51:47.584918
synced,TVTD6A500Z,PAR_NORD EST_NON_METRO_SEC_SECONDO,Nessuna strategia ha funzionato,1,2025-12-24T05:50:55.269036
synced,TVPM8T500U,PAR_NORD EST_NON_METRO_SEC_SECONDO,Nessuna strategia ha funzionato,1,2025-12-24T05:50:28.521496
synced,TVTD02500D,PAR_NORD EST_NON_METRO_SEC_SECONDO,Nessuna strategia ha funzionato,1,2025-12-24T05:50:10.771085
synced,TVPL75500A,PAR_NORD EST_NON_METRO_SEC_SECONDO,Nessuna strategia ha funzionato,1,2025-12-24T05:50:02.163004
synced,BLPS54500H,PAR_NORD EST_NON_METRO_SEC_SECONDO,Nessuna strategia ha funzionato,1,2025-12-24T05:49:55.726362
synced,BLPMMN5000,PAR_NORD EST_NON_METRO_SEC_SECONDO,Nessuna strategia ha funzionato,1,2025-12-24T05:49:52.432726
synced,PDPLHZ5001,PAR_NORD EST_NON_METRO_SEC_SECONDO,Nessuna strategia ha funzionato,1,2025-12-24T05:49:44.899054
synced,RNPC015002,PAR_NORD EST_NON_METRO_SEC_SECONDO,Nessuna strategia ha funzionato,1,2025-12-24T05:49:13.054870
synced,TVPS02500N,PAR_NORD EST_NON_METRO_SEC_SECONDO,Nessuna strategia ha funzionato,1,2025-12-24T05:48:56.867650
synced,PDPL04500G,PAR_NORD EST_NON_METRO_SEC_SECONDO,Nessuna strategia ha funzionato,1,2025-12-24T05:48:19.393484
synced,VRPSI5500C,PAR_NORD EST_NON_METRO_SEC_SECONDO,Nessuna strategia ha funzionato,1,2025-12-24T05:48:03.229534
synced,PRPSNN500M,PAR_NORD EST_NON_METRO_SEC_SECONDO,Nessuna strategia ha funzionato,1,2025-12-24T05:48:00.096692
synced,TVTB205003,PAR_NORD EST_NON_METRO_SEC_SECONDO,Nessuna strategia ha funzionato,1,2025-12-24T05:47:46.842456
synced,RARI015004,PAR_NORD EST_NON_METRO_SEC_SECONDO,Nessuna strategia ha funzionato,1,2025-12-24T05:47:42.136711
synced,REPM3F5001,PAR_NORD EST_NON_METRO_SEC_SECONDO,Nessuna strategia ha funzionato,1,2025-12-24T05:47:38.178120
synced,VRPLHM500A,PAR_NORD EST_NON_METRO_SEC_SECONDO,Nessuna strategia ha funzionato,1,2025-12-24T05:47:23.238723
synced,RNPS00500E,PAR_NORD EST_NON_METRO_SEC_SECONDO,Nessuna strategia ha funzionato,1,2025-12-24T05:47:08.361480
synced,PCPS01500A,PAR_NORD EST_NON_METRO_SEC_SECONDO,Nessuna strategia ha funzionato,1,2025-12-24T05:46:32.508887
synced,PCPSD7500T,PAR_NORD EST_NON_METRO_SEC_SECONDO,Nessuna strategia ha funzionato,1,2025-12-24T05:46:29.283211
synced,MOTD01500Q,PAR_NORD EST_NON_METRO_SEC_SECONDO,Nessuna strategia ha funzionato,1,2025-12-24T05:45:41.938559
synced,VIPLVN5005,PAR_NORD EST_NON_METRO_SEC_SECONDO,Nessuna strategia ha funzionato,1,2025-12-24T05:45:36.855254
synced,BLPSD7500D,PAR_NORD EST_NON_METRO_SEC_SECONDO,Nessuna strategia ha funzionato,1,2025-12-24T05:45:04.655359
synced,VRPL06500E,PAR_NORD EST_NON_METRO_SEC_SECONDO,Nessuna strategia ha funzionato,1,2025-12-24T05:44:49.042445
synced,TVPSN55005,PAR_NORD EST_NON_METRO_SEC_SECONDO,Nessuna strategia ha funzionato,1,2025-12-24T05:44:42.197269
synced,VIPL015005,PAR_NORD EST_NON_METRO_SEC_SECONDO,Nessuna strategia ha funzionato,1,2025-12-24T05:44:35.562073
synced,VRPC01500G,PAR_NORD EST_NON_METRO_SEC_SECONDO,Nessuna strategia ha funzionato,1,2025-12-24T05:44:31.731077
synced,BLPM01500Q,PAR_NORD EST_NON_METRO_SEC_SECONDO,Nessuna strategia ha funzionato,1,2025-12-24T05:44:04.378165
synced,BLPSMD500A,PAR_NORD EST_NON_METRO_SEC_SECONDO,Nessuna strategia ha funzionato,1,2025-12-24T05:43:45.675246
synced,VRPS3P500M,PAR_NORD EST_NON_METRO_SEC_SECONDO,Nessuna strategia ha funzionato,1,2025-12-24T05:43:08.811247
synced,REPS00500P,PAR_NORD EST_NON_METRO_SEC_SECONDO,Nessuna strategia ha funzionato,1,2025-12-24T05:42:53.978817
synced,PDPS00500A,PAR_NORD EST_NON_METRO_SEC_SECONDO,Nessuna strategia ha funzionato,1,2025-12-24T05:42:30.757807
synced,VRPS055005,PAR_NORD EST_NON_METRO_SEC_SECONDO,Nessuna strategia ha funzionato,1,2025-12-24T05:42:25.499179
synced,TVPS57500F,PAR_NORD EST_NON_METRO_SEC_SECONDO,Nessuna strategia ha funzionato,1,2025-12-24T05:41:57.015006
synced,RNRCCE500C,PAR_NORD EST_NON_METRO_SEC_SECONDO,Nessuna strategia ha funzionato,1,2025-12-24T05:41:44.060372
synced,PRPS70500U,PAR_NORD EST_NON_METRO_SEC_SECONDO,Nessuna strategia ha funzionato,1,2025-12-24T05:41:12.690386
synced,PAPC07500N,PAR_ISOLE_METRO_SEC_SECONDO,Nessuna strategia ha funzionato,1,2025-12-24T05:41:09.587116
synced,CTSD015003,PAR_ISOLE_METRO_SEC_SECONDO,Nessuna strategia ha funzionato,1,2025-12-24T05:41:06.290789
synced,PAPC12500D,PAR_ISOLE_METRO_SEC_SECONDO,Nessuna strategia ha funzionato,1,2025-12-24T05:41:00.911486
synced,METDL9500Q,PAR_ISOLE_METRO_SEC_SECONDO,Nessuna strategia ha funzionato,1,2025-12-24T05:40:38.567777
synced,PAPMO7500Q,PAR_ISOLE_METRO_SEC_SECONDO,Nessuna strategia ha funzionato,1,2025-12-24T05:40:36.666859
synced,PAPMB55005,PAR_ISOLE_METRO_SEC_SECONDO,Nessuna strategia ha funzionato,1,2025-12-24T05:40:34.779715
synced,PAPL595005,PAR_ISOLE_METRO_SEC_SECONDO,Nessuna strategia ha funzionato,1,2025-12-24T05:40:26.410698
synced,CTTN01500A,PAR_ISOLE_METRO_SEC_SECONDO,Nessuna strategia ha funzionato,1,2025-12-24T05:40:23.340071
synced,PAPM9C5005,PAR_ISOLE_METRO_SEC_SECONDO,Nessuna strategia ha funzionato,1,2025-12-24T05:40:20.211925
synced,MEPCPD5001,PAR_ISOLE_METRO_SEC_SECONDO,Nessuna strategia ha funzionato,1,2025-12-24T05:39:41.902334
synced,CTPM315008,PAR_ISOLE_METRO_SEC_SECONDO,Nessuna strategia ha funzionato,1,2025-12-24T05:39:38.860248
synced,CTPMOQ500A,PAR_ISOLE_METRO_SEC_SECONDO,Nessuna strategia ha funzionato,1,2025-12-24T05:39:32.679039
synced,METD045003,PAR_ISOLE_METRO_SEC_SECONDO,Nessuna strategia ha funzionato,1,2025-12-24T05:39:30.678032
synced,MERHF3500O,PAR_ISOLE_METRO_SEC_SECONDO,Nessuna strategia ha funzionato,1,2025-12-24T05:39:28.853779
synced,CTTD315003,PAR_ISOLE_METRO_SEC_SECONDO,Nessuna strategia ha funzionato,1,2025-12-24T05:39:25.665026
synced,MEPMEB500L,PAR_ISOLE_METRO_SEC_SECONDO,Nessuna strategia ha funzionato,1,2025-12-24T05:39:14.963956
synced,MERH0U5004,PAR_ISOLE_METRO_SEC_SECONDO,Nessuna strategia ha funzionato,1,2025-12-24T05:39:11.747135
synced,PASD005001,PAR_ISOLE_METRO_SEC_SECONDO,Nessuna strategia ha funzionato,1,2025-12-24T05:39:09.915475
synced,CTTD01500C,PAR_ISOLE_METRO_SEC_SECONDO,Nessuna strategia ha funzionato,1,2025-12-24T05:39:06.418881
synced,MERHFN500I,PAR_ISOLE_METRO_SEC_SECONDO,Nessuna strategia ha funzionato,1,2025-12-24T05:39:04.534468
synced,CAPQ00500E,PAR_ISOLE_METRO_SEC_SECONDO,Nessuna strategia ha funzionato,1,2025-12-24T05:38:59.383171
synced,PATDAH500E,PAR_ISOLE_METRO_SEC_SECONDO,Nessuna strategia ha funzionato,1,2025-12-24T05:38:56.084547
synced,CTSL0V500E,PAR_ISOLE_METRO_SEC_SECONDO,Nessuna strategia ha funzionato,1,2025-12-24T05:38:53.018355
synced,PAPS05500G,PAR_ISOLE_METRO_SEC_SECONDO,Nessuna strategia ha funzionato,1,2025-12-24T05:38:43.342930
synced,METD065008,PAR_ISOLE_METRO_SEC_SECONDO,Nessuna strategia ha funzionato,1,2025-12-24T05:38:39.350702
synced,CTTD365004,PAR_ISOLE_METRO_SEC_SECONDO,Nessuna strategia ha funzionato,1,2025-12-24T05:38:35.930255
synced,CTTD145005,PAR_ISOLE_METRO_SEC_SECONDO,Nessuna strategia ha funzionato,1,2025-12-24T05:38:34.101003
synced,PATD33500R,PAR_ISOLE_METRO_SEC_SECONDO,Nessuna strategia ha funzionato,1,2025-12-24T05:38:30.950957
synced,METAR6500G,PAR_ISOLE_METRO_SEC_SECONDO,Nessuna strategia ha funzionato,1,2025-12-24T05:38:26.306287
synced,PAPC1H500H,PAR_ISOLE_METRO_SEC_SECONDO,Nessuna strategia ha funzionato,1,2025-12-24T05:38:24.352972
synced,PATD205004,PAR_ISOLE_METRO_SEC_SECONDO,Nessuna strategia ha funzionato,1,2025-12-24T05:38:20.450042
synced,PATD475004,PAR_ISOLE_METRO_SEC_SECONDO,Nessuna strategia ha funzionato,1,2025-12-24T05:38:15.845643
synced,PAPC14500P,PAR_ISOLE_METRO_SEC_SECONDO,Nessuna strategia ha funzionato,1,2025-12-24T05:38:12.517965
synced,MERH015005,PAR_ISOLE_METRO_SEC_SECONDO,Nessuna strategia ha funzionato,1,2025-12-24T05:38:03.542618
synced,PATD7N500Z,PAR_ISOLE_METRO_SEC_SECONDO,Nessuna strategia ha funzionato,1,2025-12-24T05:38:00.317711
synced,CTTF01500P,PAR_ISOLE_METRO_SEC_SECONDO,Nessuna strategia ha funzionato,1,2025-12-24T05:37:58.341194
synced,CTTF04500E,PAR_ISOLE_METRO_SEC_SECONDO,Nessuna strategia ha funzionato,1,2025-12-24T05:37:11.664558
synced,MEPLZL500L,PAR_ISOLE_METRO_SEC_SECONDO,Nessuna strategia ha funzionato,1,2025-12-24T05:37:08.565798
synced,CTPL655003,PAR_ISOLE_METRO_SEC_SECONDO,Nessuna strategia ha funzionato,1,2025-12-24T05:37:05.318181
synced,CTPM075009,PAR_ISOLE_METRO_SEC_SECONDO,Nessuna strategia ha funzionato,1,2025-12-24T05:37:03.414876
synced,CTTE01500X,PAR_ISOLE_METRO_SEC_SECONDO,Nessuna strategia ha funzionato,1,2025-12-24T05:37:00.316131
synced,PAPSF5500I,PAR_ISOLE_METRO_SEC_SECONDO,Nessuna strategia ha funzionato,1,2025-12-24T05:36:57.139375
synced,PAPS02500Q,PAR_ISOLE_METRO_SEC_SECONDO,Nessuna strategia ha funzionato,1,2025-12-24T05:36:54.082244
synced,RM1M09700Q,PAR_CENTRO_METRO_SEC_PRIMO,Nessuna strategia ha funzionato,1,2025-12-24T05:36:30.890755
synced,FI1M01600X,PAR_CENTRO_METRO_SEC_PRIMO,Nessuna strategia ha funzionato,1,2025-12-24T05:36:19.044668
synced,RM1M028009,PAR_CENTRO_METRO_SEC_PRIMO,Nessuna strategia ha funzionato,1,2025-12-24T05:36:05.791931
synced,RM1M143008,PAR_CENTRO_METRO_SEC_PRIMO,Nessuna strategia ha funzionato,1,2025-12-24T05:35:59.744011
synced,RM1M149007,PAR_CENTRO_METRO_SEC_PRIMO,Nessuna strategia ha funzionato,1,2025-12-24T05:35:39.206849
synced,RM1M010004,PAR_CENTRO_METRO_SEC_PRIMO,Nessuna strategia ha funzionato,1,2025-12-24T05:35:27.237142
synced,FI1M01100R,PAR_CENTRO_METRO_SEC_PRIMO,Nessuna strategia ha funzionato,1,2025-12-24T05:35:24.275741
synced,RM1M10900R,PAR_CENTRO_METRO_SEC_PRIMO,Nessuna strategia ha funzionato,1,2025-12-24T05:35:21.043012
synced,RM1M03900Q,PAR_CENTRO_METRO_SEC_PRIMO,Nessuna strategia ha funzionato,1,2025-12-24T05:34:59.365196
synced,RM1MQH500U,PAR_CENTRO_METRO_SEC_PRIMO,Nessuna strategia ha funzionato,1,2025-12-24T05:34:56.217335
synced,RM1M04000X,PAR_CENTRO_METRO_SEC_PRIMO,Nessuna strategia ha funzionato,1,2025-12-24T05:34:52.579564
synced,RM1M02600N,PAR_CENTRO_METRO_SEC_PRIMO,Nessuna strategia ha funzionato,1,2025-12-24T05:34:49.401871
synced,RM1M08300T,PAR_CENTRO_METRO_SEC_PRIMO,Nessuna strategia ha funzionato,1,2025-12-24T05:34:46.372023
synced,RM1M130006,PAR_CENTRO_METRO_SEC_PRIMO,Nessuna strategia ha funzionato,1,2025-12-24T05:34:43.159475
synced,RM1M101006,PAR_CENTRO_METRO_SEC_PRIMO,Nessuna strategia ha funzionato,1,2025-12-24T05:34:25.752781
synced,RM1M110001,PAR_CENTRO_METRO_SEC_PRIMO,Nessuna strategia ha funzionato,1,2025-12-24T05:34:20.923326
synced,RM1M04100Q,PAR_CENTRO_METRO_SEC_PRIMO,Nessuna strategia ha funzionato,1,2025-12-24T05:34:17.159676
synced,RM1M02100E,PAR_CENTRO_METRO_SEC_PRIMO,Nessuna strategia ha funzionato,1,2025-12-24T05:34:14.081039
synced,RM1M04600V,PAR_CENTRO_METRO_SEC_PRIMO,Nessuna strategia ha funzionato,1,2025-12-24T05:33:56.960519
synced,RM1M016003,PAR_CENTRO_METRO_SEC_PRIMO,Nessuna strategia ha funzionato,1,2025-12-24T05:33:28.995632
synced,RM1M09900B,PAR_CENTRO_METRO_SEC_PRIMO,Nessuna strategia ha funzionato,1,2025-12-24T05:33:06.632201
synced,RM1M13400D,PAR_CENTRO_METRO_SEC_PRIMO,Nessuna strategia ha funzionato,1,2025-12-24T05:32:51.196515
synced,RM1MZQ500O,PAR_CENTRO_METRO_SEC_PRIMO,Nessuna strategia ha funzionato,1,2025-12-24T05:32:46.732292
synced,RM1M106009,PAR_CENTRO_METRO_SEC_PRIMO,Nessuna strategia ha funzionato,1,2025-12-24T05:32:43.435225
synced,RM1M665000,PAR_CENTRO_METRO_SEC_PRIMO,Nessuna strategia ha funzionato,1,2025-12-24T05:32:09.660974
synced,RM1M04200G,PAR_CENTRO_METRO_SEC_PRIMO,Nessuna strategia ha funzionato,1,2025-12-24T05:32:06.477516
synced,RM1M07800A,PAR_CENTRO_METRO_SEC_PRIMO,Nessuna strategia ha funzionato,1,2025-12-24T05:32:02.700750
synced,RM1M06200R,PAR_CENTRO_METRO_SEC_PRIMO,Nessuna strategia ha funzionato,1,2025-12-24T05:31:59.587629
synced,RM1M08400N,PAR_CENTRO_METRO_SEC_PRIMO,Nessuna strategia ha funzionato,1,2025-12-24T05:31:45.520998
synced,RM1M00900X,PAR_CENTRO_METRO_SEC_PRIMO,Nessuna strategia ha funzionato,1,2025-12-24T05:31:42.184489
synced,RM1M036008,PAR_CENTRO_METRO_SEC_PRIMO,Nessuna strategia ha funzionato,1,2025-12-24T05:31:33.836897
synced,RM1M00600C,PAR_CENTRO_METRO_SEC_PRIMO,Nessuna strategia ha funzionato,1,2025-12-24T05:31:25.935408
synced,FI1M2A5000,PAR_CENTRO_METRO_SEC_PRIMO,Nessuna strategia ha funzionato,1,2025-12-24T05:31:07.766007
synced,FI1M02600E,PAR_CENTRO_METRO_SEC_PRIMO,Nessuna strategia ha funzionato,1,2025-12-24T05:31:04.637179
synced,RM1M15000B,PAR_CENTRO_METRO_SEC_PRIMO,Nessuna strategia ha funzionato,1,2025-12-24T05:31:01.457504
synced,RM1MZ7500R,PAR_CENTRO_METRO_SEC_PRIMO,Nessuna strategia ha funzionato,1,2025-12-24T05:30:55.740721
synced,RM1M128006,PAR_CENTRO_METRO_SEC_PRIMO,Nessuna strategia ha funzionato,1,2025-12-24T05:30:32.903342
synced,RM1M03400L,PAR_CENTRO_METRO_SEC_PRIMO,Nessuna strategia ha funzionato,1,2025-12-24T05:30:24.046395
synced,RM1M058005,PAR_CENTRO_METRO_SEC_PRIMO,Nessuna strategia ha funzionato,1,2025-12-24T05:30:18.746029
synced,RM1M11200L,PAR_CENTRO_METRO_SEC_PRIMO,Nessuna strategia ha funzionato,1,2025-12-24T05:30:12.720238
synced,RM1MST500V,PAR_CENTRO_METRO_SEC_PRIMO,Nessuna strategia ha funzionato,1,2025-12-24T05:30:09.340412
synced,RM1M082002,PAR_CENTRO_METRO_SEC_PRIMO,Nessuna strategia ha funzionato,1,2025-12-24T05:29:41.863333
synced,RM1M031005,PAR_CENTRO_METRO_SEC_PRIMO,Nessuna strategia ha funzionato,1,2025-12-24T05:29:26.724215
synced,FI1M01800G,PAR_CENTRO_METRO_SEC_PRIMO,Nessuna strategia ha funzionato,1,2025-12-24T05:28:58.900727
synced,LT1E00800Q,PAR_CENTRO_NON_METRO_PRIMARIA,Nessuna strategia ha funzionato,1,2025-12-24T05:28:55.720279
synced,LI1E00900L,PAR_CENTRO_NON_METRO_PRIMARIA,Nessuna strategia ha funzionato,1,2025-12-24T05:28:38.270971
synced,LT1E00300L,PAR_CENTRO_NON_METRO_PRIMARIA,Nessuna strategia ha funzionato,1,2025-12-24T05:28:28.051719
synced,PO1E01700E,PAR_CENTRO_NON_METRO_PRIMARIA,Nessuna strategia ha funzionato,1,2025-12-24T05:28:24.950191
synced,MC1EMU5009,PAR_CENTRO_NON_METRO_PRIMARIA,Nessuna strategia ha funzionato,1,2025-12-24T05:28:09.126613
synced,LU1ETH500S,PAR_CENTRO_NON_METRO_PRIMARIA,Nessuna strategia ha funzionato,1,2025-12-24T05:28:06.031847
synced,SI1E003001,PAR_CENTRO_NON_METRO_PRIMARIA,Nessuna strategia ha funzionato,1,2025-12-24T05:28:02.936346
synced,PT1E004006,PAR_CENTRO_NON_METRO_PRIMARIA,Nessuna strategia ha funzionato,1,2025-12-24T05:27:59.827930
synced,AP1E005007,PAR_CENTRO_NON_METRO_PRIMARIA,Nessuna strategia ha funzionato,1,2025-12-24T05:27:50.191447
synced,LT1E006004,PAR_CENTRO_NON_METRO_PRIMARIA,Nessuna strategia ha funzionato,1,2025-12-24T05:27:46.903898
synced,PO1EHR500Z,PAR_CENTRO_NON_METRO_PRIMARIA,Nessuna strategia ha funzionato,1,2025-12-24T05:27:43.637965
synced,AR1E006008,PAR_CENTRO_NON_METRO_PRIMARIA,Nessuna strategia ha funzionato,1,2025-12-24T05:27:07.689387
synced,PO1E00300L,PAR_CENTRO_NON_METRO_PRIMARIA,Nessuna strategia ha funzionato,1,2025-12-24T05:27:01.367322
synced,AR1E00500C,PAR_CENTRO_NON_METRO_PRIMARIA,Nessuna strategia ha funzionato,1,2025-12-24T05:25:44.107828
synced,PO1E005008,PAR_CENTRO_NON_METRO_PRIMARIA,Nessuna strategia ha funzionato,1,2025-12-24T05:25:32.827482
synced,PG1E00300P,PAR_CENTRO_NON_METRO_PRIMARIA,Nessuna strategia ha funzionato,1,2025-12-24T05:25:24.153728
synced,MS1E00500P,PAR_CENTRO_NON_METRO_PRIMARIA,Nessuna strategia ha funzionato,1,2025-12-24T05:25:20.946186
synced,LI1E00800R,PAR_CENTRO_NON_METRO_PRIMARIA,Nessuna strategia ha funzionato,1,2025-12-24T05:25:04.158398
synced,PI1E00300B,PAR_CENTRO_NON_METRO_PRIMARIA,Nessuna strategia ha funzionato,1,2025-12-24T05:25:01.033128
synced,VT1E00500D,PAR_CENTRO_NON_METRO_PRIMARIA,Nessuna strategia ha funzionato,1,2025-12-24T05:24:56.213642
synced,FR1E003001,PAR_CENTRO_NON_METRO_PRIMARIA,Nessuna strategia ha funzionato,1,2025-12-24T05:24:52.969549
synced,VT1EM9500Q,PAR_CENTRO_NON_METRO_PRIMARIA,Nessuna strategia ha funzionato,1,2025-12-24T05:24:48.217031
synced,LU1E003004,PAR_CENTRO_NON_METRO_PRIMARIA,Nessuna strategia ha funzionato,1,2025-12-24T05:24:45.181706
synced,VT1E001006,PAR_CENTRO_NON_METRO_PRIMARIA,Nessuna strategia ha funzionato,1,2025-12-24T05:24:41.952809
synced,MS1E002007,PAR_CENTRO_NON_METRO_PRIMARIA,Nessuna strategia ha funzionato,1,2025-12-24T05:24:27.255474
synced,AR1E001005,PAR_CENTRO_NON_METRO_PRIMARIA,Nessuna strategia ha funzionato,1,2025-12-24T05:24:20.679629
synced,LT1E005008,PAR_CENTRO_NON_METRO_PRIMARIA,Nessuna strategia ha funzionato,1,2025-12-24T05:24:07.852724
synced,AP1E00300G,PAR_CENTRO_NON_METRO_PRIMARIA,Nessuna strategia ha funzionato,1,2025-12-24T05:24:00.396912
synced,PO1E006004,PAR_CENTRO_NON_METRO_PRIMARIA,Nessuna strategia ha funzionato,1,2025-12-24T05:23:57.164776
synced,PG1EPF500P,PAR_CENTRO_NON_METRO_PRIMARIA,Nessuna strategia ha funzionato,1,2025-12-24T05:23:40.172610
synced,LT1EUB500E,PAR_CENTRO_NON_METRO_PRIMARIA,Nessuna strategia ha funzionato,1,2025-12-24T05:23:37.128285
synced,VT1E006009,PAR_CENTRO_NON_METRO_PRIMARIA,Nessuna strategia ha funzionato,1,2025-12-24T05:23:33.962069
synced,FR1E00500L,PAR_CENTRO_NON_METRO_PRIMARIA,Nessuna strategia ha funzionato,1,2025-12-24T05:23:30.906143
synced,LU1E002008,PAR_CENTRO_NON_METRO_PRIMARIA,Nessuna strategia ha funzionato,1,2025-12-24T05:23:27.860134
synced,LT1E00400C,PAR_CENTRO_NON_METRO_PRIMARIA,Nessuna strategia ha funzionato,1,2025-12-24T05:23:24.732441
synced,LT1E001001,PAR_CENTRO_NON_METRO_PRIMARIA,Nessuna strategia ha funzionato,1,2025-12-24T05:23:21.693739
synced,PG1E001003,PAR_CENTRO_NON_METRO_PRIMARIA,Nessuna strategia ha funzionato,1,2025-12-24T05:23:18.616377
synced,MS1EO3500D,PAR_CENTRO_NON_METRO_PRIMARIA,Nessuna strategia ha funzionato,1,2025-12-24T05:23:14.666886
synced,LU1E00600G,PAR_CENTRO_NON_METRO_PRIMARIA,Nessuna strategia ha funzionato,1,2025-12-24T05:23:01.263215
synced,LI1E006005,PAR_CENTRO_NON_METRO_PRIMARIA,Nessuna strategia ha funzionato,1,2025-12-24T05:22:58.135269
synced,PO1E01100G,PAR_CENTRO_NON_METRO_PRIMARIA,Nessuna strategia ha funzionato,1,2025-12-24T05:22:54.991982
synced,PG1E00400E,PAR_CENTRO_NON_METRO_PRIMARIA,Nessuna strategia ha funzionato,1,2025-12-24T05:22:40.624114
synced,PG1E00500A,PAR_CENTRO_NON_METRO_PRIMARIA,Nessuna strategia ha funzionato,1,2025-12-24T05:22:37.501848
synced,FR1E010004,PAR_CENTRO_NON_METRO_PRIMARIA,Nessuna strategia ha funzionato,1,2025-12-24T05:22:34.229444
synced,PT1E00200E,PAR_CENTRO_NON_METRO_PRIMARIA,Nessuna strategia ha funzionato,1,2025-12-24T05:22:21.067051
synced,SI1E001009,PAR_CENTRO_NON_METRO_PRIMARIA,Nessuna strategia ha funzionato,1,2025-12-24T05:22:17.781682
synced,MI1M083009,PAR_NORD OVEST_METRO_SEC_PRIMO,Nessuna strategia ha funzionato,1,2025-12-24T05:22:14.699764
synced,TO1M018006,PAR_NORD OVEST_METRO_SEC_PRIMO,Nessuna strategia ha funzionato,1,2025-12-24T05:21:20.115447
synced,MI1M041007,PAR_NORD OVEST_METRO_SEC_PRIMO,Nessuna strategia ha funzionato,1,2025-12-24T05:21:10.460368
synced,MI1M05300D,PAR_NORD OVEST_METRO_SEC_PRIMO,Nessuna strategia ha funzionato,1,2025-12-24T05:21:01.844286
synced,TO1M012007,PAR_NORD OVEST_METRO_SEC_PRIMO,Nessuna strategia ha funzionato,1,2025-12-24T05:20:03.034512
synced,MI1M09300X,PAR_NORD OVEST_METRO_SEC_PRIMO,Nessuna strategia ha funzionato,1,2025-12-24T05:19:55.698060
synced,MI1M068007,PAR_NORD OVEST_METRO_SEC_PRIMO,Nessuna strategia ha funzionato,1,2025-12-24T05:19:52.570858
synced,TO1M05700R,PAR_NORD OVEST_METRO_SEC_PRIMO,Nessuna strategia ha funzionato,1,2025-12-24T05:19:34.276772
synced,TO1MB25008,PAR_NORD OVEST_METRO_SEC_PRIMO,Nessuna strategia ha funzionato,1,2025-12-24T05:19:20.313365
synced,MI1M07800T,PAR_NORD OVEST_METRO_SEC_PRIMO,Nessuna strategia ha funzionato,1,2025-12-24T05:19:11.759579
synced,MI1M069003,PAR_NORD OVEST_METRO_SEC_PRIMO,Nessuna strategia ha funzionato,1,2025-12-24T05:18:58.670611
synced,MI1MN45001,PAR_NORD OVEST_METRO_SEC_PRIMO,Nessuna strategia ha funzionato,1,2025-12-24T05:18:55.659904
synced,MI1M085001,PAR_NORD OVEST_METRO_SEC_PRIMO,Nessuna strategia ha funzionato,1,2025-12-24T05:18:40.132067
synced,TO1MNU500Z,PAR_NORD OVEST_METRO_SEC_PRIMO,Nessuna strategia ha funzionato,1,2025-12-24T05:18:36.447737
synced,MI1MP35007,PAR_NORD OVEST_METRO_SEC_PRIMO,Nessuna strategia ha funzionato,1,2025-12-24T05:18:33.314088
synced,MI1M00200L,PAR_NORD OVEST_METRO_SEC_PRIMO,Nessuna strategia ha funzionato,1,2025-12-24T05:17:41.687837
synced,MI1M076006,PAR_NORD OVEST_METRO_SEC_PRIMO,Nessuna strategia ha funzionato,1,2025-12-24T05:17:38.571856
synced,TO1M020006,PAR_NORD OVEST_METRO_SEC_PRIMO,Nessuna strategia ha funzionato,1,2025-12-24T05:17:35.563940
synced,MI1M077002,PAR_NORD OVEST_METRO_SEC_PRIMO,Nessuna strategia ha funzionato,1,2025-12-24T05:17:23.357790
synced,MI1M06000L,PAR_NORD OVEST_METRO_SEC_PRIMO,Nessuna strategia ha funzionato,1,2025-12-24T05:17:01.145864
synced,MI1M056001,PAR_NORD OVEST_METRO_SEC_PRIMO,Nessuna strategia ha funzionato,1,2025-12-24T05:16:41.657807
synced,TO1M03500X,PAR_NORD OVEST_METRO_SEC_PRIMO,Nessuna strategia ha funzionato,1,2025-12-24T05:16:38.493127
synced,TO1MSF500T,PAR_NORD OVEST_METRO_SEC_PRIMO,Nessuna strategia ha funzionato,1,2025-12-24T05:15:55.434067
synced,MI1M03000R,PAR_NORD OVEST_METRO_SEC_PRIMO,Nessuna strategia ha funzionato,1,2025-12-24T05:15:34.492950
synced,TO1M00600X,PAR_NORD OVEST_METRO_SEC_PRIMO,Nessuna strategia ha funzionato,1,2025-12-24T05:15:30.689530
synced,MI1M05100T,PAR_NORD OVEST_METRO_SEC_PRIMO,Nessuna strategia ha funzionato,1,2025-12-24T05:15:12.721427
synced,MI1M092004,PAR_NORD OVEST_METRO_SEC_PRIMO,Nessuna strategia ha funzionato,1,2025-12-24T05:15:09.670453
synced,MI1M06400X,PAR_NORD OVEST_METRO_SEC_PRIMO,Nessuna strategia ha funzionato,1,2025-12-24T05:15:06.415481
synced,MI1M09400Q,PAR_NORD OVEST_METRO_SEC_PRIMO,Nessuna strategia ha funzionato,1,2025-12-24T05:14:47.900253
synced,TO1M03200C,PAR_NORD OVEST_METRO_SEC_PRIMO,Nessuna strategia ha funzionato,1,2025-12-24T05:14:44.820595
synced,MI1M10000T,PAR_NORD OVEST_METRO_SEC_PRIMO,Nessuna strategia ha funzionato,1,2025-12-24T05:14:41.652181
synced,TO1M01400V,PAR_NORD OVEST_METRO_SEC_PRIMO,Nessuna strategia ha funzionato,1,2025-12-24T05:14:22.815773
synced,TO1M048002,PAR_NORD OVEST_METRO_SEC_PRIMO,Nessuna strategia ha funzionato,1,2025-12-24T05:14:10.875272
synced,TO1M7Q5005,PAR_NORD OVEST_METRO_SEC_PRIMO,Nessuna strategia ha funzionato,1,2025-12-24T05:14:07.637468
synced,TO1M05200N,PAR_NORD OVEST_METRO_SEC_PRIMO,Nessuna strategia ha funzionato,1,2025-12-24T05:13:43.992087
synced,MI1MV25008,PAR_NORD OVEST_METRO_SEC_PRIMO,Nessuna strategia ha funzionato,1,2025-12-24T05:13:40.581651
synced,TO1M02900L,PAR_NORD OVEST_METRO_SEC_PRIMO,Nessuna strategia ha funzionato,1,2025-12-24T05:13:33.210433
synced,TO1M02200T,PAR_NORD OVEST_METRO_SEC_PRIMO,Nessuna strategia ha funzionato,1,2025-12-24T05:13:26.331161
synced,MIPC125003,PAR_NORD OVEST_METRO_SEC_SECONDO,Nessuna strategia ha funzionato,1,2025-12-24T05:12:29.218282
synced,MITN535006,PAR_NORD OVEST_METRO_SEC_SECONDO,Nessuna strategia ha funzionato,1,2025-12-24T05:12:15.019627
synced,TOPLM6500B,PAR_NORD OVEST_METRO_SEC_SECONDO,Nessuna strategia ha funzionato,1,2025-12-24T05:12:03.355149
synced,GEPMUO500T,PAR_NORD OVEST_METRO_SEC_SECONDO,Nessuna strategia ha funzionato,1,2025-12-24T05:11:55.814592
synced,MITB025006,PAR_NORD OVEST_METRO_SEC_SECONDO,Nessuna strategia ha funzionato,1,2025-12-24T05:11:43.800579
synced,TOPL11500A,PAR_NORD OVEST_METRO_SEC_SECONDO,Nessuna strategia ha funzionato,1,2025-12-24T05:11:40.740745
synced,MIPMZS500F,PAR_NORD OVEST_METRO_SEC_SECONDO,Nessuna strategia ha funzionato,1,2025-12-24T05:11:37.405488
synced,MIPMP85004,PAR_NORD OVEST_METRO_SEC_SECONDO,Nessuna strategia ha funzionato,1,2025-12-24T05:11:25.915552
synced,MIPS735002,PAR_NORD OVEST_METRO_SEC_SECONDO,Nessuna strategia ha funzionato,1,2025-12-24T05:10:36.531239
synced,MITF035002,PAR_NORD OVEST_METRO_SEC_SECONDO,Nessuna strategia ha funzionato,1,2025-12-24T05:10:17.952501
synced,MITL035006,PAR_NORD OVEST_METRO_SEC_SECONDO,Nessuna strategia ha funzionato,1,2025-12-24T05:09:56.841733
synced,MIPS415006,PAR_NORD OVEST_METRO_SEC_SECONDO,Nessuna strategia ha funzionato,1,2025-12-24T05:09:51.434921
synced,MITF105003,PAR_NORD OVEST_METRO_SEC_SECONDO,Nessuna strategia ha funzionato,1,2025-12-24T05:09:47.917078
synced,MIPQCQ500S,PAR_NORD OVEST_METRO_SEC_SECONDO,Nessuna strategia ha funzionato,1,2025-12-24T05:09:23.853289
synced,MIPS295009,PAR_NORD OVEST_METRO_SEC_SECONDO,Nessuna strategia ha funzionato,1,2025-12-24T05:09:14.227320
synced,MIPS085001,PAR_NORD OVEST_METRO_SEC_SECONDO,Nessuna strategia ha funzionato,1,2025-12-24T05:08:54.836408
synced,MIPS54500V,PAR_NORD OVEST_METRO_SEC_SECONDO,Nessuna strategia ha funzionato,1,2025-12-24T05:08:34.904828
synced,MIPSOC500H,PAR_NORD OVEST_METRO_SEC_SECONDO,Nessuna strategia ha funzionato,1,2025-12-24T05:08:31.671654
synced,MIPSZR500P,PAR_NORD OVEST_METRO_SEC_SECONDO,Nessuna strategia ha funzionato,1,2025-12-24T05:08:29.786584
synced,MISL025006,PAR_NORD OVEST_METRO_SEC_SECONDO,Nessuna strategia ha funzionato,1,2025-12-24T05:08:26.216139
synced,TOPSQB5003,PAR_NORD OVEST_METRO_SEC_SECONDO,Nessuna strategia ha funzionato,1,2025-12-24T05:08:02.796819
synced,MITN03500N,PAR_NORD OVEST_METRO_SEC_SECONDO,Nessuna strategia ha funzionato,1,2025-12-24T05:07:59.682250
synced,TOPC06500L,PAR_NORD OVEST_METRO_SEC_SECONDO,Nessuna strategia ha funzionato,1,2025-12-24T05:07:31.280027
synced,MIPLAM5002,PAR_NORD OVEST_METRO_SEC_SECONDO,Nessuna strategia ha funzionato,1,2025-12-24T05:07:25.967590
synced,MITD25500P,PAR_NORD OVEST_METRO_SEC_SECONDO,Nessuna strategia ha funzionato,1,2025-12-24T05:06:28.340397
synced,MIRIB1500S,PAR_NORD OVEST_METRO_SEC_SECONDO,Nessuna strategia ha funzionato,1,2025-12-24T05:06:25.267740
synced,MISL075007,PAR_NORD OVEST_METRO_SEC_SECONDO,Nessuna strategia ha funzionato,1,2025-12-24T05:06:14.910571
synced,MITFDH5000,PAR_NORD OVEST_METRO_SEC_SECONDO,Nessuna strategia ha funzionato,1,2025-12-24T05:06:05.877277
synced,MIPS01500P,PAR_NORD OVEST_METRO_SEC_SECONDO,Nessuna strategia ha funzionato,1,2025-12-24T05:05:53.993179
synced,MIPSIG500R,PAR_NORD OVEST_METRO_SEC_SECONDO,Nessuna strategia ha funzionato,1,2025-12-24T05:05:38.499570
synced,MIPL08500Q,PAR_NORD OVEST_METRO_SEC_SECONDO,Nessuna strategia ha funzionato,1,2025-12-24T05:04:39.904925
synced,MIPL0Z500D,PAR_NORD OVEST_METRO_SEC_SECONDO,Nessuna strategia ha funzionato,1,2025-12-24T05:04:36.811940
synced,MIPS055005,PAR_NORD OVEST_METRO_SEC_SECONDO,Nessuna strategia ha funzionato,1,2025-12-24T05:04:12.582677
synced,MIPMS2500D,PAR_NORD OVEST_METRO_SEC_SECONDO,Nessuna strategia ha funzionato,1,2025-12-24T05:03:11.471513
synced,TOPS105001,PAR_NORD OVEST_METRO_SEC_SECONDO,Nessuna strategia ha funzionato,1,2025-12-24T05:02:37.903491
synced,MIPLMC5009,PAR_NORD OVEST_METRO_SEC_SECONDO,Nessuna strategia ha funzionato,1,2025-12-24T05:02:21.261964
synced,MIPM2A500Z,PAR_NORD OVEST_METRO_SEC_SECONDO,Nessuna strategia ha funzionato,1,2025-12-24T05:02:19.327126
synced,TOPS76500T,PAR_NORD OVEST_METRO_SEC_SECONDO,Nessuna strategia ha funzionato,1,2025-12-24T05:02:03.242989
synced,TOPS07500A,PAR_NORD OVEST_METRO_SEC_SECONDO,Nessuna strategia ha funzionato,1,2025-12-24T05:01:53.396151
synced,TOPSA6500N,PAR_NORD OVEST_METRO_SEC_SECONDO,Nessuna strategia ha funzionato,1,2025-12-24T05:01:48.246719
synced,TOPC10500T,PAR_NORD OVEST_METRO_SEC_SECONDO,Nessuna strategia ha funzionato,1,2025-12-24T05:01:44.198092
synced,MIPS665000,PAR_NORD OVEST_METRO_SEC_SECONDO,Nessuna strategia ha funzionato,1,2025-12-24T05:01:18.025190
synced,MIPSR85009,PAR_NORD OVEST_METRO_SEC_SECONDO,Nessuna strategia ha funzionato,1,2025-12-24T05:00:41.592139
synced,RM1E20200N,PAR_CENTRO_METRO_PRIMARIA,Nessuna strategia ha funzionato,1,2025-12-24T05:00:00.227473
synced,RM1E036003,PAR_CENTRO_METRO_PRIMARIA,Nessuna strategia ha funzionato,1,2025-12-24T04:59:30.144201
synced,FI1E006004,PAR_CENTRO_METRO_PRIMARIA,Nessuna strategia ha funzionato,1,2025-12-24T04:59:24.866598
synced,RM1ERR500T,PAR_CENTRO_METRO_PRIMARIA,Nessuna strategia ha funzionato,1,2025-12-24T04:59:18.010796
synced,RM1E171007,PAR_CENTRO_METRO_PRIMARIA,Nessuna strategia ha funzionato,1,2025-12-24T04:59:14.972743
synced,RM1E022005,PAR_CENTRO_METRO_PRIMARIA,Nessuna strategia ha funzionato,1,2025-12-24T04:59:05.260284
synced,RM1E02900X,PAR_CENTRO_METRO_PRIMARIA,Nessuna strategia ha funzionato,1,2025-12-24T04:58:44.718412
synced,RM1E148006,PAR_CENTRO_METRO_PRIMARIA,Nessuna strategia ha funzionato,1,2025-12-24T04:58:35.005699
synced,RM1E16500X,PAR_CENTRO_METRO_PRIMARIA,Nessuna strategia ha funzionato,1,2025-12-24T04:58:25.357907
synced,RM1E028004,PAR_CENTRO_METRO_PRIMARIA,Nessuna strategia ha funzionato,1,2025-12-24T04:58:01.169147
synced,RM1E02500L,PAR_CENTRO_METRO_PRIMARIA,Nessuna strategia ha funzionato,1,2025-12-24T04:57:48.047259
synced,FI1E021006,PAR_CENTRO_METRO_PRIMARIA,Nessuna strategia ha funzionato,1,2025-12-24T04:57:44.856960
synced,FI1E02900R,PAR_CENTRO_METRO_PRIMARIA,Nessuna strategia ha funzionato,1,2025-12-24T04:57:41.690009
synced,RM1E03100X,PAR_CENTRO_METRO_PRIMARIA,Nessuna strategia ha funzionato,1,2025-12-24T04:57:38.510211
synced,FI1E022002,PAR_CENTRO_METRO_PRIMARIA,Nessuna strategia ha funzionato,1,2025-12-24T04:57:34.892866
synced,RM1E06100Q,PAR_CENTRO_METRO_PRIMARIA,Nessuna strategia ha funzionato,1,2025-12-24T04:57:28.590944
synced,RM1E130001,PAR_CENTRO_METRO_PRIMARIA,Nessuna strategia ha funzionato,1,2025-12-24T04:57:25.255404
synced,RM1E21100C,PAR_CENTRO_METRO_PRIMARIA,Nessuna strategia ha funzionato,1,2025-12-24T04:57:07.501155
synced,FI1E030001,PAR_CENTRO_METRO_PRIMARIA,Nessuna strategia ha funzionato,1,2025-12-24T04:57:04.225966
synced,RM1E12500D,PAR_CENTRO_METRO_PRIMARIA,Nessuna strategia ha funzionato,1,2025-12-24T04:57:01.127374
synced,RM1E119006,PAR_CENTRO_METRO_PRIMARIA,Nessuna strategia ha funzionato,1,2025-12-24T04:56:46.037048
synced,RM1E04100E,PAR_CENTRO_METRO_PRIMARIA,Nessuna strategia ha funzionato,1,2025-12-24T04:56:42.852758
synced,RM1E122002,PAR_CENTRO_METRO_PRIMARIA,Nessuna strategia ha funzionato,1,2025-12-24T04:56:39.570117
synced,RM1E03900E,PAR_CENTRO_METRO_PRIMARIA,Nessuna strategia ha funzionato,1,2025-12-24T04:56:36.276479
synced,RM1E08800Q,PAR_CENTRO_METRO_PRIMARIA,Nessuna strategia ha funzionato,1,2025-12-24T04:56:33.242541
synced,FI1E00200R,PAR_CENTRO_METRO_PRIMARIA,Nessuna strategia ha funzionato,1,2025-12-24T04:56:02.117992
synced,RM1EZR5005,PAR_CENTRO_METRO_PRIMARIA,Nessuna strategia ha funzionato,1,2025-12-24T04:55:59.070250
synced,RM1E13800G,PAR_CENTRO_METRO_PRIMARIA,Nessuna strategia ha funzionato,1,2025-12-24T04:55:53.254674
synced,RM1E11500V,PAR_CENTRO_METRO_PRIMARIA,Nessuna strategia ha funzionato,1,2025-12-24T04:55:43.959268
synced,RM1EM25008,PAR_CENTRO_METRO_PRIMARIA,Nessuna strategia ha funzionato,1,2025-12-24T04:55:10.625686
synced,FI1E00800Q,PAR_CENTRO_METRO_PRIMARIA,Nessuna strategia ha funzionato,1,2025-12-24T04:54:43.832568
synced,RM1E177006,PAR_CENTRO_METRO_PRIMARIA,Nessuna strategia ha funzionato,1,2025-12-24T04:54:40.725320
synced,RM1E04200A,PAR_CENTRO_METRO_PRIMARIA,Nessuna strategia ha funzionato,1,2025-12-24T04:54:37.634992
synced,RM1E15900L,PAR_CENTRO_METRO_PRIMARIA,Nessuna strategia ha funzionato,1,2025-12-24T04:54:33.620119
synced,RM1E05400L,PAR_CENTRO_METRO_PRIMARIA,Nessuna strategia ha funzionato,1,2025-12-24T04:54:14.300115
synced,FI1E063008,PAR_CENTRO_METRO_PRIMARIA,Nessuna strategia ha funzionato,1,2025-12-24T04:54:06.541203
synced,RM1E08200R,PAR_CENTRO_METRO_PRIMARIA,Nessuna strategia ha funzionato,1,2025-12-24T04:54:03.404499
synced,RM1E030004,PAR_CENTRO_METRO_PRIMARIA,Nessuna strategia ha funzionato,1,2025-12-24T04:54:00.267838
synced,RM1E19600G,PAR_CENTRO_METRO_PRIMARIA,Nessuna strategia ha funzionato,1,2025-12-24T04:53:57.252356
synced,RM1E2U500H,PAR_CENTRO_METRO_PRIMARIA,Nessuna strategia ha funzionato,1,2025-12-24T04:53:47.584216
synced,RM1E100005,PAR_CENTRO_METRO_PRIMARIA,Nessuna strategia ha funzionato,1,2025-12-24T04:53:43.196528
synced,RM1E126009,PAR_CENTRO_METRO_PRIMARIA,Nessuna strategia ha funzionato,1,2025-12-24T04:53:28.985086
synced,RM1E114003,PAR_CENTRO_METRO_PRIMARIA,Nessuna strategia ha funzionato,1,2025-12-24T04:53:22.609287
synced,RM1E204009,PAR_CENTRO_METRO_PRIMARIA,Nessuna strategia ha funzionato,1,2025-12-24T04:53:17.786592
synced,RM1E04000P,PAR_CENTRO_METRO_PRIMARIA,Nessuna strategia ha funzionato,1,2025-12-24T04:52:49.361761
synced,VR1E004003,PAR_NORD EST_NON_METRO_PRIMARIA,Nessuna strategia ha funzionato,1,2025-12-24T04:52:39.659952
synced,FO1E002002,PAR_NORD EST_NON_METRO_PRIMARIA,Nessuna strategia ha funzionato,1,2025-12-24T04:52:34.280187
synced,TV1E00400B,PAR_NORD EST_NON_METRO_PRIMARIA,Nessuna strategia ha funzionato,1,2025-12-24T04:52:27.662542
synced,RN1E01000R,PAR_NORD EST_NON_METRO_PRIMARIA,Nessuna strategia ha funzionato,1,2025-12-24T04:52:14.479534
synced,PD1EOO500S,PAR_NORD EST_NON_METRO_PRIMARIA,Nessuna strategia ha funzionato,1,2025-12-24T04:51:50.649955
synced,RA1E004007,PAR_NORD EST_NON_METRO_PRIMARIA,Nessuna strategia ha funzionato,1,2025-12-24T04:51:21.633989
synced,PR1E00900P,PAR_NORD EST_NON_METRO_PRIMARIA,Nessuna strategia ha funzionato,1,2025-12-24T04:51:16.649888
synced,PR1E00200X,PAR_NORD EST_NON_METRO_PRIMARIA,Nessuna strategia ha funzionato,1,2025-12-24T04:50:55.765436
synced,MO1E00600X,PAR_NORD EST_NON_METRO_PRIMARIA,Nessuna strategia ha funzionato,1,2025-12-24T04:50:35.615347
synced,RN1E007001,PAR_NORD EST_NON_METRO_PRIMARIA,Nessuna strategia ha funzionato,1,2025-12-24T04:48:44.524206
synced,VR1E009006,PAR_NORD EST_NON_METRO_PRIMARIA,Nessuna strategia ha funzionato,1,2025-12-24T04:48:25.952518
synced,RE1E001006,PAR_NORD EST_NON_METRO_PRIMARIA,Nessuna strategia ha funzionato,1,2025-12-24T04:48:21.361031
synced,RN1E00200T,PAR_NORD EST_NON_METRO_PRIMARIA,Nessuna strategia ha funzionato,1,2025-12-24T04:48:04.202210
synced,VI1E00400P,PAR_NORD EST_NON_METRO_PRIMARIA,Nessuna strategia ha funzionato,1,2025-12-24T04:47:57.089121
synced,VI1E010002,PAR_NORD EST_NON_METRO_PRIMARIA,Nessuna strategia ha funzionato,1,2025-12-24T04:47:33.450931
synced,VI1E00500E,PAR_NORD EST_NON_METRO_PRIMARIA,Nessuna strategia ha funzionato,1,2025-12-24T04:47:30.362657
synced,TV1E005007,PAR_NORD EST_NON_METRO_PRIMARIA,Nessuna strategia ha funzionato,1,2025-12-24T04:47:27.293106
synced,PR1E00500B,PAR_NORD EST_NON_METRO_PRIMARIA,Nessuna strategia ha funzionato,1,2025-12-24T04:47:23.129377
synced,RO1E00300A,PAR_NORD EST_NON_METRO_PRIMARIA,Nessuna strategia ha funzionato,1,2025-12-24T04:47:03.441961
synced,UD1EM3500M,PAR_NORD EST_NON_METRO_PRIMARIA,Nessuna strategia ha funzionato,1,2025-12-24T04:47:00.271651
synced,MO1E013003,PAR_NORD EST_NON_METRO_PRIMARIA,Nessuna strategia ha funzionato,1,2025-12-24T04:46:57.239710
synced,RE1E006009,PAR_NORD EST_NON_METRO_PRIMARIA,Nessuna strategia ha funzionato,1,2025-12-24T04:46:51.377381
synced,TV1E018009,PAR_NORD EST_NON_METRO_PRIMARIA,Nessuna strategia ha funzionato,1,2025-12-24T04:46:48.386710
synced,RE1E008001,PAR_NORD EST_NON_METRO_PRIMARIA,Nessuna strategia ha funzionato,1,2025-12-24T04:46:23.600004
synced,VI1E007006,PAR_NORD EST_NON_METRO_PRIMARIA,Nessuna strategia ha funzionato,1,2025-12-24T04:45:59.206381
synced,MO1E00300C,PAR_NORD EST_NON_METRO_PRIMARIA,Nessuna strategia ha funzionato,1,2025-12-24T04:45:44.892426
synced,PD1E00100T,PAR_NORD EST_NON_METRO_PRIMARIA,Nessuna strategia ha funzionato,1,2025-12-24T04:45:00.271425
synced,TV1E00100X,PAR_NORD EST_NON_METRO_PRIMARIA,Nessuna strategia ha funzionato,1,2025-12-24T04:44:45.382806
synced,PD1E076018,PAR_NORD EST_NON_METRO_PRIMARIA,Nessuna strategia ha funzionato,1,2025-12-24T04:44:36.467422
synced,MO1E005004,PAR_NORD EST_NON_METRO_PRIMARIA,Nessuna strategia ha funzionato,1,2025-12-24T04:44:26.440057
synced,TV1E006003,PAR_NORD EST_NON_METRO_PRIMARIA,Nessuna strategia ha funzionato,1,2025-12-24T04:44:19.105705
synced,RE1EE9500Z,PAR_NORD EST_NON_METRO_PRIMARIA,Nessuna strategia ha funzionato,1,2025-12-24T04:44:15.985836
synced,TS1E008001,PAR_NORD EST_NON_METRO_PRIMARIA,Nessuna strategia ha funzionato,1,2025-12-24T04:43:54.607959
synced,VR1E017005,PAR_NORD EST_NON_METRO_PRIMARIA,Nessuna strategia ha funzionato,1,2025-12-24T04:43:46.869841
synced,UD1E00300X,PAR_NORD EST_NON_METRO_PRIMARIA,Nessuna strategia ha funzionato,1,2025-12-24T04:43:42.081600
synced,GO1EUT5002,PAR_NORD EST_NON_METRO_PRIMARIA,Nessuna strategia ha funzionato,1,2025-12-24T04:43:24.547729
synced,PD1E00900C,PAR_NORD EST_NON_METRO_PRIMARIA,Nessuna strategia ha funzionato,1,2025-12-24T04:43:16.074402
synced,TV1E01000P,PAR_NORD EST_NON_METRO_PRIMARIA,Nessuna strategia ha funzionato,1,2025-12-24T04:43:11.491102
synced,MO1E2A5008,PAR_NORD EST_NON_METRO_PRIMARIA,Nessuna strategia ha funzionato,1,2025-12-24T04:42:59.268058
synced,RN1E4B500R,PAR_NORD EST_NON_METRO_PRIMARIA,Nessuna strategia ha funzionato,1,2025-12-24T04:42:52.860013
synced,RMPM08500E,PAR_CENTRO_METRO_SEC_SECONDO,Nessuna strategia ha funzionato,1,2025-12-24T04:42:49.715526
synced,RMPL085008,PAR_CENTRO_METRO_SEC_SECONDO,Nessuna strategia ha funzionato,1,2025-12-24T04:42:39.989049
synced,RMPSGN5004,PAR_CENTRO_METRO_SEC_SECONDO,Nessuna strategia ha funzionato,1,2025-12-24T04:42:28.787215
synced,FITF265001,PAR_CENTRO_METRO_SEC_SECONDO,Nessuna strategia ha funzionato,1,2025-12-24T04:42:24.617803
synced,RMPC525003,PAR_CENTRO_METRO_SEC_SECONDO,Nessuna strategia ha funzionato,1,2025-12-24T04:42:20.648697
synced,RMPCT9500V,PAR_CENTRO_METRO_SEC_SECONDO,Nessuna strategia ha funzionato,1,2025-12-24T04:42:17.322116
synced,RMPC44500B,PAR_CENTRO_METRO_SEC_SECONDO,Nessuna strategia ha funzionato,1,2025-12-24T04:42:11.128009
synced,RMPCQ1500T,PAR_CENTRO_METRO_SEC_SECONDO,Nessuna strategia ha funzionato,1,2025-12-24T04:42:03.559408
synced,RMTD325008,PAR_CENTRO_METRO_SEC_SECONDO,Nessuna strategia ha funzionato,1,2025-12-24T04:41:47.438190
synced,RMPSIZ500B,PAR_CENTRO_METRO_SEC_SECONDO,Nessuna strategia ha funzionato,1,2025-12-24T04:41:32.498041
synced,RMPMPL5008,PAR_CENTRO_METRO_SEC_SECONDO,Nessuna strategia ha funzionato,1,2025-12-24T04:41:25.942032
synced,RMPMB15005,PAR_CENTRO_METRO_SEC_SECONDO,Nessuna strategia ha funzionato,1,2025-12-24T04:41:01.874751
synced,RMPSHQ500O,PAR_CENTRO_METRO_SEC_SECONDO,Nessuna strategia ha funzionato,1,2025-12-24T04:40:58.723727
synced,RMPL48500Q,PAR_CENTRO_METRO_SEC_SECONDO,Nessuna strategia ha funzionato,1,2025-12-24T04:40:55.550379
synced,RMPS695009,PAR_CENTRO_METRO_SEC_SECONDO,Nessuna strategia ha funzionato,1,2025-12-24T04:40:43.684343
synced,RMPSNS500T,PAR_CENTRO_METRO_SEC_SECONDO,Nessuna strategia ha funzionato,1,2025-12-24T04:40:40.668524
synced,FIPS02500P,PAR_CENTRO_METRO_SEC_SECONDO,Nessuna strategia ha funzionato,1,2025-12-24T04:40:29.938446
synced,FITD01500X,PAR_CENTRO_METRO_SEC_SECONDO,Nessuna strategia ha funzionato,1,2025-12-24T04:40:16.857490
synced,RMPLP0500V,PAR_CENTRO_METRO_SEC_SECONDO,Nessuna strategia ha funzionato,1,2025-12-24T04:39:58.444633
synced,RMPLG55006,PAR_CENTRO_METRO_SEC_SECONDO,Nessuna strategia ha funzionato,1,2025-12-24T04:39:50.369973
synced,RMPM00500N,PAR_CENTRO_METRO_SEC_SECONDO,Nessuna strategia ha funzionato,1,2025-12-24T04:39:45.889652
synced,RMPM9A500G,PAR_CENTRO_METRO_SEC_SECONDO,Nessuna strategia ha funzionato,1,2025-12-24T04:39:42.644773
synced,RMPMBG500A,PAR_CENTRO_METRO_SEC_SECONDO,Nessuna strategia ha funzionato,1,2025-12-24T04:39:36.750181
synced,RMPS235006,PAR_CENTRO_METRO_SEC_SECONDO,Nessuna strategia ha funzionato,1,2025-12-24T04:39:22.440277
synced,RMRH12500C,PAR_CENTRO_METRO_SEC_SECONDO,Nessuna strategia ha funzionato,1,2025-12-24T04:39:19.091389
synced,RMPSAD500D,PAR_CENTRO_METRO_SEC_SECONDO,Nessuna strategia ha funzionato,1,2025-12-24T04:39:15.909607
synced,FIPS065005,PAR_CENTRO_METRO_SEC_SECONDO,Nessuna strategia ha funzionato,1,2025-12-24T04:39:05.232232
synced,RMPLB3500E,PAR_CENTRO_METRO_SEC_SECONDO,Nessuna strategia ha funzionato,1,2025-12-24T04:39:02.114729
synced,RMPM7V500G,PAR_CENTRO_METRO_SEC_SECONDO,Nessuna strategia ha funzionato,1,2025-12-24T04:38:58.175440
synced,RMPL22500A,PAR_CENTRO_METRO_SEC_SECONDO,Nessuna strategia ha funzionato,1,2025-12-24T04:38:46.662392
synced,RMTFNG5000,PAR_CENTRO_METRO_SEC_SECONDO,Nessuna strategia ha funzionato,1,2025-12-24T04:38:42.197983
synced,RMTB00500D,PAR_CENTRO_METRO_SEC_SECONDO,Nessuna strategia ha funzionato,1,2025-12-24T04:38:38.843503
synced,RMPMIO5006,PAR_CENTRO_METRO_SEC_SECONDO,Nessuna strategia ha funzionato,1,2025-12-24T04:38:30.050484
synced,RMPL325007,PAR_CENTRO_METRO_SEC_SECONDO,Nessuna strategia ha funzionato,1,2025-12-24T04:38:26.873666
synced,RMPL035007,PAR_CENTRO_METRO_SEC_SECONDO,Nessuna strategia ha funzionato,1,2025-12-24T04:38:23.789285
synced,RMTD70500E,PAR_CENTRO_METRO_SEC_SECONDO,Nessuna strategia ha funzionato,1,2025-12-24T04:38:19.577733
synced,RMPLIL5008,PAR_CENTRO_METRO_SEC_SECONDO,Nessuna strategia ha funzionato,1,2025-12-24T04:38:16.484604
synced,RMPLNG500S,PAR_CENTRO_METRO_SEC_SECONDO,Nessuna strategia ha funzionato,1,2025-12-24T04:38:11.492563
synced,RMPL1M500I,PAR_CENTRO_METRO_SEC_SECONDO,Nessuna strategia ha funzionato,1,2025-12-24T04:37:35.836304
synced,RMPS165005,PAR_CENTRO_METRO_SEC_SECONDO,Nessuna strategia ha funzionato,1,2025-12-24T04:37:00.852866
synced,RMPM3Q500P,PAR_CENTRO_METRO_SEC_SECONDO,Nessuna strategia ha funzionato,1,2025-12-24T04:36:57.748640
synced,RMPLA95002,PAR_CENTRO_METRO_SEC_SECONDO,Nessuna strategia ha funzionato,1,2025-12-24T04:36:54.396827
synced,FIPSZD500T,PAR_CENTRO_METRO_SEC_SECONDO,Nessuna strategia ha funzionato,1,2025-12-24T04:36:51.220359
synced,MBPSFH500F,PAR_NORD OVEST_NON_METRO_SEC_SECONDO,Nessuna strategia ha funzionato,1,2025-12-24T04:36:43.234181
synced,MBPS245005,PAR_NORD OVEST_NON_METRO_SEC_SECONDO,Nessuna strategia ha funzionato,1,2025-12-24T04:36:39.608103
synced,MBPL73500N,PAR_NORD OVEST_NON_METRO_SEC_SECONDO,Nessuna strategia ha funzionato,1,2025-12-24T04:36:20.730368
synced,BSPS88500T,PAR_NORD OVEST_NON_METRO_SEC_SECONDO,Nessuna strategia ha funzionato,1,2025-12-24T04:36:06.768795
synced,PVPSTA500Q,PAR_NORD OVEST_NON_METRO_SEC_SECONDO,Nessuna strategia ha funzionato,1,2025-12-24T04:35:53.042710
synced,VAPSQ4500H,PAR_NORD OVEST_NON_METRO_SEC_SECONDO,Nessuna strategia ha funzionato,1,2025-12-24T04:35:50.019699
synced,BGPC05500B,PAR_NORD OVEST_NON_METRO_SEC_SECONDO,Nessuna strategia ha funzionato,1,2025-12-24T04:35:28.590987
synced,BGTFUM500Z,PAR_NORD OVEST_NON_METRO_SEC_SECONDO,Nessuna strategia ha funzionato,1,2025-12-24T04:35:15.691013
synced,PVPS345009,PAR_NORD OVEST_NON_METRO_SEC_SECONDO,Nessuna strategia ha funzionato,1,2025-12-24T04:35:01.191148
synced,COPCCE5008,PAR_NORD OVEST_NON_METRO_SEC_SECONDO,Nessuna strategia ha funzionato,1,2025-12-24T04:34:56.034308
synced,PVPS5H500G,PAR_NORD OVEST_NON_METRO_SEC_SECONDO,Nessuna strategia ha funzionato,1,2025-12-24T04:34:44.479904
synced,COTD06500Q,PAR_NORD OVEST_NON_METRO_SEC_SECONDO,Nessuna strategia ha funzionato,1,2025-12-24T04:34:32.053689
synced,BGPC02500G,PAR_NORD OVEST_NON_METRO_SEC_SECONDO,Nessuna strategia ha funzionato,1,2025-12-24T04:34:28.901392
synced,MBTD35500C,PAR_NORD OVEST_NON_METRO_SEC_SECONDO,Nessuna strategia ha funzionato,1,2025-12-24T04:34:25.595767
synced,NOPL015002,PAR_NORD OVEST_NON_METRO_SEC_SECONDO,Nessuna strategia ha funzionato,1,2025-12-24T04:33:55.824593
synced,VAPL08500N,PAR_NORD OVEST_NON_METRO_SEC_SECONDO,Nessuna strategia ha funzionato,1,2025-12-24T04:33:50.771856
synced,CRPS02500L,PAR_NORD OVEST_NON_METRO_SEC_SECONDO,Nessuna strategia ha funzionato,1,2025-12-24T04:33:32.551118
synced,COTD105001,PAR_NORD OVEST_NON_METRO_SEC_SECONDO,Nessuna strategia ha funzionato,1,2025-12-24T04:33:14.649277
synced,BSTL01500V,PAR_NORD OVEST_NON_METRO_SEC_SECONDO,Nessuna strategia ha funzionato,1,2025-12-24T04:33:03.718871
synced,ATPS715002,PAR_NORD OVEST_NON_METRO_SEC_SECONDO,Nessuna strategia ha funzionato,1,2025-12-24T04:32:44.345710
synced,BSPSO5500G,PAR_NORD OVEST_NON_METRO_SEC_SECONDO,Nessuna strategia ha funzionato,1,2025-12-24T04:32:40.563260
synced,VATFMQ5008,PAR_NORD OVEST_NON_METRO_SEC_SECONDO,Nessuna strategia ha funzionato,1,2025-12-24T04:32:37.412472
synced,PVPL045003,PAR_NORD OVEST_NON_METRO_SEC_SECONDO,Nessuna strategia ha funzionato,1,2025-12-24T04:32:24.118283
synced,BGPS00500D,PAR_NORD OVEST_NON_METRO_SEC_SECONDO,Nessuna strategia ha funzionato,1,2025-12-24T04:32:19.035218
synced,BGPL04500P,PAR_NORD OVEST_NON_METRO_SEC_SECONDO,Nessuna strategia ha funzionato,1,2025-12-24T04:31:34.347750
synced,MBPS40500C,PAR_NORD OVEST_NON_METRO_SEC_SECONDO,Nessuna strategia ha funzionato,1,2025-12-24T04:31:30.990300
synced,PVSLMT5003,PAR_NORD OVEST_NON_METRO_SEC_SECONDO,Nessuna strategia ha funzionato,1,2025-12-24T04:31:14.036492
synced,COTAV75005,PAR_NORD OVEST_NON_METRO_SEC_SECONDO,Nessuna strategia ha funzionato,1,2025-12-24T04:31:10.673236
synced,BSPM6Z500C,PAR_NORD OVEST_NON_METRO_SEC_SECONDO,Nessuna strategia ha funzionato,1,2025-12-24T04:30:42.077221
synced,VAPS4N5008,PAR_NORD OVEST_NON_METRO_SEC_SECONDO,Nessuna strategia ha funzionato,1,2025-12-24T04:30:29.482781
synced,PVTBDH500G,PAR_NORD OVEST_NON_METRO_SEC_SECONDO,Nessuna strategia ha funzionato,1,2025-12-24T04:30:26.078399
synced,VATF295009,PAR_NORD OVEST_NON_METRO_SEC_SECONDO,Nessuna strategia ha funzionato,1,2025-12-24T04:30:20.277695
synced,VARFS2500Z,PAR_NORD OVEST_NON_METRO_SEC_SECONDO,Nessuna strategia ha funzionato,1,2025-12-24T04:30:12.949477
synced,MBRHV6500I,PAR_NORD OVEST_NON_METRO_SEC_SECONDO,Nessuna strategia ha funzionato,1,2025-12-24T04:29:52.696368
synced,MBPM005002,PAR_NORD OVEST_NON_METRO_SEC_SECONDO,Nessuna strategia ha funzionato,1,2025-12-24T04:29:44.044229
synced,VAPSZ2500H,PAR_NORD OVEST_NON_METRO_SEC_SECONDO,Nessuna strategia ha funzionato,1,2025-12-24T04:29:32.810115
synced,BSRF06500X,PAR_NORD OVEST_NON_METRO_SEC_SECONDO,Nessuna strategia ha funzionato,1,2025-12-24T04:29:10.045008
synced,NOPL6T5005,PAR_NORD OVEST_NON_METRO_SEC_SECONDO,Nessuna strategia ha funzionato,1,2025-12-24T04:28:51.853988
synced,VATHA8500C,PAR_NORD OVEST_NON_METRO_SEC_SECONDO,Nessuna strategia ha funzionato,1,2025-12-24T04:28:31.411803
synced,CORC61500H,PAR_NORD OVEST_NON_METRO_SEC_SECONDO,Nessuna strategia ha funzionato,1,2025-12-24T04:28:28.138068
synced,VASLAA500P,PAR_NORD OVEST_NON_METRO_SEC_SECONDO,Nessuna strategia ha funzionato,1,2025-12-24T04:28:24.828383
synced,BSPS125004,PAR_NORD OVEST_NON_METRO_SEC_SECONDO,Nessuna strategia ha funzionato,1,2025-12-24T04:28:00.240732
synced,BSPLLZ5006,PAR_NORD OVEST_NON_METRO_SEC_SECONDO,Nessuna strategia ha funzionato,1,2025-12-24T04:27:56.978416
synced,BSPSL9500N,PAR_NORD OVEST_NON_METRO_SEC_SECONDO,Nessuna strategia ha funzionato,1,2025-12-24T04:27:53.727815
synced,MI1A35500L,PAR_NORD OVEST_METRO_INFANZIA,Nessuna strategia ha funzionato,1,2025-12-24T04:27:24.380036
synced,MI1A025006,PAR_NORD OVEST_METRO_INFANZIA,Nessuna strategia ha funzionato,1,2025-12-24T04:27:21.057646
synced,TO1A14300L,PAR_NORD OVEST_METRO_INFANZIA,Nessuna strategia ha funzionato,1,2025-12-24T04:27:17.855839
synced,MI1A08500T,PAR_NORD OVEST_METRO_INFANZIA,Nessuna strategia ha funzionato,1,2025-12-24T04:26:15.936268
synced,MI1A37700D,PAR_NORD OVEST_METRO_INFANZIA,Nessuna strategia ha funzionato,1,2025-12-24T04:26:12.733680
synced,GE1A07000A,PAR_NORD OVEST_METRO_INFANZIA,Nessuna strategia ha funzionato,1,2025-12-24T04:26:09.609927
synced,MI1A092001,PAR_NORD OVEST_METRO_INFANZIA,Nessuna strategia ha funzionato,1,2025-12-24T04:25:55.418349
synced,TO1A182007,PAR_NORD OVEST_METRO_INFANZIA,Nessuna strategia ha funzionato,1,2025-12-24T04:25:52.364504
synced,MI1A08600N,PAR_NORD OVEST_METRO_INFANZIA,Nessuna strategia ha funzionato,1,2025-12-24T04:25:49.084828
synced,TO1A046007,PAR_NORD OVEST_METRO_INFANZIA,Nessuna strategia ha funzionato,1,2025-12-24T04:25:45.849847
synced,TO1A161006,PAR_NORD OVEST_METRO_INFANZIA,Nessuna strategia ha funzionato,1,2025-12-24T04:25:39.111042
synced,MI1A112001,PAR_NORD OVEST_METRO_INFANZIA,Nessuna strategia ha funzionato,1,2025-12-24T04:25:23.894345
synced,MI1A01400Q,PAR_NORD OVEST_METRO_INFANZIA,Nessuna strategia ha funzionato,1,2025-12-24T04:25:20.671628
synced,MI1A22800B,PAR_NORD OVEST_METRO_INFANZIA,Nessuna strategia ha funzionato,1,2025-12-24T04:25:17.561512
synced,GE1A08800G,PAR_NORD OVEST_METRO_INFANZIA,Nessuna strategia ha funzionato,1,2025-12-24T04:25:14.268719
synced,GE1A09400V,PAR_NORD OVEST_METRO_INFANZIA,Nessuna strategia ha funzionato,1,2025-12-24T04:25:10.861816
synced,TO1A20400V,PAR_NORD OVEST_METRO_INFANZIA,Nessuna strategia ha funzionato,1,2025-12-24T04:25:06.056371
synced,GE1A076009,PAR_NORD OVEST_METRO_INFANZIA,Nessuna strategia ha funzionato,1,2025-12-24T04:25:02.798399
synced,GE1A049001,PAR_NORD OVEST_METRO_INFANZIA,Nessuna strategia ha funzionato,1,2025-12-24T04:24:59.509682
synced,TO1A19300N,PAR_NORD OVEST_METRO_INFANZIA,Nessuna strategia ha funzionato,1,2025-12-24T04:24:56.415602
synced,TO1A20000G,PAR_NORD OVEST_METRO_INFANZIA,Nessuna strategia ha funzionato,1,2025-12-24T04:24:50.398161
synced,MI1A56800C,PAR_NORD OVEST_METRO_INFANZIA,Nessuna strategia ha funzionato,1,2025-12-24T04:24:47.385968
synced,MI1A402001,PAR_NORD OVEST_METRO_INFANZIA,Nessuna strategia ha funzionato,1,2025-12-24T04:24:44.158181
synced,TO1A09300R,PAR_NORD OVEST_METRO_INFANZIA,Nessuna strategia ha funzionato,1,2025-12-24T04:24:40.985338
synced,MI1A521007,PAR_NORD OVEST_METRO_INFANZIA,Nessuna strategia ha funzionato,1,2025-12-24T04:24:37.828384
synced,MI1A20600E,PAR_NORD OVEST_METRO_INFANZIA,Nessuna strategia ha funzionato,1,2025-12-24T04:24:34.552094
synced,TO1A040008,PAR_NORD OVEST_METRO_INFANZIA,Nessuna strategia ha funzionato,1,2025-12-24T04:24:31.363476
synced,MI1A290003,PAR_NORD OVEST_METRO_INFANZIA,Nessuna strategia ha funzionato,1,2025-12-24T04:24:01.664890
synced,MI1A01600B,PAR_NORD OVEST_METRO_INFANZIA,Nessuna strategia ha funzionato,1,2025-12-24T04:23:58.472170
synced,TO1A110009,PAR_NORD OVEST_METRO_INFANZIA,Nessuna strategia ha funzionato,1,2025-12-24T04:23:51.355195
synced,TO1A24700R,PAR_NORD OVEST_METRO_INFANZIA,Nessuna strategia ha funzionato,1,2025-12-24T04:23:46.630830
synced,GE1A06800A,PAR_NORD OVEST_METRO_INFANZIA,Nessuna strategia ha funzionato,1,2025-12-24T04:23:43.442721
synced,GE1A03000X,PAR_NORD OVEST_METRO_INFANZIA,Nessuna strategia ha funzionato,1,2025-12-24T04:23:31.745026
synced,TO1A140005,PAR_NORD OVEST_METRO_INFANZIA,Nessuna strategia ha funzionato,1,2025-12-24T04:23:25.827757
synced,MI1A52900T,PAR_NORD OVEST_METRO_INFANZIA,Nessuna strategia ha funzionato,1,2025-12-24T04:22:58.270577
synced,TO1A240002,PAR_NORD OVEST_METRO_INFANZIA,Nessuna strategia ha funzionato,1,2025-12-24T04:22:55.044194
synced,MI1A27700L,PAR_NORD OVEST_METRO_INFANZIA,Nessuna strategia ha funzionato,1,2025-12-24T04:22:52.036939
synced,MI1A083006,PAR_NORD OVEST_METRO_INFANZIA,Nessuna strategia ha funzionato,1,2025-12-24T04:22:48.827790
synced,MI1A22200C,PAR_NORD OVEST_METRO_INFANZIA,Nessuna strategia ha funzionato,1,2025-12-24T04:22:36.876362
synced,MI1A34700N,PAR_NORD OVEST_METRO_INFANZIA,Nessuna strategia ha funzionato,1,2025-12-24T04:22:33.555452
synced,TO1A21300N,PAR_NORD OVEST_METRO_INFANZIA,Nessuna strategia ha funzionato,1,2025-12-24T04:22:30.505525
synced,GE1A05900G,PAR_NORD OVEST_METRO_INFANZIA,Nessuna strategia ha funzionato,1,2025-12-24T04:22:27.316781
synced,MI1A32100D,PAR_NORD OVEST_METRO_INFANZIA,Nessuna strategia ha funzionato,1,2025-12-24T04:22:24.079266
synced,GE1A12400D,PAR_NORD OVEST_METRO_INFANZIA,Nessuna strategia ha funzionato,1,2025-12-24T04:22:20.844835
synced,TO1A16500D,PAR_NORD OVEST_METRO_INFANZIA,Nessuna strategia ha funzionato,1,2025-12-24T04:22:17.627568
synced,GE1A03600V,PAR_NORD OVEST_METRO_INFANZIA,Nessuna strategia ha funzionato,1,2025-12-24T04:22:14.626061
synced,SA1MCA500E,PAR_SUD_NON_METRO_SEC_PRIMO,Nessuna strategia ha funzionato,1,2025-12-24T04:20:23.960929
synced,SA1M0B500F,PAR_SUD_NON_METRO_SEC_PRIMO,Nessuna strategia ha funzionato,1,2025-12-24T04:20:20.887855
synced,SA1M01100B,PAR_SUD_NON_METRO_SEC_PRIMO,Nessuna strategia ha funzionato,1,2025-12-24T04:19:13.180707
synced,CE1MOT500D,PAR_SUD_NON_METRO_SEC_PRIMO,Nessuna strategia ha funzionato,1,2025-12-24T04:18:53.283550
synced,BN1M002007,PAR_SUD_NON_METRO_SEC_PRIMO,Nessuna strategia ha funzionato,1,2025-12-24T04:18:47.046820
synced,CL1AUP500F,PAR_ISOLE_NON_METRO_INFANZIA,Nessuna strategia ha funzionato,1,2025-12-24T04:18:00.813152
synced,SS1A030007,PAR_ISOLE_NON_METRO_INFANZIA,Nessuna strategia ha funzionato,1,2025-12-24T04:17:57.365308
synced,EN1A00100V,PAR_ISOLE_NON_METRO_INFANZIA,Nessuna strategia ha funzionato,1,2025-12-24T04:17:32.865534
synced,CL1A010009,PAR_ISOLE_NON_METRO_INFANZIA,Nessuna strategia ha funzionato,1,2025-12-24T04:17:29.715897
synced,AG1A01800G,PAR_ISOLE_NON_METRO_INFANZIA,Nessuna strategia ha funzionato,1,2025-12-24T04:17:26.614435
synced,RG1A5Z500H,PAR_ISOLE_NON_METRO_INFANZIA,Nessuna strategia ha funzionato,1,2025-12-24T04:17:23.534236
synced,SR1A03800A,PAR_ISOLE_NON_METRO_INFANZIA,Nessuna strategia ha funzionato,1,2025-12-24T04:17:20.508513
synced,TP1A8Z500S,PAR_ISOLE_NON_METRO_INFANZIA,Nessuna strategia ha funzionato,1,2025-12-24T04:17:17.417371
synced,SS1A00400P,PAR_ISOLE_NON_METRO_INFANZIA,Nessuna strategia ha funzionato,1,2025-12-24T04:17:14.305664
synced,AG1A058002,PAR_ISOLE_NON_METRO_INFANZIA,Nessuna strategia ha funzionato,1,2025-12-24T04:17:11.034075
synced,OR1A026007,PAR_ISOLE_NON_METRO_INFANZIA,Nessuna strategia ha funzionato,1,2025-12-24T04:17:05.176446
synced,SR1A084004,PAR_ISOLE_NON_METRO_INFANZIA,Nessuna strategia ha funzionato,1,2025-12-24T04:16:59.584618
synced,AG1AU1500B,PAR_ISOLE_NON_METRO_INFANZIA,Nessuna strategia ha funzionato,1,2025-12-24T04:16:56.508678
synced,RG1A03100P,PAR_ISOLE_NON_METRO_INFANZIA,Nessuna strategia ha funzionato,1,2025-12-24T04:16:53.471854
synced,SR1A050001,PAR_ISOLE_NON_METRO_INFANZIA,Nessuna strategia ha funzionato,1,2025-12-24T04:16:50.369767
synced,OR1A02500B,PAR_ISOLE_NON_METRO_INFANZIA,Nessuna strategia ha funzionato,1,2025-12-24T04:16:47.320009
synced,AG1AND5006,PAR_ISOLE_NON_METRO_INFANZIA,Nessuna strategia ha funzionato,1,2025-12-24T04:16:44.192396
synced,TP1A04900L,PAR_ISOLE_NON_METRO_INFANZIA,Nessuna strategia ha funzionato,1,2025-12-24T04:16:10.837090
synced,CA1A099001,PAR_ISOLE_NON_METRO_INFANZIA,Nessuna strategia ha funzionato,1,2025-12-24T04:16:07.334270
synced,CA1A22500Z,PAR_ISOLE_NON_METRO_INFANZIA,Nessuna strategia ha funzionato,1,2025-12-24T04:16:04.325070
synced,SR1A07400D,PAR_ISOLE_NON_METRO_INFANZIA,Nessuna strategia ha funzionato,1,2025-12-24T04:16:01.113693
synced,SR1A841049,PAR_ISOLE_NON_METRO_INFANZIA,Nessuna strategia ha funzionato,1,2025-12-24T04:15:58.039172
synced,CA1A006002,PAR_ISOLE_NON_METRO_INFANZIA,Nessuna strategia ha funzionato,1,2025-12-24T04:15:54.840169
synced,CA1A04500L,PAR_ISOLE_NON_METRO_INFANZIA,Nessuna strategia ha funzionato,1,2025-12-24T04:15:52.929013
synced,CA1A112006,PAR_ISOLE_NON_METRO_INFANZIA,Nessuna strategia ha funzionato,1,2025-12-24T04:15:33.464049
synced,NU1A02100L,PAR_ISOLE_NON_METRO_INFANZIA,Nessuna strategia ha funzionato,1,2025-12-24T04:15:30.066102
synced,SR1A07900L,PAR_ISOLE_NON_METRO_INFANZIA,Nessuna strategia ha funzionato,1,2025-12-24T04:15:27.067318
synced,SS1AAB500V,PAR_ISOLE_NON_METRO_INFANZIA,Nessuna strategia ha funzionato,1,2025-12-24T04:15:23.971733
synced,AG1A05000B,PAR_ISOLE_NON_METRO_INFANZIA,Nessuna strategia ha funzionato,1,2025-12-24T04:15:22.201065
synced,NU1A044009,PAR_ISOLE_NON_METRO_INFANZIA,Nessuna strategia ha funzionato,1,2025-12-24T04:15:19.042367
synced,TP1A039002,PAR_ISOLE_NON_METRO_INFANZIA,Nessuna strategia ha funzionato,1,2025-12-24T04:15:11.686851
synced,SR1A812038,PAR_ISOLE_NON_METRO_INFANZIA,Nessuna strategia ha funzionato,1,2025-12-24T04:15:09.791143
synced,TP1A00800A,PAR_ISOLE_NON_METRO_INFANZIA,Nessuna strategia ha funzionato,1,2025-12-24T04:15:06.821919
synced,AG1AB7500R,PAR_ISOLE_NON_METRO_INFANZIA,Nessuna strategia ha funzionato,1,2025-12-24T04:14:55.193008
synced,SR1A04400N,PAR_ISOLE_NON_METRO_INFANZIA,Nessuna strategia ha funzionato,1,2025-12-24T04:14:52.031016
synced,SS1A029003,PAR_ISOLE_NON_METRO_INFANZIA,Nessuna strategia ha funzionato,1,2025-12-24T04:14:42.100366
synced,AG1ATU500C,PAR_ISOLE_NON_METRO_INFANZIA,Nessuna strategia ha funzionato,1,2025-12-24T04:14:38.986840
synced,CA1A11000E,PAR_ISOLE_NON_METRO_INFANZIA,Nessuna strategia ha funzionato,1,2025-12-24T04:14:35.850025
synced,SR1A05700Q,PAR_ISOLE_NON_METRO_INFANZIA,Nessuna strategia ha funzionato,1,2025-12-24T04:14:28.414077
synced,CL1A02300B,PAR_ISOLE_NON_METRO_INFANZIA,Nessuna strategia ha funzionato,1,2025-12-24T04:14:25.221179
synced,AG1A03400D,PAR_ISOLE_NON_METRO_INFANZIA,Nessuna strategia ha funzionato,1,2025-12-24T04:14:22.188026
synced,CA1A10000X,PAR_ISOLE_NON_METRO_INFANZIA,Nessuna strategia ha funzionato,1,2025-12-24T04:14:19.089996
synced,RG1AP0500H,PAR_ISOLE_NON_METRO_INFANZIA,Nessuna strategia ha funzionato,1,2025-12-24T04:14:16.038780
synced,CA1A05300G,PAR_ISOLE_NON_METRO_INFANZIA,Nessuna strategia ha funzionato,1,2025-12-24T04:14:12.915518
synced,SR1AVR500I,PAR_ISOLE_NON_METRO_INFANZIA,Nessuna strategia ha funzionato,1,2025-12-24T04:14:11.162872
synced,OR1A02300Q,PAR_ISOLE_NON_METRO_INFANZIA,Nessuna strategia ha funzionato,1,2025-12-24T04:14:08.064759
synced,SR1A03500V,PAR_ISOLE_NON_METRO_INFANZIA,Nessuna strategia ha funzionato,1,2025-12-24T04:14:04.251301
synced,AG1A6Z500D,PAR_ISOLE_NON_METRO_INFANZIA,Nessuna strategia ha funzionato,1,2025-12-24T04:14:01.236245
synced,RG1A00100V,PAR_ISOLE_NON_METRO_INFANZIA,Nessuna strategia ha funzionato,1,2025-12-24T04:13:58.130154
synced,AG1EVA500E,PAR_ISOLE_NON_METRO_PRIMARIA,Nessuna strategia ha funzionato,1,2025-12-24T04:13:54.855019
synced,RG1E005004,PAR_ISOLE_NON_METRO_PRIMARIA,Nessuna strategia ha funzionato,1,2025-12-24T04:13:48.501809
synced,SS1E01100Q,PAR_ISOLE_NON_METRO_PRIMARIA,Nessuna strategia ha funzionato,1,2025-12-24T04:13:38.261960
synced,SR1E00600R,PAR_ISOLE_NON_METRO_PRIMARIA,Nessuna strategia ha funzionato,1,2025-12-24T04:13:35.166737
synced,CL1E00500Q,PAR_ISOLE_NON_METRO_PRIMARIA,Nessuna strategia ha funzionato,1,2025-12-24T04:13:32.145021
synced,RG1E00600X,PAR_ISOLE_NON_METRO_PRIMARIA,Nessuna strategia ha funzionato,1,2025-12-24T04:13:28.722891
synced,SR1E009008,PAR_ISOLE_NON_METRO_PRIMARIA,Nessuna strategia ha funzionato,1,2025-12-24T04:13:22.238255
synced,OR1E00100R,PAR_ISOLE_NON_METRO_PRIMARIA,Nessuna strategia ha funzionato,1,2025-12-24T04:13:15.749445
synced,CL1E003004,PAR_ISOLE_NON_METRO_PRIMARIA,Nessuna strategia ha funzionato,1,2025-12-24T04:13:06.284486
synced,TP1E003005,PAR_ISOLE_NON_METRO_PRIMARIA,Nessuna strategia ha funzionato,1,2025-12-24T04:13:02.357244
synced,SS1E01000X,PAR_ISOLE_NON_METRO_PRIMARIA,Nessuna strategia ha funzionato,1,2025-12-24T04:12:45.837579
synced,CL1E002008,PAR_ISOLE_NON_METRO_PRIMARIA,Nessuna strategia ha funzionato,1,2025-12-24T04:12:31.702965
synced,RG1E00700Q,PAR_ISOLE_NON_METRO_PRIMARIA,Nessuna strategia ha funzionato,1,2025-12-24T04:12:17.044976
synced,CL1E00400X,PAR_ISOLE_NON_METRO_PRIMARIA,Nessuna strategia ha funzionato,1,2025-12-24T04:12:13.657890
synced,CA1EUL5004,PAR_ISOLE_NON_METRO_PRIMARIA,Nessuna strategia ha funzionato,1,2025-12-24T04:12:10.439661
synced,CA1E00200L,PAR_ISOLE_NON_METRO_PRIMARIA,Nessuna strategia ha funzionato,1,2025-12-24T04:12:07.172519
synced,SS1E01300B,PAR_ISOLE_NON_METRO_PRIMARIA,Nessuna strategia ha funzionato,1,2025-12-24T04:11:46.342263
synced,ME1E01700T,PAR_ISOLE_METRO_PRIMARIA,Nessuna strategia ha funzionato,1,2025-12-24T04:11:23.652392
synced,PA1E4O500T,PAR_ISOLE_METRO_PRIMARIA,Nessuna strategia ha funzionato,1,2025-12-24T04:11:14.393144
synced,PA1E02600A,PAR_ISOLE_METRO_PRIMARIA,Nessuna strategia ha funzionato,1,2025-12-24T04:11:11.227038
synced,CT1E02100P,PAR_ISOLE_METRO_PRIMARIA,Nessuna strategia ha funzionato,1,2025-12-24T04:11:08.003644
synced,PA1EAT500P,PAR_ISOLE_METRO_PRIMARIA,Nessuna strategia ha funzionato,1,2025-12-24T04:10:49.022913
synced,PA1EZG500F,PAR_ISOLE_METRO_PRIMARIA,Nessuna strategia ha funzionato,1,2025-12-24T04:10:45.793071
synced,PA1E034009,PAR_ISOLE_METRO_PRIMARIA,Nessuna strategia ha funzionato,1,2025-12-24T04:10:44.026855
synced,ME1E00300X,PAR_ISOLE_METRO_PRIMARIA,Nessuna strategia ha funzionato,1,2025-12-24T04:10:40.829698
synced,PA1E02900T,PAR_ISOLE_METRO_PRIMARIA,Nessuna strategia ha funzionato,1,2025-12-24T04:10:37.060574
synced,CT1EH25008,PAR_ISOLE_METRO_PRIMARIA,Nessuna strategia ha funzionato,1,2025-12-24T04:10:33.841284
synced,PA1E01000R,PAR_ISOLE_METRO_PRIMARIA,Nessuna strategia ha funzionato,1,2025-12-24T04:10:30.869521
synced,CA1E01500P,PAR_ISOLE_METRO_PRIMARIA,Nessuna strategia ha funzionato,1,2025-12-24T04:10:27.502837
synced,PA1E043004,PAR_ISOLE_METRO_PRIMARIA,Nessuna strategia ha funzionato,1,2025-12-24T04:10:24.270442
synced,CT1E031009,PAR_ISOLE_METRO_PRIMARIA,Nessuna strategia ha funzionato,1,2025-12-24T04:10:15.093446
synced,CT1E010008,PAR_ISOLE_METRO_PRIMARIA,Nessuna strategia ha funzionato,1,2025-12-24T04:10:11.133472
synced,PA1E035005,PAR_ISOLE_METRO_PRIMARIA,Nessuna strategia ha funzionato,1,2025-12-24T04:10:07.521145
synced,CA1E01000G,PAR_ISOLE_METRO_PRIMARIA,Nessuna strategia ha funzionato,1,2025-12-24T04:10:04.139128
synced,CA1E01100B,PAR_ISOLE_METRO_PRIMARIA,Nessuna strategia ha funzionato,1,2025-12-24T04:10:00.266277
synced,PA1E01800B,PAR_ISOLE_METRO_PRIMARIA,Nessuna strategia ha funzionato,1,2025-12-24T04:09:57.256014
synced,PA1E006005,PAR_ISOLE_METRO_PRIMARIA,Nessuna strategia ha funzionato,1,2025-12-24T04:09:51.145867
synced,CA1E012007,PAR_ISOLE_METRO_PRIMARIA,Nessuna strategia ha funzionato,1,2025-12-24T04:09:48.083357
synced,PA1E01500X,PAR_ISOLE_METRO_PRIMARIA,Nessuna strategia ha funzionato,1,2025-12-24T04:09:44.834856
synced,PA1E04000L,PAR_ISOLE_METRO_PRIMARIA,Nessuna strategia ha funzionato,1,2025-12-24T04:09:42.944913
synced,CT1ET9500Z,PAR_ISOLE_METRO_PRIMARIA,Nessuna strategia ha funzionato,1,2025-12-24T04:09:39.441627
synced,PA1E048007,PAR_ISOLE_METRO_PRIMARIA,Nessuna strategia ha funzionato,1,2025-12-24T04:09:16.025050
synced,PA1E04500Q,PAR_ISOLE_METRO_PRIMARIA,Nessuna strategia ha funzionato,1,2025-12-24T04:09:11.624184
synced,PA1EDC5004,PAR_ISOLE_METRO_PRIMARIA,Nessuna strategia ha funzionato,1,2025-12-24T04:09:06.462085
synced,PA1E02300V,PAR_ISOLE_METRO_PRIMARIA,Nessuna strategia ha funzionato,1,2025-12-24T04:08:47.100579
synced,PA1E02000B,PAR_ISOLE_METRO_PRIMARIA,Nessuna strategia ha funzionato,1,2025-12-24T04:08:43.541878
synced,CA1E01700A,PAR_ISOLE_METRO_PRIMARIA,Nessuna strategia ha funzionato,1,2025-12-24T04:08:40.230308
synced,CT1E038004,PAR_ISOLE_METRO_PRIMARIA,Nessuna strategia ha funzionato,1,2025-12-24T04:08:38.039986
synced,PA1E03900C,PAR_ISOLE_METRO_PRIMARIA,Nessuna strategia ha funzionato,1,2025-12-24T04:07:58.990232
synced,CA1E00600X,PAR_ISOLE_METRO_PRIMARIA,Nessuna strategia ha funzionato,1,2025-12-24T04:07:55.834588
synced,CA1E020006,PAR_ISOLE_METRO_PRIMARIA,Nessuna strategia ha funzionato,1,2025-12-24T04:07:52.703782
synced,ME1E00500G,PAR_ISOLE_METRO_PRIMARIA,Nessuna strategia ha funzionato,1,2025-12-24T04:07:46.510243
synced,ME1E001008,PAR_ISOLE_METRO_PRIMARIA,Nessuna strategia ha funzionato,1,2025-12-24T04:07:37.803220
synced,CT1E004001,PAR_ISOLE_METRO_PRIMARIA,Nessuna strategia ha funzionato,1,2025-12-24T04:07:31.537486
synced,CT1E008008,PAR_ISOLE_METRO_PRIMARIA,Nessuna strategia ha funzionato,1,2025-12-24T04:07:22.669678
synced,PA1E005009,PAR_ISOLE_METRO_PRIMARIA,Nessuna strategia ha funzionato,1,2025-12-24T04:07:13.160448
synced,CT1E02300A,PAR_ISOLE_METRO_PRIMARIA,Nessuna strategia ha funzionato,1,2025-12-24T04:07:00.857016
synced,PA1EC8500U,PAR_ISOLE_METRO_PRIMARIA,Nessuna strategia ha funzionato,1,2025-12-24T04:06:52.448472
synced,PA1E00300N,PAR_ISOLE_METRO_PRIMARIA,Nessuna strategia ha funzionato,1,2025-12-24T04:06:45.369004
synced,CT1E053006,PAR_ISOLE_METRO_PRIMARIA,Nessuna strategia ha funzionato,1,2025-12-24T04:06:42.107680
synced,PA1E01700G,PAR_ISOLE_METRO_PRIMARIA,Nessuna strategia ha funzionato,1,2025-12-24T04:06:37.599927
synced,AP1A02000B,PAR_CENTRO_NON_METRO_INFANZIA,Nessuna strategia ha funzionato,1,2025-12-24T04:06:34.482652
synced,PO1A021008,PAR_CENTRO_NON_METRO_INFANZIA,Nessuna strategia ha funzionato,1,2025-12-24T04:06:31.039211
synced,AN1A00100B,PAR_CENTRO_NON_METRO_INFANZIA,Nessuna strategia ha funzionato,1,2025-12-24T04:06:15.618510
synced,PO1A006006,PAR_CENTRO_NON_METRO_INFANZIA,Nessuna strategia ha funzionato,1,2025-12-24T04:06:09.716509
synced,PI1A03100N,PAR_CENTRO_NON_METRO_INFANZIA,Nessuna strategia ha funzionato,1,2025-12-24T04:05:43.154145
synced,LU1A03400T,PAR_CENTRO_NON_METRO_INFANZIA,Nessuna strategia ha funzionato,1,2025-12-24T04:05:30.922269
synced,VT1A01700T,PAR_CENTRO_NON_METRO_INFANZIA,Nessuna strategia ha funzionato,1,2025-12-24T04:05:27.890214
synced,LT1A04500R,PAR_CENTRO_NON_METRO_INFANZIA,Nessuna strategia ha funzionato,1,2025-12-24T04:05:24.906140
synced,FR1A024004,PAR_CENTRO_NON_METRO_INFANZIA,Nessuna strategia ha funzionato,1,2025-12-24T04:05:21.907213
synced,PG1A03400C,PAR_CENTRO_NON_METRO_INFANZIA,Nessuna strategia ha funzionato,1,2025-12-24T04:05:18.531175
synced,PG1A044003,PAR_CENTRO_NON_METRO_INFANZIA,Nessuna strategia ha funzionato,1,2025-12-24T04:05:15.474087
synced,SI1A015009,PAR_CENTRO_NON_METRO_INFANZIA,Nessuna strategia ha funzionato,1,2025-12-24T04:05:12.046415
synced,LI1A01200E,PAR_CENTRO_NON_METRO_INFANZIA,Nessuna strategia ha funzionato,1,2025-12-24T04:05:09.021030
synced,FR1A015009,PAR_CENTRO_NON_METRO_INFANZIA,Nessuna strategia ha funzionato,1,2025-12-24T04:05:05.906072
synced,FR1A01800R,PAR_CENTRO_NON_METRO_INFANZIA,Nessuna strategia ha funzionato,1,2025-12-24T04:05:02.812647
synced,PG1A029001,PAR_CENTRO_NON_METRO_INFANZIA,Nessuna strategia ha funzionato,1,2025-12-24T04:04:59.704951
synced,LT1A028003,PAR_CENTRO_NON_METRO_INFANZIA,Nessuna strategia ha funzionato,1,2025-12-24T04:04:56.640048
synced,TR1A04400P,PAR_CENTRO_NON_METRO_INFANZIA,Nessuna strategia ha funzionato,1,2025-12-24T04:04:53.501908
synced,LT1A01200D,PAR_CENTRO_NON_METRO_INFANZIA,Nessuna strategia ha funzionato,1,2025-12-24T04:04:50.162421
synced,AR1A029003,PAR_CENTRO_NON_METRO_INFANZIA,Nessuna strategia ha funzionato,1,2025-12-24T04:04:46.970277
synced,SI1A029007,PAR_CENTRO_NON_METRO_INFANZIA,Nessuna strategia ha funzionato,1,2025-12-24T04:04:43.955696
synced,MS1A01800V,PAR_CENTRO_NON_METRO_INFANZIA,Nessuna strategia ha funzionato,1,2025-12-24T04:04:40.860635
synced,PI1A00200N,PAR_CENTRO_NON_METRO_INFANZIA,Nessuna strategia ha funzionato,1,2025-12-24T04:04:37.848881
synced,PO1A01000T,PAR_CENTRO_NON_METRO_INFANZIA,Nessuna strategia ha funzionato,1,2025-12-24T04:04:22.576551
synced,PO1A86500L,PAR_CENTRO_NON_METRO_INFANZIA,Nessuna strategia ha funzionato,1,2025-12-24T04:04:19.255848
synced,PI1A055006,PAR_CENTRO_NON_METRO_INFANZIA,Nessuna strategia ha funzionato,1,2025-12-24T04:04:16.137781
synced,PI1A81601G,PAR_CENTRO_NON_METRO_INFANZIA,Nessuna strategia ha funzionato,1,2025-12-24T04:04:13.066540
synced,PI1A033009,PAR_CENTRO_NON_METRO_INFANZIA,Nessuna strategia ha funzionato,1,2025-12-24T04:04:09.723704
synced,PI1A02200V,PAR_CENTRO_NON_METRO_INFANZIA,Nessuna strategia ha funzionato,1,2025-12-24T04:04:06.553317
synced,AN1A010006,PAR_CENTRO_NON_METRO_INFANZIA,Nessuna strategia ha funzionato,1,2025-12-24T04:04:03.435330
synced,PT1A01000G,PAR_CENTRO_NON_METRO_INFANZIA,Nessuna strategia ha funzionato,1,2025-12-24T04:03:52.797693
synced,PI1A01000L,PAR_CENTRO_NON_METRO_INFANZIA,Nessuna strategia ha funzionato,1,2025-12-24T04:03:49.205693
synced,PO1A04600L,PAR_CENTRO_NON_METRO_INFANZIA,Nessuna strategia ha funzionato,1,2025-12-24T04:03:46.082605
synced,LU1A025003,PAR_CENTRO_NON_METRO_INFANZIA,Nessuna strategia ha funzionato,1,2025-12-24T04:03:28.671791
synced,LI1A049005,PAR_CENTRO_NON_METRO_INFANZIA,Nessuna strategia ha funzionato,1,2025-12-24T04:03:25.393765
synced,PI1A03200D,PAR_CENTRO_NON_METRO_INFANZIA,Nessuna strategia ha funzionato,1,2025-12-24T04:03:22.177027
synced,GR1A016009,PAR_CENTRO_NON_METRO_INFANZIA,Nessuna strategia ha funzionato,1,2025-12-24T04:03:18.877395
synced,PS1A05000V,PAR_CENTRO_NON_METRO_INFANZIA,Nessuna strategia ha funzionato,1,2025-12-24T04:03:15.773455
synced,PT1A00100R,PAR_CENTRO_NON_METRO_INFANZIA,Nessuna strategia ha funzionato,1,2025-12-24T04:03:12.497827
synced,PT1A042003,PAR_CENTRO_NON_METRO_INFANZIA,Nessuna strategia ha funzionato,1,2025-12-24T04:03:09.316682
synced,FR1A011002,PAR_CENTRO_NON_METRO_INFANZIA,Nessuna strategia ha funzionato,1,2025-12-24T04:02:58.947106
synced,GR1AAU500E,PAR_CENTRO_NON_METRO_INFANZIA,Nessuna strategia ha funzionato,1,2025-12-24T04:02:55.752031
synced,TR1A00600X,PAR_CENTRO_NON_METRO_INFANZIA,Nessuna strategia ha funzionato,1,2025-12-24T04:02:48.810952
synced,PT1A02900L,PAR_CENTRO_NON_METRO_INFANZIA,Nessuna strategia ha funzionato,1,2025-12-24T04:02:45.562918
synced,PO1A036002,PAR_CENTRO_NON_METRO_INFANZIA,Nessuna strategia ha funzionato,1,2025-12-24T04:02:32.826263
synced,LI1A00300Q,PAR_CENTRO_NON_METRO_INFANZIA,Nessuna strategia ha funzionato,1,2025-12-24T04:02:29.720886
synced,PG1A036004,PAR_CENTRO_NON_METRO_INFANZIA,Nessuna strategia ha funzionato,1,2025-12-24T04:02:26.512860
synced,PT1A04000B,PAR_CENTRO_NON_METRO_INFANZIA,Nessuna strategia ha funzionato,1,2025-12-24T04:02:23.236343
synced,PS1A03600L,PAR_CENTRO_NON_METRO_INFANZIA,Nessuna strategia ha funzionato,1,2025-12-24T04:02:20.175089
synced,VE1E00900E,PAR_NORD EST_METRO_PRIMARIA,Nessuna strategia ha funzionato,1,2025-12-24T04:02:17.126441
synced,BO1E014001,PAR_NORD EST_METRO_PRIMARIA,Nessuna strategia ha funzionato,1,2025-12-24T04:01:57.637353
synced,BO1E01000N,PAR_NORD EST_METRO_PRIMARIA,Nessuna strategia ha funzionato,1,2025-12-24T04:01:54.199388
synced,BO1E012009,PAR_NORD EST_METRO_PRIMARIA,Nessuna strategia ha funzionato,1,2025-12-24T04:00:04.861783
synced,VE1E00400B,PAR_NORD EST_METRO_PRIMARIA,Nessuna strategia ha funzionato,1,2025-12-24T03:59:47.036866
synced,VE1E00300G,PAR_NORD EST_METRO_PRIMARIA,Nessuna strategia ha funzionato,1,2025-12-24T03:59:39.167619
synced,BO1E01600L,PAR_NORD EST_METRO_PRIMARIA,Nessuna strategia ha funzionato,1,2025-12-24T03:59:31.970673
synced,BO1E018008,PAR_NORD EST_METRO_PRIMARIA,Nessuna strategia ha funzionato,1,2025-12-24T03:59:09.320521
synced,VE1E01100E,PAR_NORD EST_METRO_PRIMARIA,Nessuna strategia ha funzionato,1,2025-12-24T03:59:06.224827
synced,BO1E00200P,PAR_NORD EST_METRO_PRIMARIA,Nessuna strategia ha funzionato,1,2025-12-24T03:59:03.123685
synced,VE1E00200Q,PAR_NORD EST_METRO_PRIMARIA,Nessuna strategia ha funzionato,1,2025-12-24T03:58:44.759145
synced,BO1E005006,PAR_NORD EST_METRO_PRIMARIA,Nessuna strategia ha funzionato,1,2025-12-24T03:58:40.990674
synced,VE1E014002,PAR_NORD EST_METRO_PRIMARIA,Nessuna strategia ha funzionato,1,2025-12-24T03:58:16.628323
synced,BO1E00400A,PAR_NORD EST_METRO_PRIMARIA,Nessuna strategia ha funzionato,1,2025-12-24T03:58:02.460305
synced,VE1E013006,PAR_NORD EST_METRO_PRIMARIA,Nessuna strategia ha funzionato,1,2025-12-24T03:57:43.921352
synced,BO1E01100D,PAR_NORD EST_METRO_PRIMARIA,Nessuna strategia ha funzionato,1,2025-12-24T03:57:40.457583
synced,VE1E00100X,PAR_NORD EST_METRO_PRIMARIA,Nessuna strategia ha funzionato,1,2025-12-24T03:57:28.498974
synced,VE1E00800P,PAR_NORD EST_METRO_PRIMARIA,Nessuna strategia ha funzionato,1,2025-12-24T03:57:25.281211
synced,BO1EL9500N,PAR_NORD EST_METRO_PRIMARIA,Nessuna strategia ha funzionato,1,2025-12-24T03:57:22.168951
synced,VE1E005007,PAR_NORD EST_METRO_PRIMARIA,Nessuna strategia ha funzionato,1,2025-12-24T03:57:18.264629
synced,VE1EOS500N,PAR_NORD EST_METRO_PRIMARIA,Nessuna strategia ha funzionato,1,2025-12-24T03:56:59.332615
synced,VE1E006003,PAR_NORD EST_METRO_PRIMARIA,Nessuna strategia ha funzionato,1,2025-12-24T03:56:52.523296
synced,BO1E01500R,PAR_NORD EST_METRO_PRIMARIA,Nessuna strategia ha funzionato,1,2025-12-24T03:56:45.354594
synced,BO1E00900D,PAR_NORD EST_METRO_PRIMARIA,Nessuna strategia ha funzionato,1,2025-12-24T03:56:31.546544
synced,BO1E00100V,PAR_NORD EST_METRO_PRIMARIA,Nessuna strategia ha funzionato,1,2025-12-24T03:56:10.807893
synced,VE1E01200A,PAR_NORD EST_METRO_PRIMARIA,Nessuna strategia ha funzionato,1,2025-12-24T03:55:57.169057
synced,BO1E01700C,PAR_NORD EST_METRO_PRIMARIA,Nessuna strategia ha funzionato,1,2025-12-24T03:55:18.230932
synced,BNPC015006,PAR_SUD_NON_METRO_SEC_SECONDO,Nessuna strategia ha funzionato,1,2025-12-24T03:55:11.772253
synced,SAPLLV500D,PAR_SUD_NON_METRO_SEC_SECONDO,Nessuna strategia ha funzionato,1,2025-12-24T03:55:05.038956
synced,SATFNZ5007,PAR_SUD_NON_METRO_SEC_SECONDO,Nessuna strategia ha funzionato,1,2025-12-24T03:55:01.890953
synced,AVTF005001,PAR_SUD_NON_METRO_SEC_SECONDO,Nessuna strategia ha funzionato,1,2025-12-24T03:55:00.012322
synced,CHPMSU500U,PAR_SUD_NON_METRO_SEC_SECONDO,Nessuna strategia ha funzionato,1,2025-12-24T03:54:58.147677
synced,SATFHG5004,PAR_SUD_NON_METRO_SEC_SECONDO,Nessuna strategia ha funzionato,1,2025-12-24T03:54:48.180066
synced,AVTD3P5005,PAR_SUD_NON_METRO_SEC_SECONDO,Nessuna strategia ha funzionato,1,2025-12-24T03:54:44.977350
synced,SATDBD5007,PAR_SUD_NON_METRO_SEC_SECONDO,Nessuna strategia ha funzionato,1,2025-12-24T03:54:43.125288
synced,SARFD1500N,PAR_SUD_NON_METRO_SEC_SECONDO,Nessuna strategia ha funzionato,1,2025-12-24T03:54:40.538783
synced,CETD15500D,PAR_SUD_NON_METRO_SEC_SECONDO,Nessuna strategia ha funzionato,1,2025-12-24T03:54:37.397482
synced,SARHV4500U,PAR_SUD_NON_METRO_SEC_SECONDO,Nessuna strategia ha funzionato,1,2025-12-24T03:54:17.665617
synced,SATL16500Q,PAR_SUD_NON_METRO_SEC_SECONDO,Nessuna strategia ha funzionato,1,2025-12-24T03:54:14.396950
synced,SATD01500E,PAR_SUD_NON_METRO_SEC_SECONDO,Nessuna strategia ha funzionato,1,2025-12-24T03:54:12.667828
synced,PEPMPL500U,PAR_SUD_NON_METRO_SEC_SECONDO,Nessuna strategia ha funzionato,1,2025-12-24T03:53:38.293246
synced,SATFH8500N,PAR_SUD_NON_METRO_SEC_SECONDO,Nessuna strategia ha funzionato,1,2025-12-24T03:53:05.860595
synced,AVTFAN5004,PAR_SUD_NON_METRO_SEC_SECONDO,Nessuna strategia ha funzionato,1,2025-12-24T03:53:02.671779
synced,VVPS2U500I,PAR_SUD_NON_METRO_SEC_SECONDO,Nessuna strategia ha funzionato,1,2025-12-24T03:51:43.036842
synced,SARFRL5003,PAR_SUD_NON_METRO_SEC_SECONDO,Nessuna strategia ha funzionato,1,2025-12-24T03:51:32.173965
synced,SATD22500V,PAR_SUD_NON_METRO_SEC_SECONDO,Nessuna strategia ha funzionato,1,2025-12-24T03:51:15.206221
synced,PEPS005001,PAR_SUD_NON_METRO_SEC_SECONDO,Nessuna strategia ha funzionato,1,2025-12-24T03:51:12.134525
synced,SAPS09500G,PAR_SUD_NON_METRO_SEC_SECONDO,Nessuna strategia ha funzionato,1,2025-12-24T03:50:53.687919
synced,CETDHL500C,PAR_SUD_NON_METRO_SEC_SECONDO,Nessuna strategia ha funzionato,1,2025-12-24T03:50:50.614243
synced,PEPC8E500U,PAR_SUD_NON_METRO_SEC_SECONDO,Nessuna strategia ha funzionato,1,2025-12-24T03:50:41.164526
synced,BNTDC1500F,PAR_SUD_NON_METRO_SEC_SECONDO,Nessuna strategia ha funzionato,1,2025-12-24T03:50:10.694257
synced,SATL2P5005,PAR_SUD_NON_METRO_SEC_SECONDO,Nessuna strategia ha funzionato,1,2025-12-24T03:50:07.709630
synced,FGRHSR500L,PAR_SUD_NON_METRO_SEC_SECONDO,Nessuna strategia ha funzionato,1,2025-12-24T03:50:04.543529
synced,CERHU1500P,PAR_SUD_NON_METRO_SEC_SECONDO,Nessuna strategia ha funzionato,1,2025-12-24T03:50:01.460268
synced,AVTDAS5006,PAR_SUD_NON_METRO_SEC_SECONDO,Nessuna strategia ha funzionato,1,2025-12-24T03:49:58.356777
synced,PEPMDE500O,PAR_SUD_NON_METRO_SEC_SECONDO,Nessuna strategia ha funzionato,1,2025-12-24T03:49:54.789911
synced,CHTL31500X,PAR_SUD_NON_METRO_SEC_SECONDO,Nessuna strategia ha funzionato,1,2025-12-24T03:49:36.654072
synced,CERHP55001,PAR_SUD_NON_METRO_SEC_SECONDO,Nessuna strategia ha funzionato,1,2025-12-24T03:49:27.321303
synced,CSPSDO500P,PAR_SUD_NON_METRO_SEC_SECONDO,Nessuna strategia ha funzionato,1,2025-12-24T03:49:08.733598
synced,SATDR35003,PAR_SUD_NON_METRO_SEC_SECONDO,Nessuna strategia ha funzionato,1,2025-12-24T03:49:05.419302
synced,SATFET500V,PAR_SUD_NON_METRO_SEC_SECONDO,Nessuna strategia ha funzionato,1,2025-12-24T03:48:46.011006
synced,SARHE75006,PAR_SUD_NON_METRO_SEC_SECONDO,Nessuna strategia ha funzionato,1,2025-12-24T03:48:42.643510
synced,CETDHG500L,PAR_SUD_NON_METRO_SEC_SECONDO,Nessuna strategia ha funzionato,1,2025-12-24T03:48:40.517337
synced,CZPL925000,PAR_SUD_NON_METRO_SEC_SECONDO,Nessuna strategia ha funzionato,1,2025-12-24T03:48:37.363441
synced,CEPM195000,PAR_SUD_NON_METRO_SEC_SECONDO,Nessuna strategia ha funzionato,1,2025-12-24T03:48:13.627022
synced,SARF17500D,PAR_SUD_NON_METRO_SEC_SECONDO,Nessuna strategia ha funzionato,1,2025-12-24T03:48:11.652117
synced,PETF005003,PAR_SUD_NON_METRO_SEC_SECONDO,Nessuna strategia ha funzionato,1,2025-12-24T03:47:39.652319
synced,CSTD03500E,PAR_SUD_NON_METRO_SEC_SECONDO,Nessuna strategia ha funzionato,1,2025-12-24T03:47:06.317349
synced,SATDG75005,PAR_SUD_NON_METRO_SEC_SECONDO,Nessuna strategia ha funzionato,1,2025-12-24T03:47:02.638667
synced,SAPS8F500U,PAR_SUD_NON_METRO_SEC_SECONDO,Nessuna strategia ha funzionato,1,2025-12-24T03:46:59.575146
synced,SATF1Z500T,PAR_SUD_NON_METRO_SEC_SECONDO,Nessuna strategia ha funzionato,1,2025-12-24T03:46:56.524411
synced,SAPMBS5006,PAR_SUD_NON_METRO_SEC_SECONDO,Nessuna strategia ha funzionato,1,2025-12-24T03:46:53.237291
synced,CETFEI5009,PAR_SUD_NON_METRO_SEC_SECONDO,Nessuna strategia ha funzionato,1,2025-12-24T03:46:49.934635
synced,AVTDMI500Z,PAR_SUD_NON_METRO_SEC_SECONDO,Nessuna strategia ha funzionato,1,2025-12-24T03:46:47.774460
synced,BO1A9T500B,PAR_NORD EST_METRO_INFANZIA,Nessuna strategia ha funzionato,1,2025-12-24T03:46:27.514719
synced,VE1A15400B,PAR_NORD EST_METRO_INFANZIA,Nessuna strategia ha funzionato,1,2025-12-24T03:46:24.599425
synced,BO1A03900B,PAR_NORD EST_METRO_INFANZIA,Nessuna strategia ha funzionato,1,2025-12-24T03:46:21.617086
synced,VE1A80500M,PAR_NORD EST_METRO_INFANZIA,Nessuna strategia ha funzionato,1,2025-12-24T03:46:16.917256
synced,BO1A10100T,PAR_NORD EST_METRO_INFANZIA,Nessuna strategia ha funzionato,1,2025-12-24T03:46:13.723109
synced,VE1A10400A,PAR_NORD EST_METRO_INFANZIA,Nessuna strategia ha funzionato,1,2025-12-24T03:46:10.553858
synced,BO1A05400D,PAR_NORD EST_METRO_INFANZIA,Nessuna strategia ha funzionato,1,2025-12-24T03:46:05.324596
synced,BO1AGI500G,PAR_NORD EST_METRO_INFANZIA,Nessuna strategia ha funzionato,1,2025-12-24T03:46:02.163935
synced,BO1A034008,PAR_NORD EST_METRO_INFANZIA,Nessuna strategia ha funzionato,1,2025-12-24T03:45:57.816658
synced,BO1A05900L,PAR_NORD EST_METRO_INFANZIA,Nessuna strategia ha funzionato,1,2025-12-24T03:45:54.668035
synced,VE1A12400G,PAR_NORD EST_METRO_INFANZIA,Nessuna strategia ha funzionato,1,2025-12-24T03:45:51.666447
synced,BO1A4I500L,PAR_NORD EST_METRO_INFANZIA,Nessuna strategia ha funzionato,1,2025-12-24T03:45:48.471014
synced,VE1A04500Q,PAR_NORD EST_METRO_INFANZIA,Nessuna strategia ha funzionato,1,2025-12-24T03:45:27.665769
synced,BO1A20300A,PAR_NORD EST_METRO_INFANZIA,Nessuna strategia ha funzionato,1,2025-12-24T03:45:24.569157
synced,VE1A078003,PAR_NORD EST_METRO_INFANZIA,Nessuna strategia ha funzionato,1,2025-12-24T03:45:21.590064
synced,VE1A043004,PAR_NORD EST_METRO_INFANZIA,Nessuna strategia ha funzionato,1,2025-12-24T03:45:18.213521
synced,VE1A121004,PAR_NORD EST_METRO_INFANZIA,Nessuna strategia ha funzionato,1,2025-12-24T03:45:15.035880
synced,VE1A005009,PAR_NORD EST_METRO_INFANZIA,Nessuna strategia ha funzionato,1,2025-12-24T03:45:11.862247
synced,VE1A01500X,PAR_NORD EST_METRO_INFANZIA,Nessuna strategia ha funzionato,1,2025-12-24T03:45:08.686372
synced,VE1A10900D,PAR_NORD EST_METRO_INFANZIA,Nessuna strategia ha funzionato,1,2025-12-24T03:45:05.449378
synced,VE1A001002,PAR_NORD EST_METRO_INFANZIA,Nessuna strategia ha funzionato,1,2025-12-24T03:44:58.206890
synced,VE1A15900E,PAR_NORD EST_METRO_INFANZIA,Nessuna strategia ha funzionato,1,2025-12-24T03:44:54.954205
synced,VE1A02000B,PAR_NORD EST_METRO_INFANZIA,Nessuna strategia ha funzionato,1,2025-12-24T03:44:51.731137
synced,VE1A07300X,PAR_NORD EST_METRO_INFANZIA,Nessuna strategia ha funzionato,1,2025-12-24T03:44:48.615549
synced,VE1A172001,PAR_NORD EST_METRO_INFANZIA,Nessuna strategia ha funzionato,1,2025-12-24T03:44:39.548635
synced,BO1A193001,PAR_NORD EST_METRO_INFANZIA,Nessuna strategia ha funzionato,1,2025-12-24T03:44:36.480370
synced,VE1A142005,PAR_NORD EST_METRO_INFANZIA,Nessuna strategia ha funzionato,1,2025-12-24T03:44:32.704857
synced,VE1A17800X,PAR_NORD EST_METRO_INFANZIA,Nessuna strategia ha funzionato,1,2025-12-24T03:44:29.498658
synced,BO1A14000C,PAR_NORD EST_METRO_INFANZIA,Nessuna strategia ha funzionato,1,2025-12-24T03:44:19.598094
synced,BO1A04100B,PAR_NORD EST_METRO_INFANZIA,Nessuna strategia ha funzionato,1,2025-12-24T03:44:16.553929
synced,VE1A00200T,PAR_NORD EST_METRO_INFANZIA,Nessuna strategia ha funzionato,1,2025-12-24T03:44:13.417804
synced,BO1A056005,PAR_NORD EST_METRO_INFANZIA,Nessuna strategia ha funzionato,1,2025-12-24T03:44:02.423567
synced,VE1A134006,PAR_NORD EST_METRO_INFANZIA,Nessuna strategia ha funzionato,1,2025-12-24T03:43:59.042626
synced,BO1A08800L,PAR_NORD EST_METRO_INFANZIA,Nessuna strategia ha funzionato,1,2025-12-24T03:43:32.158305
synced,BO1A02300T,PAR_NORD EST_METRO_INFANZIA,Nessuna strategia ha funzionato,1,2025-12-24T03:43:29.157862
synced,BO1A086001,PAR_NORD EST_METRO_INFANZIA,Nessuna strategia ha funzionato,1,2025-12-24T03:43:26.086634
synced,BO1A04600E,PAR_NORD EST_METRO_INFANZIA,Nessuna strategia ha funzionato,1,2025-12-24T03:43:23.101621
synced,BO1A164001,PAR_NORD EST_METRO_INFANZIA,Nessuna strategia ha funzionato,1,2025-12-24T03:43:19.926980
synced,BO1A09700B,PAR_NORD EST_METRO_INFANZIA,Nessuna strategia ha funzionato,1,2025-12-24T03:43:13.067764
synced,VE1A08900D,PAR_NORD EST_METRO_INFANZIA,Nessuna strategia ha funzionato,1,2025-12-24T03:43:04.074843
synced,BO1A19900X,PAR_NORD EST_METRO_INFANZIA,Nessuna strategia ha funzionato,1,2025-12-24T03:42:54.123356
synced,BO1A006004,PAR_NORD EST_METRO_INFANZIA,Nessuna strategia ha funzionato,1,2025-12-24T03:42:50.481731
synced,BO1A093004,PAR_NORD EST_METRO_INFANZIA,Nessuna strategia ha funzionato,1,2025-12-24T03:42:33.480942
synced,BO1A18700N,PAR_NORD EST_METRO_INFANZIA,Nessuna strategia ha funzionato,1,2025-12-24T03:42:30.479077
synced,BO1A13700L,PAR_NORD EST_METRO_INFANZIA,Nessuna strategia ha funzionato,1,2025-12-24T03:42:27.522161
synced,VE1A17500C,PAR_NORD EST_METRO_INFANZIA,Nessuna strategia ha funzionato,1,2025-12-24T03:42:24.256471
synced,BO1A10900C,PAR_NORD EST_METRO_INFANZIA,Nessuna strategia ha funzionato,1,2025-12-24T03:42:06.439443
synced,BO1A06600Q,PAR_NORD EST_METRO_INFANZIA,Nessuna strategia ha funzionato,1,2025-12-24T03:41:59.933906
synced,RM1A113009,PAR_CENTRO_METRO_INFANZIA,Nessuna strategia ha funzionato,1,2025-12-24T03:41:56.880514
synced,RM1A490009,PAR_CENTRO_METRO_INFANZIA,Nessuna strategia ha funzionato,1,2025-12-24T03:41:50.742960
synced,RM1AVB500O,PAR_CENTRO_METRO_INFANZIA,Nessuna strategia ha funzionato,1,2025-12-24T03:41:47.501641
synced,RM1A292007,PAR_CENTRO_METRO_INFANZIA,Nessuna strategia ha funzionato,1,2025-12-24T03:41:44.489939
synced,RM1A3Q500E,PAR_CENTRO_METRO_INFANZIA,Nessuna strategia ha funzionato,1,2025-12-24T03:41:41.367757
synced,RM1A24500N,PAR_CENTRO_METRO_INFANZIA,Nessuna strategia ha funzionato,1,2025-12-24T03:41:38.350842
synced,FI1A06700N,PAR_CENTRO_METRO_INFANZIA,Nessuna strategia ha funzionato,1,2025-12-24T03:41:31.983311
synced,RM1A333008,PAR_CENTRO_METRO_INFANZIA,Nessuna strategia ha funzionato,1,2025-12-24T03:41:28.920089
synced,FI1A06300A,PAR_CENTRO_METRO_INFANZIA,Nessuna strategia ha funzionato,1,2025-12-24T03:41:25.866258
synced,FI1AEQ5007,PAR_CENTRO_METRO_INFANZIA,Nessuna strategia ha funzionato,1,2025-12-24T03:41:22.815621
synced,RM1A744006,PAR_CENTRO_METRO_INFANZIA,Nessuna strategia ha funzionato,1,2025-12-24T03:41:16.863504
synced,RM1A348002,PAR_CENTRO_METRO_INFANZIA,Nessuna strategia ha funzionato,1,2025-12-24T03:41:13.874470
synced,RM1A01600X,PAR_CENTRO_METRO_INFANZIA,Nessuna strategia ha funzionato,1,2025-12-24T03:41:10.695342
synced,RM1A263007,PAR_CENTRO_METRO_INFANZIA,Nessuna strategia ha funzionato,1,2025-12-24T03:41:07.728547
synced,RM1A60000G,PAR_CENTRO_METRO_INFANZIA,Nessuna strategia ha funzionato,1,2025-12-24T03:41:04.662420
synced,RM1A384005,PAR_CENTRO_METRO_INFANZIA,Nessuna strategia ha funzionato,1,2025-12-24T03:41:01.256488
synced,FI1A00800T,PAR_CENTRO_METRO_INFANZIA,Nessuna strategia ha funzionato,1,2025-12-24T03:40:58.205350
synced,RM1A463001,PAR_CENTRO_METRO_INFANZIA,Nessuna strategia ha funzionato,1,2025-12-24T03:40:55.030307
synced,RM1A509005,PAR_CENTRO_METRO_INFANZIA,Nessuna strategia ha funzionato,1,2025-12-24T03:40:51.856894
synced,FI1A12400L,PAR_CENTRO_METRO_INFANZIA,Nessuna strategia ha funzionato,1,2025-12-24T03:40:48.684877
synced,RM1A320006,PAR_CENTRO_METRO_INFANZIA,Nessuna strategia ha funzionato,1,2025-12-24T03:40:45.531601
synced,RM1A403009,PAR_CENTRO_METRO_INFANZIA,Nessuna strategia ha funzionato,1,2025-12-24T03:40:33.836770
synced,RM1A707007,PAR_CENTRO_METRO_INFANZIA,Nessuna strategia ha funzionato,1,2025-12-24T03:40:30.552289
synced,RM1A69300E,PAR_CENTRO_METRO_INFANZIA,Nessuna strategia ha funzionato,1,2025-12-24T03:40:27.461768
synced,RM1A675001,PAR_CENTRO_METRO_INFANZIA,Nessuna strategia ha funzionato,1,2025-12-24T03:40:24.331454
synced,RM1A701008,PAR_CENTRO_METRO_INFANZIA,Nessuna strategia ha funzionato,1,2025-12-24T03:40:21.266448
synced,RM1A62700G,PAR_CENTRO_METRO_INFANZIA,Nessuna strategia ha funzionato,1,2025-12-24T03:40:18.283322
synced,RM1A34400P,PAR_CENTRO_METRO_INFANZIA,Nessuna strategia ha funzionato,1,2025-12-24T03:40:15.187754
synced,RM1A65600G,PAR_CENTRO_METRO_INFANZIA,Nessuna strategia ha funzionato,1,2025-12-24T03:40:12.188150
synced,RM1AER5007,PAR_CENTRO_METRO_INFANZIA,Nessuna strategia ha funzionato,1,2025-12-24T03:40:02.501077
synced,RM1A418003,PAR_CENTRO_METRO_INFANZIA,Nessuna strategia ha funzionato,1,2025-12-24T03:39:59.238596
synced,RM1A28600X,PAR_CENTRO_METRO_INFANZIA,Nessuna strategia ha funzionato,1,2025-12-24T03:39:56.150296
synced,RM1A63900T,PAR_CENTRO_METRO_INFANZIA,Nessuna strategia ha funzionato,1,2025-12-24T03:39:52.737842
synced,RM1A030006,PAR_CENTRO_METRO_INFANZIA,Nessuna strategia ha funzionato,1,2025-12-24T03:39:49.467582
synced,RM1A300001,PAR_CENTRO_METRO_INFANZIA,Nessuna strategia ha funzionato,1,2025-12-24T03:39:46.418563
synced,RM1A16800D,PAR_CENTRO_METRO_INFANZIA,Nessuna strategia ha funzionato,1,2025-12-24T03:39:41.301213
synced,RM1A64800L,PAR_CENTRO_METRO_INFANZIA,Nessuna strategia ha funzionato,1,2025-12-24T03:39:38.200836
synced,FI1A11600N,PAR_CENTRO_METRO_INFANZIA,Nessuna strategia ha funzionato,1,2025-12-24T03:39:35.064975
synced,RM1A74600T,PAR_CENTRO_METRO_INFANZIA,Nessuna strategia ha funzionato,1,2025-12-24T03:39:31.969768
synced,RM1AUT500V,PAR_CENTRO_METRO_INFANZIA,Nessuna strategia ha funzionato,1,2025-12-24T03:39:28.826282
synced,RM1A31400V,PAR_CENTRO_METRO_INFANZIA,Nessuna strategia ha funzionato,1,2025-12-24T03:39:19.234209
synced,RM1A305004,PAR_CENTRO_METRO_INFANZIA,Nessuna strategia ha funzionato,1,2025-12-24T03:39:13.274236
synced,RM1A35800L,PAR_CENTRO_METRO_INFANZIA,Nessuna strategia ha funzionato,1,2025-12-24T03:39:09.967171
synced,RM1AMB500A,PAR_CENTRO_METRO_INFANZIA,Nessuna strategia ha funzionato,1,2025-12-24T03:39:06.868380
synced,RM1AT1500V,PAR_CENTRO_METRO_INFANZIA,Nessuna strategia ha funzionato,1,2025-12-24T03:39:03.693830
synced,RM1A04200C,PAR_CENTRO_METRO_INFANZIA,Nessuna strategia ha funzionato,1,2025-12-24T03:38:30.447346
synced,RM1A20400B,PAR_CENTRO_METRO_INFANZIA,Nessuna strategia ha funzionato,1,2025-12-24T03:38:27.319880
synced,RM1A052003,PAR_CENTRO_METRO_INFANZIA,Nessuna strategia ha funzionato,1,2025-12-24T03:38:24.229025
synced,FI1A11700D,PAR_CENTRO_METRO_INFANZIA,Nessuna strategia ha funzionato,1,2025-12-24T03:38:21.099393
synced,RM1A07400X,PAR_CENTRO_METRO_INFANZIA,Nessuna strategia ha funzionato,1,2025-12-24T03:38:02.076960
synced,NA1E219004,PAR_SUD_METRO_PRIMARIA,Nessuna strategia ha funzionato,1,2025-12-24T03:37:51.529931
synced,NA1E028005,PAR_SUD_METRO_PRIMARIA,Nessuna strategia ha funzionato,1,2025-12-24T03:37:44.871867
synced,NA1E24000D,PAR_SUD_METRO_PRIMARIA,Nessuna strategia ha funzionato,1,2025-12-24T03:37:41.597397
synced,NA1E26100E,PAR_SUD_METRO_PRIMARIA,Nessuna strategia ha funzionato,1,2025-12-24T03:37:38.423851
synced,NA1E25200Q,PAR_SUD_METRO_PRIMARIA,Nessuna strategia ha funzionato,1,2025-12-24T03:37:35.136846
synced,NA1E18300E,PAR_SUD_METRO_PRIMARIA,Nessuna strategia ha funzionato,1,2025-12-24T03:37:12.709735
synced,NA1EPH500O,PAR_SUD_METRO_PRIMARIA,Nessuna strategia ha funzionato,1,2025-12-24T03:37:07.509795
synced,NA1E23700N,PAR_SUD_METRO_PRIMARIA,Nessuna strategia ha funzionato,1,2025-12-24T03:36:53.210977
synced,NA1EL6500R,PAR_SUD_METRO_PRIMARIA,Nessuna strategia ha funzionato,1,2025-12-24T03:36:50.093028
synced,NA1E119007,PAR_SUD_METRO_PRIMARIA,Nessuna strategia ha funzionato,1,2025-12-24T03:36:46.895929
synced,NA1EIE500T,PAR_SUD_METRO_PRIMARIA,Nessuna strategia ha funzionato,1,2025-12-24T03:36:43.856710
synced,NA1E06100R,PAR_SUD_METRO_PRIMARIA,Nessuna strategia ha funzionato,1,2025-12-24T03:36:37.417091
synced,NA1E221004,PAR_SUD_METRO_PRIMARIA,Nessuna strategia ha funzionato,1,2025-12-24T03:36:32.529829
synced,BA1E014002,PAR_SUD_METRO_PRIMARIA,Nessuna strategia ha funzionato,1,2025-12-24T03:36:29.506765
synced,NA1E23000V,PAR_SUD_METRO_PRIMARIA,Nessuna strategia ha funzionato,1,2025-12-24T03:36:10.066781
synced,NA1E099007,PAR_SUD_METRO_PRIMARIA,Nessuna strategia ha funzionato,1,2025-12-24T03:36:06.792697
synced,NA1E28200G,PAR_SUD_METRO_PRIMARIA,Nessuna strategia ha funzionato,1,2025-12-24T03:36:00.138465
synced,NA1E04000Q,PAR_SUD_METRO_PRIMARIA,Nessuna strategia ha funzionato,1,2025-12-24T03:35:57.046306
synced,NA1E14500Q,PAR_SUD_METRO_PRIMARIA,Nessuna strategia ha funzionato,1,2025-12-24T03:35:53.872915
synced,BA1E026008,PAR_SUD_METRO_PRIMARIA,Nessuna strategia ha funzionato,1,2025-12-24T03:35:50.821866
synced,NA1E11700G,PAR_SUD_METRO_PRIMARIA,Nessuna strategia ha funzionato,1,2025-12-24T03:35:47.636187
synced,NA1E065004,PAR_SUD_METRO_PRIMARIA,Nessuna strategia ha funzionato,1,2025-12-24T03:35:44.451594
synced,NA1E08400D,PAR_SUD_METRO_PRIMARIA,Nessuna strategia ha funzionato,1,2025-12-24T03:35:41.227405
synced,NA1E10200T,PAR_SUD_METRO_PRIMARIA,Nessuna strategia ha funzionato,1,2025-12-24T03:35:34.925002
synced,NA1E10400D,PAR_SUD_METRO_PRIMARIA,Nessuna strategia ha funzionato,1,2025-12-24T03:35:31.827401
synced,NA1E14600G,PAR_SUD_METRO_PRIMARIA,Nessuna strategia ha funzionato,1,2025-12-24T03:35:25.401628
synced,NA1E21500R,PAR_SUD_METRO_PRIMARIA,Nessuna strategia ha funzionato,1,2025-12-24T03:35:22.223678
synced,NA1E194001,PAR_SUD_METRO_PRIMARIA,Nessuna strategia ha funzionato,1,2025-12-24T03:35:19.107458
synced,NA1E23100P,PAR_SUD_METRO_PRIMARIA,Nessuna strategia ha funzionato,1,2025-12-24T03:35:15.385572
synced,NA1E09200C,PAR_SUD_METRO_PRIMARIA,Nessuna strategia ha funzionato,1,2025-12-24T03:35:10.328665
synced,NA1E022006,PAR_SUD_METRO_PRIMARIA,Nessuna strategia ha funzionato,1,2025-12-24T03:35:07.217323
synced,NA1E27300R,PAR_SUD_METRO_PRIMARIA,Nessuna strategia ha funzionato,1,2025-12-24T03:34:48.500032
synced,NA1E07600E,PAR_SUD_METRO_PRIMARIA,Nessuna strategia ha funzionato,1,2025-12-24T03:34:45.390508
synced,NA1E24900X,PAR_SUD_METRO_PRIMARIA,Nessuna strategia ha funzionato,1,2025-12-24T03:34:42.069055
synced,NA1E07000G,PAR_SUD_METRO_PRIMARIA,Nessuna strategia ha funzionato,1,2025-12-24T03:34:35.079156
synced,NA1E073003,PAR_SUD_METRO_PRIMARIA,Nessuna strategia ha funzionato,1,2025-12-24T03:34:01.812460
synced,NA1E7D500U,PAR_SUD_METRO_PRIMARIA,Nessuna strategia ha funzionato,1,2025-12-24T03:33:57.320944
synced,NA1E272001,PAR_SUD_METRO_PRIMARIA,Nessuna strategia ha funzionato,1,2025-12-24T03:33:54.281468
synced,NA1E09100L,PAR_SUD_METRO_PRIMARIA,Nessuna strategia ha funzionato,1,2025-12-24T03:33:48.953454
synced,NA1E150007,PAR_SUD_METRO_PRIMARIA,Nessuna strategia ha funzionato,1,2025-12-24T03:33:41.069663
synced,NA1E127006,PAR_SUD_METRO_PRIMARIA,Nessuna strategia ha funzionato,1,2025-12-24T03:33:38.027079
synced,NA1E02500N,PAR_SUD_METRO_PRIMARIA,Nessuna strategia ha funzionato,1,2025-12-24T03:33:29.926749
synced,NA1E23600T,PAR_SUD_METRO_PRIMARIA,Nessuna strategia ha funzionato,1,2025-12-24T03:33:26.722833
synced,NA1E085009,PAR_SUD_METRO_PRIMARIA,Nessuna strategia ha funzionato,1,2025-12-24T03:33:23.648725
synced,NA1E11600Q,PAR_SUD_METRO_PRIMARIA,Nessuna strategia ha funzionato,1,2025-12-24T03:33:20.275793
synced,RGTD11500L,PAR_ISOLE_NON_METRO_SEC_SECONDO,Nessuna strategia ha funzionato,1,2025-12-24T03:33:09.429723
synced,AGPSFG5009,PAR_ISOLE_NON_METRO_SEC_SECONDO,Nessuna strategia ha funzionato,1,2025-12-24T03:33:06.033135
synced,AGTD4Q5003,PAR_ISOLE_NON_METRO_SEC_SECONDO,Nessuna strategia ha funzionato,1,2025-12-24T03:32:50.106676
synced,SRTD08500V,PAR_ISOLE_NON_METRO_SEC_SECONDO,Nessuna strategia ha funzionato,1,2025-12-24T03:32:47.074106
synced,SRTDRP500U,PAR_ISOLE_NON_METRO_SEC_SECONDO,Nessuna strategia ha funzionato,1,2025-12-24T03:32:28.337170
synced,CATF955004,PAR_ISOLE_NON_METRO_SEC_SECONDO,Nessuna strategia ha funzionato,1,2025-12-24T03:32:24.829227
synced,CLTD095008,PAR_ISOLE_NON_METRO_SEC_SECONDO,Nessuna strategia ha funzionato,1,2025-12-24T03:32:16.447999
synced,AGTD2M5007,PAR_ISOLE_NON_METRO_SEC_SECONDO,Nessuna strategia ha funzionato,1,2025-12-24T03:32:13.218643
synced,SSPS00500N,PAR_ISOLE_NON_METRO_SEC_SECONDO,Nessuna strategia ha funzionato,1,2025-12-24T03:31:59.178671
synced,SRTN2V5006,PAR_ISOLE_NON_METRO_SEC_SECONDO,Nessuna strategia ha funzionato,1,2025-12-24T03:31:56.246518
synced,SSTD02500P,PAR_ISOLE_NON_METRO_SEC_SECONDO,Nessuna strategia ha funzionato,1,2025-12-24T03:31:53.013125
synced,TPTD075004,PAR_ISOLE_NON_METRO_SEC_SECONDO,Nessuna strategia ha funzionato,1,2025-12-24T03:31:47.139956
synced,ENTD1Q500I,PAR_ISOLE_NON_METRO_SEC_SECONDO,Nessuna strategia ha funzionato,1,2025-12-24T03:31:44.121820
synced,AGTL4P500L,PAR_ISOLE_NON_METRO_SEC_SECONDO,Nessuna strategia ha funzionato,1,2025-12-24T03:31:32.797987
synced,AGTA6O500F,PAR_ISOLE_NON_METRO_SEC_SECONDO,Nessuna strategia ha funzionato,1,2025-12-24T03:31:17.740871
synced,RGPM00500A,PAR_ISOLE_NON_METRO_SEC_SECONDO,Nessuna strategia ha funzionato,1,2025-12-24T03:31:08.389382
synced,ENTA08500F,PAR_ISOLE_NON_METRO_SEC_SECONDO,Nessuna strategia ha funzionato,1,2025-12-24T03:31:05.317965
synced,ENSD01500A,PAR_ISOLE_NON_METRO_SEC_SECONDO,Nessuna strategia ha funzionato,1,2025-12-24T03:31:02.300953
synced,SSPL015003,PAR_ISOLE_NON_METRO_SEC_SECONDO,Nessuna strategia ha funzionato,1,2025-12-24T03:30:45.635054
synced,RGPM05500B,PAR_ISOLE_NON_METRO_SEC_SECONDO,Nessuna strategia ha funzionato,1,2025-12-24T03:30:42.504814
synced,AGSL015004,PAR_ISOLE_NON_METRO_SEC_SECONDO,Nessuna strategia ha funzionato,1,2025-12-24T03:30:39.355851
synced,RGPM0A500T,PAR_ISOLE_NON_METRO_SEC_SECONDO,Nessuna strategia ha funzionato,1,2025-12-24T03:30:35.931460
synced,AGTD685001,PAR_ISOLE_NON_METRO_SEC_SECONDO,Nessuna strategia ha funzionato,1,2025-12-24T03:30:17.694466
synced,RGPMSZ500N,PAR_ISOLE_NON_METRO_SEC_SECONDO,Nessuna strategia ha funzionato,1,2025-12-24T03:30:14.187081
synced,AGTD02500N,PAR_ISOLE_NON_METRO_SEC_SECONDO,Nessuna strategia ha funzionato,1,2025-12-24T03:29:53.972490
synced,AGTA56500L,PAR_ISOLE_NON_METRO_SEC_SECONDO,Nessuna strategia ha funzionato,1,2025-12-24T03:29:45.088980
synced,SRRHFP500H,PAR_ISOLE_NON_METRO_SEC_SECONDO,Nessuna strategia ha funzionato,1,2025-12-24T03:29:33.123228
synced,SRTL38500X,PAR_ISOLE_NON_METRO_SEC_SECONDO,Nessuna strategia ha funzionato,1,2025-12-24T03:29:29.952271
synced,TPTDS9500A,PAR_ISOLE_NON_METRO_SEC_SECONDO,Nessuna strategia ha funzionato,1,2025-12-24T03:29:28.177298
synced,RGRHH6500Z,PAR_ISOLE_NON_METRO_SEC_SECONDO,Nessuna strategia ha funzionato,1,2025-12-24T03:29:19.306095
synced,TPTDB9500F,PAR_ISOLE_NON_METRO_SEC_SECONDO,Nessuna strategia ha funzionato,1,2025-12-24T03:29:14.905152
synced,AGTD4U500B,PAR_ISOLE_NON_METRO_SEC_SECONDO,Nessuna strategia ha funzionato,1,2025-12-24T03:29:11.872508
synced,TPTD80500R,PAR_ISOLE_NON_METRO_SEC_SECONDO,Nessuna strategia ha funzionato,1,2025-12-24T03:29:09.585424
synced,SRPSB85007,PAR_ISOLE_NON_METRO_SEC_SECONDO,Nessuna strategia ha funzionato,1,2025-12-24T03:29:06.393289
synced,SSTF00500Q,PAR_ISOLE_NON_METRO_SEC_SECONDO,Nessuna strategia ha funzionato,1,2025-12-24T03:29:03.347239
synced,AGPSCE5001,PAR_ISOLE_NON_METRO_SEC_SECONDO,Nessuna strategia ha funzionato,1,2025-12-24T03:29:00.167716
synced,RGPS98500R,PAR_ISOLE_NON_METRO_SEC_SECONDO,Nessuna strategia ha funzionato,1,2025-12-24T03:28:57.062821
synced,RGPSU4500U,PAR_ISOLE_NON_METRO_SEC_SECONDO,Nessuna strategia ha funzionato,1,2025-12-24T03:28:47.088890
synced,MI1E13000C,PAR_NORD OVEST_METRO_PRIMARIA,Nessuna strategia ha funzionato,1,2025-12-24T03:28:44.069707
synced,MI1E06600A,PAR_NORD OVEST_METRO_PRIMARIA,Nessuna strategia ha funzionato,1,2025-12-24T03:28:40.495433
synced,MI1E132004,PAR_NORD OVEST_METRO_PRIMARIA,Nessuna strategia ha funzionato,1,2025-12-24T03:28:27.727046
synced,MI1E02600X,PAR_NORD OVEST_METRO_PRIMARIA,Nessuna strategia ha funzionato,1,2025-12-24T03:28:23.941819
synced,TO1E024008,PAR_NORD OVEST_METRO_PRIMARIA,Nessuna strategia ha funzionato,1,2025-12-24T03:28:13.104816
synced,GE1E013004,PAR_NORD OVEST_METRO_PRIMARIA,Nessuna strategia ha funzionato,1,2025-12-24T03:28:09.838888
synced,MI1E03100B,PAR_NORD OVEST_METRO_PRIMARIA,Nessuna strategia ha funzionato,1,2025-12-24T03:28:06.773852
synced,TO1E6M500I,PAR_NORD OVEST_METRO_PRIMARIA,Nessuna strategia ha funzionato,1,2025-12-24T03:28:02.804662
synced,MI1EES500O,PAR_NORD OVEST_METRO_PRIMARIA,Nessuna strategia ha funzionato,1,2025-12-24T03:27:52.859249
synced,TO1E04400D,PAR_NORD OVEST_METRO_PRIMARIA,Nessuna strategia ha funzionato,1,2025-12-24T03:27:38.303758
synced,TO1E02900B,PAR_NORD OVEST_METRO_PRIMARIA,Nessuna strategia ha funzionato,1,2025-12-24T03:27:31.082099
synced,MI1E8P5009,PAR_NORD OVEST_METRO_PRIMARIA,Nessuna strategia ha funzionato,1,2025-12-24T03:26:53.199132
synced,MI1E12000T,PAR_NORD OVEST_METRO_PRIMARIA,Nessuna strategia ha funzionato,1,2025-12-24T03:26:50.096425
synced,MI1E05700G,PAR_NORD OVEST_METRO_PRIMARIA,Nessuna strategia ha funzionato,1,2025-12-24T03:26:46.522164
synced,MI1E14100V,PAR_NORD OVEST_METRO_PRIMARIA,Nessuna strategia ha funzionato,1,2025-12-24T03:26:09.538663
synced,GE1E03000T,PAR_NORD OVEST_METRO_PRIMARIA,Nessuna strategia ha funzionato,1,2025-12-24T03:25:53.887383
synced,MI1E137007,PAR_NORD OVEST_METRO_PRIMARIA,Nessuna strategia ha funzionato,1,2025-12-24T03:25:47.727034
synced,MI1E025004,PAR_NORD OVEST_METRO_PRIMARIA,Nessuna strategia ha funzionato,1,2025-12-24T03:25:44.609920
synced,GE1E026006,PAR_NORD OVEST_METRO_PRIMARIA,Nessuna strategia ha funzionato,1,2025-12-24T03:25:22.718087
synced,MI1E11800T,PAR_NORD OVEST_METRO_PRIMARIA,Nessuna strategia ha funzionato,1,2025-12-24T03:25:19.137622
synced,TO1E05200C,PAR_NORD OVEST_METRO_PRIMARIA,Nessuna strategia ha funzionato,1,2025-12-24T03:25:13.995794
synced,MI1E08600G,PAR_NORD OVEST_METRO_PRIMARIA,Nessuna strategia ha funzionato,1,2025-12-24T03:24:34.783350
synced,TO1E07500P,PAR_NORD OVEST_METRO_PRIMARIA,Nessuna strategia ha funzionato,1,2025-12-24T03:24:08.146073
synced,MI1E07900C,PAR_NORD OVEST_METRO_PRIMARIA,Nessuna strategia ha funzionato,1,2025-12-24T03:23:47.705159
synced,TO1E01400N,PAR_NORD OVEST_METRO_PRIMARIA,Nessuna strategia ha funzionato,1,2025-12-24T03:23:20.757084
synced,TO1E01300T,PAR_NORD OVEST_METRO_PRIMARIA,Nessuna strategia ha funzionato,1,2025-12-24T03:23:16.591920
synced,TO1E00700E,PAR_NORD OVEST_METRO_PRIMARIA,Nessuna strategia ha funzionato,1,2025-12-24T03:23:08.879502
synced,MI1E046005,PAR_NORD OVEST_METRO_PRIMARIA,Nessuna strategia ha funzionato,1,2025-12-24T03:23:03.793690
synced,GE1E018007,PAR_NORD OVEST_METRO_PRIMARIA,Nessuna strategia ha funzionato,1,2025-12-24T03:23:00.384666
synced,MI1E074009,PAR_NORD OVEST_METRO_PRIMARIA,Nessuna strategia ha funzionato,1,2025-12-24T03:22:57.198592
synced,MI1E08000L,PAR_NORD OVEST_METRO_PRIMARIA,Nessuna strategia ha funzionato,1,2025-12-24T03:22:39.022495
synced,MI1E140003,PAR_NORD OVEST_METRO_PRIMARIA,Nessuna strategia ha funzionato,1,2025-12-24T03:22:14.020274
synced,MI1E08500Q,PAR_NORD OVEST_METRO_PRIMARIA,Nessuna strategia ha funzionato,1,2025-12-24T03:22:10.793706
synced,TO1E02100R,PAR_NORD OVEST_METRO_PRIMARIA,Nessuna strategia ha funzionato,1,2025-12-24T03:22:07.814826
synced,TO1E016009,PAR_NORD OVEST_METRO_PRIMARIA,Nessuna strategia ha funzionato,1,2025-12-24T03:22:04.641097
synced,MI1E124005,PAR_NORD OVEST_METRO_PRIMARIA,Nessuna strategia ha funzionato,1,2025-12-24T03:21:55.014143
synced,GE1E01500Q,PAR_NORD OVEST_METRO_PRIMARIA,Nessuna strategia ha funzionato,1,2025-12-24T03:21:51.812236
synced,MI1EN0500I,PAR_NORD OVEST_METRO_PRIMARIA,Nessuna strategia ha funzionato,1,2025-12-24T03:21:48.705851
synced,MI1E089003,PAR_NORD OVEST_METRO_PRIMARIA,Nessuna strategia ha funzionato,1,2025-12-24T03:21:11.180090
synced,MI1E039002,PAR_NORD OVEST_METRO_PRIMARIA,Nessuna strategia ha funzionato,1,2025-12-24T03:20:57.944925
synced,MI1E07700R,PAR_NORD OVEST_METRO_PRIMARIA,Nessuna strategia ha funzionato,1,2025-12-24T03:20:27.777653
synced,MI1E05100L,PAR_NORD OVEST_METRO_PRIMARIA,Nessuna strategia ha funzionato,1,2025-12-24T03:20:24.723475
synced,TO1EPI500H,PAR_NORD OVEST_METRO_PRIMARIA,Nessuna strategia ha funzionato,1,2025-12-24T03:20:06.248963
synced,RA1M00200R,PAR_NORD EST_NON_METRO_SEC_PRIMO,Nessuna strategia ha funzionato,1,2025-12-24T03:20:02.918878
synced,RN1M010002,PAR_NORD EST_NON_METRO_SEC_PRIMO,Nessuna strategia ha funzionato,1,2025-12-24T03:19:57.522102
synced,TV1M01100Q,PAR_NORD EST_NON_METRO_SEC_PRIMO,Nessuna strategia ha funzionato,1,2025-12-24T03:19:44.590096
synced,VR1M020006,PAR_NORD EST_NON_METRO_SEC_PRIMO,Nessuna strategia ha funzionato,1,2025-12-24T03:19:35.555680
synced,TV1M00400L,PAR_NORD EST_NON_METRO_SEC_PRIMO,Nessuna strategia ha funzionato,1,2025-12-24T03:19:28.671669
synced,RO1M00300G,PAR_NORD EST_NON_METRO_SEC_PRIMO,Nessuna strategia ha funzionato,1,2025-12-24T03:19:21.793532
synced,PD1M00500A,PAR_NORD EST_NON_METRO_SEC_PRIMO,Nessuna strategia ha funzionato,1,2025-12-24T03:19:14.622714
synced,FE1MFE500C,PAR_NORD EST_NON_METRO_SEC_PRIMO,Nessuna strategia ha funzionato,1,2025-12-24T03:19:07.345920
synced,TV1M01200G,PAR_NORD EST_NON_METRO_SEC_PRIMO,Nessuna strategia ha funzionato,1,2025-12-24T03:18:40.786125
synced,FO1M00600E,PAR_NORD EST_NON_METRO_SEC_PRIMO,Nessuna strategia ha funzionato,1,2025-12-24T03:18:27.550016
synced,VI1M008007,PAR_NORD EST_NON_METRO_SEC_PRIMO,Nessuna strategia ha funzionato,1,2025-12-24T03:16:28.089696
synced,VR1M025009,PAR_NORD EST_NON_METRO_SEC_PRIMO,Nessuna strategia ha funzionato,1,2025-12-24T03:16:06.586478
synced,UD1M009004,PAR_NORD EST_NON_METRO_SEC_PRIMO,Nessuna strategia ha funzionato,1,2025-12-24T03:16:00.150642
synced,TV1M00900Q,PAR_NORD EST_NON_METRO_SEC_PRIMO,Nessuna strategia ha funzionato,1,2025-12-24T03:15:41.003947
synced,TV1M006008,PAR_NORD EST_NON_METRO_SEC_PRIMO,Nessuna strategia ha funzionato,1,2025-12-24T03:15:36.631369
synced,PC1MD1500G,PAR_NORD EST_NON_METRO_SEC_PRIMO,Nessuna strategia ha funzionato,1,2025-12-24T03:15:33.256368
synced,TV1MRF500I,PAR_NORD EST_NON_METRO_SEC_PRIMO,Nessuna strategia ha funzionato,1,2025-12-24T03:15:29.861763
synced,BL1M00200L,PAR_NORD EST_NON_METRO_SEC_PRIMO,Nessuna strategia ha funzionato,1,2025-12-24T03:15:00.607825
synced,VI1M00600G,PAR_NORD EST_NON_METRO_SEC_PRIMO,Nessuna strategia ha funzionato,1,2025-12-24T03:14:20.003643
synced,PR1M00900X,PAR_NORD EST_NON_METRO_SEC_PRIMO,Nessuna strategia ha funzionato,1,2025-12-24T03:14:16.608626
synced,UD1MC15002,PAR_NORD EST_NON_METRO_SEC_PRIMO,Nessuna strategia ha funzionato,1,2025-12-24T03:13:39.761530
synced,VR1MN2500I,PAR_NORD EST_NON_METRO_SEC_PRIMO,Nessuna strategia ha funzionato,1,2025-12-24T03:13:24.202635
synced,VI1M01200V,PAR_NORD EST_NON_METRO_SEC_PRIMO,Nessuna strategia ha funzionato,1,2025-12-24T03:12:31.665446
synced,FO1M00100B,PAR_NORD EST_NON_METRO_SEC_PRIMO,Nessuna strategia ha funzionato,1,2025-12-24T03:12:21.843831
synced,PR1M00400R,PAR_NORD EST_NON_METRO_SEC_PRIMO,Nessuna strategia ha funzionato,1,2025-12-24T03:12:05.531315
synced,MO1M001002,PAR_NORD EST_NON_METRO_SEC_PRIMO,Nessuna strategia ha funzionato,1,2025-12-24T03:12:02.340444
synced,RN1M030007,PAR_NORD EST_NON_METRO_SEC_PRIMO,Nessuna strategia ha funzionato,1,2025-12-24T03:11:58.463871
synced,VI1M01300P,PAR_NORD EST_NON_METRO_SEC_PRIMO,Nessuna strategia ha funzionato,1,2025-12-24T03:11:39.682475
synced,PR1M010004,PAR_NORD EST_NON_METRO_SEC_PRIMO,Nessuna strategia ha funzionato,1,2025-12-24T03:11:05.058241
synced,VR1M01100B,PAR_NORD EST_NON_METRO_SEC_PRIMO,Nessuna strategia ha funzionato,1,2025-12-24T03:10:30.002162
synced,VR1M01000G,PAR_NORD EST_NON_METRO_SEC_PRIMO,Nessuna strategia ha funzionato,1,2025-12-24T03:10:12.818079
synced,UD1M008008,PAR_NORD EST_NON_METRO_SEC_PRIMO,Nessuna strategia ha funzionato,1,2025-12-24T03:10:07.613030
synced,RA1M00400C,PAR_NORD EST_NON_METRO_SEC_PRIMO,Nessuna strategia ha funzionato,1,2025-12-24T03:09:58.034675
synced,VR1M02400D,PAR_NORD EST_NON_METRO_SEC_PRIMO,Nessuna strategia ha funzionato,1,2025-12-24T03:09:41.771987
synced,VR1M021002,PAR_NORD EST_NON_METRO_SEC_PRIMO,Nessuna strategia ha funzionato,1,2025-12-24T03:09:30.537273
synced,RC1A050008,PAR_SUD_METRO_INFANZIA,Nessuna strategia ha funzionato,1,2025-12-24T03:09:23.629035
synced,NA1A16800E,PAR_SUD_METRO_INFANZIA,Nessuna strategia ha funzionato,1,2025-12-24T03:09:20.657624
synced,NA1ARF5004,PAR_SUD_METRO_INFANZIA,Nessuna strategia ha funzionato,1,2025-12-24T03:09:17.483963
synced,BA1A25300C,PAR_SUD_METRO_INFANZIA,Nessuna strategia ha funzionato,1,2025-12-24T03:09:14.346103
synced,BA1A001002,PAR_SUD_METRO_INFANZIA,Nessuna strategia ha funzionato,1,2025-12-24T03:09:12.613437
synced,NA1A049008,PAR_SUD_METRO_INFANZIA,Nessuna strategia ha funzionato,1,2025-12-24T03:09:09.475122
synced,BA1A72500I,PAR_SUD_METRO_INFANZIA,Nessuna strategia ha funzionato,1,2025-12-24T03:09:06.357172
synced,BA1A3P500N,PAR_SUD_METRO_INFANZIA,Nessuna strategia ha funzionato,1,2025-12-24T03:09:03.182283
synced,NA1AIZ5006,PAR_SUD_METRO_INFANZIA,Nessuna strategia ha funzionato,1,2025-12-24T03:09:00.010114
synced,NA1A433006,PAR_SUD_METRO_INFANZIA,Nessuna strategia ha funzionato,1,2025-12-24T03:08:56.858201
synced,NA1A546005,PAR_SUD_METRO_INFANZIA,Nessuna strategia ha funzionato,1,2025-12-24T03:08:53.251970
synced,NA1ABU5009,PAR_SUD_METRO_INFANZIA,Nessuna strategia ha funzionato,1,2025-12-24T03:08:50.246959
synced,NA1A611003,PAR_SUD_METRO_INFANZIA,Nessuna strategia ha funzionato,1,2025-12-24T03:08:47.131765
synced,NA1A255009,PAR_SUD_METRO_INFANZIA,Nessuna strategia ha funzionato,1,2025-12-24T03:08:44.111591
synced,NA1A24000G,PAR_SUD_METRO_INFANZIA,Nessuna strategia ha funzionato,1,2025-12-24T03:08:29.517620
synced,NA1A13100X,PAR_SUD_METRO_INFANZIA,Nessuna strategia ha funzionato,1,2025-12-24T03:08:26.398709
synced,NA1AIR500P,PAR_SUD_METRO_INFANZIA,Nessuna strategia ha funzionato,1,2025-12-24T03:08:23.366391
synced,BA1A22400C,PAR_SUD_METRO_INFANZIA,Nessuna strategia ha funzionato,1,2025-12-24T03:08:20.117996
synced,NA1A426003,PAR_SUD_METRO_INFANZIA,Nessuna strategia ha funzionato,1,2025-12-24T03:07:59.538362
synced,NA1A67600T,PAR_SUD_METRO_INFANZIA,Nessuna strategia ha funzionato,1,2025-12-24T03:07:56.442993
synced,NA1A532007,PAR_SUD_METRO_INFANZIA,Nessuna strategia ha funzionato,1,2025-12-24T03:07:53.480783
synced,NA1A723006,PAR_SUD_METRO_INFANZIA,Nessuna strategia ha funzionato,1,2025-12-24T03:07:50.490861
synced,NA1A06700T,PAR_SUD_METRO_INFANZIA,Nessuna strategia ha funzionato,1,2025-12-24T03:07:47.307077
synced,NA1A38100P,PAR_SUD_METRO_INFANZIA,Nessuna strategia ha funzionato,1,2025-12-24T03:07:44.028360
synced,BA1A20600V,PAR_SUD_METRO_INFANZIA,Nessuna strategia ha funzionato,1,2025-12-24T03:07:25.723416
synced,BA1A04700B,PAR_SUD_METRO_INFANZIA,Nessuna strategia ha funzionato,1,2025-12-24T03:07:22.575501
synced,NA1A74300B,PAR_SUD_METRO_INFANZIA,Nessuna strategia ha funzionato,1,2025-12-24T03:07:16.331826
synced,NA1A9L500Z,PAR_SUD_METRO_INFANZIA,Nessuna strategia ha funzionato,1,2025-12-24T03:07:13.185715
synced,NA1AZF500N,PAR_SUD_METRO_INFANZIA,Nessuna strategia ha funzionato,1,2025-12-24T03:07:09.929301
synced,NA1A28200N,PAR_SUD_METRO_INFANZIA,Nessuna strategia ha funzionato,1,2025-12-24T03:07:06.872674
synced,NA1A3O500M,PAR_SUD_METRO_INFANZIA,Nessuna strategia ha funzionato,1,2025-12-24T03:07:03.786998
synced,BA1A01100L,PAR_SUD_METRO_INFANZIA,Nessuna strategia ha funzionato,1,2025-12-24T03:07:00.715911
synced,RC1A8F500F,PAR_SUD_METRO_INFANZIA,Nessuna strategia ha funzionato,1,2025-12-24T03:06:57.540751
synced,NA1AC65008,PAR_SUD_METRO_INFANZIA,Nessuna strategia ha funzionato,1,2025-12-24T03:06:54.429230
synced,NA1A22000A,PAR_SUD_METRO_INFANZIA,Nessuna strategia ha funzionato,1,2025-12-24T03:06:51.170969
synced,RC1AHE500I,PAR_SUD_METRO_INFANZIA,Nessuna strategia ha funzionato,1,2025-12-24T03:06:47.382262
synced,NA1A156008,PAR_SUD_METRO_INFANZIA,Nessuna strategia ha funzionato,1,2025-12-24T03:06:44.278543
synced,NA1A53700A,PAR_SUD_METRO_INFANZIA,Nessuna strategia ha funzionato,1,2025-12-24T03:06:41.160035
synced,RC1A11100E,PAR_SUD_METRO_INFANZIA,Nessuna strategia ha funzionato,1,2025-12-24T03:06:38.070213
synced,NA1A277006,PAR_SUD_METRO_INFANZIA,Nessuna strategia ha funzionato,1,2025-12-24T03:06:34.273538
synced,BA1A12900P,PAR_SUD_METRO_INFANZIA,Nessuna strategia ha funzionato,1,2025-12-24T03:06:31.149880
synced,BA1A18100Q,PAR_SUD_METRO_INFANZIA,Nessuna strategia ha funzionato,1,2025-12-24T03:06:23.352497
synced,RC1A00800T,PAR_SUD_METRO_INFANZIA,Nessuna strategia ha funzionato,1,2025-12-24T03:06:19.884085
synced,NA1A71400B,PAR_SUD_METRO_INFANZIA,Nessuna strategia ha funzionato,1,2025-12-24T03:06:16.713522
synced,NA1A15900Q,PAR_SUD_METRO_INFANZIA,Nessuna strategia ha funzionato,1,2025-12-24T03:06:13.570653
synced,RC1A192007,PAR_SUD_METRO_INFANZIA,Nessuna strategia ha funzionato,1,2025-12-24T03:06:10.483327
synced,NA1A559007,PAR_SUD_METRO_INFANZIA,Nessuna strategia ha funzionato,1,2025-12-24T03:06:07.403727
synced,BA1A164002,PAR_SUD_METRO_INFANZIA,Nessuna strategia ha funzionato,1,2025-12-24T03:06:04.489952
synced,BA1AEB500S,PAR_SUD_METRO_INFANZIA,Nessuna strategia ha funzionato,1,2025-12-24T03:06:01.322566
synced,RC1A15400C,PAR_SUD_METRO_INFANZIA,Nessuna strategia ha funzionato,1,2025-12-24T03:05:58.252806
synced,PA1A250003,PAR_ISOLE_METRO_INFANZIA,Nessuna strategia ha funzionato,1,2025-12-24T03:05:55.166913
synced,PA1AQO5005,PAR_ISOLE_METRO_INFANZIA,Nessuna strategia ha funzionato,1,2025-12-24T03:05:50.432921
synced,CT1A00100G,PAR_ISOLE_METRO_INFANZIA,Nessuna strategia ha funzionato,1,2025-12-24T03:05:47.410551
synced,PA1AAT5004,PAR_ISOLE_METRO_INFANZIA,Nessuna strategia ha funzionato,1,2025-12-24T03:05:44.411782
synced,PA1A6Q5007,PAR_ISOLE_METRO_INFANZIA,Nessuna strategia ha funzionato,1,2025-12-24T03:05:41.272074
synced,CA1A59500Z,PAR_ISOLE_METRO_INFANZIA,Nessuna strategia ha funzionato,1,2025-12-24T03:05:38.270570
synced,ME1A16300E,PAR_ISOLE_METRO_INFANZIA,Nessuna strategia ha funzionato,1,2025-12-24T03:05:33.445462
synced,PA1A09700E,PAR_ISOLE_METRO_INFANZIA,Nessuna strategia ha funzionato,1,2025-12-24T03:05:30.369606
synced,CA1A03600T,PAR_ISOLE_METRO_INFANZIA,Nessuna strategia ha funzionato,1,2025-12-24T03:05:27.322193
synced,PA1A00900P,PAR_ISOLE_METRO_INFANZIA,Nessuna strategia ha funzionato,1,2025-12-24T03:05:24.178769
synced,CT1A210004,PAR_ISOLE_METRO_INFANZIA,Nessuna strategia ha funzionato,1,2025-12-24T03:04:58.753352
synced,PA1A233009,PAR_ISOLE_METRO_INFANZIA,Nessuna strategia ha funzionato,1,2025-12-24T03:04:55.582959
synced,ME1A0O5008,PAR_ISOLE_METRO_INFANZIA,Nessuna strategia ha funzionato,1,2025-12-24T03:04:50.881918
synced,CT1A0S500S,PAR_ISOLE_METRO_INFANZIA,Nessuna strategia ha funzionato,1,2025-12-24T03:04:49.103745
synced,ME1A17700C,PAR_ISOLE_METRO_INFANZIA,Nessuna strategia ha funzionato,1,2025-12-24T03:04:46.022586
synced,ME1A007009,PAR_ISOLE_METRO_INFANZIA,Nessuna strategia ha funzionato,1,2025-12-24T03:04:42.856083
synced,PA1A057015,PAR_ISOLE_METRO_INFANZIA,Nessuna strategia ha funzionato,1,2025-12-24T03:04:37.049279
synced,CT1A03000G,PAR_ISOLE_METRO_INFANZIA,Nessuna strategia ha funzionato,1,2025-12-24T03:04:33.928361
synced,CA1AS25001,PAR_ISOLE_METRO_INFANZIA,Nessuna strategia ha funzionato,1,2025-12-24T03:04:30.840707
synced,CA1A09600D,PAR_ISOLE_METRO_INFANZIA,Nessuna strategia ha funzionato,1,2025-12-24T03:04:27.818887
synced,PA1A3E5009,PAR_ISOLE_METRO_INFANZIA,Nessuna strategia ha funzionato,1,2025-12-24T03:04:24.715189
synced,CA1A02500B,PAR_ISOLE_METRO_INFANZIA,Nessuna strategia ha funzionato,1,2025-12-24T03:04:23.019083
synced,ME1A180008,PAR_ISOLE_METRO_INFANZIA,Nessuna strategia ha funzionato,1,2025-12-24T03:04:19.963506
synced,PA1A4L500B,PAR_ISOLE_METRO_INFANZIA,Nessuna strategia ha funzionato,1,2025-12-24T03:04:18.222627
synced,CT1AC3500M,PAR_ISOLE_METRO_INFANZIA,Nessuna strategia ha funzionato,1,2025-12-24T03:04:15.307521
synced,CT1A236008,PAR_ISOLE_METRO_INFANZIA,Nessuna strategia ha funzionato,1,2025-12-24T03:04:09.204818
synced,PA1AMC5001,PAR_ISOLE_METRO_INFANZIA,Nessuna strategia ha funzionato,1,2025-12-24T03:04:05.803614
synced,PA1ASV500H,PAR_ISOLE_METRO_INFANZIA,Nessuna strategia ha funzionato,1,2025-12-24T03:04:02.826221
synced,PA1A02000D,PAR_ISOLE_METRO_INFANZIA,Nessuna strategia ha funzionato,1,2025-12-24T03:03:59.684106
synced,ME1A4B500P,PAR_ISOLE_METRO_INFANZIA,Nessuna strategia ha funzionato,1,2025-12-24T03:03:54.966318
synced,CT1AO9500I,PAR_ISOLE_METRO_INFANZIA,Nessuna strategia ha funzionato,1,2025-12-24T03:03:51.892069
synced,PA1AMU500G,PAR_ISOLE_METRO_INFANZIA,Nessuna strategia ha funzionato,1,2025-12-24T03:03:48.840360
synced,CA1A12200R,PAR_ISOLE_METRO_INFANZIA,Nessuna strategia ha funzionato,1,2025-12-24T03:03:45.233804
synced,CT1A05100L,PAR_ISOLE_METRO_INFANZIA,Nessuna strategia ha funzionato,1,2025-12-24T03:03:42.058139
synced,PA1AZ5500Z,PAR_ISOLE_METRO_INFANZIA,Nessuna strategia ha funzionato,1,2025-12-24T03:03:38.885061
synced,PA1A00300Q,PAR_ISOLE_METRO_INFANZIA,Nessuna strategia ha funzionato,1,2025-12-24T03:03:35.801758
synced,ME1A130007,PAR_ISOLE_METRO_INFANZIA,Nessuna strategia ha funzionato,1,2025-12-24T03:03:32.738320
synced,ME1A149008,PAR_ISOLE_METRO_INFANZIA,Nessuna strategia ha funzionato,1,2025-12-24T03:02:59.504859
synced,CT1A18600C,PAR_ISOLE_METRO_INFANZIA,Nessuna strategia ha funzionato,1,2025-12-24T03:02:56.356615
synced,PA1ALL500V,PAR_ISOLE_METRO_INFANZIA,Nessuna strategia ha funzionato,1,2025-12-24T03:02:53.337868
synced,ME1A040001,PAR_ISOLE_METRO_INFANZIA,Nessuna strategia ha funzionato,1,2025-12-24T03:02:49.938035
synced,CT1A1C500A,PAR_ISOLE_METRO_INFANZIA,Nessuna strategia ha funzionato,1,2025-12-24T03:02:46.737607
synced,CA1A10600V,PAR_ISOLE_METRO_INFANZIA,Nessuna strategia ha funzionato,1,2025-12-24T03:02:41.252928
synced,ME1A13400E,PAR_ISOLE_METRO_INFANZIA,Nessuna strategia ha funzionato,1,2025-12-24T03:02:30.684691
synced,ME1AUL500G,PAR_ISOLE_METRO_INFANZIA,Nessuna strategia ha funzionato,1,2025-12-24T03:02:27.618302
synced,PA1A6I500D,PAR_ISOLE_METRO_INFANZIA,Nessuna strategia ha funzionato,1,2025-12-24T03:02:24.653099
synced,PA1A293001,PAR_ISOLE_METRO_INFANZIA,Nessuna strategia ha funzionato,1,2025-12-24T03:02:21.506915
synced,PA1A078016,PAR_ISOLE_METRO_INFANZIA,Nessuna strategia ha funzionato,1,2025-12-24T03:02:18.523731
synced,CA1A13000Q,PAR_ISOLE_METRO_INFANZIA,Nessuna strategia ha funzionato,1,2025-12-24T03:02:15.366089
synced,PA1AF05002,PAR_ISOLE_METRO_INFANZIA,Nessuna strategia ha funzionato,1,2025-12-24T03:02:12.332634
synced,CE1E03200V,PAR_SUD_NON_METRO_PRIMARIA,Nessuna strategia ha funzionato,1,2025-12-24T03:02:09.350048
synced,SA1E01300T,PAR_SUD_NON_METRO_PRIMARIA,Nessuna strategia ha funzionato,1,2025-12-24T03:02:06.348842
synced,BN1E001006,PAR_SUD_NON_METRO_PRIMARIA,Nessuna strategia ha funzionato,1,2025-12-24T03:02:02.898472
synced,TA1E003008,PAR_SUD_NON_METRO_PRIMARIA,Nessuna strategia ha funzionato,1,2025-12-24T03:01:58.365453
synced,CE1E045001,PAR_SUD_NON_METRO_PRIMARIA,Nessuna strategia ha funzionato,1,2025-12-24T03:01:55.053453
synced,CE1ELF5000,PAR_SUD_NON_METRO_PRIMARIA,Nessuna strategia ha funzionato,1,2025-12-24T03:01:51.930885
synced,AV1E010005,PAR_SUD_NON_METRO_PRIMARIA,Nessuna strategia ha funzionato,1,2025-12-24T03:01:48.808326
synced,SA1E01900R,PAR_SUD_NON_METRO_PRIMARIA,Nessuna strategia ha funzionato,1,2025-12-24T03:01:45.631367
synced,VV1E00100R,PAR_SUD_NON_METRO_PRIMARIA,Nessuna strategia ha funzionato,1,2025-12-24T03:01:42.563724
synced,BN1E002002,PAR_SUD_NON_METRO_PRIMARIA,Nessuna strategia ha funzionato,1,2025-12-24T03:01:36.231368
synced,AV1E00500N,PAR_SUD_NON_METRO_PRIMARIA,Nessuna strategia ha funzionato,1,2025-12-24T03:01:27.499323
synced,FG1E01100V,PAR_SUD_NON_METRO_PRIMARIA,Nessuna strategia ha funzionato,1,2025-12-24T03:01:24.469354
synced,SA1E00200B,PAR_SUD_NON_METRO_PRIMARIA,Nessuna strategia ha funzionato,1,2025-12-24T03:00:47.382568
synced,CE1E00300V,PAR_SUD_NON_METRO_PRIMARIA,Nessuna strategia ha funzionato,1,2025-12-24T03:00:20.654402
synced,FG1E024001,PAR_SUD_NON_METRO_PRIMARIA,Nessuna strategia ha funzionato,1,2025-12-24T03:00:17.019554
synced,SA1E02300C,PAR_SUD_NON_METRO_PRIMARIA,Nessuna strategia ha funzionato,1,2025-12-24T03:00:14.086142
synced,AV1ED9500V,PAR_SUD_NON_METRO_PRIMARIA,Nessuna strategia ha funzionato,1,2025-12-24T03:00:10.809261
synced,CE1E001007,PAR_SUD_NON_METRO_PRIMARIA,Nessuna strategia ha funzionato,1,2025-12-24T03:00:07.690024
synced,SA1E00700E,PAR_SUD_NON_METRO_PRIMARIA,Nessuna strategia ha funzionato,1,2025-12-24T03:00:00.292111
synced,PZ1E002007,PAR_SUD_NON_METRO_PRIMARIA,Nessuna strategia ha funzionato,1,2025-12-24T02:59:57.217564
synced,CE1E030007,PAR_SUD_NON_METRO_PRIMARIA,Nessuna strategia ha funzionato,1,2025-12-24T02:59:49.182625
synced,PE1E009003,PAR_SUD_NON_METRO_PRIMARIA,Nessuna strategia ha funzionato,1,2025-12-24T02:59:46.155828
synced,FG1E010003,PAR_SUD_NON_METRO_PRIMARIA,Nessuna strategia ha funzionato,1,2025-12-24T02:59:35.234890
synced,CZ1E002002,PAR_SUD_NON_METRO_PRIMARIA,Nessuna strategia ha funzionato,1,2025-12-24T02:59:31.996305
synced,SA1E02600X,PAR_SUD_NON_METRO_PRIMARIA,Nessuna strategia ha funzionato,1,2025-12-24T02:59:08.765009
synced,CS1ENE5005,PAR_SUD_NON_METRO_PRIMARIA,Nessuna strategia ha funzionato,1,2025-12-24T02:59:04.822745
synced,FG1E022009,PAR_SUD_NON_METRO_PRIMARIA,Nessuna strategia ha funzionato,1,2025-12-24T02:58:58.367465
synced,CE1E058003,PAR_SUD_NON_METRO_PRIMARIA,Nessuna strategia ha funzionato,1,2025-12-24T02:58:54.433988
synced,SA1E01000A,PAR_SUD_NON_METRO_PRIMARIA,Nessuna strategia ha funzionato,1,2025-12-24T02:58:51.388528
synced,BN1ES9500O,PAR_SUD_NON_METRO_PRIMARIA,Nessuna strategia ha funzionato,1,2025-12-24T02:58:42.024350
synced,LE1E00100P,PAR_SUD_NON_METRO_PRIMARIA,Nessuna strategia ha funzionato,1,2025-12-24T02:58:35.756670
synced,CE1E03900N,PAR_SUD_NON_METRO_PRIMARIA,Nessuna strategia ha funzionato,1,2025-12-24T02:58:28.324920
synced,LE1E00600T,PAR_SUD_NON_METRO_PRIMARIA,Nessuna strategia ha funzionato,1,2025-12-24T02:58:25.327468
synced,SA1E009006,PAR_SUD_NON_METRO_PRIMARIA,Nessuna strategia ha funzionato,1,2025-12-24T02:58:22.155535
synced,CE1E06100V,PAR_SUD_NON_METRO_PRIMARIA,Nessuna strategia ha funzionato,1,2025-12-24T02:58:17.246792
synced,CE1E05900V,PAR_SUD_NON_METRO_PRIMARIA,Nessuna strategia ha funzionato,1,2025-12-24T02:58:13.488771
synced,SA1E02200L,PAR_SUD_NON_METRO_PRIMARIA,Nessuna strategia ha funzionato,1,2025-12-24T02:58:10.356924
synced,AQ1EZ4500I,PAR_SUD_NON_METRO_PRIMARIA,Nessuna strategia ha funzionato,1,2025-12-24T02:58:07.214455
synced,FG1E01200P,PAR_SUD_NON_METRO_PRIMARIA,Nessuna strategia ha funzionato,1,2025-12-24T02:58:04.095212
synced,FG1E00300X,PAR_SUD_NON_METRO_PRIMARIA,Nessuna strategia ha funzionato,1,2025-12-24T02:58:02.332358
synced,CE1E036006,PAR_SUD_NON_METRO_PRIMARIA,Nessuna strategia ha funzionato,1,2025-12-24T02:57:57.586997
synced,CE1E04000T,PAR_SUD_NON_METRO_PRIMARIA,Nessuna strategia ha funzionato,1,2025-12-24T02:57:54.446681
synced,CE1E01100T,PAR_SUD_NON_METRO_PRIMARIA,Nessuna strategia ha funzionato,1,2025-12-24T02:57:51.241901
synced,FG1E015006,PAR_SUD_NON_METRO_PRIMARIA,Nessuna strategia ha funzionato,1,2025-12-24T02:57:47.963277
synced,LE1E00800D,PAR_SUD_NON_METRO_PRIMARIA,Nessuna strategia ha funzionato,1,2025-12-24T02:57:44.814536
synced,CE1E03400E,PAR_SUD_NON_METRO_PRIMARIA,Nessuna strategia ha funzionato,1,2025-12-24T02:57:18.995691
synced,CO1E00900A,PAR_NORD OVEST_NON_METRO_PRIMARIA,Nessuna strategia ha funzionato,1,2025-12-24T02:57:15.919045
synced,LC1E00500R,PAR_NORD OVEST_NON_METRO_PRIMARIA,Nessuna strategia ha funzionato,1,2025-12-24T02:57:10.718489
synced,CN1E00200V,PAR_NORD OVEST_NON_METRO_PRIMARIA,Nessuna strategia ha funzionato,1,2025-12-24T02:57:03.871345
synced,IM1E003001,PAR_NORD OVEST_NON_METRO_PRIMARIA,Nessuna strategia ha funzionato,1,2025-12-24T02:56:56.716998
synced,CR1E00900D,PAR_NORD OVEST_NON_METRO_PRIMARIA,Nessuna strategia ha funzionato,1,2025-12-24T02:56:53.505887
synced,CO1E00300B,PAR_NORD OVEST_NON_METRO_PRIMARIA,Nessuna strategia ha funzionato,1,2025-12-24T02:56:50.167424
synced,MB1E052009,PAR_NORD OVEST_NON_METRO_PRIMARIA,Nessuna strategia ha funzionato,1,2025-12-24T02:56:20.672214
synced,LO1E002003,PAR_NORD OVEST_NON_METRO_PRIMARIA,Nessuna strategia ha funzionato,1,2025-12-24T02:56:15.265688
synced,VA1E02200E,PAR_NORD OVEST_NON_METRO_PRIMARIA,Nessuna strategia ha funzionato,1,2025-12-24T02:56:12.261842
synced,CO1E00200G,PAR_NORD OVEST_NON_METRO_PRIMARIA,Nessuna strategia ha funzionato,1,2025-12-24T02:56:09.077439
synced,VA1E9G500A,PAR_NORD OVEST_NON_METRO_PRIMARIA,Nessuna strategia ha funzionato,1,2025-12-24T02:56:06.015148
synced,BG1EL2500G,PAR_NORD OVEST_NON_METRO_PRIMARIA,Nessuna strategia ha funzionato,1,2025-12-24T02:55:53.916811
synced,BS1E6L5004,PAR_NORD OVEST_NON_METRO_PRIMARIA,Nessuna strategia ha funzionato,1,2025-12-24T02:55:32.513979
synced,BS1E02100P,PAR_NORD OVEST_NON_METRO_PRIMARIA,Nessuna strategia ha funzionato,1,2025-12-24T02:55:22.179578
synced,MB1E04900D,PAR_NORD OVEST_NON_METRO_PRIMARIA,Nessuna strategia ha funzionato,1,2025-12-24T02:55:11.554055
synced,BS1E025002,PAR_NORD OVEST_NON_METRO_PRIMARIA,Nessuna strategia ha funzionato,1,2025-12-24T02:54:44.407803
synced,VA1E02100P,PAR_NORD OVEST_NON_METRO_PRIMARIA,Nessuna strategia ha funzionato,1,2025-12-24T02:54:35.204467
synced,BS1E00100D,PAR_NORD OVEST_NON_METRO_PRIMARIA,Nessuna strategia ha funzionato,1,2025-12-24T02:54:16.082460
synced,MN1E001004,PAR_NORD OVEST_NON_METRO_PRIMARIA,Nessuna strategia ha funzionato,1,2025-12-24T02:53:44.776302
synced,LC1E004001,PAR_NORD OVEST_NON_METRO_PRIMARIA,Nessuna strategia ha funzionato,1,2025-12-24T02:53:14.255464
synced,VA1E01900P,PAR_NORD OVEST_NON_METRO_PRIMARIA,Nessuna strategia ha funzionato,1,2025-12-24T02:52:41.034828
synced,NO1E00200X,PAR_NORD OVEST_NON_METRO_PRIMARIA,Nessuna strategia ha funzionato,1,2025-12-24T02:52:37.291195
synced,CR1E00200P,PAR_NORD OVEST_NON_METRO_PRIMARIA,Nessuna strategia ha funzionato,1,2025-12-24T02:52:11.227863
synced,PV1E00400R,PAR_NORD OVEST_NON_METRO_PRIMARIA,Nessuna strategia ha funzionato,1,2025-12-24T02:52:03.053206
synced,BG1EUA5004,PAR_NORD OVEST_NON_METRO_PRIMARIA,Nessuna strategia ha funzionato,1,2025-12-24T02:51:57.992829
synced,AT1E00200G,PAR_NORD OVEST_NON_METRO_PRIMARIA,Nessuna strategia ha funzionato,1,2025-12-24T02:51:43.808804
synced,PV1E775009,PAR_NORD OVEST_NON_METRO_PRIMARIA,Nessuna strategia ha funzionato,1,2025-12-24T02:51:34.123746
synced,SP1E002008,PAR_NORD OVEST_NON_METRO_PRIMARIA,Nessuna strategia ha funzionato,1,2025-12-24T02:51:15.273060
synced,CO1E00700P,PAR_NORD OVEST_NON_METRO_PRIMARIA,Nessuna strategia ha funzionato,1,2025-12-24T02:51:12.256875
synced,VB1E00300Q,PAR_NORD OVEST_NON_METRO_PRIMARIA,Nessuna strategia ha funzionato,1,2025-12-24T02:51:02.320501
synced,SO1E00100E,PAR_NORD OVEST_NON_METRO_PRIMARIA,Nessuna strategia ha funzionato,1,2025-12-24T02:50:49.398889
synced,CO1E00800E,PAR_NORD OVEST_NON_METRO_PRIMARIA,Nessuna strategia ha funzionato,1,2025-12-24T02:50:35.515025
synced,BG1E01200B,PAR_NORD OVEST_NON_METRO_PRIMARIA,Nessuna strategia ha funzionato,1,2025-12-24T02:49:51.214534
synced,MB1E05000N,PAR_NORD OVEST_NON_METRO_PRIMARIA,Nessuna strategia ha funzionato,1,2025-12-24T02:49:48.037397
synced,BG1E02900R,PAR_NORD OVEST_NON_METRO_PRIMARIA,Nessuna strategia ha funzionato,1,2025-12-24T02:49:44.882711
synced,BG1E01100G,PAR_NORD OVEST_NON_METRO_PRIMARIA,Nessuna strategia ha funzionato,1,2025-12-24T02:49:38.461800
synced,IM1E00500L,PAR_NORD OVEST_NON_METRO_PRIMARIA,Nessuna strategia ha funzionato,1,2025-12-24T02:49:24.966893
synced,LC1E008008,PAR_NORD OVEST_NON_METRO_PRIMARIA,Nessuna strategia ha funzionato,1,2025-12-24T02:49:20.100184
synced,BG1E02300T,PAR_NORD OVEST_NON_METRO_PRIMARIA,Nessuna strategia ha funzionato,1,2025-12-24T02:48:56.035101
synced,LC1E00100D,PAR_NORD OVEST_NON_METRO_PRIMARIA,Nessuna strategia ha funzionato,1,2025-12-24T02:48:52.317512
synced,CR1E006002,PAR_NORD OVEST_NON_METRO_PRIMARIA,Nessuna strategia ha funzionato,1,2025-12-24T02:48:43.072787
synced,CO1E01000E,PAR_NORD OVEST_NON_METRO_PRIMARIA,Nessuna strategia ha funzionato,1,2025-12-24T02:48:25.643888
synced,CO1E012006,PAR_NORD OVEST_NON_METRO_PRIMARIA,Nessuna strategia ha funzionato,1,2025-12-24T02:48:20.451793
synced,NA1M011001,PAR_SUD_METRO_SEC_PRIMO,Nessuna strategia ha funzionato,1,2025-12-24T02:47:26.774089
synced,NA1MUL500P,PAR_SUD_METRO_SEC_PRIMO,Nessuna strategia ha funzionato,1,2025-12-24T02:47:06.130940
synced,NA1MVQ500R,PAR_SUD_METRO_SEC_PRIMO,Nessuna strategia ha funzionato,1,2025-12-24T02:47:02.982071
synced,NA1M008005,PAR_SUD_METRO_SEC_PRIMO,Nessuna strategia ha funzionato,1,2025-12-24T02:46:59.912063
synced,NA1M03400N,PAR_SUD_METRO_SEC_PRIMO,Nessuna strategia ha funzionato,1,2025-12-24T02:46:54.090338
synced,NA1MLP500B,PAR_SUD_METRO_SEC_PRIMO,Nessuna strategia ha funzionato,1,2025-12-24T02:46:51.081957
synced,NA1M059002,PAR_SUD_METRO_SEC_PRIMO,Nessuna strategia ha funzionato,1,2025-12-24T02:46:47.964773
synced,NA1M007009,PAR_SUD_METRO_SEC_PRIMO,Nessuna strategia ha funzionato,1,2025-12-24T02:46:42.109702
synced,NA1MTL500Q,PAR_SUD_METRO_SEC_PRIMO,Nessuna strategia ha funzionato,1,2025-12-24T02:46:02.186044
synced,NA1M03900R,PAR_SUD_METRO_SEC_PRIMO,Nessuna strategia ha funzionato,1,2025-12-24T02:45:41.864563
synced,BA1M01200G,PAR_SUD_METRO_SEC_PRIMO,Nessuna strategia ha funzionato,1,2025-12-24T02:45:38.622119
synced,NA1MIM5003,PAR_SUD_METRO_SEC_PRIMO,Nessuna strategia ha funzionato,1,2025-12-24T02:45:18.815272
synced,NA1MR7500R,PAR_SUD_METRO_SEC_PRIMO,Nessuna strategia ha funzionato,1,2025-12-24T02:45:14.929395
synced,NA1M03300T,PAR_SUD_METRO_SEC_PRIMO,Nessuna strategia ha funzionato,1,2025-12-24T02:45:11.844698
synced,NA1MU75009,PAR_SUD_METRO_SEC_PRIMO,Nessuna strategia ha funzionato,1,2025-12-24T02:45:08.797020
synced,NA1M040001,PAR_SUD_METRO_SEC_PRIMO,Nessuna strategia ha funzionato,1,2025-12-24T02:45:05.707159
synced,BA1MD7500G,PAR_SUD_METRO_SEC_PRIMO,Nessuna strategia ha funzionato,1,2025-12-24T02:45:00.528990
synced,NA1M003002,PAR_SUD_METRO_SEC_PRIMO,Nessuna strategia ha funzionato,1,2025-12-24T02:44:44.029273
synced,NA1M03500D,PAR_SUD_METRO_SEC_PRIMO,Nessuna strategia ha funzionato,1,2025-12-24T02:44:21.903592
synced,NA1M060006,PAR_SUD_METRO_SEC_PRIMO,Nessuna strategia ha funzionato,1,2025-12-24T02:43:44.117018
synced,NATDCE500D,PAR_SUD_METRO_SEC_SECONDO,Nessuna strategia ha funzionato,1,2025-12-24T02:43:40.988918
synced,NARF0S5001,PAR_SUD_METRO_SEC_SECONDO,Nessuna strategia ha funzionato,1,2025-12-24T02:43:37.990938
synced,NAPSP25001,PAR_SUD_METRO_SEC_SECONDO,Nessuna strategia ha funzionato,1,2025-12-24T02:43:35.016057
synced,NAPMRP500S,PAR_SUD_METRO_SEC_SECONDO,Nessuna strategia ha funzionato,1,2025-12-24T02:43:33.138122
synced,NARFRT500R,PAR_SUD_METRO_SEC_SECONDO,Nessuna strategia ha funzionato,1,2025-12-24T02:43:25.772991
synced,RCTDO0500U,PAR_SUD_METRO_SEC_SECONDO,Nessuna strategia ha funzionato,1,2025-12-24T02:43:24.053912
synced,NATL16500C,PAR_SUD_METRO_SEC_SECONDO,Nessuna strategia ha funzionato,1,2025-12-24T02:43:20.885536
synced,NARHV2500V,PAR_SUD_METRO_SEC_SECONDO,Nessuna strategia ha funzionato,1,2025-12-24T02:43:13.621061
synced,NATDB75009,PAR_SUD_METRO_SEC_SECONDO,Nessuna strategia ha funzionato,1,2025-12-24T02:43:10.484253
synced,RCRI015009,PAR_SUD_METRO_SEC_SECONDO,Nessuna strategia ha funzionato,1,2025-12-24T02:43:08.498408
synced,NAPMF15004,PAR_SUD_METRO_SEC_SECONDO,Nessuna strategia ha funzionato,1,2025-12-24T02:42:58.879357
synced,NATL145007,PAR_SUD_METRO_SEC_SECONDO,Nessuna strategia ha funzionato,1,2025-12-24T02:42:55.867861
synced,NATFVB500S,PAR_SUD_METRO_SEC_SECONDO,Nessuna strategia ha funzionato,1,2025-12-24T02:42:52.632452
synced,NAPS3S500N,PAR_SUD_METRO_SEC_SECONDO,Nessuna strategia ha funzionato,1,2025-12-24T02:42:50.734650
synced,NAPLVR500O,PAR_SUD_METRO_SEC_SECONDO,Nessuna strategia ha funzionato,1,2025-12-24T02:42:48.966706
synced,NATF365002,PAR_SUD_METRO_SEC_SECONDO,Nessuna strategia ha funzionato,1,2025-12-24T02:42:45.802373
synced,NATLTS500V,PAR_SUD_METRO_SEC_SECONDO,Nessuna strategia ha funzionato,1,2025-12-24T02:42:37.904230
synced,NAPS5P500P,PAR_SUD_METRO_SEC_SECONDO,Nessuna strategia ha funzionato,1,2025-12-24T02:42:34.754525
synced,NARH5T500V,PAR_SUD_METRO_SEC_SECONDO,Nessuna strategia ha funzionato,1,2025-12-24T02:42:33.011834
synced,NARF0C5004,PAR_SUD_METRO_SEC_SECONDO,Nessuna strategia ha funzionato,1,2025-12-24T02:42:29.947497
synced,NAPM0G500I,PAR_SUD_METRO_SEC_SECONDO,Nessuna strategia ha funzionato,1,2025-12-24T02:42:26.907771
synced,NATFUA500M,PAR_SUD_METRO_SEC_SECONDO,Nessuna strategia ha funzionato,1,2025-12-24T02:42:07.555213
synced,NATF2C500R,PAR_SUD_METRO_SEC_SECONDO,Nessuna strategia ha funzionato,1,2025-12-24T02:42:04.337878
synced,NAPSGZ500U,PAR_SUD_METRO_SEC_SECONDO,Nessuna strategia ha funzionato,1,2025-12-24T02:41:58.119848
synced,NATBQG5001,PAR_SUD_METRO_SEC_SECONDO,Nessuna strategia ha funzionato,1,2025-12-24T02:41:56.292223
synced,NAPS265003,PAR_SUD_METRO_SEC_SECONDO,Nessuna strategia ha funzionato,1,2025-12-24T02:41:54.391107
synced,NAPLQ2500N,PAR_SUD_METRO_SEC_SECONDO,Nessuna strategia ha funzionato,1,2025-12-24T02:41:45.778886
synced,NATDQN500O,PAR_SUD_METRO_SEC_SECONDO,Nessuna strategia ha funzionato,1,2025-12-24T02:41:44.006973
synced,NATFFL500P,PAR_SUD_METRO_SEC_SECONDO,Nessuna strategia ha funzionato,1,2025-12-24T02:41:42.254269
synced,NATFGA500B,PAR_SUD_METRO_SEC_SECONDO,Nessuna strategia ha funzionato,1,2025-12-24T02:41:40.446892
synced,NATD4G500H,PAR_SUD_METRO_SEC_SECONDO,Nessuna strategia ha funzionato,1,2025-12-24T02:41:37.247185
synced,NARH4C5006,PAR_SUD_METRO_SEC_SECONDO,Nessuna strategia ha funzionato,1,2025-12-24T02:41:35.483231
synced,NATD1E500I,PAR_SUD_METRO_SEC_SECONDO,Nessuna strategia ha funzionato,1,2025-12-24T02:41:33.667040
synced,NATF6F5005,PAR_SUD_METRO_SEC_SECONDO,Nessuna strategia ha funzionato,1,2025-12-24T02:41:30.485262
synced,NATF9E5003,PAR_SUD_METRO_SEC_SECONDO,Nessuna strategia ha funzionato,1,2025-12-24T02:41:28.547374
synced,RCPC02500G,PAR_SUD_METRO_SEC_SECONDO,Nessuna strategia ha funzionato,1,2025-12-24T02:41:25.477927
synced,NAPMSV500U,PAR_SUD_METRO_SEC_SECONDO,Nessuna strategia ha funzionato,1,2025-12-24T02:41:22.197507
synced,NAPM115006,PAR_SUD_METRO_SEC_SECONDO,Nessuna strategia ha funzionato,1,2025-12-24T02:41:20.463086
synced,NAPS7Q5000,PAR_SUD_METRO_SEC_SECONDO,Nessuna strategia ha funzionato,1,2025-12-24T02:41:17.047278
synced,NATD355005,PAR_SUD_METRO_SEC_SECONDO,Nessuna strategia ha funzionato,1,2025-12-24T02:41:13.993321
synced,NATDAR5000,PAR_SUD_METRO_SEC_SECONDO,Nessuna strategia ha funzionato,1,2025-12-24T02:41:10.921165
synced,NATNB7500P,PAR_SUD_METRO_SEC_SECONDO,Nessuna strategia ha funzionato,1,2025-12-24T02:41:09.095022
synced,NAPS5M500T,PAR_SUD_METRO_SEC_SECONDO,Nessuna strategia ha funzionato,1,2025-12-24T02:40:55.409460
synced,NATF6G5004,PAR_SUD_METRO_SEC_SECONDO,Nessuna strategia ha funzionato,1,2025-12-24T02:40:52.336768
synced,NARHP4500A,PAR_SUD_METRO_SEC_SECONDO,Nessuna strategia ha funzionato,1,2025-12-24T02:40:50.471967
synced,CN1A086005,PAR_NORD OVEST_NON_METRO_INFANZIA,Nessuna strategia ha funzionato,1,2025-12-24T02:40:44.058583
synced,BI1A021001,PAR_NORD OVEST_NON_METRO_INFANZIA,Nessuna strategia ha funzionato,1,2025-12-24T02:40:40.979311
synced,SO1A020002,PAR_NORD OVEST_NON_METRO_INFANZIA,Nessuna strategia ha funzionato,1,2025-12-24T02:40:30.850373
synced,VA1A181009,PAR_NORD OVEST_NON_METRO_INFANZIA,Nessuna strategia ha funzionato,1,2025-12-24T02:40:27.658938
synced,MB1A54000D,PAR_NORD OVEST_NON_METRO_INFANZIA,Nessuna strategia ha funzionato,1,2025-12-24T02:40:24.555126
synced,BS1A11500A,PAR_NORD OVEST_NON_METRO_INFANZIA,Nessuna strategia ha funzionato,1,2025-12-24T02:40:18.221446
synced,BS1A12000T,PAR_NORD OVEST_NON_METRO_INFANZIA,Nessuna strategia ha funzionato,1,2025-12-24T02:39:59.523528
synced,MN1A022007,PAR_NORD OVEST_NON_METRO_INFANZIA,Nessuna strategia ha funzionato,1,2025-12-24T02:39:56.528609
synced,MB1A547008,PAR_NORD OVEST_NON_METRO_INFANZIA,Nessuna strategia ha funzionato,1,2025-12-24T02:39:53.249790
synced,BS1A19400B,PAR_NORD OVEST_NON_METRO_INFANZIA,Nessuna strategia ha funzionato,1,2025-12-24T02:39:39.733288
synced,VA1A00500V,PAR_NORD OVEST_NON_METRO_INFANZIA,Nessuna strategia ha funzionato,1,2025-12-24T02:39:36.630699
synced,CO1A01400X,PAR_NORD OVEST_NON_METRO_INFANZIA,Nessuna strategia ha funzionato,1,2025-12-24T02:39:32.879040
synced,BG1A155008,PAR_NORD OVEST_NON_METRO_INFANZIA,Nessuna strategia ha funzionato,1,2025-12-24T02:39:29.836656
synced,BG1A08100X,PAR_NORD OVEST_NON_METRO_INFANZIA,Nessuna strategia ha funzionato,1,2025-12-24T02:39:26.817100
synced,BG1A122001,PAR_NORD OVEST_NON_METRO_INFANZIA,Nessuna strategia ha funzionato,1,2025-12-24T02:39:23.816397
synced,CN1A081002,PAR_NORD OVEST_NON_METRO_INFANZIA,Nessuna strategia ha funzionato,1,2025-12-24T02:39:20.787830
synced,SO1A032008,PAR_NORD OVEST_NON_METRO_INFANZIA,Nessuna strategia ha funzionato,1,2025-12-24T02:39:08.161404
synced,BG1A156004,PAR_NORD OVEST_NON_METRO_INFANZIA,Nessuna strategia ha funzionato,1,2025-12-24T02:39:04.952799
synced,VA1A117002,PAR_NORD OVEST_NON_METRO_INFANZIA,Nessuna strategia ha funzionato,1,2025-12-24T02:39:02.007625
synced,NO1A022007,PAR_NORD OVEST_NON_METRO_INFANZIA,Nessuna strategia ha funzionato,1,2025-12-24T02:38:56.287810
synced,VA1ASI5009,PAR_NORD OVEST_NON_METRO_INFANZIA,Nessuna strategia ha funzionato,1,2025-12-24T02:38:44.815252
synced,VA1A11800T,PAR_NORD OVEST_NON_METRO_INFANZIA,Nessuna strategia ha funzionato,1,2025-12-24T02:38:41.828518
synced,VA1A02900B,PAR_NORD OVEST_NON_METRO_INFANZIA,Nessuna strategia ha funzionato,1,2025-12-24T02:38:38.654602
synced,SP1A02600V,PAR_NORD OVEST_NON_METRO_INFANZIA,Nessuna strategia ha funzionato,1,2025-12-24T02:38:35.703503
synced,CO1A00900C,PAR_NORD OVEST_NON_METRO_INFANZIA,Nessuna strategia ha funzionato,1,2025-12-24T02:38:32.687612
synced,VB1A01900B,PAR_NORD OVEST_NON_METRO_INFANZIA,Nessuna strategia ha funzionato,1,2025-12-24T02:38:29.691362
synced,CO1A11900X,PAR_NORD OVEST_NON_METRO_INFANZIA,Nessuna strategia ha funzionato,1,2025-12-24T02:38:26.185034
synced,CO1A10800D,PAR_NORD OVEST_NON_METRO_INFANZIA,Nessuna strategia ha funzionato,1,2025-12-24T02:38:19.691321
synced,CO1A019003,PAR_NORD OVEST_NON_METRO_INFANZIA,Nessuna strategia ha funzionato,1,2025-12-24T02:38:11.688873
synced,MN1A014008,PAR_NORD OVEST_NON_METRO_INFANZIA,Nessuna strategia ha funzionato,1,2025-12-24T02:38:08.509546
synced,CR1A034008,PAR_NORD OVEST_NON_METRO_INFANZIA,Nessuna strategia ha funzionato,1,2025-12-24T02:38:05.520573
synced,NO1A04100L,PAR_NORD OVEST_NON_METRO_INFANZIA,Nessuna strategia ha funzionato,1,2025-12-24T02:38:02.556700
synced,MB1A430002,PAR_NORD OVEST_NON_METRO_INFANZIA,Nessuna strategia ha funzionato,1,2025-12-24T02:37:59.389475
synced,BS1A24900A,PAR_NORD OVEST_NON_METRO_INFANZIA,Nessuna strategia ha funzionato,1,2025-12-24T02:37:56.162253
synced,BG1A08400B,PAR_NORD OVEST_NON_METRO_INFANZIA,Nessuna strategia ha funzionato,1,2025-12-24T02:37:02.996196
synced,BG1A04600L,PAR_NORD OVEST_NON_METRO_INFANZIA,Nessuna strategia ha funzionato,1,2025-12-24T02:36:59.957983
synced,MB1A278009,PAR_NORD OVEST_NON_METRO_INFANZIA,Nessuna strategia ha funzionato,1,2025-12-24T02:36:56.822779
synced,BS1A28900R,PAR_NORD OVEST_NON_METRO_INFANZIA,Nessuna strategia ha funzionato,1,2025-12-24T02:36:45.252590
synced,BS1A125001,PAR_NORD OVEST_NON_METRO_INFANZIA,Nessuna strategia ha funzionato,1,2025-12-24T02:36:42.171322
synced,CN1A00400L,PAR_NORD OVEST_NON_METRO_INFANZIA,Nessuna strategia ha funzionato,1,2025-12-24T02:36:39.093527
synced,CN1A08200T,PAR_NORD OVEST_NON_METRO_INFANZIA,Nessuna strategia ha funzionato,1,2025-12-24T02:36:24.954431
synced,SO1A02700R,PAR_NORD OVEST_NON_METRO_INFANZIA,Nessuna strategia ha funzionato,1,2025-12-24T02:36:21.902936
synced,MB1AFT500V,PAR_NORD OVEST_NON_METRO_INFANZIA,Nessuna strategia ha funzionato,1,2025-12-24T02:36:18.830959
synced,BS1A024008,PAR_NORD OVEST_NON_METRO_INFANZIA,Nessuna strategia ha funzionato,1,2025-12-24T02:35:58.772421
synced,MB1A41500T,PAR_NORD OVEST_NON_METRO_INFANZIA,Nessuna strategia ha funzionato,1,2025-12-24T02:35:55.607064
synced,CN1A030005,PAR_NORD OVEST_NON_METRO_INFANZIA,Nessuna strategia ha funzionato,1,2025-12-24T02:35:24.629111
synced,VA1A137007,PAR_NORD OVEST_NON_METRO_INFANZIA,Nessuna strategia ha funzionato,1,2025-12-24T02:35:21.544689
synced,MB1A385009,PAR_NORD OVEST_NON_METRO_INFANZIA,Nessuna strategia ha funzionato,1,2025-12-24T02:35:16.406351
synced,CR1A04700A,PAR_NORD OVEST_NON_METRO_INFANZIA,Nessuna strategia ha funzionato,1,2025-12-24T02:34:51.484461
synced,VR1A09800X,PAR_NORD EST_NON_METRO_INFANZIA,Nessuna strategia ha funzionato,1,2025-12-24T02:34:32.750885
synced,TV1A05400E,PAR_NORD EST_NON_METRO_INFANZIA,Nessuna strategia ha funzionato,1,2025-12-24T02:34:29.673640
synced,VI1A15600A,PAR_NORD EST_NON_METRO_INFANZIA,Nessuna strategia ha funzionato,1,2025-12-24T02:34:26.758194
synced,PD1A121002,PAR_NORD EST_NON_METRO_INFANZIA,Nessuna strategia ha funzionato,1,2025-12-24T02:34:23.769441
synced,VR1A238002,PAR_NORD EST_NON_METRO_INFANZIA,Nessuna strategia ha funzionato,1,2025-12-24T02:34:20.779776
synced,PR1AUD500A,PAR_NORD EST_NON_METRO_INFANZIA,Nessuna strategia ha funzionato,1,2025-12-24T02:34:17.752783
synced,VI1A18200V,PAR_NORD EST_NON_METRO_INFANZIA,Nessuna strategia ha funzionato,1,2025-12-24T02:34:14.744424
synced,PD1A21400Q,PAR_NORD EST_NON_METRO_INFANZIA,Nessuna strategia ha funzionato,1,2025-12-24T02:34:11.705660
synced,VR1A10700D,PAR_NORD EST_NON_METRO_INFANZIA,Nessuna strategia ha funzionato,1,2025-12-24T02:34:08.604198
synced,TV1A03300D,PAR_NORD EST_NON_METRO_INFANZIA,Nessuna strategia ha funzionato,1,2025-12-24T02:34:05.492233
synced,RA1A062009,PAR_NORD EST_NON_METRO_INFANZIA,Nessuna strategia ha funzionato,1,2025-12-24T02:34:02.425731
synced,RA1A005005,PAR_NORD EST_NON_METRO_INFANZIA,Nessuna strategia ha funzionato,1,2025-12-24T02:33:59.149512
synced,PD1A093003,PAR_NORD EST_NON_METRO_INFANZIA,Nessuna strategia ha funzionato,1,2025-12-24T02:33:56.073679
synced,PD1A13500X,PAR_NORD EST_NON_METRO_INFANZIA,Nessuna strategia ha funzionato,1,2025-12-24T02:33:52.988093
synced,GO1A00600G,PAR_NORD EST_NON_METRO_INFANZIA,Nessuna strategia ha funzionato,1,2025-12-24T02:33:49.752061
synced,TV1A035005,PAR_NORD EST_NON_METRO_INFANZIA,Nessuna strategia ha funzionato,1,2025-12-24T02:33:38.461261
synced,VR1A137009,PAR_NORD EST_NON_METRO_INFANZIA,Nessuna strategia ha funzionato,1,2025-12-24T02:33:29.575416
synced,MO1A11000E,PAR_NORD EST_NON_METRO_INFANZIA,Nessuna strategia ha funzionato,1,2025-12-24T02:33:26.378720
synced,FE1A07900L,PAR_NORD EST_NON_METRO_INFANZIA,Nessuna strategia ha funzionato,1,2025-12-24T02:33:23.094252
synced,VI1A15500E,PAR_NORD EST_NON_METRO_INFANZIA,Nessuna strategia ha funzionato,1,2025-12-24T02:33:16.686093
synced,VI1A04900A,PAR_NORD EST_NON_METRO_INFANZIA,Nessuna strategia ha funzionato,1,2025-12-24T02:33:10.669206
synced,RE1A09900A,PAR_NORD EST_NON_METRO_INFANZIA,Nessuna strategia ha funzionato,1,2025-12-24T02:33:07.436692
synced,UD1A01800Q,PAR_NORD EST_NON_METRO_INFANZIA,Nessuna strategia ha funzionato,1,2025-12-24T02:33:04.265371
synced,TV1A185003,PAR_NORD EST_NON_METRO_INFANZIA,Nessuna strategia ha funzionato,1,2025-12-24T02:33:01.140790
synced,TV1A12300Q,PAR_NORD EST_NON_METRO_INFANZIA,Nessuna strategia ha funzionato,1,2025-12-24T02:32:58.118251
synced,TV1A10300E,PAR_NORD EST_NON_METRO_INFANZIA,Nessuna strategia ha funzionato,1,2025-12-24T02:32:27.537310
synced,TV1A22200R,PAR_NORD EST_NON_METRO_INFANZIA,Nessuna strategia ha funzionato,1,2025-12-24T02:32:25.687552
synced,PR1A081003,PAR_NORD EST_NON_METRO_INFANZIA,Nessuna strategia ha funzionato,1,2025-12-24T02:32:22.321031
synced,RE1A00400Q,PAR_NORD EST_NON_METRO_INFANZIA,Nessuna strategia ha funzionato,1,2025-12-24T02:32:19.307835
synced,TV1A199001,PAR_NORD EST_NON_METRO_INFANZIA,Nessuna strategia ha funzionato,1,2025-12-24T02:32:16.034397
synced,TV1A170009,PAR_NORD EST_NON_METRO_INFANZIA,Nessuna strategia ha funzionato,1,2025-12-24T02:32:07.819703
synced,PD1A13200C,PAR_NORD EST_NON_METRO_INFANZIA,Nessuna strategia ha funzionato,1,2025-12-24T02:32:04.647363
synced,PR1A00900R,PAR_NORD EST_NON_METRO_INFANZIA,Nessuna strategia ha funzionato,1,2025-12-24T02:32:01.695069
synced,PD1A04400T,PAR_NORD EST_NON_METRO_INFANZIA,Nessuna strategia ha funzionato,1,2025-12-24T02:31:55.500741
synced,VR1A17200L,PAR_NORD EST_NON_METRO_INFANZIA,Nessuna strategia ha funzionato,1,2025-12-24T02:31:47.009993
synced,VR1A017007,PAR_NORD EST_NON_METRO_INFANZIA,Nessuna strategia ha funzionato,1,2025-12-24T02:31:44.035321
synced,RE1A03500B,PAR_NORD EST_NON_METRO_INFANZIA,Nessuna strategia ha funzionato,1,2025-12-24T02:31:40.998011
synced,PR1A06200N,PAR_NORD EST_NON_METRO_INFANZIA,Nessuna strategia ha funzionato,1,2025-12-24T02:31:33.845817
synced,PD1A203009,PAR_NORD EST_NON_METRO_INFANZIA,Nessuna strategia ha funzionato,1,2025-12-24T02:31:30.829862
synced,RO1A02200T,PAR_NORD EST_NON_METRO_INFANZIA,Nessuna strategia ha funzionato,1,2025-12-24T02:31:27.729022
synced,PC1A002005,PAR_NORD EST_NON_METRO_INFANZIA,Nessuna strategia ha funzionato,1,2025-12-24T02:31:24.318723
synced,FO1A023005,PAR_NORD EST_NON_METRO_INFANZIA,Nessuna strategia ha funzionato,1,2025-12-24T02:31:14.726853
synced,PD1A08100R,PAR_NORD EST_NON_METRO_INFANZIA,Nessuna strategia ha funzionato,1,2025-12-24T02:31:11.665186
synced,RO1A05800L,PAR_NORD EST_NON_METRO_INFANZIA,Nessuna strategia ha funzionato,1,2025-12-24T02:30:53.667191
synced,VR1A091005,PAR_NORD EST_NON_METRO_INFANZIA,Nessuna strategia ha funzionato,1,2025-12-24T02:30:50.534777
synced,PN1A00600D,PAR_NORD EST_NON_METRO_INFANZIA,Nessuna strategia ha funzionato,1,2025-12-24T02:30:47.456838
synced,PD1A217007,PAR_NORD EST_NON_METRO_INFANZIA,Nessuna strategia ha funzionato,1,2025-12-24T02:30:44.370977
synced,BN1A04100P,PAR_SUD_NON_METRO_INFANZIA,Nessuna strategia ha funzionato,1,2025-12-24T02:30:41.288204
synced,PZ1AA5500F,PAR_SUD_NON_METRO_INFANZIA,Nessuna strategia ha funzionato,1,2025-12-24T02:30:38.140422
synced,AQ1A032008,PAR_SUD_NON_METRO_INFANZIA,Nessuna strategia ha funzionato,1,2025-12-24T02:30:35.067943
synced,LE1A055005,PAR_SUD_NON_METRO_INFANZIA,Nessuna strategia ha funzionato,1,2025-12-24T02:30:31.915367
synced,SA1A096008,PAR_SUD_NON_METRO_INFANZIA,Nessuna strategia ha funzionato,1,2025-12-24T02:30:26.074474
synced,CS1A046002,PAR_SUD_NON_METRO_INFANZIA,Nessuna strategia ha funzionato,1,2025-12-24T02:30:17.272688
synced,SA1A12300B,PAR_SUD_NON_METRO_INFANZIA,Nessuna strategia ha funzionato,1,2025-12-24T02:30:15.461995
synced,TA1AHM5007,PAR_SUD_NON_METRO_INFANZIA,Nessuna strategia ha funzionato,1,2025-12-24T02:30:07.595209
synced,FG1A116001,PAR_SUD_NON_METRO_INFANZIA,Nessuna strategia ha funzionato,1,2025-12-24T02:30:04.102442
synced,FG1AH35004,PAR_SUD_NON_METRO_INFANZIA,Nessuna strategia ha funzionato,1,2025-12-24T02:30:01.086224
synced,CE1A294002,PAR_SUD_NON_METRO_INFANZIA,Nessuna strategia ha funzionato,1,2025-12-24T02:29:57.997449
synced,BT1A08300E,PAR_SUD_NON_METRO_INFANZIA,Nessuna strategia ha funzionato,1,2025-12-24T02:29:54.920603
synced,CE1A28100X,PAR_SUD_NON_METRO_INFANZIA,Nessuna strategia ha funzionato,1,2025-12-24T02:29:49.342588
synced,BT1ABU500F,PAR_SUD_NON_METRO_INFANZIA,Nessuna strategia ha funzionato,1,2025-12-24T02:29:46.264323
synced,CE1A06800Q,PAR_SUD_NON_METRO_INFANZIA,Nessuna strategia ha funzionato,1,2025-12-24T02:29:42.227808
synced,CS1A058008,PAR_SUD_NON_METRO_INFANZIA,Nessuna strategia ha funzionato,1,2025-12-24T02:29:39.113527
synced,SA1A06000D,PAR_SUD_NON_METRO_INFANZIA,Nessuna strategia ha funzionato,1,2025-12-24T02:29:35.822870
synced,SA1A12600V,PAR_SUD_NON_METRO_INFANZIA,Nessuna strategia ha funzionato,1,2025-12-24T02:29:32.703686
synced,CE1A066004,PAR_SUD_NON_METRO_INFANZIA,Nessuna strategia ha funzionato,1,2025-12-24T02:29:29.623491
synced,PZ1A01200X,PAR_SUD_NON_METRO_INFANZIA,Nessuna strategia ha funzionato,1,2025-12-24T02:29:26.571291
synced,FG1A2V500Q,PAR_SUD_NON_METRO_INFANZIA,Nessuna strategia ha funzionato,1,2025-12-24T02:29:14.631330
synced,CS1A130009,PAR_SUD_NON_METRO_INFANZIA,Nessuna strategia ha funzionato,1,2025-12-24T02:29:11.432411
synced,CS1A008007,PAR_SUD_NON_METRO_INFANZIA,Nessuna strategia ha funzionato,1,2025-12-24T02:29:08.434638
synced,PE1A02800E,PAR_SUD_NON_METRO_INFANZIA,Nessuna strategia ha funzionato,1,2025-12-24T02:29:05.302362
synced,CE1A26100P,PAR_SUD_NON_METRO_INFANZIA,Nessuna strategia ha funzionato,1,2025-12-24T02:29:02.088367
synced,CS1A017002,PAR_SUD_NON_METRO_INFANZIA,Nessuna strategia ha funzionato,1,2025-12-24T02:28:59.014221
synced,CS1A09100X,PAR_SUD_NON_METRO_INFANZIA,Nessuna strategia ha funzionato,1,2025-12-24T02:28:55.900924
synced,CE1A04100Q,PAR_SUD_NON_METRO_INFANZIA,Nessuna strategia ha funzionato,1,2025-12-24T02:28:52.625362
synced,CE1AI15009,PAR_SUD_NON_METRO_INFANZIA,Nessuna strategia ha funzionato,1,2025-12-24T02:28:49.602476
synced,BT1A19600D,PAR_SUD_NON_METRO_INFANZIA,Nessuna strategia ha funzionato,1,2025-12-24T02:28:46.630111
synced,SA1A104002,PAR_SUD_NON_METRO_INFANZIA,Nessuna strategia ha funzionato,1,2025-12-24T02:28:43.662726
synced,BN1A015006,PAR_SUD_NON_METRO_INFANZIA,Nessuna strategia ha funzionato,1,2025-12-24T02:28:40.478688
synced,SA1A14900G,PAR_SUD_NON_METRO_INFANZIA,Nessuna strategia ha funzionato,1,2025-12-24T02:28:37.470467
synced,PE1A00100E,PAR_SUD_NON_METRO_INFANZIA,Nessuna strategia ha funzionato,1,2025-12-24T02:28:34.130727
synced,FG1A13300P,PAR_SUD_NON_METRO_INFANZIA,Nessuna strategia ha funzionato,1,2025-12-24T02:28:31.056050
synced,VV1A019004,PAR_SUD_NON_METRO_INFANZIA,Nessuna strategia ha funzionato,1,2025-12-24T02:28:27.878715
synced,CE1AOM500O,PAR_SUD_NON_METRO_INFANZIA,Nessuna strategia ha funzionato,1,2025-12-24T02:28:23.993789
synced,BT1A20700P,PAR_SUD_NON_METRO_INFANZIA,Nessuna strategia ha funzionato,1,2025-12-24T02:28:20.823420
synced,AV1A046002,PAR_SUD_NON_METRO_INFANZIA,Nessuna strategia ha funzionato,1,2025-12-24T02:28:18.895966
synced,CZ1A00300X,PAR_SUD_NON_METRO_INFANZIA,Nessuna strategia ha funzionato,1,2025-12-24T02:28:15.750210
synced,CS1A152006,PAR_SUD_NON_METRO_INFANZIA,Nessuna strategia ha funzionato,1,2025-12-24T02:28:12.525093
synced,SA1A083006,PAR_SUD_NON_METRO_INFANZIA,Nessuna strategia ha funzionato,1,2025-12-24T02:27:59.805264
synced,AQ1A8E500T,PAR_SUD_NON_METRO_INFANZIA,Nessuna strategia ha funzionato,1,2025-12-24T02:27:56.845824
synced,CE1A23100V,PAR_SUD_NON_METRO_INFANZIA,Nessuna strategia ha funzionato,1,2025-12-24T02:27:53.824809
synced,VV1A00800N,PAR_SUD_NON_METRO_INFANZIA,Nessuna strategia ha funzionato,1,2025-12-24T02:27:50.691794
synced,CS1AFM5004,PAR_SUD_NON_METRO_INFANZIA,Nessuna strategia ha funzionato,1,2025-12-24T02:27:43.872456
synced,PZ1AH5500F,PAR_SUD_NON_METRO_INFANZIA,Nessuna strategia ha funzionato,1,2025-12-24T02:27:40.760333
synced,SA1A07200Q,PAR_SUD_NON_METRO_INFANZIA,Nessuna strategia ha funzionato,1,2025-12-24T02:27:37.736508
synced,CS1A52500G,PAR_SUD_NON_METRO_INFANZIA,Nessuna strategia ha funzionato,1,2025-12-24T02:27:34.734774
synced,BOTF01951T,STAT_NORD EST_METRO_SEC_SECONDO,Nessuna strategia ha funzionato,1,2025-12-24T02:27:24.170865
synced,VETE008018,STAT_NORD EST_METRO_SEC_SECONDO,Nessuna strategia ha funzionato,1,2025-12-24T02:27:06.177296
synced,BOIS02300G,STAT_NORD EST_METRO_SEC_SECONDO,Nessuna strategia ha funzionato,1,2025-12-24T02:27:03.424519
synced,VETN018019,STAT_NORD EST_METRO_SEC_SECONDO,Nessuna strategia ha funzionato,1,2025-12-24T02:27:00.873191
synced,BOTF02650X,STAT_NORD EST_METRO_SEC_SECONDO,Nessuna strategia ha funzionato,1,2025-12-24T02:26:52.526416
synced,BOTF014019,STAT_NORD EST_METRO_SEC_SECONDO,Nessuna strategia ha funzionato,1,2025-12-24T02:26:49.605557
synced,VEPS002012,STAT_NORD EST_METRO_SEC_SECONDO,Nessuna strategia ha funzionato,1,2025-12-24T02:26:45.556639
synced,VEIS02400C,STAT_NORD EST_METRO_SEC_SECONDO,Nessuna strategia ha funzionato,1,2025-12-24T02:26:37.099076
synced,BOPS028015,STAT_NORD EST_METRO_SEC_SECONDO,Nessuna strategia ha funzionato,1,2025-12-24T02:26:34.717422
synced,VEIS00300B,STAT_NORD EST_METRO_SEC_SECONDO,Nessuna strategia ha funzionato,1,2025-12-24T02:26:31.767914
synced,BOIS02900E,STAT_NORD EST_METRO_SEC_SECONDO,Nessuna strategia ha funzionato,1,2025-12-24T02:26:23.733923
synced,BOIS026003,STAT_NORD EST_METRO_SEC_SECONDO,Nessuna strategia ha funzionato,1,2025-12-24T02:26:21.330884
synced,BOTF01450N,STAT_NORD EST_METRO_SEC_SECONDO,Nessuna strategia ha funzionato,1,2025-12-24T02:26:12.760764
synced,VEPC050007,STAT_NORD EST_METRO_SEC_SECONDO,Nessuna strategia ha funzionato,1,2025-12-24T02:26:07.839629
synced,VEIS018005,STAT_NORD EST_METRO_SEC_SECONDO,Nessuna strategia ha funzionato,1,2025-12-24T02:25:59.591475
synced,BOTD027015,STAT_NORD EST_METRO_SEC_SECONDO,Nessuna strategia ha funzionato,1,2025-12-24T02:25:52.336737
synced,BOSL02050Q,STAT_NORD EST_METRO_SEC_SECONDO,Nessuna strategia ha funzionato,1,2025-12-24T02:25:49.039705
synced,VETL01901N,STAT_NORD EST_METRO_SEC_SECONDO,Nessuna strategia ha funzionato,1,2025-12-24T02:25:46.171233
synced,VETL02101N,STAT_NORD EST_METRO_SEC_SECONDO,Nessuna strategia ha funzionato,1,2025-12-24T02:25:43.500659
synced,BOTF024508,STAT_NORD EST_METRO_SEC_SECONDO,Nessuna strategia ha funzionato,1,2025-12-24T02:25:40.574999
synced,VETF022019,STAT_NORD EST_METRO_SEC_SECONDO,Nessuna strategia ha funzionato,1,2025-12-24T02:25:31.429876
synced,BOIS00700N,STAT_NORD EST_METRO_SEC_SECONDO,Nessuna strategia ha funzionato,1,2025-12-24T02:25:15.949658
synced,BOTN02201X,STAT_NORD EST_METRO_SEC_SECONDO,Nessuna strategia ha funzionato,1,2025-12-24T02:25:06.510414
synced,VETD06000R,STAT_NORD EST_METRO_SEC_SECONDO,Nessuna strategia ha funzionato,1,2025-12-24T02:24:49.248161
synced,BOSL02000A,STAT_NORD EST_METRO_SEC_SECONDO,Nessuna strategia ha funzionato,1,2025-12-24T02:24:41.126630
synced,BOIS012005,STAT_NORD EST_METRO_SEC_SECONDO,Nessuna strategia ha funzionato,1,2025-12-24T02:24:38.569854
synced,BOIS00600T,STAT_NORD EST_METRO_SEC_SECONDO,Nessuna strategia ha funzionato,1,2025-12-24T02:24:22.674883
synced,BOTD00301L,STAT_NORD EST_METRO_SEC_SECONDO,Nessuna strategia ha funzionato,1,2025-12-24T02:24:04.955353
synced,BOTF01901C,STAT_NORD EST_METRO_SEC_SECONDO,Nessuna strategia ha funzionato,1,2025-12-24T02:23:54.150230
synced,BOPS01000V,STAT_NORD EST_METRO_SEC_SECONDO,Nessuna strategia ha funzionato,1,2025-12-24T02:23:42.909138
synced,VEIS00800E,STAT_NORD EST_METRO_SEC_SECONDO,Nessuna strategia ha funzionato,1,2025-12-24T02:23:40.448748
synced,VETD01601Q,STAT_NORD EST_METRO_SEC_SECONDO,Nessuna strategia ha funzionato,1,2025-12-24T02:23:38.116389
synced,BOPS022016,STAT_NORD EST_METRO_SEC_SECONDO,Nessuna strategia ha funzionato,1,2025-12-24T02:23:29.982048
synced,VEIS021001,STAT_NORD EST_METRO_SEC_SECONDO,Nessuna strategia ha funzionato,1,2025-12-24T02:23:26.825641
synced,VETF02251P,STAT_NORD EST_METRO_SEC_SECONDO,Nessuna strategia ha funzionato,1,2025-12-24T02:23:18.779354
synced,BOTD080001,STAT_NORD EST_METRO_SEC_SECONDO,Nessuna strategia ha funzionato,1,2025-12-24T02:23:15.828397
synced,VETD01801B,STAT_NORD EST_METRO_SEC_SECONDO,Nessuna strategia ha funzionato,1,2025-12-24T02:23:05.202752
synced,VETF01901D,STAT_NORD EST_METRO_SEC_SECONDO,Nessuna strategia ha funzionato,1,2025-12-24T02:22:55.596757
synced,BOTF02601G,STAT_NORD EST_METRO_SEC_SECONDO,Nessuna strategia ha funzionato,1,2025-12-24T02:22:52.079123
synced,VETD01201C,STAT_NORD EST_METRO_SEC_SECONDO,Nessuna strategia ha funzionato,1,2025-12-24T02:22:46.107902
synced,VETN016502,STAT_NORD EST_METRO_SEC_SECONDO,Nessuna strategia ha funzionato,1,2025-12-24T02:22:37.349933
synced,BOIS00300A,STAT_NORD EST_METRO_SEC_SECONDO,Nessuna strategia ha funzionato,1,2025-12-24T02:22:34.070060
synced,BOPS030004,STAT_NORD EST_METRO_SEC_SECONDO,Nessuna strategia ha funzionato,1,2025-12-24T02:22:31.738299
synced,PAPS05000C,STAT_ISOLE_METRO_SEC_SECONDO,Nessuna strategia ha funzionato,1,2025-12-24T02:22:29.383366
synced,PATA00801C,STAT_ISOLE_METRO_SEC_SECONDO,Nessuna strategia ha funzionato,1,2025-12-24T02:22:26.905560
synced,CTTD04201T,STAT_ISOLE_METRO_SEC_SECONDO,Nessuna strategia ha funzionato,1,2025-12-24T02:22:23.750201
synced,CAPC03000V,STAT_ISOLE_METRO_SEC_SECONDO,Nessuna strategia ha funzionato,1,2025-12-24T02:22:21.154783
synced,CTTA004501,STAT_ISOLE_METRO_SEC_SECONDO,Nessuna strategia ha funzionato,1,2025-12-24T02:22:18.598692
synced,PAIS039008,STAT_ISOLE_METRO_SEC_SECONDO,Nessuna strategia ha funzionato,1,2025-12-24T02:22:15.335100
synced,CTTF010501,STAT_ISOLE_METRO_SEC_SECONDO,Nessuna strategia ha funzionato,1,2025-12-24T02:22:12.865178
synced,CTPS06000E,STAT_ISOLE_METRO_SEC_SECONDO,Nessuna strategia ha funzionato,1,2025-12-24T02:22:07.612985
synced,CTPC04201V,STAT_ISOLE_METRO_SEC_SECONDO,Nessuna strategia ha funzionato,1,2025-12-24T02:21:50.354501
synced,MEPS01301R,STAT_ISOLE_METRO_SEC_SECONDO,Nessuna strategia ha funzionato,1,2025-12-24T02:21:45.138546
synced,MEPM032017,STAT_ISOLE_METRO_SEC_SECONDO,Nessuna strategia ha funzionato,1,2025-12-24T02:21:41.802600
synced,CTSL01006L,STAT_ISOLE_METRO_SEC_SECONDO,Nessuna strategia ha funzionato,1,2025-12-24T02:21:28.613694
synced,MEPS02901A,STAT_ISOLE_METRO_SEC_SECONDO,Nessuna strategia ha funzionato,1,2025-12-24T02:21:25.947650
synced,PAPC00150D,STAT_ISOLE_METRO_SEC_SECONDO,Nessuna strategia ha funzionato,1,2025-12-24T02:21:23.212132
synced,CTIS04700P,STAT_ISOLE_METRO_SEC_SECONDO,Nessuna strategia ha funzionato,1,2025-12-24T02:21:20.004369
synced,MEIS019009,STAT_ISOLE_METRO_SEC_SECONDO,Nessuna strategia ha funzionato,1,2025-12-24T02:21:17.549421
synced,PAIS03600R,STAT_ISOLE_METRO_SEC_SECONDO,Nessuna strategia ha funzionato,1,2025-12-24T02:20:53.369124
synced,CASL01000N,STAT_ISOLE_METRO_SEC_SECONDO,Nessuna strategia ha funzionato,1,2025-12-24T02:20:11.471782
synced,PAIS00900C,STAT_ISOLE_METRO_SEC_SECONDO,Nessuna strategia ha funzionato,1,2025-12-24T02:20:08.831619
synced,CTTF01000G,STAT_ISOLE_METRO_SEC_SECONDO,Nessuna strategia ha funzionato,1,2025-12-24T02:19:52.200557
synced,MEPS010008,STAT_ISOLE_METRO_SEC_SECONDO,Nessuna strategia ha funzionato,1,2025-12-24T02:19:29.078063
synced,CTTF03000R,STAT_ISOLE_METRO_SEC_SECONDO,Nessuna strategia ha funzionato,1,2025-12-24T02:19:17.632418
synced,MEPS00201A,STAT_ISOLE_METRO_SEC_SECONDO,Nessuna strategia ha funzionato,1,2025-12-24T02:18:30.875686
synced,PATH03601R,STAT_ISOLE_METRO_SEC_SECONDO,Nessuna strategia ha funzionato,1,2025-12-24T02:17:37.408045
synced,PAPS00401Q,STAT_ISOLE_METRO_SEC_SECONDO,Nessuna strategia ha funzionato,1,2025-12-24T02:17:24.925498
synced,CAPS02901V,STAT_ISOLE_METRO_SEC_SECONDO,Nessuna strategia ha funzionato,1,2025-12-24T02:17:06.903493
synced,CTTF03951N,STAT_ISOLE_METRO_SEC_SECONDO,Nessuna strategia ha funzionato,1,2025-12-24T02:16:53.204318
synced,CTTD18050T,STAT_ISOLE_METRO_SEC_SECONDO,Nessuna strategia ha funzionato,1,2025-12-24T02:16:50.105026
synced,PASL01101Q,STAT_ISOLE_METRO_SEC_SECONDO,Nessuna strategia ha funzionato,1,2025-12-24T02:16:46.801133
synced,METF04050G,STAT_ISOLE_METRO_SEC_SECONDO,Nessuna strategia ha funzionato,1,2025-12-24T02:16:43.367180
synced,CTSL01000A,STAT_ISOLE_METRO_SEC_SECONDO,Nessuna strategia ha funzionato,1,2025-12-24T02:16:40.071002
synced,CAPC09000E,STAT_ISOLE_METRO_SEC_SECONDO,Nessuna strategia ha funzionato,1,2025-12-24T02:16:37.401626
synced,METD009011,STAT_ISOLE_METRO_SEC_SECONDO,Nessuna strategia ha funzionato,1,2025-12-24T02:16:28.268627
synced,PAPM12000E,STAT_ISOLE_METRO_SEC_SECONDO,Nessuna strategia ha funzionato,1,2025-12-24T02:16:18.111860
synced,MIRC07701G,STAT_NORD OVEST_METRO_ALTRO,Nessuna strategia ha funzionato,1,2025-12-24T02:16:02.084531
synced,GEIC825002,STAT_NORD OVEST_METRO_ALTRO,Nessuna strategia ha funzionato,1,2025-12-24T02:15:58.765841
synced,TOIC858003,STAT_NORD OVEST_METRO_ALTRO,Nessuna strategia ha funzionato,1,2025-12-24T02:15:56.522207
synced,GEIC840004,STAT_NORD OVEST_METRO_ALTRO,Nessuna strategia ha funzionato,1,2025-12-24T02:15:45.990430
synced,TOIC845001,STAT_NORD OVEST_METRO_ALTRO,Nessuna strategia ha funzionato,1,2025-12-24T02:15:37.402560
synced,MIRI07401R,STAT_NORD OVEST_METRO_ALTRO,Nessuna strategia ha funzionato,1,2025-12-24T02:15:34.850701
synced,GEIC810008,STAT_NORD OVEST_METRO_ALTRO,Nessuna strategia ha funzionato,1,2025-12-24T02:15:31.778154
synced,MICT714006,STAT_NORD OVEST_METRO_ALTRO,Nessuna strategia ha funzionato,1,2025-12-24T02:15:29.304806
synced,TOIC88400G,STAT_NORD OVEST_METRO_ALTRO,Nessuna strategia ha funzionato,1,2025-12-24T02:15:26.720040
synced,TORI02901V,STAT_NORD OVEST_METRO_ALTRO,Nessuna strategia ha funzionato,1,2025-12-24T02:15:24.414282
synced,GERC01902V,STAT_NORD OVEST_METRO_ALTRO,Nessuna strategia ha funzionato,1,2025-12-24T02:15:15.467130
synced,MIIC8FD00A,STAT_NORD OVEST_METRO_ALTRO,Nessuna strategia ha funzionato,1,2025-12-24T02:15:06.278473
synced,MIRC09451P,STAT_NORD OVEST_METRO_ALTRO,Nessuna strategia ha funzionato,1,2025-12-24T02:15:03.877518
synced,MIRH038016,STAT_NORD OVEST_METRO_ALTRO,Nessuna strategia ha funzionato,1,2025-12-24T02:14:54.804943
synced,TOCT721009,STAT_NORD OVEST_METRO_ALTRO,Nessuna strategia ha funzionato,1,2025-12-24T02:14:48.349637
synced,TOIC8AM009,STAT_NORD OVEST_METRO_ALTRO,Nessuna strategia ha funzionato,1,2025-12-24T02:14:45.177492
synced,MIIC8BE00Q,STAT_NORD OVEST_METRO_ALTRO,Nessuna strategia ha funzionato,1,2025-12-24T02:14:42.721804
synced,MIIC8A4009,STAT_NORD OVEST_METRO_ALTRO,Nessuna strategia ha funzionato,1,2025-12-24T02:13:53.954475
synced,GETD013016,STAT_NORD OVEST_METRO_ALTRO,Nessuna strategia ha funzionato,1,2025-12-24T02:13:47.692306
synced,TOIC8CD00E,STAT_NORD OVEST_METRO_ALTRO,Nessuna strategia ha funzionato,1,2025-12-24T02:13:31.166877
synced,MIIC8FC00E,STAT_NORD OVEST_METRO_ALTRO,Nessuna strategia ha funzionato,1,2025-12-24T02:13:28.279613
synced,MIIC8A300D,STAT_NORD OVEST_METRO_ALTRO,Nessuna strategia ha funzionato,1,2025-12-24T02:13:20.373849
synced,GERI01301G,STAT_NORD OVEST_METRO_ALTRO,Nessuna strategia ha funzionato,1,2025-12-24T02:13:18.040245
synced,TOIC86400A,STAT_NORD OVEST_METRO_ALTRO,Nessuna strategia ha funzionato,1,2025-12-24T02:13:14.953980
synced,TOIC8B8007,STAT_NORD OVEST_METRO_ALTRO,Nessuna strategia ha funzionato,1,2025-12-24T02:13:12.591310
synced,TOIC886007,STAT_NORD OVEST_METRO_ALTRO,Nessuna strategia ha funzionato,1,2025-12-24T02:13:10.158121
synced,TOIC816001,STAT_NORD OVEST_METRO_ALTRO,Nessuna strategia ha funzionato,1,2025-12-24T02:13:07.781371
synced,TOIC8CF006,STAT_NORD OVEST_METRO_ALTRO,Nessuna strategia ha funzionato,1,2025-12-24T02:12:46.107127
synced,GECT708005,STAT_NORD OVEST_METRO_ALTRO,Nessuna strategia ha funzionato,1,2025-12-24T02:12:43.836577
synced,MIIC8D000T,STAT_NORD OVEST_METRO_ALTRO,Nessuna strategia ha funzionato,1,2025-12-24T02:12:03.410117
synced,MIIC8AU00C,STAT_NORD OVEST_METRO_ALTRO,Nessuna strategia ha funzionato,1,2025-12-24T02:12:00.985072
synced,MIIC8D5001,STAT_NORD OVEST_METRO_ALTRO,Nessuna strategia ha funzionato,1,2025-12-24T02:11:44.284923
synced,MIIC8E900V,STAT_NORD OVEST_METRO_ALTRO,Nessuna strategia ha funzionato,1,2025-12-24T02:11:39.745353
synced,TORC007019,STAT_NORD OVEST_METRO_ALTRO,Nessuna strategia ha funzionato,1,2025-12-24T02:10:56.099282
synced,MIIC8CS002,STAT_NORD OVEST_METRO_ALTRO,Nessuna strategia ha funzionato,1,2025-12-24T02:10:46.225286
synced,TORI06601T,STAT_NORD OVEST_METRO_ALTRO,Nessuna strategia ha funzionato,1,2025-12-24T02:10:38.359893
synced,MIIC8BM008,STAT_NORD OVEST_METRO_ALTRO,Nessuna strategia ha funzionato,1,2025-12-24T02:10:29.796364
synced,MIRI09701D,STAT_NORD OVEST_METRO_ALTRO,Nessuna strategia ha funzionato,1,2025-12-24T02:10:20.372327
synced,MIIC8EU00Q,STAT_NORD OVEST_METRO_ALTRO,Nessuna strategia ha funzionato,1,2025-12-24T02:09:52.940126
synced,MICT719009,STAT_NORD OVEST_METRO_ALTRO,Nessuna strategia ha funzionato,1,2025-12-24T02:09:50.543092
synced,MIRI09751V,STAT_NORD OVEST_METRO_ALTRO,Nessuna strategia ha funzionato,1,2025-12-24T02:09:47.607833
synced,GEIC84100X,STAT_NORD OVEST_METRO_ALTRO,Nessuna strategia ha funzionato,1,2025-12-24T02:09:42.526412
synced,VEMM825015,STAT_NORD EST_METRO_SEC_PRIMO,Nessuna strategia ha funzionato,1,2025-12-24T02:09:17.711407
synced,BOMM83001G,STAT_NORD EST_METRO_SEC_PRIMO,Nessuna strategia ha funzionato,1,2025-12-24T02:09:15.162475
synced,VEMM85701L,STAT_NORD EST_METRO_SEC_PRIMO,Nessuna strategia ha funzionato,1,2025-12-24T02:08:27.709783
synced,BOMM853018,STAT_NORD EST_METRO_SEC_PRIMO,Nessuna strategia ha funzionato,1,2025-12-24T02:08:24.576673
synced,BOMM87101T,STAT_NORD EST_METRO_SEC_PRIMO,Nessuna strategia ha funzionato,1,2025-12-24T02:06:13.076088
synced,VEMM85801C,STAT_NORD EST_METRO_SEC_PRIMO,Nessuna strategia ha funzionato,1,2025-12-24T02:06:03.675161
synced,BOMM82701Q,STAT_NORD EST_METRO_SEC_PRIMO,Nessuna strategia ha funzionato,1,2025-12-24T02:05:54.441282
synced,BOMM87201N,STAT_NORD EST_METRO_SEC_PRIMO,Nessuna strategia ha funzionato,1,2025-12-24T02:05:10.561747
synced,BOMM86301V,STAT_NORD EST_METRO_SEC_PRIMO,Nessuna strategia ha funzionato,1,2025-12-24T02:05:07.625659
synced,BOMM85601Q,STAT_NORD EST_METRO_SEC_PRIMO,Nessuna strategia ha funzionato,1,2025-12-24T02:04:58.905280
synced,VEMM82101T,STAT_NORD EST_METRO_SEC_PRIMO,Nessuna strategia ha funzionato,1,2025-12-24T02:04:50.201605
synced,VEMM86501G,STAT_NORD EST_METRO_SEC_PRIMO,Nessuna strategia ha funzionato,1,2025-12-24T02:04:41.137770
synced,VEMM840017,STAT_NORD EST_METRO_SEC_PRIMO,Nessuna strategia ha funzionato,1,2025-12-24T02:03:50.719235
synced,VEMM825026,STAT_NORD EST_METRO_SEC_PRIMO,Nessuna strategia ha funzionato,1,2025-12-24T02:03:47.999369
synced,VEMM86001C,STAT_NORD EST_METRO_SEC_PRIMO,Nessuna strategia ha funzionato,1,2025-12-24T02:03:36.235481
synced,BOMM88502R,STAT_NORD EST_METRO_SEC_PRIMO,Nessuna strategia ha funzionato,1,2025-12-24T02:03:32.716498
synced,BOMM811016,STAT_NORD EST_METRO_SEC_PRIMO,Nessuna strategia ha funzionato,1,2025-12-24T02:03:29.412247
synced,BOMM86501E,STAT_NORD EST_METRO_SEC_PRIMO,Nessuna strategia ha funzionato,1,2025-12-24T02:03:26.774454
synced,VEMM84901N,STAT_NORD EST_METRO_SEC_PRIMO,Nessuna strategia ha funzionato,1,2025-12-24T02:02:48.969679
synced,BOMM87901C,STAT_NORD EST_METRO_SEC_PRIMO,Nessuna strategia ha funzionato,1,2025-12-24T02:02:46.268430
synced,VEMM81901T,STAT_NORD EST_METRO_SEC_PRIMO,Nessuna strategia ha funzionato,1,2025-12-24T02:02:32.231115
synced,VEMM80501X,STAT_NORD EST_METRO_SEC_PRIMO,Nessuna strategia ha funzionato,1,2025-12-24T02:01:47.023985
synced,VEMM838017,STAT_NORD EST_METRO_SEC_PRIMO,Nessuna strategia ha funzionato,1,2025-12-24T02:01:29.626450
synced,BOMM83402X,STAT_NORD EST_METRO_SEC_PRIMO,Nessuna strategia ha funzionato,1,2025-12-24T02:01:26.450112
synced,BOMM870012,STAT_NORD EST_METRO_SEC_PRIMO,Nessuna strategia ha funzionato,1,2025-12-24T02:01:23.770846
synced,BOMM85101L,STAT_NORD EST_METRO_SEC_PRIMO,Nessuna strategia ha funzionato,1,2025-12-24T02:01:16.972963
synced,BOMM809049,STAT_NORD EST_METRO_SEC_PRIMO,Nessuna strategia ha funzionato,1,2025-12-24T02:00:34.785313
synced,VEMM832018,STAT_NORD EST_METRO_SEC_PRIMO,Nessuna strategia ha funzionato,1,2025-12-24T02:00:31.585938
synced,BOMM846015,STAT_NORD EST_METRO_SEC_PRIMO,Nessuna strategia ha funzionato,1,2025-12-24T02:00:10.562746
synced,BOMM83401V,STAT_NORD EST_METRO_SEC_PRIMO,Nessuna strategia ha funzionato,1,2025-12-24T02:00:07.063242
synced,BOMM87801L,STAT_NORD EST_METRO_SEC_PRIMO,Nessuna strategia ha funzionato,1,2025-12-24T02:00:03.946112
synced,VEMM85001T,STAT_NORD EST_METRO_SEC_PRIMO,Nessuna strategia ha funzionato,1,2025-12-24T02:00:00.701609
synced,BOMM88101C,STAT_NORD EST_METRO_SEC_PRIMO,Nessuna strategia ha funzionato,1,2025-12-24T01:59:49.017862
synced,VEMM855011,STAT_NORD EST_METRO_SEC_PRIMO,Nessuna strategia ha funzionato,1,2025-12-24T01:59:39.874217
synced,VEMM86402R,STAT_NORD EST_METRO_SEC_PRIMO,Nessuna strategia ha funzionato,1,2025-12-24T01:59:32.584809
synced,BOMM80502X,STAT_NORD EST_METRO_SEC_PRIMO,Nessuna strategia ha funzionato,1,2025-12-24T01:58:47.301688
synced,BOMM817026,STAT_NORD EST_METRO_SEC_PRIMO,Nessuna strategia ha funzionato,1,2025-12-24T01:58:43.656104
synced,BOMM81401N,STAT_NORD EST_METRO_SEC_PRIMO,Nessuna strategia ha funzionato,1,2025-12-24T01:58:41.125593
synced,BOAA81202V,STAT_NORD EST_METRO_INFANZIA,Nessuna strategia ha funzionato,1,2025-12-24T01:58:37.884022
synced,VEAA808017,STAT_NORD EST_METRO_INFANZIA,Nessuna strategia ha funzionato,1,2025-12-24T01:57:43.862544
synced,BOAA866049,STAT_NORD EST_METRO_INFANZIA,Nessuna strategia ha funzionato,1,2025-12-24T01:57:34.447750
synced,BOAA84802N,STAT_NORD EST_METRO_INFANZIA,Nessuna strategia ha funzionato,1,2025-12-24T01:57:26.963430
synced,BOAA839041,STAT_NORD EST_METRO_INFANZIA,Nessuna strategia ha funzionato,1,2025-12-24T01:56:56.443248
synced,BOAA882014,STAT_NORD EST_METRO_INFANZIA,Nessuna strategia ha funzionato,1,2025-12-24T01:56:53.343796
synced,VEAA87001V,STAT_NORD EST_METRO_INFANZIA,Nessuna strategia ha funzionato,1,2025-12-24T01:56:50.111602
synced,BOAA84202P,STAT_NORD EST_METRO_INFANZIA,Nessuna strategia ha funzionato,1,2025-12-24T01:56:41.695917
synced,BOAA80702B,STAT_NORD EST_METRO_INFANZIA,Nessuna strategia ha funzionato,1,2025-12-24T01:56:38.217328
synced,VEAA80401X,STAT_NORD EST_METRO_INFANZIA,Nessuna strategia ha funzionato,1,2025-12-24T01:56:35.078682
synced,BOAA17201B,STAT_NORD EST_METRO_INFANZIA,Nessuna strategia ha funzionato,1,2025-12-24T01:56:31.355051
synced,VEAA86302R,STAT_NORD EST_METRO_INFANZIA,Nessuna strategia ha funzionato,1,2025-12-24T01:56:03.406632
synced,BOAA811023,STAT_NORD EST_METRO_INFANZIA,Nessuna strategia ha funzionato,1,2025-12-24T01:56:00.631588
synced,VEAA82201D,STAT_NORD EST_METRO_INFANZIA,Nessuna strategia ha funzionato,1,2025-12-24T01:55:57.813326
synced,BOAA82601Q,STAT_NORD EST_METRO_INFANZIA,Nessuna strategia ha funzionato,1,2025-12-24T01:55:54.496363
synced,BOAA829028,STAT_NORD EST_METRO_INFANZIA,Nessuna strategia ha funzionato,1,2025-12-24T01:55:50.330319
synced,BOAA866038,STAT_NORD EST_METRO_INFANZIA,Nessuna strategia ha funzionato,1,2025-12-24T01:55:46.969132
synced,VEAA86301Q,STAT_NORD EST_METRO_INFANZIA,Nessuna strategia ha funzionato,1,2025-12-24T01:55:38.978252
synced,BOAA81502A,STAT_NORD EST_METRO_INFANZIA,Nessuna strategia ha funzionato,1,2025-12-24T01:55:35.605135
synced,VEAA874016,STAT_NORD EST_METRO_INFANZIA,Nessuna strategia ha funzionato,1,2025-12-24T01:55:32.306071
synced,VEAA84902E,STAT_NORD EST_METRO_INFANZIA,Nessuna strategia ha funzionato,1,2025-12-24T01:55:24.043858
synced,VEAA86402L,STAT_NORD EST_METRO_INFANZIA,Nessuna strategia ha funzionato,1,2025-12-24T01:55:20.804078
synced,BOAA82702L,STAT_NORD EST_METRO_INFANZIA,Nessuna strategia ha funzionato,1,2025-12-24T01:55:17.176768
synced,BOAA05602N,STAT_NORD EST_METRO_INFANZIA,Nessuna strategia ha funzionato,1,2025-12-24T01:55:14.086944
synced,VEAA81901N,STAT_NORD EST_METRO_INFANZIA,Nessuna strategia ha funzionato,1,2025-12-24T01:55:10.837389
synced,BOAA82205L,STAT_NORD EST_METRO_INFANZIA,Nessuna strategia ha funzionato,1,2025-12-24T01:55:07.463089
synced,BOAA881018,STAT_NORD EST_METRO_INFANZIA,Nessuna strategia ha funzionato,1,2025-12-24T01:54:25.708412
synced,VEAA81803X,STAT_NORD EST_METRO_INFANZIA,Nessuna strategia ha funzionato,1,2025-12-24T01:54:22.433012
synced,VEAA83601B,STAT_NORD EST_METRO_INFANZIA,Nessuna strategia ha funzionato,1,2025-12-24T01:54:12.773637
synced,VEAA809024,STAT_NORD EST_METRO_INFANZIA,Nessuna strategia ha funzionato,1,2025-12-24T01:54:01.195056
synced,BOAA87201D,STAT_NORD EST_METRO_INFANZIA,Nessuna strategia ha funzionato,1,2025-12-24T01:53:52.326370
synced,VEAA86904T,STAT_NORD EST_METRO_INFANZIA,Nessuna strategia ha funzionato,1,2025-12-24T01:53:49.357936
synced,VEAA87301A,STAT_NORD EST_METRO_INFANZIA,Nessuna strategia ha funzionato,1,2025-12-24T01:53:46.239525
synced,BOAA824069,STAT_NORD EST_METRO_INFANZIA,Nessuna strategia ha funzionato,1,2025-12-24T01:53:43.150233
synced,BOAA811012,STAT_NORD EST_METRO_INFANZIA,Nessuna strategia ha funzionato,1,2025-12-24T01:52:50.249092
synced,VEAA861025,STAT_NORD EST_METRO_INFANZIA,Nessuna strategia ha funzionato,1,2025-12-24T01:52:47.022207
synced,VEAA840024,STAT_NORD EST_METRO_INFANZIA,Nessuna strategia ha funzionato,1,2025-12-24T01:52:37.889585
synced,VEAA860029,STAT_NORD EST_METRO_INFANZIA,Nessuna strategia ha funzionato,1,2025-12-24T01:52:35.298018
synced,BOAA873019,STAT_NORD EST_METRO_INFANZIA,Nessuna strategia ha funzionato,1,2025-12-24T01:52:11.130069
synced,BOAA816037,STAT_NORD EST_METRO_INFANZIA,Nessuna strategia ha funzionato,1,2025-12-24T01:52:07.840111
synced,VEAA85702D,STAT_NORD EST_METRO_INFANZIA,Nessuna strategia ha funzionato,1,2025-12-24T01:52:04.708846
synced,BOAA17204E,STAT_NORD EST_METRO_INFANZIA,Nessuna strategia ha funzionato,1,2025-12-24T01:52:01.507987
synced,VEAA840013,STAT_NORD EST_METRO_INFANZIA,Nessuna strategia ha funzionato,1,2025-12-24T01:51:21.155509
synced,VEAA82002V,STAT_NORD EST_METRO_INFANZIA,Nessuna strategia ha funzionato,1,2025-12-24T01:51:17.780122
synced,BOAA83302X,STAT_NORD EST_METRO_INFANZIA,Nessuna strategia ha funzionato,1,2025-12-24T01:51:14.403933
synced,BOAA86801T,STAT_NORD EST_METRO_INFANZIA,Nessuna strategia ha funzionato,1,2025-12-24T01:50:51.245446
synced,BOAA82204G,STAT_NORD EST_METRO_INFANZIA,Nessuna strategia ha funzionato,1,2025-12-24T01:50:48.070353
synced,MEIC83800E,STAT_ISOLE_METRO_ALTRO,Nessuna strategia ha funzionato,1,2025-12-24T01:50:09.386020
synced,PAIC81000C,STAT_ISOLE_METRO_ALTRO,Nessuna strategia ha funzionato,1,2025-12-24T01:50:06.900656
synced,MERA011514,STAT_ISOLE_METRO_ALTRO,Nessuna strategia ha funzionato,1,2025-12-24T01:50:04.413556
synced,PARI024038,STAT_ISOLE_METRO_ALTRO,Nessuna strategia ha funzionato,1,2025-12-24T01:50:01.195410
synced,CAIC8AN00A,STAT_ISOLE_METRO_ALTRO,Nessuna strategia ha funzionato,1,2025-12-24T01:49:48.184439
synced,MEIC86600P,STAT_ISOLE_METRO_ALTRO,Nessuna strategia ha funzionato,1,2025-12-24T01:49:45.802090
synced,PAIC8AR00V,STAT_ISOLE_METRO_ALTRO,Nessuna strategia ha funzionato,1,2025-12-24T01:49:43.345954
synced,CTRA011508,STAT_ISOLE_METRO_ALTRO,Nessuna strategia ha funzionato,1,2025-12-24T01:49:40.691284
synced,CTRH05001P,STAT_ISOLE_METRO_ALTRO,Nessuna strategia ha funzionato,1,2025-12-24T01:49:37.507552
synced,MEIC87300T,STAT_ISOLE_METRO_ALTRO,Nessuna strategia ha funzionato,1,2025-12-24T01:49:34.206971
synced,PASD00850T,STAT_ISOLE_METRO_ALTRO,Nessuna strategia ha funzionato,1,2025-12-24T01:49:23.809312
synced,CTCT706005,STAT_ISOLE_METRO_ALTRO,Nessuna strategia ha funzionato,1,2025-12-24T01:49:13.656963
synced,CTIC894004,STAT_ISOLE_METRO_ALTRO,Nessuna strategia ha funzionato,1,2025-12-24T01:49:06.741683
synced,CTIC881002,STAT_ISOLE_METRO_ALTRO,Nessuna strategia ha funzionato,1,2025-12-24T01:48:37.617598
synced,CTIC836004,STAT_ISOLE_METRO_ALTRO,Nessuna strategia ha funzionato,1,2025-12-24T01:48:29.445359
synced,PAIC86900X,STAT_ISOLE_METRO_ALTRO,Nessuna strategia ha funzionato,1,2025-12-24T01:47:49.619859
synced,CTIC860001,STAT_ISOLE_METRO_ALTRO,Nessuna strategia ha funzionato,1,2025-12-24T01:47:34.191463
synced,PAIC8BT00E,STAT_ISOLE_METRO_ALTRO,Nessuna strategia ha funzionato,1,2025-12-24T01:47:13.071157
synced,MECT70800G,STAT_ISOLE_METRO_ALTRO,Nessuna strategia ha funzionato,1,2025-12-24T01:47:10.647712
synced,CARA014547,STAT_ISOLE_METRO_ALTRO,Nessuna strategia ha funzionato,1,2025-12-24T01:47:07.311340
synced,METD023017,STAT_ISOLE_METRO_ALTRO,Nessuna strategia ha funzionato,1,2025-12-24T01:47:03.600460
synced,CTRH024016,STAT_ISOLE_METRO_ALTRO,Nessuna strategia ha funzionato,1,2025-12-24T01:47:00.399891
synced,PAIC87400B,STAT_ISOLE_METRO_ALTRO,Nessuna strategia ha funzionato,1,2025-12-24T01:46:57.099436
synced,CTIC8BL002,STAT_ISOLE_METRO_ALTRO,Nessuna strategia ha funzionato,1,2025-12-24T01:46:49.815379
synced,MEIC876009,STAT_ISOLE_METRO_ALTRO,Nessuna strategia ha funzionato,1,2025-12-24T01:46:47.479839
synced,PAIC870004,STAT_ISOLE_METRO_ALTRO,Nessuna strategia ha funzionato,1,2025-12-24T01:46:42.248082
synced,MEIC827004,STAT_ISOLE_METRO_ALTRO,Nessuna strategia ha funzionato,1,2025-12-24T01:46:39.748946
synced,PARH01801B,STAT_ISOLE_METRO_ALTRO,Nessuna strategia ha funzionato,1,2025-12-24T01:46:35.074882
synced,CAIC8AL00P,STAT_ISOLE_METRO_ALTRO,Nessuna strategia ha funzionato,1,2025-12-24T01:46:28.821168
synced,MEIC83700P,STAT_ISOLE_METRO_ALTRO,Nessuna strategia ha funzionato,1,2025-12-24T01:46:26.211212
synced,MEIC83000X,STAT_ISOLE_METRO_ALTRO,Nessuna strategia ha funzionato,1,2025-12-24T01:46:23.734910
synced,CTCT72000B,STAT_ISOLE_METRO_ALTRO,Nessuna strategia ha funzionato,1,2025-12-24T01:46:13.658201
synced,PARI04201Q,STAT_ISOLE_METRO_ALTRO,Nessuna strategia ha funzionato,1,2025-12-24T01:45:56.248745
synced,PARC044514,STAT_ISOLE_METRO_ALTRO,Nessuna strategia ha funzionato,1,2025-12-24T01:45:35.227627
synced,PATD044012,STAT_ISOLE_METRO_ALTRO,Nessuna strategia ha funzionato,1,2025-12-24T01:45:32.484961
synced,PAIC8AJ008,STAT_ISOLE_METRO_ALTRO,Nessuna strategia ha funzionato,1,2025-12-24T01:45:18.313451
synced,PGIS03100P,STAT_CENTRO_NON_METRO_SEC_SECONDO,Nessuna strategia ha funzionato,1,2025-12-24T01:45:15.979641
synced,LTTD02851C,STAT_CENTRO_NON_METRO_SEC_SECONDO,Nessuna strategia ha funzionato,1,2025-12-24T01:44:41.032000
synced,LTTH00701Q,STAT_CENTRO_NON_METRO_SEC_SECONDO,Nessuna strategia ha funzionato,1,2025-12-24T01:43:48.091370
synced,TRPC002502,STAT_CENTRO_NON_METRO_SEC_SECONDO,Nessuna strategia ha funzionato,1,2025-12-24T01:43:44.193837
synced,FRIS02600D,STAT_CENTRO_NON_METRO_SEC_SECONDO,Nessuna strategia ha funzionato,1,2025-12-24T01:43:40.833701
synced,APTD00203X,STAT_CENTRO_NON_METRO_SEC_SECONDO,Nessuna strategia ha funzionato,1,2025-12-24T01:43:33.821375
synced,APPS002023,STAT_CENTRO_NON_METRO_SEC_SECONDO,Nessuna strategia ha funzionato,1,2025-12-24T01:43:24.609609
synced,POTD00652L,STAT_CENTRO_NON_METRO_SEC_SECONDO,Nessuna strategia ha funzionato,1,2025-12-24T01:43:21.071583
synced,TRPC01101C,STAT_CENTRO_NON_METRO_SEC_SECONDO,Nessuna strategia ha funzionato,1,2025-12-24T01:43:18.036090
synced,ARPS00401V,STAT_CENTRO_NON_METRO_SEC_SECONDO,Nessuna strategia ha funzionato,1,2025-12-24T01:43:14.798671
synced,GRPM01000E,STAT_CENTRO_NON_METRO_SEC_SECONDO,Nessuna strategia ha funzionato,1,2025-12-24T01:42:59.318901
synced,VTPC00601C,STAT_CENTRO_NON_METRO_SEC_SECONDO,Nessuna strategia ha funzionato,1,2025-12-24T01:42:56.762384
synced,GRIS003001,STAT_CENTRO_NON_METRO_SEC_SECONDO,Nessuna strategia ha funzionato,1,2025-12-24T01:42:37.079110
synced,LIPS001018,STAT_CENTRO_NON_METRO_SEC_SECONDO,Nessuna strategia ha funzionato,1,2025-12-24T01:41:53.199007
synced,MSIS01200N,STAT_CENTRO_NON_METRO_SEC_SECONDO,Nessuna strategia ha funzionato,1,2025-12-24T01:41:50.592402
synced,LTIS02800R,STAT_CENTRO_NON_METRO_SEC_SECONDO,Nessuna strategia ha funzionato,1,2025-12-24T01:41:37.606199
synced,LISL002011,STAT_CENTRO_NON_METRO_SEC_SECONDO,Nessuna strategia ha funzionato,1,2025-12-24T01:41:35.536139
synced,POPS00301V,STAT_CENTRO_NON_METRO_SEC_SECONDO,Nessuna strategia ha funzionato,1,2025-12-24T01:41:32.054948
synced,FRIS031001,STAT_CENTRO_NON_METRO_SEC_SECONDO,Nessuna strategia ha funzionato,1,2025-12-24T01:40:47.098274
synced,LITF030009,STAT_CENTRO_NON_METRO_SEC_SECONDO,Nessuna strategia ha funzionato,1,2025-12-24T01:40:43.839507
synced,PSIS01300N,STAT_CENTRO_NON_METRO_SEC_SECONDO,Nessuna strategia ha funzionato,1,2025-12-24T01:40:41.329228
synced,APTF010002,STAT_CENTRO_NON_METRO_SEC_SECONDO,Nessuna strategia ha funzionato,1,2025-12-24T01:40:31.306969
synced,GRIS00400R,STAT_CENTRO_NON_METRO_SEC_SECONDO,Nessuna strategia ha funzionato,1,2025-12-24T01:40:27.256693
synced,POIS00100R,STAT_CENTRO_NON_METRO_SEC_SECONDO,Nessuna strategia ha funzionato,1,2025-12-24T01:40:24.785710
synced,SITF020002,STAT_CENTRO_NON_METRO_SEC_SECONDO,Nessuna strategia ha funzionato,1,2025-12-24T01:40:22.483359
synced,GRPS00101Q,STAT_CENTRO_NON_METRO_SEC_SECONDO,Nessuna strategia ha funzionato,1,2025-12-24T01:40:04.087644
synced,APIS00700P,STAT_CENTRO_NON_METRO_SEC_SECONDO,Nessuna strategia ha funzionato,1,2025-12-24T01:39:55.739060
synced,PTTD00301C,STAT_CENTRO_NON_METRO_SEC_SECONDO,Nessuna strategia ha funzionato,1,2025-12-24T01:39:47.587092
synced,MCTD001026,STAT_CENTRO_NON_METRO_SEC_SECONDO,Nessuna strategia ha funzionato,1,2025-12-24T01:39:44.250820
synced,TRPM01000Q,STAT_CENTRO_NON_METRO_SEC_SECONDO,Nessuna strategia ha funzionato,1,2025-12-24T01:39:40.906800
synced,PIPC00701T,STAT_CENTRO_NON_METRO_SEC_SECONDO,Nessuna strategia ha funzionato,1,2025-12-24T01:39:19.468840
synced,LTTD028013,STAT_CENTRO_NON_METRO_SEC_SECONDO,Nessuna strategia ha funzionato,1,2025-12-24T01:39:16.379327
synced,LTIS013003,STAT_CENTRO_NON_METRO_SEC_SECONDO,Nessuna strategia ha funzionato,1,2025-12-24T01:39:07.995513
synced,ARIS01600P,STAT_CENTRO_NON_METRO_SEC_SECONDO,Nessuna strategia ha funzionato,1,2025-12-24T01:39:04.140814
synced,ANTF011029,STAT_CENTRO_NON_METRO_SEC_SECONDO,Nessuna strategia ha funzionato,1,2025-12-24T01:38:58.405121
synced,ANTF014515,STAT_CENTRO_NON_METRO_SEC_SECONDO,Nessuna strategia ha funzionato,1,2025-12-24T01:38:55.075470
synced,ARTF01201X,STAT_CENTRO_NON_METRO_SEC_SECONDO,Nessuna strategia ha funzionato,1,2025-12-24T01:38:42.780907
synced,SIPC00101C,STAT_CENTRO_NON_METRO_SEC_SECONDO,Nessuna strategia ha funzionato,1,2025-12-24T01:38:30.387943
synced,PGIS01100D,STAT_CENTRO_NON_METRO_SEC_SECONDO,Nessuna strategia ha funzionato,1,2025-12-24T01:38:21.373017
synced,FRPC00101C,STAT_CENTRO_NON_METRO_SEC_SECONDO,Nessuna strategia ha funzionato,1,2025-12-24T01:37:55.370694
synced,PGTD11000Q,STAT_CENTRO_NON_METRO_SEC_SECONDO,Nessuna strategia ha funzionato,1,2025-12-24T01:37:33.065933
synced,GRIS01100X,STAT_CENTRO_NON_METRO_SEC_SECONDO,Nessuna strategia ha funzionato,1,2025-12-24T01:37:22.605804
synced,RMEE8A3014,STAT_CENTRO_METRO_PRIMARIA,Nessuna strategia ha funzionato,1,2025-12-24T01:37:19.945231
synced,RMEE83201D,STAT_CENTRO_METRO_PRIMARIA,Nessuna strategia ha funzionato,1,2025-12-24T01:37:11.691355
synced,RMEE8FH029,STAT_CENTRO_METRO_PRIMARIA,Nessuna strategia ha funzionato,1,2025-12-24T01:37:08.558128
synced,FIEE834034,STAT_CENTRO_METRO_PRIMARIA,Nessuna strategia ha funzionato,1,2025-12-24T01:37:05.287097
synced,FIEE842011,STAT_CENTRO_METRO_PRIMARIA,Nessuna strategia ha funzionato,1,2025-12-24T01:36:57.620007
synced,RMEE8CJ02P,STAT_CENTRO_METRO_PRIMARIA,Nessuna strategia ha funzionato,1,2025-12-24T01:36:54.334381
synced,RMEE8BA035,STAT_CENTRO_METRO_PRIMARIA,Nessuna strategia ha funzionato,1,2025-12-24T01:36:49.523886
synced,RMEE8FS019,STAT_CENTRO_METRO_PRIMARIA,Nessuna strategia ha funzionato,1,2025-12-24T01:36:45.459366
synced,RMEE8A703D,STAT_CENTRO_METRO_PRIMARIA,Nessuna strategia ha funzionato,1,2025-12-24T01:36:41.709073
synced,RMEE8GP024,STAT_CENTRO_METRO_PRIMARIA,Nessuna strategia ha funzionato,1,2025-12-24T01:36:38.444004
synced,RMEE8C9018,STAT_CENTRO_METRO_PRIMARIA,Nessuna strategia ha funzionato,1,2025-12-24T01:36:21.606937
synced,RMEE8DH046,STAT_CENTRO_METRO_PRIMARIA,Nessuna strategia ha funzionato,1,2025-12-24T01:36:07.700804
synced,RMEE83303B,STAT_CENTRO_METRO_PRIMARIA,Nessuna strategia ha funzionato,1,2025-12-24T01:36:04.995753
synced,RMEE83102P,STAT_CENTRO_METRO_PRIMARIA,Nessuna strategia ha funzionato,1,2025-12-24T01:35:57.067072
synced,RMEE86501R,STAT_CENTRO_METRO_PRIMARIA,Nessuna strategia ha funzionato,1,2025-12-24T01:34:46.663617
synced,RMEE8DR01V,STAT_CENTRO_METRO_PRIMARIA,Nessuna strategia ha funzionato,1,2025-12-24T01:34:43.516296
synced,RMEE8A101C,STAT_CENTRO_METRO_PRIMARIA,Nessuna strategia ha funzionato,1,2025-12-24T01:34:34.265085
synced,FIEE81403V,STAT_CENTRO_METRO_PRIMARIA,Nessuna strategia ha funzionato,1,2025-12-24T01:34:30.957036
synced,RMEE8DB036,STAT_CENTRO_METRO_PRIMARIA,Nessuna strategia ha funzionato,1,2025-12-24T01:33:58.625540
synced,RMEE8E702V,STAT_CENTRO_METRO_PRIMARIA,Nessuna strategia ha funzionato,1,2025-12-24T01:33:55.310485
synced,RMEE80803P,STAT_CENTRO_METRO_PRIMARIA,Nessuna strategia ha funzionato,1,2025-12-24T01:33:41.630000
synced,FIEE846018,STAT_CENTRO_METRO_PRIMARIA,Nessuna strategia ha funzionato,1,2025-12-24T01:33:38.347001
synced,RMEE8AT028,STAT_CENTRO_METRO_PRIMARIA,Nessuna strategia ha funzionato,1,2025-12-24T01:33:34.969603
synced,RMEE8FL026,STAT_CENTRO_METRO_PRIMARIA,Nessuna strategia ha funzionato,1,2025-12-24T01:33:12.959993
synced,RMEE8CF01R,STAT_CENTRO_METRO_PRIMARIA,Nessuna strategia ha funzionato,1,2025-12-24T01:33:07.219496
synced,RMEE848013,STAT_CENTRO_METRO_PRIMARIA,Nessuna strategia ha funzionato,1,2025-12-24T01:33:03.651591
synced,RMEE8A9035,STAT_CENTRO_METRO_PRIMARIA,Nessuna strategia ha funzionato,1,2025-12-24T01:33:00.274749
synced,RMEE8C302A,STAT_CENTRO_METRO_PRIMARIA,Nessuna strategia ha funzionato,1,2025-12-24T01:32:43.285003
synced,RMEE8A4021,STAT_CENTRO_METRO_PRIMARIA,Nessuna strategia ha funzionato,1,2025-12-24T01:32:40.026221
synced,RMEE8C202E,STAT_CENTRO_METRO_PRIMARIA,Nessuna strategia ha funzionato,1,2025-12-24T01:31:50.744494
synced,RMEE805015,STAT_CENTRO_METRO_PRIMARIA,Nessuna strategia ha funzionato,1,2025-12-24T01:31:43.266430
synced,FIEE862038,STAT_CENTRO_METRO_PRIMARIA,Nessuna strategia ha funzionato,1,2025-12-24T01:31:37.825030
synced,FIEE834023,STAT_CENTRO_METRO_PRIMARIA,Nessuna strategia ha funzionato,1,2025-12-24T01:31:20.009254
synced,RMEE8CR018,STAT_CENTRO_METRO_PRIMARIA,Nessuna strategia ha funzionato,1,2025-12-24T01:31:12.024283
synced,RMEE8GS01X,STAT_CENTRO_METRO_PRIMARIA,Nessuna strategia ha funzionato,1,2025-12-24T01:31:08.732942
synced,RMEE8FE01R,STAT_CENTRO_METRO_PRIMARIA,Nessuna strategia ha funzionato,1,2025-12-24T01:31:05.373153
synced,RMEE8D901V,STAT_CENTRO_METRO_PRIMARIA,Nessuna strategia ha funzionato,1,2025-12-24T01:31:01.500221
synced,RMEE8GR01P,STAT_CENTRO_METRO_PRIMARIA,Nessuna strategia ha funzionato,1,2025-12-24T01:30:57.733280
synced,FIEE820014,STAT_CENTRO_METRO_PRIMARIA,Nessuna strategia ha funzionato,1,2025-12-24T01:30:41.099435
synced,RMEE8EW012,STAT_CENTRO_METRO_PRIMARIA,Nessuna strategia ha funzionato,1,2025-12-24T01:30:37.919891
synced,RMEE8DG039,STAT_CENTRO_METRO_PRIMARIA,Nessuna strategia ha funzionato,1,2025-12-24T01:30:30.755424
synced,RMEE84403T,STAT_CENTRO_METRO_PRIMARIA,Nessuna strategia ha funzionato,1,2025-12-24T01:30:27.569587
synced,RMEE8AZ046,STAT_CENTRO_METRO_PRIMARIA,Nessuna strategia ha funzionato,1,2025-12-24T01:29:43.853601
synced,RMEE8CA02P,STAT_CENTRO_METRO_PRIMARIA,Nessuna strategia ha funzionato,1,2025-12-24T01:29:40.681019
synced,TOMM8B9014,STAT_NORD OVEST_METRO_SEC_PRIMO,Nessuna strategia ha funzionato,1,2025-12-24T01:29:21.655969
synced,MIMM8D9019,STAT_NORD OVEST_METRO_SEC_PRIMO,Nessuna strategia ha funzionato,1,2025-12-24T01:29:18.441974
synced,MIMM88501C,STAT_NORD OVEST_METRO_SEC_PRIMO,Nessuna strategia ha funzionato,1,2025-12-24T01:29:15.180942
synced,TOMM89801E,STAT_NORD OVEST_METRO_SEC_PRIMO,Nessuna strategia ha funzionato,1,2025-12-24T01:29:07.380291
synced,MIMM8FL01G,STAT_NORD OVEST_METRO_SEC_PRIMO,Nessuna strategia ha funzionato,1,2025-12-24T01:29:04.183307
synced,TOMM894039,STAT_NORD OVEST_METRO_SEC_PRIMO,Nessuna strategia ha funzionato,1,2025-12-24T01:29:00.975759
synced,GEMM81302T,STAT_NORD OVEST_METRO_SEC_PRIMO,Nessuna strategia ha funzionato,1,2025-12-24T01:28:58.181055
synced,TOMM715019,STAT_NORD OVEST_METRO_SEC_PRIMO,Nessuna strategia ha funzionato,1,2025-12-24T01:28:54.814188
synced,GEMM84301L,STAT_NORD OVEST_METRO_SEC_PRIMO,Nessuna strategia ha funzionato,1,2025-12-24T01:28:52.175036
synced,MIMM71902N,STAT_NORD OVEST_METRO_SEC_PRIMO,Nessuna strategia ha funzionato,1,2025-12-24T01:28:45.194847
synced,MIMM8DD016,STAT_NORD OVEST_METRO_SEC_PRIMO,Nessuna strategia ha funzionato,1,2025-12-24T01:28:34.842574
synced,MIMM8CD01G,STAT_NORD OVEST_METRO_SEC_PRIMO,Nessuna strategia ha funzionato,1,2025-12-24T01:28:31.718526
synced,GEMM81501C,STAT_NORD OVEST_METRO_SEC_PRIMO,Nessuna strategia ha funzionato,1,2025-12-24T01:28:01.155769
synced,MIMM8FX01V,STAT_NORD OVEST_METRO_SEC_PRIMO,Nessuna strategia ha funzionato,1,2025-12-24T01:27:57.977027
synced,MIMM8EB015,STAT_NORD OVEST_METRO_SEC_PRIMO,Nessuna strategia ha funzionato,1,2025-12-24T01:27:54.872255
synced,MIMM824011,STAT_NORD OVEST_METRO_SEC_PRIMO,Nessuna strategia ha funzionato,1,2025-12-24T01:27:51.828861
synced,MIMM858036,STAT_NORD OVEST_METRO_SEC_PRIMO,Nessuna strategia ha funzionato,1,2025-12-24T01:27:48.538567
synced,MIMM8GH019,STAT_NORD OVEST_METRO_SEC_PRIMO,Nessuna strategia ha funzionato,1,2025-12-24T01:27:14.245688
synced,MIMM8CK018,STAT_NORD OVEST_METRO_SEC_PRIMO,Nessuna strategia ha funzionato,1,2025-12-24T01:26:33.347692
synced,TOMM8BY018,STAT_NORD OVEST_METRO_SEC_PRIMO,Nessuna strategia ha funzionato,1,2025-12-24T01:26:20.077071
synced,MIMM8EN01L,STAT_NORD OVEST_METRO_SEC_PRIMO,Nessuna strategia ha funzionato,1,2025-12-24T01:26:14.407176
synced,TOMM88801X,STAT_NORD OVEST_METRO_SEC_PRIMO,Nessuna strategia ha funzionato,1,2025-12-24T01:25:52.736877
synced,MIMM8FQ01P,STAT_NORD OVEST_METRO_SEC_PRIMO,Nessuna strategia ha funzionato,1,2025-12-24T01:25:49.561475
synced,TOMM815016,STAT_NORD OVEST_METRO_SEC_PRIMO,Nessuna strategia ha funzionato,1,2025-12-24T01:25:37.191972
synced,GEMM80701D,STAT_NORD OVEST_METRO_SEC_PRIMO,Nessuna strategia ha funzionato,1,2025-12-24T01:25:27.662382
synced,GEMM86401N,STAT_NORD OVEST_METRO_SEC_PRIMO,Nessuna strategia ha funzionato,1,2025-12-24T01:25:15.871275
synced,TOMM882011,STAT_NORD OVEST_METRO_SEC_PRIMO,Nessuna strategia ha funzionato,1,2025-12-24T01:25:12.433976
synced,MIMM0CD00G,STAT_NORD OVEST_METRO_SEC_PRIMO,Nessuna strategia ha funzionato,1,2025-12-24T01:24:58.650078
synced,TOMM8AN016,STAT_NORD OVEST_METRO_SEC_PRIMO,Nessuna strategia ha funzionato,1,2025-12-24T01:24:56.160734
synced,MIMM8AZ01A,STAT_NORD OVEST_METRO_SEC_PRIMO,Nessuna strategia ha funzionato,1,2025-12-24T01:24:53.036128
synced,TOMM8AJ01V,STAT_NORD OVEST_METRO_SEC_PRIMO,Nessuna strategia ha funzionato,1,2025-12-24T01:24:38.562734
synced,MIMM8F101X,STAT_NORD OVEST_METRO_SEC_PRIMO,Nessuna strategia ha funzionato,1,2025-12-24T01:24:35.326364
synced,TOMM828018,STAT_NORD OVEST_METRO_SEC_PRIMO,Nessuna strategia ha funzionato,1,2025-12-24T01:24:31.972224
synced,MIMM89801E,STAT_NORD OVEST_METRO_SEC_PRIMO,Nessuna strategia ha funzionato,1,2025-12-24T01:24:13.530287
synced,TOMM8CA014,STAT_NORD OVEST_METRO_SEC_PRIMO,Nessuna strategia ha funzionato,1,2025-12-24T01:23:33.489097
synced,TOMM894028,STAT_NORD OVEST_METRO_SEC_PRIMO,Nessuna strategia ha funzionato,1,2025-12-24T01:23:22.827541
synced,GEMM838015,STAT_NORD OVEST_METRO_SEC_PRIMO,Nessuna strategia ha funzionato,1,2025-12-24T01:23:08.132607
synced,TOMM8BF01L,STAT_NORD OVEST_METRO_SEC_PRIMO,Nessuna strategia ha funzionato,1,2025-12-24T01:22:57.165896
synced,MIMM8E3011,STAT_NORD OVEST_METRO_SEC_PRIMO,Nessuna strategia ha funzionato,1,2025-12-24T01:22:53.948132
synced,PAMM862016,STAT_ISOLE_METRO_SEC_PRIMO,Nessuna strategia ha funzionato,1,2025-12-24T01:22:50.517191
synced,PAMM818014,STAT_ISOLE_METRO_SEC_PRIMO,Nessuna strategia ha funzionato,1,2025-12-24T01:22:39.509460
synced,CAMM87301B,STAT_ISOLE_METRO_SEC_PRIMO,Nessuna strategia ha funzionato,1,2025-12-24T01:22:14.523200
synced,CTMM80901R,STAT_ISOLE_METRO_SEC_PRIMO,Nessuna strategia ha funzionato,1,2025-12-24T01:22:11.104656
synced,CTMM70501L,STAT_ISOLE_METRO_SEC_PRIMO,Nessuna strategia ha funzionato,1,2025-12-24T01:22:08.342026
synced,CAMM846024,STAT_ISOLE_METRO_SEC_PRIMO,Nessuna strategia ha funzionato,1,2025-12-24T01:21:49.742948
synced,CAMM8AK01X,STAT_ISOLE_METRO_SEC_PRIMO,Nessuna strategia ha funzionato,1,2025-12-24T01:21:45.950574
synced,MEMM886044,STAT_ISOLE_METRO_SEC_PRIMO,Nessuna strategia ha funzionato,1,2025-12-24T01:21:42.725988
synced,PAMM89001A,STAT_ISOLE_METRO_SEC_PRIMO,Nessuna strategia ha funzionato,1,2025-12-24T01:21:39.457710
synced,CAMM8AG013,STAT_ISOLE_METRO_SEC_PRIMO,Nessuna strategia ha funzionato,1,2025-12-24T01:21:35.554755
synced,CTMM80301T,STAT_ISOLE_METRO_SEC_PRIMO,Nessuna strategia ha funzionato,1,2025-12-24T01:21:32.513136
synced,MEMM81605V,STAT_ISOLE_METRO_SEC_PRIMO,Nessuna strategia ha funzionato,1,2025-12-24T01:21:29.062443
synced,PAMM81901X,STAT_ISOLE_METRO_SEC_PRIMO,Nessuna strategia ha funzionato,1,2025-12-24T01:21:24.198224
synced,PAMM855013,STAT_ISOLE_METRO_SEC_PRIMO,Nessuna strategia ha funzionato,1,2025-12-24T01:21:20.650381
synced,PAMM8A601C,STAT_ISOLE_METRO_SEC_PRIMO,Nessuna strategia ha funzionato,1,2025-12-24T01:21:17.371467
synced,PAMM89901R,STAT_ISOLE_METRO_SEC_PRIMO,Nessuna strategia ha funzionato,1,2025-12-24T01:21:13.681113
synced,CTMM84202D,STAT_ISOLE_METRO_SEC_PRIMO,Nessuna strategia ha funzionato,1,2025-12-24T01:21:01.958364
synced,MEMM814057,STAT_ISOLE_METRO_SEC_PRIMO,Nessuna strategia ha funzionato,1,2025-12-24T01:20:58.171901
synced,PAMM87301L,STAT_ISOLE_METRO_SEC_PRIMO,Nessuna strategia ha funzionato,1,2025-12-24T01:20:55.527837
synced,CTMM80902T,STAT_ISOLE_METRO_SEC_PRIMO,Nessuna strategia ha funzionato,1,2025-12-24T01:20:39.943929
synced,PAMM8A401R,STAT_ISOLE_METRO_SEC_PRIMO,Nessuna strategia ha funzionato,1,2025-12-24T01:20:21.609764
synced,PAMM8BL01G,STAT_ISOLE_METRO_SEC_PRIMO,Nessuna strategia ha funzionato,1,2025-12-24T01:20:11.702648
synced,CAMM870021,STAT_ISOLE_METRO_SEC_PRIMO,Nessuna strategia ha funzionato,1,2025-12-24T01:19:59.554960
synced,MEMM814046,STAT_ISOLE_METRO_SEC_PRIMO,Nessuna strategia ha funzionato,1,2025-12-24T01:19:57.504099
synced,PAMM820025,STAT_ISOLE_METRO_SEC_PRIMO,Nessuna strategia ha funzionato,1,2025-12-24T01:19:54.134210
synced,CAMM87001X,STAT_ISOLE_METRO_SEC_PRIMO,Nessuna strategia ha funzionato,1,2025-12-24T01:19:41.184778
synced,CAMM80701C,STAT_ISOLE_METRO_SEC_PRIMO,Nessuna strategia ha funzionato,1,2025-12-24T01:19:37.807700
synced,PAMM89501D,STAT_ISOLE_METRO_SEC_PRIMO,Nessuna strategia ha funzionato,1,2025-12-24T01:19:34.506582
synced,CTMM836015,STAT_ISOLE_METRO_SEC_PRIMO,Nessuna strategia ha funzionato,1,2025-12-24T01:19:31.270509
synced,PAMM83003R,STAT_ISOLE_METRO_SEC_PRIMO,Nessuna strategia ha funzionato,1,2025-12-24T01:19:18.205430
synced,MEMM849023,STAT_ISOLE_METRO_SEC_PRIMO,Nessuna strategia ha funzionato,1,2025-12-24T01:19:14.906615
synced,CAMM89301L,STAT_ISOLE_METRO_SEC_PRIMO,Nessuna strategia ha funzionato,1,2025-12-24T01:18:59.817762
synced,PAMM820014,STAT_ISOLE_METRO_SEC_PRIMO,Nessuna strategia ha funzionato,1,2025-12-24T01:18:45.814192
synced,CTMM89701L,STAT_ISOLE_METRO_SEC_PRIMO,Nessuna strategia ha funzionato,1,2025-12-24T01:18:32.167645
synced,CTMM8AH01G,STAT_ISOLE_METRO_SEC_PRIMO,Nessuna strategia ha funzionato,1,2025-12-24T01:18:28.792053
synced,PAMM87401C,STAT_ISOLE_METRO_SEC_PRIMO,Nessuna strategia ha funzionato,1,2025-12-24T01:18:17.015287
synced,MEMM89601G,STAT_ISOLE_METRO_SEC_PRIMO,Nessuna strategia ha funzionato,1,2025-12-24T01:18:08.380811
synced,MEMM83301C,STAT_ISOLE_METRO_SEC_PRIMO,Nessuna strategia ha funzionato,1,2025-12-24T01:18:04.825978
synced,PAMM73101N,STAT_ISOLE_METRO_SEC_PRIMO,Nessuna strategia ha funzionato,1,2025-12-24T01:18:00.836484
synced,NARI05850R,STAT_SUD_METRO_ALTRO,Nessuna strategia ha funzionato,1,2025-12-24T01:17:41.682957
synced,RCRH016503,STAT_SUD_METRO_ALTRO,Nessuna strategia ha funzionato,1,2025-12-24T01:17:33.291098
synced,RCCT709004,STAT_SUD_METRO_ALTRO,Nessuna strategia ha funzionato,1,2025-12-24T01:17:17.518003
synced,NARH280519,STAT_SUD_METRO_ALTRO,Nessuna strategia ha funzionato,1,2025-12-24T01:17:11.934269
synced,NARC07901R,STAT_SUD_METRO_ALTRO,Nessuna strategia ha funzionato,1,2025-12-24T01:16:53.947832
synced,NARI11301Q,STAT_SUD_METRO_ALTRO,Nessuna strategia ha funzionato,1,2025-12-24T01:16:29.868860
synced,BARH024501,STAT_SUD_METRO_ALTRO,Nessuna strategia ha funzionato,1,2025-12-24T01:16:22.529119
synced,RCRA00101R,STAT_SUD_METRO_ALTRO,Nessuna strategia ha funzionato,1,2025-12-24T01:16:15.844494
synced,RCRI017012,STAT_SUD_METRO_ALTRO,Nessuna strategia ha funzionato,1,2025-12-24T01:16:08.907975
synced,NAIC8DY002,STAT_SUD_METRO_ALTRO,Nessuna strategia ha funzionato,1,2025-12-24T01:15:52.234218
synced,NAIC8D2003,STAT_SUD_METRO_ALTRO,Nessuna strategia ha funzionato,1,2025-12-24T01:15:45.745950
synced,NAIC8GW006,STAT_SUD_METRO_ALTRO,Nessuna strategia ha funzionato,1,2025-12-24T01:15:35.820929
synced,NAIC826005,STAT_SUD_METRO_ALTRO,Nessuna strategia ha funzionato,1,2025-12-24T01:15:29.205560
synced,NARH08050E,STAT_SUD_METRO_ALTRO,Nessuna strategia ha funzionato,1,2025-12-24T01:15:24.877870
synced,NACT73000N,STAT_SUD_METRO_ALTRO,Nessuna strategia ha funzionato,1,2025-12-24T01:15:20.670055
synced,NARA06201C,STAT_SUD_METRO_ALTRO,Nessuna strategia ha funzionato,1,2025-12-24T01:15:14.239125
synced,NAIC8F2008,STAT_SUD_METRO_ALTRO,Nessuna strategia ha funzionato,1,2025-12-24T01:14:54.782586
synced,NACT75100P,STAT_SUD_METRO_ALTRO,Nessuna strategia ha funzionato,1,2025-12-24T01:14:48.195243
synced,NAIC8HD005,STAT_SUD_METRO_ALTRO,Nessuna strategia ha funzionato,1,2025-12-24T01:14:43.410065
synced,BAVC030009,STAT_SUD_METRO_ALTRO,Nessuna strategia ha funzionato,1,2025-12-24T01:14:38.597529
synced,BACT72200D,STAT_SUD_METRO_ALTRO,Nessuna strategia ha funzionato,1,2025-12-24T01:14:33.781903
synced,NARC07851A,STAT_SUD_METRO_ALTRO,Nessuna strategia ha funzionato,1,2025-12-24T01:14:27.459153
synced,NACT747003,STAT_SUD_METRO_ALTRO,Nessuna strategia ha funzionato,1,2025-12-24T01:14:18.030482
synced,BAIC80500V,STAT_SUD_METRO_ALTRO,Nessuna strategia ha funzionato,1,2025-12-24T01:14:11.675710
synced,NAIC8DL00V,STAT_SUD_METRO_ALTRO,Nessuna strategia ha funzionato,1,2025-12-24T01:14:04.609262
synced,NAIC8FV00Q,STAT_SUD_METRO_ALTRO,Nessuna strategia ha funzionato,1,2025-12-24T01:13:59.348127
synced,NATD05050R,STAT_SUD_METRO_ALTRO,Nessuna strategia ha funzionato,1,2025-12-24T01:13:55.381088
synced,NARM01702P,STAT_SUD_METRO_ALTRO,Nessuna strategia ha funzionato,1,2025-12-24T01:13:48.698248
synced,RCRC00701P,STAT_SUD_METRO_ALTRO,Nessuna strategia ha funzionato,1,2025-12-24T01:13:42.091235
synced,NACT725006,STAT_SUD_METRO_ALTRO,Nessuna strategia ha funzionato,1,2025-12-24T01:13:35.927702
synced,NAIC8AD00V,STAT_SUD_METRO_ALTRO,Nessuna strategia ha funzionato,1,2025-12-24T01:13:30.081444
synced,BAIC85800B,STAT_SUD_METRO_ALTRO,Nessuna strategia ha funzionato,1,2025-12-24T01:13:25.666132
synced,BARH01003R,STAT_SUD_METRO_ALTRO,Nessuna strategia ha funzionato,1,2025-12-24T01:13:00.711981
synced,NARI10350D,STAT_SUD_METRO_ALTRO,Nessuna strategia ha funzionato,1,2025-12-24T01:12:53.712491
synced,NARI096017,STAT_SUD_METRO_ALTRO,Nessuna strategia ha funzionato,1,2025-12-24T01:12:44.854684
synced,BAIC8A1006,STAT_SUD_METRO_ALTRO,Nessuna strategia ha funzionato,1,2025-12-24T01:12:37.681200
synced,BARI03901T,STAT_SUD_METRO_ALTRO,Nessuna strategia ha funzionato,1,2025-12-24T01:12:33.356589
synced,RCRH100001,STAT_SUD_METRO_ALTRO,Nessuna strategia ha funzionato,1,2025-12-24T01:12:26.906840
synced,NAIC825009,STAT_SUD_METRO_ALTRO,Nessuna strategia ha funzionato,1,2025-12-24T01:12:16.876615
synced,NAIC8F3004,STAT_SUD_METRO_ALTRO,Nessuna strategia ha funzionato,1,2025-12-24T01:11:55.785348
synced,NAIC8CZ007,STAT_SUD_METRO_ALTRO,Nessuna strategia ha funzionato,1,2025-12-24T01:11:45.135063
synced,NARH080005,STAT_SUD_METRO_ALTRO,Nessuna strategia ha funzionato,1,2025-12-24T01:11:39.276580
synced,NAIC8GR00N,STAT_SUD_METRO_ALTRO,Nessuna strategia ha funzionato,1,2025-12-24T01:11:33.749651
synced,ENEE816018,STAT_ISOLE_NON_METRO_PRIMARIA,Nessuna strategia ha funzionato,1,2025-12-24T01:11:26.954629
synced,AGEE86102E,STAT_ISOLE_NON_METRO_PRIMARIA,Nessuna strategia ha funzionato,1,2025-12-24T01:11:07.549989
synced,CLEE83401D,STAT_ISOLE_NON_METRO_PRIMARIA,Nessuna strategia ha funzionato,1,2025-12-24T01:10:42.811229
synced,CAEE875036,STAT_ISOLE_NON_METRO_PRIMARIA,Nessuna strategia ha funzionato,1,2025-12-24T01:10:22.309537
synced,AGEE850035,STAT_ISOLE_NON_METRO_PRIMARIA,Nessuna strategia ha funzionato,1,2025-12-24T01:10:16.044370
synced,CAEE83001E,STAT_ISOLE_NON_METRO_PRIMARIA,Nessuna strategia ha funzionato,1,2025-12-24T01:10:05.395760
synced,SSEE85701V,STAT_ISOLE_NON_METRO_PRIMARIA,Nessuna strategia ha funzionato,1,2025-12-24T01:09:16.553283
synced,CAEE80804C,STAT_ISOLE_NON_METRO_PRIMARIA,Nessuna strategia ha funzionato,1,2025-12-24T01:09:09.540195
synced,SSEE84005N,STAT_ISOLE_NON_METRO_PRIMARIA,Nessuna strategia ha funzionato,1,2025-12-24T01:09:04.223638
synced,TPEE845033,STAT_ISOLE_NON_METRO_PRIMARIA,Nessuna strategia ha funzionato,1,2025-12-24T01:08:58.222406
synced,CAEE86604C,STAT_ISOLE_NON_METRO_PRIMARIA,Nessuna strategia ha funzionato,1,2025-12-24T01:08:37.639070
synced,NUEE821018,STAT_ISOLE_NON_METRO_PRIMARIA,Nessuna strategia ha funzionato,1,2025-12-24T01:08:31.580788
synced,TPEE816033,STAT_ISOLE_NON_METRO_PRIMARIA,Nessuna strategia ha funzionato,1,2025-12-24T01:08:02.676468
synced,NUEE87206A,STAT_ISOLE_NON_METRO_PRIMARIA,Nessuna strategia ha funzionato,1,2025-12-24T01:07:56.599479
synced,AGEE83603V,STAT_ISOLE_NON_METRO_PRIMARIA,Nessuna strategia ha funzionato,1,2025-12-24T01:07:46.440623
synced,NUEE865023,STAT_ISOLE_NON_METRO_PRIMARIA,Nessuna strategia ha funzionato,1,2025-12-24T01:07:28.094588
synced,TPEE817051,STAT_ISOLE_NON_METRO_PRIMARIA,Nessuna strategia ha funzionato,1,2025-12-24T01:07:21.132421
synced,CLEE81102T,STAT_ISOLE_NON_METRO_PRIMARIA,Nessuna strategia ha funzionato,1,2025-12-24T01:07:14.764701
synced,SREE816015,STAT_ISOLE_NON_METRO_PRIMARIA,Nessuna strategia ha funzionato,1,2025-12-24T01:07:07.958577
synced,TPEE836038,STAT_ISOLE_NON_METRO_PRIMARIA,Nessuna strategia ha funzionato,1,2025-12-24T01:07:01.588251
synced,ENEE824028,STAT_ISOLE_NON_METRO_PRIMARIA,Nessuna strategia ha funzionato,1,2025-12-24T01:06:46.739984
synced,SSEE842015,STAT_ISOLE_NON_METRO_PRIMARIA,Nessuna strategia ha funzionato,1,2025-12-24T01:06:31.909962
synced,CAEE80803B,STAT_ISOLE_NON_METRO_PRIMARIA,Nessuna strategia ha funzionato,1,2025-12-24T01:06:13.984559
synced,TPEE829046,STAT_ISOLE_NON_METRO_PRIMARIA,Nessuna strategia ha funzionato,1,2025-12-24T01:06:07.115173
synced,SREE837016,STAT_ISOLE_NON_METRO_PRIMARIA,Nessuna strategia ha funzionato,1,2025-12-24T01:05:51.078176
synced,ENEE82702Q,STAT_ISOLE_NON_METRO_PRIMARIA,Nessuna strategia ha funzionato,1,2025-12-24T01:05:35.918055
synced,CAEE81801X,STAT_ISOLE_NON_METRO_PRIMARIA,Nessuna strategia ha funzionato,1,2025-12-24T01:05:29.528650
synced,SSEE85202R,STAT_ISOLE_NON_METRO_PRIMARIA,Nessuna strategia ha funzionato,1,2025-12-24T01:04:49.342311
synced,CAEE88504T,STAT_ISOLE_NON_METRO_PRIMARIA,Nessuna strategia ha funzionato,1,2025-12-24T01:04:43.914799
synced,TPEE066002,STAT_ISOLE_NON_METRO_PRIMARIA,Nessuna strategia ha funzionato,1,2025-12-24T01:04:24.108026
synced,SSEE843011,STAT_ISOLE_NON_METRO_PRIMARIA,Nessuna strategia ha funzionato,1,2025-12-24T01:04:13.835469
synced,SREE83705A,STAT_ISOLE_NON_METRO_PRIMARIA,Nessuna strategia ha funzionato,1,2025-12-24T01:04:07.704804
synced,RGEE811015,STAT_ISOLE_NON_METRO_PRIMARIA,Nessuna strategia ha funzionato,1,2025-12-24T01:03:34.250402
synced,AGEE85203R,STAT_ISOLE_NON_METRO_PRIMARIA,Nessuna strategia ha funzionato,1,2025-12-24T01:03:28.381600
synced,AGEE85805T,STAT_ISOLE_NON_METRO_PRIMARIA,Nessuna strategia ha funzionato,1,2025-12-24T01:03:04.623433
synced,CAEE876032,STAT_ISOLE_NON_METRO_PRIMARIA,Nessuna strategia ha funzionato,1,2025-12-24T01:02:58.378635
synced,RMRA06102L,STAT_CENTRO_METRO_ALTRO,Nessuna strategia ha funzionato,1,2025-12-24T01:02:36.335878
synced,FIIC870003,STAT_CENTRO_METRO_ALTRO,Nessuna strategia ha funzionato,1,2025-12-24T01:02:30.040355
synced,RMRF027516,STAT_CENTRO_METRO_ALTRO,Nessuna strategia ha funzionato,1,2025-12-24T01:01:53.684048
synced,RMRF103015,STAT_CENTRO_METRO_ALTRO,Nessuna strategia ha funzionato,1,2025-12-24T01:01:40.395168
synced,RMIC8BP00C,STAT_CENTRO_METRO_ALTRO,Nessuna strategia ha funzionato,1,2025-12-24T01:01:32.464775
synced,RMIC863003,STAT_CENTRO_METRO_ALTRO,Nessuna strategia ha funzionato,1,2025-12-24T01:01:26.221431
synced,RMIC8CK00B,STAT_CENTRO_METRO_ALTRO,Nessuna strategia ha funzionato,1,2025-12-24T01:00:52.599344
synced,RMIC8EL00C,STAT_CENTRO_METRO_ALTRO,Nessuna strategia ha funzionato,1,2025-12-24T01:00:48.227002
synced,RMRC05301G,STAT_CENTRO_METRO_ALTRO,Nessuna strategia ha funzionato,1,2025-12-24T01:00:43.454675
synced,FIIC83700B,STAT_CENTRO_METRO_ALTRO,Nessuna strategia ha funzionato,1,2025-12-24T01:00:36.962457
synced,FIIC87200P,STAT_CENTRO_METRO_ALTRO,Nessuna strategia ha funzionato,1,2025-12-24T01:00:05.173011
synced,RMTD108506,STAT_CENTRO_METRO_ALTRO,Nessuna strategia ha funzionato,1,2025-12-24T01:00:02.476287
synced,FIIC85100N,STAT_CENTRO_METRO_ALTRO,Nessuna strategia ha funzionato,1,2025-12-24T00:59:40.036941
synced,RMIC8EV004,STAT_CENTRO_METRO_ALTRO,Nessuna strategia ha funzionato,1,2025-12-24T00:59:37.367229
synced,FIIC82300D,STAT_CENTRO_METRO_ALTRO,Nessuna strategia ha funzionato,1,2025-12-24T00:59:34.911591
synced,RMIC8EH00G,STAT_CENTRO_METRO_ALTRO,Nessuna strategia ha funzionato,1,2025-12-24T00:59:32.352013
synced,RMIC8E700Q,STAT_CENTRO_METRO_ALTRO,Nessuna strategia ha funzionato,1,2025-12-24T00:59:30.475640
synced,RMIC8GX001,STAT_CENTRO_METRO_ALTRO,Nessuna strategia ha funzionato,1,2025-12-24T00:59:17.220222
synced,RMTD099018,STAT_CENTRO_METRO_ALTRO,Nessuna strategia ha funzionato,1,2025-12-24T00:58:09.184196
synced,RMRI088017,STAT_CENTRO_METRO_ALTRO,Nessuna strategia ha funzionato,1,2025-12-24T00:58:06.250990
synced,RMIC877001,STAT_CENTRO_METRO_ALTRO,Nessuna strategia ha funzionato,1,2025-12-24T00:57:58.848826
synced,FIIC82700R,STAT_CENTRO_METRO_ALTRO,Nessuna strategia ha funzionato,1,2025-12-24T00:57:45.497321
synced,RMIC80700P,STAT_CENTRO_METRO_ALTRO,Nessuna strategia ha funzionato,1,2025-12-24T00:57:36.312353
synced,RMTD059506,STAT_CENTRO_METRO_ALTRO,Nessuna strategia ha funzionato,1,2025-12-24T00:57:20.918878
synced,RMTD093019,STAT_CENTRO_METRO_ALTRO,Nessuna strategia ha funzionato,1,2025-12-24T00:57:17.809716
synced,RMIC8C9006,STAT_CENTRO_METRO_ALTRO,Nessuna strategia ha funzionato,1,2025-12-24T00:57:14.548426
synced,FIIC826001,STAT_CENTRO_METRO_ALTRO,Nessuna strategia ha funzionato,1,2025-12-24T00:57:00.874309
synced,FIIC81600A,STAT_CENTRO_METRO_ALTRO,Nessuna strategia ha funzionato,1,2025-12-24T00:56:58.270041
synced,RMRC01351E,STAT_CENTRO_METRO_ALTRO,Nessuna strategia ha funzionato,1,2025-12-24T00:56:55.888722
synced,RMIC86500P,STAT_CENTRO_METRO_ALTRO,Nessuna strategia ha funzionato,1,2025-12-24T00:56:52.660897
synced,RMRC12201R,STAT_CENTRO_METRO_ALTRO,Nessuna strategia ha funzionato,1,2025-12-24T00:56:50.157938
synced,RMRI12952P,STAT_CENTRO_METRO_ALTRO,Nessuna strategia ha funzionato,1,2025-12-24T00:56:32.514560
synced,FIRF004011,STAT_CENTRO_METRO_ALTRO,Nessuna strategia ha funzionato,1,2025-12-24T00:56:29.495114
synced,RMIC8AB006,STAT_CENTRO_METRO_ALTRO,Nessuna strategia ha funzionato,1,2025-12-24T00:56:26.189255
synced,FIIC825005,STAT_CENTRO_METRO_ALTRO,Nessuna strategia ha funzionato,1,2025-12-24T00:56:23.820206
synced,RMIC85900B,STAT_CENTRO_METRO_ALTRO,Nessuna strategia ha funzionato,1,2025-12-24T00:56:21.377113
synced,RMIC8AY002,STAT_CENTRO_METRO_ALTRO,Nessuna strategia ha funzionato,1,2025-12-24T00:56:18.475395
synced,RMRI099502,STAT_CENTRO_METRO_ALTRO,Nessuna strategia ha funzionato,1,2025-12-24T00:56:08.503346
synced,RMAA8A903X,STAT_CENTRO_METRO_INFANZIA,Nessuna strategia ha funzionato,1,2025-12-24T00:55:47.496036
synced,RMAA8CE02R,STAT_CENTRO_METRO_INFANZIA,Nessuna strategia ha funzionato,1,2025-12-24T00:55:44.835063
synced,RMAA8F604E,STAT_CENTRO_METRO_INFANZIA,Nessuna strategia ha funzionato,1,2025-12-24T00:55:35.370286
synced,FIAA874028,STAT_CENTRO_METRO_INFANZIA,Nessuna strategia ha funzionato,1,2025-12-24T00:55:25.489288
synced,RMAA8A8045,STAT_CENTRO_METRO_INFANZIA,Nessuna strategia ha funzionato,1,2025-12-24T00:55:15.168838
synced,RMAA8D2031,STAT_CENTRO_METRO_INFANZIA,Nessuna strategia ha funzionato,1,2025-12-24T00:55:11.655171
synced,RMAA8C702C,STAT_CENTRO_METRO_INFANZIA,Nessuna strategia ha funzionato,1,2025-12-24T00:55:08.362648
synced,RMAA8CD01X,STAT_CENTRO_METRO_INFANZIA,Nessuna strategia ha funzionato,1,2025-12-24T00:55:05.133521
synced,RMAA87303L,STAT_CENTRO_METRO_INFANZIA,Nessuna strategia ha funzionato,1,2025-12-24T00:54:55.270648
synced,RMAA8C2018,STAT_CENTRO_METRO_INFANZIA,Nessuna strategia ha funzionato,1,2025-12-24T00:54:35.289958
synced,RMAA8DP012,STAT_CENTRO_METRO_INFANZIA,Nessuna strategia ha funzionato,1,2025-12-24T00:54:31.753628
synced,FIAA84901E,STAT_CENTRO_METRO_INFANZIA,Nessuna strategia ha funzionato,1,2025-12-24T00:54:28.432477
synced,RMAA8E602T,STAT_CENTRO_METRO_INFANZIA,Nessuna strategia ha funzionato,1,2025-12-24T00:54:25.050273
synced,FIAA812032,STAT_CENTRO_METRO_INFANZIA,Nessuna strategia ha funzionato,1,2025-12-24T00:54:13.947013
synced,RMAA83101C,STAT_CENTRO_METRO_INFANZIA,Nessuna strategia ha funzionato,1,2025-12-24T00:54:10.771679
synced,FIAA87703R,STAT_CENTRO_METRO_INFANZIA,Nessuna strategia ha funzionato,1,2025-12-24T00:54:07.410097
synced,RMAA80702L,STAT_CENTRO_METRO_INFANZIA,Nessuna strategia ha funzionato,1,2025-12-24T00:53:37.741847
synced,FIAA838036,STAT_CENTRO_METRO_INFANZIA,Nessuna strategia ha funzionato,1,2025-12-24T00:53:19.311189
synced,RMAA8EB01D,STAT_CENTRO_METRO_INFANZIA,Nessuna strategia ha funzionato,1,2025-12-24T00:53:16.031927
synced,RMAA8DK01V,STAT_CENTRO_METRO_INFANZIA,Nessuna strategia ha funzionato,1,2025-12-24T00:53:12.766894
synced,RMAA87304N,STAT_CENTRO_METRO_INFANZIA,Nessuna strategia ha funzionato,1,2025-12-24T00:52:54.513759
synced,FIAA870021,STAT_CENTRO_METRO_INFANZIA,Nessuna strategia ha funzionato,1,2025-12-24T00:52:51.150840
synced,RMAA8C501Q,STAT_CENTRO_METRO_INFANZIA,Nessuna strategia ha funzionato,1,2025-12-24T00:52:39.398161
synced,RMAA8A9052,STAT_CENTRO_METRO_INFANZIA,Nessuna strategia ha funzionato,1,2025-12-24T00:52:29.133716
synced,RMAA8GL01E,STAT_CENTRO_METRO_INFANZIA,Nessuna strategia ha funzionato,1,2025-12-24T00:52:25.943233
synced,FIAA86503E,STAT_CENTRO_METRO_INFANZIA,Nessuna strategia ha funzionato,1,2025-12-24T00:52:12.315757
synced,FIAA858019,STAT_CENTRO_METRO_INFANZIA,Nessuna strategia ha funzionato,1,2025-12-24T00:52:09.062636
synced,RMAA8DC01P,STAT_CENTRO_METRO_INFANZIA,Nessuna strategia ha funzionato,1,2025-12-24T00:52:05.849808
synced,FIAA861059,STAT_CENTRO_METRO_INFANZIA,Nessuna strategia ha funzionato,1,2025-12-24T00:52:02.447831
synced,RMAA86502L,STAT_CENTRO_METRO_INFANZIA,Nessuna strategia ha funzionato,1,2025-12-24T00:51:59.460420
synced,RMAA85801C,STAT_CENTRO_METRO_INFANZIA,Nessuna strategia ha funzionato,1,2025-12-24T00:51:56.165856
synced,RMAA8DN01A,STAT_CENTRO_METRO_INFANZIA,Nessuna strategia ha funzionato,1,2025-12-24T00:51:52.783340
synced,RMAA8D1013,STAT_CENTRO_METRO_INFANZIA,Nessuna strategia ha funzionato,1,2025-12-24T00:51:49.437211
synced,RMAA863032,STAT_CENTRO_METRO_INFANZIA,Nessuna strategia ha funzionato,1,2025-12-24T00:51:46.234778
synced,RMAA8F704A,STAT_CENTRO_METRO_INFANZIA,Nessuna strategia ha funzionato,1,2025-12-24T00:51:34.349428
synced,RMAA8BY01D,STAT_CENTRO_METRO_INFANZIA,Nessuna strategia ha funzionato,1,2025-12-24T00:51:25.749813
synced,FIAA82102Q,STAT_CENTRO_METRO_INFANZIA,Nessuna strategia ha funzionato,1,2025-12-24T00:51:11.172449
synced,RMAA8DE01A,STAT_CENTRO_METRO_INFANZIA,Nessuna strategia ha funzionato,1,2025-12-24T00:51:01.896456
synced,RMAA839024,STAT_CENTRO_METRO_INFANZIA,Nessuna strategia ha funzionato,1,2025-12-24T00:50:52.557967
synced,RMAA89905V,STAT_CENTRO_METRO_INFANZIA,Nessuna strategia ha funzionato,1,2025-12-24T00:50:12.559860
synced,RMAA8DB053,STAT_CENTRO_METRO_INFANZIA,Nessuna strategia ha funzionato,1,2025-12-24T00:50:02.485943
synced,FIAA86901Q,STAT_CENTRO_METRO_INFANZIA,Nessuna strategia ha funzionato,1,2025-12-24T00:49:59.245887
synced,FIAA87102R,STAT_CENTRO_METRO_INFANZIA,Nessuna strategia ha funzionato,1,2025-12-24T00:49:55.947257
synced,RMAA8EH01C,STAT_CENTRO_METRO_INFANZIA,Nessuna strategia ha funzionato,1,2025-12-24T00:49:52.426627
synced,RMAA8EF02T,STAT_CENTRO_METRO_INFANZIA,Nessuna strategia ha funzionato,1,2025-12-24T00:49:49.291367
synced,RMAA88103G,STAT_CENTRO_METRO_INFANZIA,Nessuna strategia ha funzionato,1,2025-12-24T00:49:45.916235
synced,FIAA861048,STAT_CENTRO_METRO_INFANZIA,Nessuna strategia ha funzionato,1,2025-12-24T00:49:42.415408
synced,SIMM827016,STAT_CENTRO_NON_METRO_SEC_PRIMO,Nessuna strategia ha funzionato,1,2025-12-24T00:49:31.466846
synced,ARMM834015,STAT_CENTRO_NON_METRO_SEC_PRIMO,Nessuna strategia ha funzionato,1,2025-12-24T00:49:28.320712
synced,APMM840017,STAT_CENTRO_NON_METRO_SEC_PRIMO,Nessuna strategia ha funzionato,1,2025-12-24T00:49:19.031701
synced,APMM80601Q,STAT_CENTRO_NON_METRO_SEC_PRIMO,Nessuna strategia ha funzionato,1,2025-12-24T00:49:09.864276
synced,FRMM849013,STAT_CENTRO_NON_METRO_SEC_PRIMO,Nessuna strategia ha funzionato,1,2025-12-24T00:48:36.838804
synced,FRMM83101T,STAT_CENTRO_NON_METRO_SEC_PRIMO,Nessuna strategia ha funzionato,1,2025-12-24T00:48:22.248796
synced,VTMM801031,STAT_CENTRO_NON_METRO_SEC_PRIMO,Nessuna strategia ha funzionato,1,2025-12-24T00:48:19.092261
synced,VTMM81804B,STAT_CENTRO_NON_METRO_SEC_PRIMO,Nessuna strategia ha funzionato,1,2025-12-24T00:48:12.599720
synced,ARMM83103Q,STAT_CENTRO_NON_METRO_SEC_PRIMO,Nessuna strategia ha funzionato,1,2025-12-24T00:48:09.758823
synced,PSMM816012,STAT_CENTRO_NON_METRO_SEC_PRIMO,Nessuna strategia ha funzionato,1,2025-12-24T00:47:31.486787
synced,TRMM82202D,STAT_CENTRO_NON_METRO_SEC_PRIMO,Nessuna strategia ha funzionato,1,2025-12-24T00:46:44.635983
synced,FRMM81102N,STAT_CENTRO_NON_METRO_SEC_PRIMO,Nessuna strategia ha funzionato,1,2025-12-24T00:46:41.460983
synced,FRMM80403G,STAT_CENTRO_NON_METRO_SEC_PRIMO,Nessuna strategia ha funzionato,1,2025-12-24T00:46:32.444038
synced,SIMM821028,STAT_CENTRO_NON_METRO_SEC_PRIMO,Nessuna strategia ha funzionato,1,2025-12-24T00:46:29.177336
synced,APMM81302X,STAT_CENTRO_NON_METRO_SEC_PRIMO,Nessuna strategia ha funzionato,1,2025-12-24T00:45:59.167450
synced,LTMM841014,STAT_CENTRO_NON_METRO_SEC_PRIMO,Nessuna strategia ha funzionato,1,2025-12-24T00:45:32.768043
synced,PIMM810028,STAT_CENTRO_NON_METRO_SEC_PRIMO,Nessuna strategia ha funzionato,1,2025-12-24T00:45:27.425015
synced,VTMM81803A,STAT_CENTRO_NON_METRO_SEC_PRIMO,Nessuna strategia ha funzionato,1,2025-12-24T00:45:24.119362
synced,PIMM824037,STAT_CENTRO_NON_METRO_SEC_PRIMO,Nessuna strategia ha funzionato,1,2025-12-24T00:45:20.982296
synced,PGMM01600D,STAT_CENTRO_NON_METRO_SEC_PRIMO,Nessuna strategia ha funzionato,1,2025-12-24T00:45:17.534252
synced,POMM700011,STAT_CENTRO_NON_METRO_SEC_PRIMO,Nessuna strategia ha funzionato,1,2025-12-24T00:45:14.141892
synced,PGMM21400G,STAT_CENTRO_NON_METRO_SEC_PRIMO,Nessuna strategia ha funzionato,1,2025-12-24T00:45:11.564535
synced,ARMM81001L,STAT_CENTRO_NON_METRO_SEC_PRIMO,Nessuna strategia ha funzionato,1,2025-12-24T00:45:08.972397
synced,LTMM834011,STAT_CENTRO_NON_METRO_SEC_PRIMO,Nessuna strategia ha funzionato,1,2025-12-24T00:44:30.109877
synced,APMM817016,STAT_CENTRO_NON_METRO_SEC_PRIMO,Nessuna strategia ha funzionato,1,2025-12-24T00:43:41.213914
synced,PIMM61000C,STAT_CENTRO_NON_METRO_SEC_PRIMO,Nessuna strategia ha funzionato,1,2025-12-24T00:42:55.113542
synced,APMM826022,STAT_CENTRO_NON_METRO_SEC_PRIMO,Nessuna strategia ha funzionato,1,2025-12-24T00:42:52.723547
synced,PGMM813023,STAT_CENTRO_NON_METRO_SEC_PRIMO,Nessuna strategia ha funzionato,1,2025-12-24T00:42:41.576375
synced,GRMM822017,STAT_CENTRO_NON_METRO_SEC_PRIMO,Nessuna strategia ha funzionato,1,2025-12-24T00:42:38.294817
synced,TRMM80401V,STAT_CENTRO_NON_METRO_SEC_PRIMO,Nessuna strategia ha funzionato,1,2025-12-24T00:42:35.176681
synced,APMM81104A,STAT_CENTRO_NON_METRO_SEC_PRIMO,Nessuna strategia ha funzionato,1,2025-12-24T00:42:01.531928
synced,ANMM830023,STAT_CENTRO_NON_METRO_SEC_PRIMO,Nessuna strategia ha funzionato,1,2025-12-24T00:41:58.182713
synced,PTMM815019,STAT_CENTRO_NON_METRO_SEC_PRIMO,Nessuna strategia ha funzionato,1,2025-12-24T00:41:55.058676
synced,RIMM82402X,STAT_CENTRO_NON_METRO_SEC_PRIMO,Nessuna strategia ha funzionato,1,2025-12-24T00:41:41.985314
synced,TRMM817011,STAT_CENTRO_NON_METRO_SEC_PRIMO,Nessuna strategia ha funzionato,1,2025-12-24T00:41:35.565458
synced,GRMM81903D,STAT_CENTRO_NON_METRO_SEC_PRIMO,Nessuna strategia ha funzionato,1,2025-12-24T00:41:03.309266
synced,FRMM84502R,STAT_CENTRO_NON_METRO_SEC_PRIMO,Nessuna strategia ha funzionato,1,2025-12-24T00:40:22.371890
synced,ANMM82901T,STAT_CENTRO_NON_METRO_SEC_PRIMO,Nessuna strategia ha funzionato,1,2025-12-24T00:40:19.138000
synced,PGMM86501P,STAT_CENTRO_NON_METRO_SEC_PRIMO,Nessuna strategia ha funzionato,1,2025-12-24T00:39:32.003079
synced,SIMM80401D,STAT_CENTRO_NON_METRO_SEC_PRIMO,Nessuna strategia ha funzionato,1,2025-12-24T00:39:28.857573
synced,MCMM820037,STAT_CENTRO_NON_METRO_SEC_PRIMO,Nessuna strategia ha funzionato,1,2025-12-24T00:39:25.234999
synced,VTMM81702D,STAT_CENTRO_NON_METRO_SEC_PRIMO,Nessuna strategia ha funzionato,1,2025-12-24T00:39:21.690159
synced,MIAA86201G,STAT_NORD OVEST_METRO_INFANZIA,Nessuna strategia ha funzionato,1,2025-12-24T00:38:56.521060
synced,TOAA8A803G,STAT_NORD OVEST_METRO_INFANZIA,Nessuna strategia ha funzionato,1,2025-12-24T00:38:53.836152
synced,TOAA807046,STAT_NORD OVEST_METRO_INFANZIA,Nessuna strategia ha funzionato,1,2025-12-24T00:38:50.566671
synced,TOAA8AA06X,STAT_NORD OVEST_METRO_INFANZIA,Nessuna strategia ha funzionato,1,2025-12-24T00:38:47.775731
synced,TOAA83202R,STAT_NORD OVEST_METRO_INFANZIA,Nessuna strategia ha funzionato,1,2025-12-24T00:38:42.222390
synced,GEAA84801G,STAT_NORD OVEST_METRO_INFANZIA,Nessuna strategia ha funzionato,1,2025-12-24T00:38:38.845730
synced,MIAA86202L,STAT_NORD OVEST_METRO_INFANZIA,Nessuna strategia ha funzionato,1,2025-12-24T00:38:13.902175
synced,MIAA8BE01L,STAT_NORD OVEST_METRO_INFANZIA,Nessuna strategia ha funzionato,1,2025-12-24T00:38:10.797850
synced,MIAA8AX01E,STAT_NORD OVEST_METRO_INFANZIA,Nessuna strategia ha funzionato,1,2025-12-24T00:38:03.939396
synced,MIAA8AV056,STAT_NORD OVEST_METRO_INFANZIA,Nessuna strategia ha funzionato,1,2025-12-24T00:38:00.691322
synced,TOAA829021,STAT_NORD OVEST_METRO_INFANZIA,Nessuna strategia ha funzionato,1,2025-12-24T00:37:46.790431
synced,MIAA873023,STAT_NORD OVEST_METRO_INFANZIA,Nessuna strategia ha funzionato,1,2025-12-24T00:37:44.042622
synced,TOAA8AK02G,STAT_NORD OVEST_METRO_INFANZIA,Nessuna strategia ha funzionato,1,2025-12-24T00:37:40.906063
synced,TOAA86903C,STAT_NORD OVEST_METRO_INFANZIA,Nessuna strategia ha funzionato,1,2025-12-24T00:37:37.759023
synced,MIAA8FC01B,STAT_NORD OVEST_METRO_INFANZIA,Nessuna strategia ha funzionato,1,2025-12-24T00:37:34.779635
synced,TOAA8BN04Q,STAT_NORD OVEST_METRO_INFANZIA,Nessuna strategia ha funzionato,1,2025-12-24T00:37:03.003882
synced,TOAA829032,STAT_NORD OVEST_METRO_INFANZIA,Nessuna strategia ha funzionato,1,2025-12-24T00:36:59.863170
synced,MIAA8FD017,STAT_NORD OVEST_METRO_INFANZIA,Nessuna strategia ha funzionato,1,2025-12-24T00:36:56.513367
synced,MIAA85302T,STAT_NORD OVEST_METRO_INFANZIA,Nessuna strategia ha funzionato,1,2025-12-24T00:36:32.153982
synced,TOAA89002R,STAT_NORD OVEST_METRO_INFANZIA,Nessuna strategia ha funzionato,1,2025-12-24T00:36:26.974317
synced,MIAA8EN01C,STAT_NORD OVEST_METRO_INFANZIA,Nessuna strategia ha funzionato,1,2025-12-24T00:36:23.824386
synced,TOAA84701D,STAT_NORD OVEST_METRO_INFANZIA,Nessuna strategia ha funzionato,1,2025-12-24T00:35:47.143877
synced,TOAA831032,STAT_NORD OVEST_METRO_INFANZIA,Nessuna strategia ha funzionato,1,2025-12-24T00:35:43.810384
synced,MIAA8CG01V,STAT_NORD OVEST_METRO_INFANZIA,Nessuna strategia ha funzionato,1,2025-12-24T00:35:40.608545
synced,MIAA8BL022,STAT_NORD OVEST_METRO_INFANZIA,Nessuna strategia ha funzionato,1,2025-12-24T00:35:31.007011
synced,MIAA8E7025,STAT_NORD OVEST_METRO_INFANZIA,Nessuna strategia ha funzionato,1,2025-12-24T00:35:21.666917
synced,TOAA8BD01R,STAT_NORD OVEST_METRO_INFANZIA,Nessuna strategia ha funzionato,1,2025-12-24T00:35:06.612670
synced,GEAA84901B,STAT_NORD OVEST_METRO_INFANZIA,Nessuna strategia ha funzionato,1,2025-12-24T00:35:03.667429
synced,TOAA8AG01N,STAT_NORD OVEST_METRO_INFANZIA,Nessuna strategia ha funzionato,1,2025-12-24T00:34:54.087576
synced,TOAA819019,STAT_NORD OVEST_METRO_INFANZIA,Nessuna strategia ha funzionato,1,2025-12-24T00:34:50.840948
synced,TOAA86802G,STAT_NORD OVEST_METRO_INFANZIA,Nessuna strategia ha funzionato,1,2025-12-24T00:34:47.593430
synced,GEAA816014,STAT_NORD OVEST_METRO_INFANZIA,Nessuna strategia ha funzionato,1,2025-12-24T00:34:44.245100
synced,MIAA8FG01P,STAT_NORD OVEST_METRO_INFANZIA,Nessuna strategia ha funzionato,1,2025-12-24T00:34:37.633098
synced,TOAA86301B,STAT_NORD OVEST_METRO_INFANZIA,Nessuna strategia ha funzionato,1,2025-12-24T00:34:34.355702
synced,TOAA8A4027,STAT_NORD OVEST_METRO_INFANZIA,Nessuna strategia ha funzionato,1,2025-12-24T00:34:29.375339
synced,TOAA8A5023,STAT_NORD OVEST_METRO_INFANZIA,Nessuna strategia ha funzionato,1,2025-12-24T00:34:21.278945
synced,TOAA807035,STAT_NORD OVEST_METRO_INFANZIA,Nessuna strategia ha funzionato,1,2025-12-24T00:34:11.805737
synced,MIAA8A204N,STAT_NORD OVEST_METRO_INFANZIA,Nessuna strategia ha funzionato,1,2025-12-24T00:33:47.458675
synced,TOAA85003B,STAT_NORD OVEST_METRO_INFANZIA,Nessuna strategia ha funzionato,1,2025-12-24T00:33:44.027174
synced,TOAA850019,STAT_NORD OVEST_METRO_INFANZIA,Nessuna strategia ha funzionato,1,2025-12-24T00:33:41.530268
synced,GEAA811022,STAT_NORD OVEST_METRO_INFANZIA,Nessuna strategia ha funzionato,1,2025-12-24T00:33:38.344295
synced,SSMM834015,STAT_ISOLE_NON_METRO_SEC_PRIMO,Nessuna strategia ha funzionato,1,2025-12-24T00:33:27.062907
synced,SSMM813047,STAT_ISOLE_NON_METRO_SEC_PRIMO,Nessuna strategia ha funzionato,1,2025-12-24T00:33:15.356745
synced,TPMM814018,STAT_ISOLE_NON_METRO_SEC_PRIMO,Nessuna strategia ha funzionato,1,2025-12-24T00:33:12.017337
synced,TPMM815014,STAT_ISOLE_NON_METRO_SEC_PRIMO,Nessuna strategia ha funzionato,1,2025-12-24T00:32:58.289051
synced,NUMM865011,STAT_ISOLE_NON_METRO_SEC_PRIMO,Nessuna strategia ha funzionato,1,2025-12-24T00:32:55.033174
synced,NUMM86201D,STAT_ISOLE_NON_METRO_SEC_PRIMO,Nessuna strategia ha funzionato,1,2025-12-24T00:32:52.217266
synced,SSMM83801C,STAT_ISOLE_NON_METRO_SEC_PRIMO,Nessuna strategia ha funzionato,1,2025-12-24T00:32:32.243092
synced,SRMM840011,STAT_ISOLE_NON_METRO_SEC_PRIMO,Nessuna strategia ha funzionato,1,2025-12-24T00:32:28.748659
synced,ENMM81801V,STAT_ISOLE_NON_METRO_SEC_PRIMO,Nessuna strategia ha funzionato,1,2025-12-24T00:32:25.393595
synced,SSMM835033,STAT_ISOLE_NON_METRO_SEC_PRIMO,Nessuna strategia ha funzionato,1,2025-12-24T00:32:22.094082
synced,NUMM864037,STAT_ISOLE_NON_METRO_SEC_PRIMO,Nessuna strategia ha funzionato,1,2025-12-24T00:32:18.712452
synced,NUMM865077,STAT_ISOLE_NON_METRO_SEC_PRIMO,Nessuna strategia ha funzionato,1,2025-12-24T00:32:14.725716
synced,ORMM82301A,STAT_ISOLE_NON_METRO_SEC_PRIMO,Nessuna strategia ha funzionato,1,2025-12-24T00:32:08.218412
synced,ORMM82302B,STAT_ISOLE_NON_METRO_SEC_PRIMO,Nessuna strategia ha funzionato,1,2025-12-24T00:31:43.018191
synced,ENMM82103R,STAT_ISOLE_NON_METRO_SEC_PRIMO,Nessuna strategia ha funzionato,1,2025-12-24T00:31:39.939577
synced,NUMM860052,STAT_ISOLE_NON_METRO_SEC_PRIMO,Nessuna strategia ha funzionato,1,2025-12-24T00:31:36.634087
synced,SSMM82503C,STAT_ISOLE_NON_METRO_SEC_PRIMO,Nessuna strategia ha funzionato,1,2025-12-24T00:31:15.898991
synced,NUMM835026,STAT_ISOLE_NON_METRO_SEC_PRIMO,Nessuna strategia ha funzionato,1,2025-12-24T00:31:12.667632
synced,NUMM872025,STAT_ISOLE_NON_METRO_SEC_PRIMO,Nessuna strategia ha funzionato,1,2025-12-24T00:31:09.184749
synced,CLMM80401L,STAT_ISOLE_NON_METRO_SEC_PRIMO,Nessuna strategia ha funzionato,1,2025-12-24T00:31:03.756536
synced,AGMM86401X,STAT_ISOLE_NON_METRO_SEC_PRIMO,Nessuna strategia ha funzionato,1,2025-12-24T00:31:00.247835
synced,TPMM84701G,STAT_ISOLE_NON_METRO_SEC_PRIMO,Nessuna strategia ha funzionato,1,2025-12-24T00:30:38.051360
synced,ORMM80604Q,STAT_ISOLE_NON_METRO_SEC_PRIMO,Nessuna strategia ha funzionato,1,2025-12-24T00:30:34.730171
synced,CLMM829011,STAT_ISOLE_NON_METRO_SEC_PRIMO,Nessuna strategia ha funzionato,1,2025-12-24T00:30:18.066132
synced,SRMM807019,STAT_ISOLE_NON_METRO_SEC_PRIMO,Nessuna strategia ha funzionato,1,2025-12-24T00:30:14.842929
synced,AGMM819045,STAT_ISOLE_NON_METRO_SEC_PRIMO,Nessuna strategia ha funzionato,1,2025-12-24T00:29:56.792216
synced,SRMM82101G,STAT_ISOLE_NON_METRO_SEC_PRIMO,Nessuna strategia ha funzionato,1,2025-12-24T00:29:53.611816
synced,CAMM840014,STAT_ISOLE_NON_METRO_SEC_PRIMO,Nessuna strategia ha funzionato,1,2025-12-24T00:29:36.802481
synced,SSMM700015,STAT_ISOLE_NON_METRO_SEC_PRIMO,Nessuna strategia ha funzionato,1,2025-12-24T00:29:26.988560
synced,SSMM85302G,STAT_ISOLE_NON_METRO_SEC_PRIMO,Nessuna strategia ha funzionato,1,2025-12-24T00:29:24.263454
synced,AGMM81001G,STAT_ISOLE_NON_METRO_SEC_PRIMO,Nessuna strategia ha funzionato,1,2025-12-24T00:29:12.551511
synced,NUMM877017,STAT_ISOLE_NON_METRO_SEC_PRIMO,Nessuna strategia ha funzionato,1,2025-12-24T00:29:09.212588
synced,SRMM81701X,STAT_ISOLE_NON_METRO_SEC_PRIMO,Nessuna strategia ha funzionato,1,2025-12-24T00:28:58.727493
synced,CAMM88507X,STAT_ISOLE_NON_METRO_SEC_PRIMO,Nessuna strategia ha funzionato,1,2025-12-24T00:28:55.142744
synced,AGMM84401P,STAT_ISOLE_NON_METRO_SEC_PRIMO,Nessuna strategia ha funzionato,1,2025-12-24T00:28:51.451647
synced,ORMM812054,STAT_ISOLE_NON_METRO_SEC_PRIMO,Nessuna strategia ha funzionato,1,2025-12-24T00:28:48.298587
synced,ANAA835044,STAT_CENTRO_NON_METRO_INFANZIA,Nessuna strategia ha funzionato,1,2025-12-24T00:28:37.541818
synced,LUAA82604C,STAT_CENTRO_NON_METRO_INFANZIA,Nessuna strategia ha funzionato,1,2025-12-24T00:28:11.727106
synced,TRAA001018,STAT_CENTRO_NON_METRO_INFANZIA,Nessuna strategia ha funzionato,1,2025-12-24T00:28:07.822875
synced,PIAA829047,STAT_CENTRO_NON_METRO_INFANZIA,Nessuna strategia ha funzionato,1,2025-12-24T00:27:29.028247
synced,LTAA84404E,STAT_CENTRO_NON_METRO_INFANZIA,Nessuna strategia ha funzionato,1,2025-12-24T00:27:19.296220
synced,VTAA818025,STAT_CENTRO_NON_METRO_INFANZIA,Nessuna strategia ha funzionato,1,2025-12-24T00:27:16.073776
synced,LTAA803026,STAT_CENTRO_NON_METRO_INFANZIA,Nessuna strategia ha funzionato,1,2025-12-24T00:27:12.881366
synced,MSAA81607X,STAT_CENTRO_NON_METRO_INFANZIA,Nessuna strategia ha funzionato,1,2025-12-24T00:27:05.983830
synced,LUAA81102L,STAT_CENTRO_NON_METRO_INFANZIA,Nessuna strategia ha funzionato,1,2025-12-24T00:27:02.775624
synced,MCAA83401V,STAT_CENTRO_NON_METRO_INFANZIA,Nessuna strategia ha funzionato,1,2025-12-24T00:26:46.631323
synced,PGAA842041,STAT_CENTRO_NON_METRO_INFANZIA,Nessuna strategia ha funzionato,1,2025-12-24T00:26:43.457609
synced,VTAA80101P,STAT_CENTRO_NON_METRO_INFANZIA,Nessuna strategia ha funzionato,1,2025-12-24T00:26:39.874273
synced,PSAA82005N,STAT_CENTRO_NON_METRO_INFANZIA,Nessuna strategia ha funzionato,1,2025-12-24T00:26:32.195071
synced,RIAA82505P,STAT_CENTRO_NON_METRO_INFANZIA,Nessuna strategia ha funzionato,1,2025-12-24T00:26:13.884187
synced,MCAA80605V,STAT_CENTRO_NON_METRO_INFANZIA,Nessuna strategia ha funzionato,1,2025-12-24T00:26:01.046019
synced,PTAA824043,STAT_CENTRO_NON_METRO_INFANZIA,Nessuna strategia ha funzionato,1,2025-12-24T00:25:30.210520
synced,ANAA84501G,STAT_CENTRO_NON_METRO_INFANZIA,Nessuna strategia ha funzionato,1,2025-12-24T00:25:21.435348
synced,APAA804076,STAT_CENTRO_NON_METRO_INFANZIA,Nessuna strategia ha funzionato,1,2025-12-24T00:25:17.776405
synced,PSAA81702P,STAT_CENTRO_NON_METRO_INFANZIA,Nessuna strategia ha funzionato,1,2025-12-24T00:25:14.573362
synced,VTAA80301A,STAT_CENTRO_NON_METRO_INFANZIA,Nessuna strategia ha funzionato,1,2025-12-24T00:25:11.297795
synced,ANAA83805L,STAT_CENTRO_NON_METRO_INFANZIA,Nessuna strategia ha funzionato,1,2025-12-24T00:25:07.869867
synced,LIAA82201G,STAT_CENTRO_NON_METRO_INFANZIA,Nessuna strategia ha funzionato,1,2025-12-24T00:24:34.913474
synced,POAA80803A,STAT_CENTRO_NON_METRO_INFANZIA,Nessuna strategia ha funzionato,1,2025-12-24T00:24:31.747544
synced,PGAA85105R,STAT_CENTRO_NON_METRO_INFANZIA,Nessuna strategia ha funzionato,1,2025-12-24T00:24:28.493054
synced,LUAA83404B,STAT_CENTRO_NON_METRO_INFANZIA,Nessuna strategia ha funzionato,1,2025-12-24T00:23:52.143754
synced,LTAA85002Q,STAT_CENTRO_NON_METRO_INFANZIA,Nessuna strategia ha funzionato,1,2025-12-24T00:23:40.057892
synced,LTAA81303T,STAT_CENTRO_NON_METRO_INFANZIA,Nessuna strategia ha funzionato,1,2025-12-24T00:23:36.689747
synced,FRAA83302A,STAT_CENTRO_NON_METRO_INFANZIA,Nessuna strategia ha funzionato,1,2025-12-24T00:23:30.480973
synced,LTAA80101D,STAT_CENTRO_NON_METRO_INFANZIA,Nessuna strategia ha funzionato,1,2025-12-24T00:23:27.276017
synced,LTAA839021,STAT_CENTRO_NON_METRO_INFANZIA,Nessuna strategia ha funzionato,1,2025-12-24T00:22:59.612542
synced,POAA810029,STAT_CENTRO_NON_METRO_INFANZIA,Nessuna strategia ha funzionato,1,2025-12-24T00:22:55.439498
synced,RIAA82302X,STAT_CENTRO_NON_METRO_INFANZIA,Nessuna strategia ha funzionato,1,2025-12-24T00:22:51.747628
synced,PGAA03608V,STAT_CENTRO_NON_METRO_INFANZIA,Nessuna strategia ha funzionato,1,2025-12-24T00:22:43.185877
synced,RIAA81708V,STAT_CENTRO_NON_METRO_INFANZIA,Nessuna strategia ha funzionato,1,2025-12-24T00:22:40.087932
synced,VTAA83604R,STAT_CENTRO_NON_METRO_INFANZIA,Nessuna strategia ha funzionato,1,2025-12-24T00:22:36.901356
synced,LUAA821027,STAT_CENTRO_NON_METRO_INFANZIA,Nessuna strategia ha funzionato,1,2025-12-24T00:22:14.147614
synced,MCAA81401N,STAT_CENTRO_NON_METRO_INFANZIA,Nessuna strategia ha funzionato,1,2025-12-24T00:22:10.728746
synced,LTAA85502V,STAT_CENTRO_NON_METRO_INFANZIA,Nessuna strategia ha funzionato,1,2025-12-24T00:22:07.663757
synced,ANAA82302Q,STAT_CENTRO_NON_METRO_INFANZIA,Nessuna strategia ha funzionato,1,2025-12-24T00:21:59.453254
synced,LIAA805063,STAT_CENTRO_NON_METRO_INFANZIA,Nessuna strategia ha funzionato,1,2025-12-24T00:21:27.664466
synced,LTAA81401G,STAT_CENTRO_NON_METRO_INFANZIA,Nessuna strategia ha funzionato,1,2025-12-24T00:21:24.276485
synced,APAA838046,STAT_CENTRO_NON_METRO_INFANZIA,Nessuna strategia ha funzionato,1,2025-12-24T00:21:21.111933
synced,PSAA83203T,STAT_CENTRO_NON_METRO_INFANZIA,Nessuna strategia ha funzionato,1,2025-12-24T00:20:51.859817
synced,FRAA85801N,STAT_CENTRO_NON_METRO_INFANZIA,Nessuna strategia ha funzionato,1,2025-12-24T00:20:48.428132
synced,PTAA82401X,STAT_CENTRO_NON_METRO_INFANZIA,Nessuna strategia ha funzionato,1,2025-12-24T00:20:45.003913
synced,APAA83902X,STAT_CENTRO_NON_METRO_INFANZIA,Nessuna strategia ha funzionato,1,2025-12-24T00:20:36.446522
synced,VTAA82303N,STAT_CENTRO_NON_METRO_INFANZIA,Nessuna strategia ha funzionato,1,2025-12-24T00:20:32.971561
synced,VTAA834023,STAT_CENTRO_NON_METRO_INFANZIA,Nessuna strategia ha funzionato,1,2025-12-24T00:20:29.596300
synced,MBMM8EW016,STAT_NORD OVEST_NON_METRO_SEC_PRIMO,Nessuna strategia ha funzionato,1,2025-12-24T00:20:10.669180
synced,SVMM80602Q,STAT_NORD OVEST_NON_METRO_SEC_PRIMO,Nessuna strategia ha funzionato,1,2025-12-24T00:20:07.379524
synced,BIMM80102B,STAT_NORD OVEST_NON_METRO_SEC_PRIMO,Nessuna strategia ha funzionato,1,2025-12-24T00:19:58.294606
synced,VAMM83303Q,STAT_NORD OVEST_NON_METRO_SEC_PRIMO,Nessuna strategia ha funzionato,1,2025-12-24T00:19:54.994834
synced,COMM816016,STAT_NORD OVEST_NON_METRO_SEC_PRIMO,Nessuna strategia ha funzionato,1,2025-12-24T00:19:44.716260
synced,VAMM86701R,STAT_NORD OVEST_NON_METRO_SEC_PRIMO,Nessuna strategia ha funzionato,1,2025-12-24T00:19:41.263107
synced,CNMM84302V,STAT_NORD OVEST_NON_METRO_SEC_PRIMO,Nessuna strategia ha funzionato,1,2025-12-24T00:19:37.768605
synced,PVMM82002C,STAT_NORD OVEST_NON_METRO_SEC_PRIMO,Nessuna strategia ha funzionato,1,2025-12-24T00:19:34.094667
synced,CRMM825014,STAT_NORD OVEST_NON_METRO_SEC_PRIMO,Nessuna strategia ha funzionato,1,2025-12-24T00:19:30.828931
synced,BSMM8AH02L,STAT_NORD OVEST_NON_METRO_SEC_PRIMO,Nessuna strategia ha funzionato,1,2025-12-24T00:19:21.499693
synced,LCMM81703T,STAT_NORD OVEST_NON_METRO_SEC_PRIMO,Nessuna strategia ha funzionato,1,2025-12-24T00:19:16.173347
synced,VAMM835019,STAT_NORD OVEST_NON_METRO_SEC_PRIMO,Nessuna strategia ha funzionato,1,2025-12-24T00:19:12.900894
synced,BSMM80302V,STAT_NORD OVEST_NON_METRO_SEC_PRIMO,Nessuna strategia ha funzionato,1,2025-12-24T00:19:09.661285
synced,CRMM82101R,STAT_NORD OVEST_NON_METRO_SEC_PRIMO,Nessuna strategia ha funzionato,1,2025-12-24T00:19:03.052133
synced,BGMM804037,STAT_NORD OVEST_NON_METRO_SEC_PRIMO,Nessuna strategia ha funzionato,1,2025-12-24T00:18:32.698141
synced,BSMM86901C,STAT_NORD OVEST_NON_METRO_SEC_PRIMO,Nessuna strategia ha funzionato,1,2025-12-24T00:18:30.094018
synced,BSMM895011,STAT_NORD OVEST_NON_METRO_SEC_PRIMO,Nessuna strategia ha funzionato,1,2025-12-24T00:18:23.091876
synced,SVMM811027,STAT_NORD OVEST_NON_METRO_SEC_PRIMO,Nessuna strategia ha funzionato,1,2025-12-24T00:18:19.834810
synced,VAMM808011,STAT_NORD OVEST_NON_METRO_SEC_PRIMO,Nessuna strategia ha funzionato,1,2025-12-24T00:18:08.487766
synced,COMM80601G,STAT_NORD OVEST_NON_METRO_SEC_PRIMO,Nessuna strategia ha funzionato,1,2025-12-24T00:17:50.723554
synced,CNMM80901A,STAT_NORD OVEST_NON_METRO_SEC_PRIMO,Nessuna strategia ha funzionato,1,2025-12-24T00:17:47.396133
synced,PVMM80803V,STAT_NORD OVEST_NON_METRO_SEC_PRIMO,Nessuna strategia ha funzionato,1,2025-12-24T00:17:38.286643
synced,MNMM834025,STAT_NORD OVEST_NON_METRO_SEC_PRIMO,Nessuna strategia ha funzionato,1,2025-12-24T00:17:13.296393
synced,BSMM857016,STAT_NORD OVEST_NON_METRO_SEC_PRIMO,Nessuna strategia ha funzionato,1,2025-12-24T00:16:34.492266
synced,IMMM701015,STAT_NORD OVEST_NON_METRO_SEC_PRIMO,Nessuna strategia ha funzionato,1,2025-12-24T00:16:31.127285
synced,VAMM880028,STAT_NORD OVEST_NON_METRO_SEC_PRIMO,Nessuna strategia ha funzionato,1,2025-12-24T00:16:28.394716
synced,BGMM8AG028,STAT_NORD OVEST_NON_METRO_SEC_PRIMO,Nessuna strategia ha funzionato,1,2025-12-24T00:16:25.128244
synced,CRMM04400D,STAT_NORD OVEST_NON_METRO_SEC_PRIMO,Nessuna strategia ha funzionato,1,2025-12-24T00:16:21.972335
synced,CNMM70101V,STAT_NORD OVEST_NON_METRO_SEC_PRIMO,Nessuna strategia ha funzionato,1,2025-12-24T00:15:44.683280
synced,BSMM89703P,STAT_NORD OVEST_NON_METRO_SEC_PRIMO,Nessuna strategia ha funzionato,1,2025-12-24T00:15:38.849741
synced,BGMM804026,STAT_NORD OVEST_NON_METRO_SEC_PRIMO,Nessuna strategia ha funzionato,1,2025-12-24T00:15:11.688719
synced,LCMM81601X,STAT_NORD OVEST_NON_METRO_SEC_PRIMO,Nessuna strategia ha funzionato,1,2025-12-24T00:15:08.616935
synced,VAMM836026,STAT_NORD OVEST_NON_METRO_SEC_PRIMO,Nessuna strategia ha funzionato,1,2025-12-24T00:14:44.212842
synced,IMMM80801R,STAT_NORD OVEST_NON_METRO_SEC_PRIMO,Nessuna strategia ha funzionato,1,2025-12-24T00:14:26.605604
synced,NOMM81701A,STAT_NORD OVEST_NON_METRO_SEC_PRIMO,Nessuna strategia ha funzionato,1,2025-12-24T00:14:04.865809
synced,CRMM80601P,STAT_NORD OVEST_NON_METRO_SEC_PRIMO,Nessuna strategia ha funzionato,1,2025-12-24T00:13:52.863993
synced,BSMM8AC01C,STAT_NORD OVEST_NON_METRO_SEC_PRIMO,Nessuna strategia ha funzionato,1,2025-12-24T00:13:20.641702
synced,NOMM812039,STAT_NORD OVEST_NON_METRO_SEC_PRIMO,Nessuna strategia ha funzionato,1,2025-12-24T00:13:07.046920
synced,IMMM80201T,STAT_NORD OVEST_NON_METRO_SEC_PRIMO,Nessuna strategia ha funzionato,1,2025-12-24T00:12:41.417822
synced,MNMM813013,STAT_NORD OVEST_NON_METRO_SEC_PRIMO,Nessuna strategia ha funzionato,1,2025-12-24T00:12:37.949717
synced,BGMM89301R,STAT_NORD OVEST_NON_METRO_SEC_PRIMO,Nessuna strategia ha funzionato,1,2025-12-24T00:12:30.903910
synced,PVMM81102N,STAT_NORD OVEST_NON_METRO_SEC_PRIMO,Nessuna strategia ha funzionato,1,2025-12-24T00:12:27.663501
synced,BGMM83104L,STAT_NORD OVEST_NON_METRO_SEC_PRIMO,Nessuna strategia ha funzionato,1,2025-12-24T00:12:24.228771
synced,NAMM8AK01L,STAT_SUD_METRO_SEC_PRIMO,Nessuna strategia ha funzionato,1,2025-12-24T00:12:15.525324
synced,NAMM8DH013,STAT_SUD_METRO_SEC_PRIMO,Nessuna strategia ha funzionato,1,2025-12-24T00:12:12.144101
synced,RCMM868014,STAT_SUD_METRO_SEC_PRIMO,Nessuna strategia ha funzionato,1,2025-12-24T00:12:08.995567
synced,BAMM8AK013,STAT_SUD_METRO_SEC_PRIMO,Nessuna strategia ha funzionato,1,2025-12-24T00:11:40.601678
synced,NAMM8BX012,STAT_SUD_METRO_SEC_PRIMO,Nessuna strategia ha funzionato,1,2025-12-24T00:11:37.329926
synced,BAMM86901V,STAT_SUD_METRO_SEC_PRIMO,Nessuna strategia ha funzionato,1,2025-12-24T00:11:29.410105
synced,RCMM81401Q,STAT_SUD_METRO_SEC_PRIMO,Nessuna strategia ha funzionato,1,2025-12-24T00:11:26.337339
synced,NAMM8A8017,STAT_SUD_METRO_SEC_PRIMO,Nessuna strategia ha funzionato,1,2025-12-24T00:11:23.140182
synced,NAMM8G7013,STAT_SUD_METRO_SEC_PRIMO,Nessuna strategia ha funzionato,1,2025-12-24T00:11:19.991423
synced,NAMM8FL015,STAT_SUD_METRO_SEC_PRIMO,Nessuna strategia ha funzionato,1,2025-12-24T00:11:16.988735
synced,NAMM8D1018,STAT_SUD_METRO_SEC_PRIMO,Nessuna strategia ha funzionato,1,2025-12-24T00:11:06.727473
synced,NAMM8C5011,STAT_SUD_METRO_SEC_PRIMO,Nessuna strategia ha funzionato,1,2025-12-24T00:11:01.382636
synced,RCMM841025,STAT_SUD_METRO_SEC_PRIMO,Nessuna strategia ha funzionato,1,2025-12-24T00:10:58.284462
synced,NAMM868018,STAT_SUD_METRO_SEC_PRIMO,Nessuna strategia ha funzionato,1,2025-12-24T00:10:55.140398
synced,RCMM86901X,STAT_SUD_METRO_SEC_PRIMO,Nessuna strategia ha funzionato,1,2025-12-24T00:10:31.603026
synced,NAMM8GX013,STAT_SUD_METRO_SEC_PRIMO,Nessuna strategia ha funzionato,1,2025-12-24T00:09:58.413345
synced,RCMM84501B,STAT_SUD_METRO_SEC_PRIMO,Nessuna strategia ha funzionato,1,2025-12-24T00:09:55.132344
synced,NAMM892015,STAT_SUD_METRO_SEC_PRIMO,Nessuna strategia ha funzionato,1,2025-12-24T00:09:46.709637
synced,RCMM84301Q,STAT_SUD_METRO_SEC_PRIMO,Nessuna strategia ha funzionato,1,2025-12-24T00:09:43.645380
synced,BAMM80501X,STAT_SUD_METRO_SEC_PRIMO,Nessuna strategia ha funzionato,1,2025-12-24T00:09:24.801666
synced,NAMM8B201V,STAT_SUD_METRO_SEC_PRIMO,Nessuna strategia ha funzionato,1,2025-12-24T00:09:19.023754
synced,NAMM8D7017,STAT_SUD_METRO_SEC_PRIMO,Nessuna strategia ha funzionato,1,2025-12-24T00:08:27.097227
synced,NUTD01901L,STAT_ISOLE_NON_METRO_ALTRO,Nessuna strategia ha funzionato,1,2025-12-23T23:53:04.964652
synced,AGIC85700Q,STAT_ISOLE_NON_METRO_ALTRO,Nessuna strategia ha funzionato,1,2025-12-23T23:49:27.613182
synced,RGCT708004,STAT_ISOLE_NON_METRO_ALTRO,Nessuna strategia ha funzionato,1,2025-12-23T23:48:46.491240
synced,CTEE89204N,STAT_ISOLE_METRO_PRIMARIA,Nessuna strategia ha funzionato,1,2025-12-23T23:46:36.473095
synced,CTEE81403B,STAT_ISOLE_METRO_PRIMARIA,Nessuna strategia ha funzionato,1,2025-12-23T23:42:14.163229
synced,CNTD02951A,STAT_NORD OVEST_NON_METRO_ALTRO,Nessuna strategia ha funzionato,1,2025-12-23T23:32:38.800520
synced,VARC023015,STAT_NORD OVEST_NON_METRO_ALTRO,Nessuna strategia ha funzionato,1,2025-12-23T23:32:13.269533
synced,RMIS11600E,STAT_CENTRO_METRO_SEC_SECONDO,Nessuna strategia ha funzionato,1,2025-12-23T23:30:30.318576
synced,RMTN02000C,STAT_CENTRO_METRO_SEC_SECONDO,Nessuna strategia ha funzionato,1,2025-12-23T23:29:01.969617
synced,TOEE8AA032,STAT_NORD OVEST_METRO_PRIMARIA,Nessuna strategia ha funzionato,1,2025-12-23T23:24:41.657599
synced,TOIS04200N,STAT_NORD OVEST_METRO_SEC_SECONDO,Nessuna strategia ha funzionato,1,2025-12-23T23:09:21.004099
synced,RNRH030012,STAT_NORD EST_NON_METRO_ALTRO,Nessuna strategia ha funzionato,1,2025-12-23T23:00:16.843084
synced,VEEE809018,STAT_NORD EST_METRO_PRIMARIA,Nessuna strategia ha funzionato,1,2025-12-23T22:36:44.514676
synced,CZIC848003,STAT_SUD_NON_METRO_ALTRO,Nessuna strategia ha funzionato,1,2025-12-23T22:26:44.659831
synced,PZTD03151P,STAT_SUD_NON_METRO_ALTRO,Nessuna strategia ha funzionato,1,2025-12-23T22:25:19.875272
synced,RNMM80301A,STAT_NORD EST_NON_METRO_SEC_PRIMO,Nessuna strategia ha funzionato,1,2025-12-23T22:11:49.184391
synced,PDMM83602E,STAT_NORD EST_NON_METRO_SEC_PRIMO,Nessuna strategia ha funzionato,1,2025-12-23T22:06:33.082798
synced,TVMM82802N,STAT_NORD EST_NON_METRO_SEC_PRIMO,Nessuna strategia ha funzionato,1,2025-12-23T22:05:38.524982
synced,COEE85501T,STAT_NORD OVEST_NON_METRO_PRIMARIA,Nessuna strategia ha funzionato,1,2025-12-23T21:56:20.308168
synced,NAPS73000C,STAT_SUD_METRO_SEC_SECONDO,Nessuna strategia ha funzionato,1,2025-12-23T21:53:59.601957
synced,BATD013018,STAT_SUD_METRO_SEC_SECONDO,Nessuna strategia ha funzionato,1,2025-12-23T21:51:56.064599
synced,PNIS007003,STAT_NORD EST_NON_METRO_SEC_SECONDO,Nessuna strategia ha funzionato,1,2025-12-23T21:48:31.233243
synced,FOPS040002,STAT_NORD EST_NON_METRO_SEC_SECONDO,Nessuna strategia ha funzionato,1,2025-12-23T21:46:29.757409
synced,PIEE839032,STAT_CENTRO_NON_METRO_PRIMARIA,Nessuna strategia ha funzionato,1,2025-12-23T21:30:54.291919
synced,RIEE817129,STAT_CENTRO_NON_METRO_PRIMARIA,Nessuna strategia ha funzionato,1,2025-12-23T21:29:13.754489
synced,AGAA812057,STAT_ISOLE_NON_METRO_INFANZIA,Nessuna strategia ha funzionato,1,2025-12-23T21:23:32.844322
synced,RGAA836018,STAT_ISOLE_NON_METRO_INFANZIA,Nessuna strategia ha funzionato,1,2025-12-23T21:23:00.906637
synced,SSPS00401V,STAT_ISOLE_NON_METRO_SEC_SECONDO,Nessuna strategia ha funzionato,1,2025-12-23T21:16:40.169535
synced,TPPS00901A,STAT_ISOLE_NON_METRO_SEC_SECONDO,Nessuna strategia ha funzionato,1,2025-12-23T21:12:05.216708
synced,PRAA81901T,STAT_NORD EST_NON_METRO_INFANZIA,Nessuna strategia ha funzionato,1,2025-12-23T21:10:14.994021
synced,COPS01101L,STAT_NORD OVEST_NON_METRO_SEC_SECONDO,Nessuna strategia ha funzionato,1,2025-12-23T20:48:04.259680
synced,SPTH00601B,STAT_NORD OVEST_NON_METRO_SEC_SECONDO,Nessuna strategia ha funzionato,1,2025-12-23T20:45:41.853945
synced,RMMM714012,STAT_CENTRO_METRO_SEC_PRIMO,Nessuna strategia ha funzionato,1,2025-12-23T20:37:27.763636
synced,AVMM87502N,STAT_SUD_NON_METRO_SEC_PRIMO,Nessuna strategia ha funzionato,1,2025-12-23T20:29:20.245506
synced,SAMM87101E,STAT_SUD_NON_METRO_SEC_PRIMO,Nessuna strategia ha funzionato,1,2025-12-23T20:27:39.266388
synced,LIRC00801G,STAT_CENTRO_NON_METRO_ALTRO,Nessuna strategia ha funzionato,1,2025-12-23T20:24:34.788824
synced,GRRC00902X,STAT_CENTRO_NON_METRO_ALTRO,Nessuna strategia ha funzionato,1,2025-12-23T20:22:50.112120
synced,PIIC81400D,STAT_CENTRO_NON_METRO_ALTRO,Nessuna strategia ha funzionato,1,2025-12-23T20:20:50.018299
synced,LEEE82201D,STAT_SUD_NON_METRO_PRIMARIA,Nessuna strategia ha funzionato,1,2025-12-23T20:15:35.632424
synced,VVEE81210B,STAT_SUD_NON_METRO_PRIMARIA,Nessuna strategia ha funzionato,1,2025-12-23T20:15:02.253915
synced,BSAA807011,STAT_NORD OVEST_NON_METRO_INFANZIA,Nessuna strategia ha funzionato,1,2025-12-23T20:08:56.279829
synced,LCAA81002T,STAT_NORD OVEST_NON_METRO_INFANZIA,Nessuna strategia ha funzionato,1,2025-12-23T20:07:09.108535
synced,CETD00403V,STAT_SUD_NON_METRO_SEC_SECONDO,Nessuna strategia ha funzionato,1,2025-12-23T20:03:01.193048
synced,BRMM841015,STAT_SUD_NON_METRO_SEC_PRIMO,Nessuna strategia ha funzionato,1,2025-12-23T19:54:36.172631
synced,SAMM8AH01N,STAT_SUD_NON_METRO_SEC_PRIMO,Nessuna strategia ha funzionato,1,2025-12-23T19:54:15.746192
synced,CSMM8AT019,STAT_SUD_NON_METRO_SEC_PRIMO,Nessuna strategia ha funzionato,1,2025-12-23T19:54:06.504077
synced,LURI01601N,STAT_CENTRO_NON_METRO_ALTRO,Nessuna strategia ha funzionato,1,2025-12-23T19:54:03.546716
synced,LTIC81300V,STAT_CENTRO_NON_METRO_ALTRO,Nessuna strategia ha funzionato,1,2025-12-23T19:54:00.560437
synced,MSVC01000G,STAT_CENTRO_NON_METRO_ALTRO,Nessuna strategia ha funzionato,1,2025-12-23T19:53:55.311497
synced,PSRI02050R,STAT_CENTRO_NON_METRO_ALTRO,Nessuna strategia ha funzionato,1,2025-12-23T19:53:52.989049
synced,LTIC809007,STAT_CENTRO_NON_METRO_ALTRO,Nessuna strategia ha funzionato,1,2025-12-23T19:53:41.258628
synced,TEEE84402Q,STAT_SUD_NON_METRO_PRIMARIA,Nessuna strategia ha funzionato,1,2025-12-23T19:53:32.344819
synced,SAEE83006E,STAT_SUD_NON_METRO_PRIMARIA,Nessuna strategia ha funzionato,1,2025-12-23T19:53:22.237237
synced,FGEE00501A,STAT_SUD_NON_METRO_PRIMARIA,Nessuna strategia ha funzionato,1,2025-12-23T19:53:18.956387
synced,BSAA88701T,STAT_NORD OVEST_NON_METRO_INFANZIA,Nessuna strategia ha funzionato,1,2025-12-23T19:53:15.683804
synced,COAA80402R,STAT_NORD OVEST_NON_METRO_INFANZIA,Nessuna strategia ha funzionato,1,2025-12-23T19:53:12.649110
synced,CNAA81303X,STAT_NORD OVEST_NON_METRO_INFANZIA,Nessuna strategia ha funzionato,1,2025-12-23T19:52:57.647702
synced,MBAA8GA028,STAT_NORD OVEST_NON_METRO_INFANZIA,Nessuna strategia ha funzionato,1,2025-12-23T19:51:58.477473
5,BNEE83803L,STAT_CAMPANIA_NON_METRO_PRIMARIA,PTOF non trovato,1,2026-01-25T08:14:23.214343
5,SAIS04300D,STAT_CAMPANIA_NON_METRO_SEC_SECONDO,PTOF non trovato,1,2026-01-25T08:14:37.350182
5,PRIS00100X,STAT_EMILIA_ROMAGNA_NON_METRO_SEC_SECONDO,PTOF non trovato,1,2026-01-25T08:16:21.262810
5,PNAA81101B,STAT_FRIULI_VENEZIA_G._NON_METRO_INFANZIA,PTOF non trovato,1,2026-01-25T08:16:49.634695
5,GEAA85401V,STAT_LIGURIA_METRO_INFANZIA,PTOF non trovato,1,2026-01-25T08:19:09.310191
5,BAAA891021,STAT_PUGLIA_METRO_INFANZIA,PTOF non trovato,1,2026-01-25T08:25:23.677496
