school_id,denominazione,comune,provincia,regione,area_geografica,tipo_scuola,tipo_scuola_dettaglio,territorio,ordine_grado,indirizzo,cap,email,pec,website,statale_paritaria,extraction_status,analysis_file,has_sezione_dedicata,2_1_score,2_3_finalita_attitudini_score,2_3_finalita_interessi_score,2_3_finalita_progetto_vita_score,2_3_finalita_transizioni_formative_score,2_3_finalita_capacita_orientative_opportunita_score,2_4_obiettivo_ridurre_abbandono_score,2_4_obiettivo_continuita_territorio_score,2_4_obiettivo_contrastare_neet_score,2_4_obiettivo_lifelong_learning_score,2_5_azione_coordinamento_servizi_score,2_5_azione_dialogo_docenti_studenti_score,2_5_azione_rapporto_scuola_genitori_score,2_5_azione_monitoraggio_azioni_score,2_5_azione_sistema_integrato_inclusione_fragilita_score,2_6_didattica_da_esperienza_studenti_score,2_6_didattica_laboratoriale_score,2_6_didattica_flessibilita_spazi_tempi_score,2_6_didattica_interdisciplinare_score,2_7_opzionali_culturali_score,2_7_opzionali_laboratoriali_espressive_score,2_7_opzionali_ludiche_ricreative_score,2_7_opzionali_volontariato_score,2_7_opzionali_sportive_score,mean_finalita,mean_obiettivi,mean_governance,mean_didattica_orientativa,mean_opportunita,partnership_count,activities_count,ptof_idpo,has_complete_ptof,lat,lon
BATD105005,Itc A.Volta,Bari,Bari,Puglia,Sud,"I Grado, Liceo, Primaria, Tecnico",ND,Metropolitano,II Grado,Via Giustino Fortunato 8/M,70125,preside@avolta.it,avoltacoop@pec.it,www.avolta.it,Paritaria,ok,analysis_results/BATD105005_PTOF_analysis.json,1.0,4.0,5.0,5.0,5.0,5.0,5.0,5.0,5.0,3.0,5.0,5.0,5.0,5.0,5.0,5.0,5.0,5.0,5.0,5.0,5.0,5.0,3.0,4.0,5.0,5.0,4.5,5.0,5.0,4.4,20,147,4.78,0,41.12559562,16.86737016
SSAA81105C,Nulvi-Scuola Materna Statale,Nulvi,Sassari,Sardegna,Isole,Infanzia,ND,Non Metropolitano,Infanzia,Via Asilo Nulvi,07032,nicole.matteoni@comune.trireste.it,ND,www.iccastelsardo.gov.it,Statale,ok,analysis_results/SSAA81105C_PTOF_analysis.json,0.0,2.0,3.0,3.0,2.0,1.0,2.0,1.0,3.0,1.0,3.0,3.0,2.0,5.0,2.0,4.0,2.0,2.0,2.0,3.0,5.0,5.0,4.0,2.0,5.0,2.2,2.0,3.2,2.25,4.2,9,3,2.77,0,40.7805803,8.74457384
RMTD113019,G. Salvemini,Roma,Roma,Lazio,Centro,Tecnico,ND,Metropolitano,II Grado,Via Sommovigo 40,00155,rmis113003@istruzione.it,mtis01700x@pec.istruzione.it,www.crocealeramo.edu.it,Statale,ok,analysis_results/RMTD113019_PTOF_analysis.json,1.0,3.0,4.0,4.0,4.0,4.0,4.0,3.0,3.0,3.0,3.0,3.0,3.0,3.0,3.0,3.0,4.0,2.0,4.0,4.0,4.0,4.0,1.0,3.0,1.0,4.0,3.0,3.0,3.5,2.6,17,33,3.22,0,41.89277044,12.48366723
NAIS00700X,I.S.- Ipct Munthe Anacapri,Anacapri,Napoli,Campania,Sud,"Liceo, Professionale",Istituto Superiore,Metropolitano,II Grado,Via Pagliaro 11,80071,nais00700x@istruzione.it,nais00700x@pec.istruzione.it,www.istitutoaxelmunthe.edu.it,Statale,ok,analysis_results/NAIS00700X_PTOF_analysis.json,0.0,3.0,4.0,4.0,4.0,4.0,3.0,4.0,5.0,3.0,4.0,5.0,4.0,5.0,3.0,5.0,5.0,5.0,4.0,4.0,3.0,4.0,2.0,4.0,3.0,3.8,4.0,4.4,4.5,3.2,14,2,3.98,0,40.55142386,14.21653675
IM1A003003,"""Fond.Dante Alighieri Per Istruzione-Almerini""",Sanremo,Imperia,Liguria,Nord Ovest,Infanzia,ND,Non Metropolitano,Infanzia,Via B. Asquasciati N.14,18038,casab.montessori@gmail.com,ist.almerini@pec.it,www.almerini.it,Paritaria,ok,analysis_results/IM1A003003_PTOF_analysis.json,0.0,0.0,3.0,3.0,2.0,1.0,1.0,1.0,1.0,1.0,1.0,2.0,2.0,3.0,1.0,3.0,4.0,3.0,3.0,3.0,1.0,2.0,2.0,1.0,1.0,2.0,1.0,2.2,3.25,1.4,4,12,1.97,0,43.82100004,7.78463261
GEPM007014,Liceo Economico Sociale,Genova,Genova,Liguria,Nord Ovest,Liceo,ND,Metropolitano,II Grado,Via Canevari 51,16137,geis00700l@istruzione.it,ND,https//www.firpobuonarroti.edu.it,Statale,ok,analysis_results/GEPM007014_PTOF_analysis.json,1.0,4.0,5.0,5.0,5.0,5.0,5.0,4.0,5.0,4.0,5.0,4.0,4.0,4.0,4.0,5.0,5.0,3.0,5.0,5.0,5.0,5.0,5.0,5.0,5.0,5.0,4.5,4.2,4.5,5.0,21,49,4.64,0,44.41149314,8.9326992
NAAA8G5017,Na 84 - E. A. Mario -,Napoli,Napoli,Campania,Sud,Infanzia,ND,Metropolitano,Infanzia,Via Umberto Improta Prefetto,80131,cnps010003@pec.istruzione.it,cnps010003@pec.istruzione.it,https//www.icsulmonacatullo.edu.it/,Statale,ok,analysis_results/NAAA8G5017_PTOF_analysis.json,1.0,3.0,5.0,5.0,5.0,5.0,5.0,5.0,5.0,3.0,5.0,5.0,5.0,5.0,5.0,5.0,5.0,3.0,5.0,5.0,4.0,4.0,1.0,4.0,4.0,5.0,4.5,5.0,4.5,3.4,21,20,4.48,0,40.83956554,14.25085002
MIPC18500P,Liceo Classico Zaccaria,Milano,Milano,Lombardia,Nord Ovest,"Infanzia, Primaria, Professionale",Scuola Sec. Secondo Grado Non Statale,Metropolitano,II Grado,Via Della Commenda 5,20122,segreteria@istitutozaccaria.it,istitutozaccaria@pec.it,www.istitutozaccaria.it,Paritaria,ok,analysis_results/MIPC18500P_PTOF_analysis.json,0.0,2.0,3.0,4.0,2.0,3.0,1.0,0.0,3.0,0.0,2.0,3.0,4.0,5.0,2.0,4.0,4.0,4.0,2.0,0.0,1.0,3.0,3.0,1.0,1.0,2.6,2.5,3.6,3.33,1.8,3,2,2.77,0,45.46679408,9.1903474
RCEE812026,Fossato,Montebello Jonico,Reggio Calabria,Calabria,Sud,Primaria,ND,Metropolitano,Primaria,Via Iovani,89064,rcic812003@istruzione.it,ND,www.icmontebellomotta.edu.it,Statale,ok,analysis_results/RCEE812026_PTOF_analysis.json,0.0,2.0,2.0,2.0,2.0,3.0,1.0,3.0,4.0,1.0,2.0,2.0,1.0,3.0,2.0,3.0,2.0,2.0,2.0,3.0,1.0,1.0,1.0,1.0,1.0,2.0,2.5,2.2,2.25,1.0,4,0,1.99,0,,
CNEE85801L,Mondovi' Breo Trigari,Mondovi',Cuneo,Piemonte,Nord Ovest,Primaria,ND,Non Metropolitano,Primaria,Via G. Manessero 8,12084,cnic85800e@istruzione.it,ND,www.comprensivocuneocorsosoleri.gov.it,Statale,ok,analysis_results/CNEE85801L_PTOF_analysis.json,0.0,2.0,2.0,2.0,2.0,3.0,2.0,2.0,2.0,2.0,3.0,2.0,2.0,2.0,2.0,3.0,2.0,3.0,2.0,2.0,3.0,3.0,2.0,2.0,2.0,2.2,2.25,2.2,2.25,2.4,3,1,2.26,0,,
GE1E03600R,Calasanzio,Genova,Genova,Liguria,Nord Ovest,Primaria,ND,Metropolitano,Primaria,Via N. Cervetto 40,16152,segreteria@calasanziogenova.it,info@pec.calasanziogenova.it,www.calasanziogenova.it,Paritaria,ok,analysis_results/GE1E03600R_PTOF_analysis.json,1.0,1.0,4.0,4.0,4.0,2.0,4.0,3.0,4.0,0.0,4.0,3.0,4.0,4.0,4.0,4.0,4.0,2.0,4.0,4.0,4.0,4.0,1.0,3.0,3.0,3.6,3.67,3.8,3.5,3.0,19,29,3.51,0,44.41149314,8.9326992
APPSR5500N,"Liceo Scientifico Opz. Scienze Applicate ""Giovanni Paolo Ii""",Fermo,Fermo,Marche,Centro,"I Grado, Infanzia, Liceo, Primaria, Tecnico",ND,Non Metropolitano,II Grado,Via F.Egidi 77,63900,info@poloscolasticogiovannipaolosecondo.it,m.i.a.srl2017@pec.it,ND,Paritaria,ok,analysis_results/APPSR5500N_PTOF_analysis.json,1.0,0.0,5.0,5.0,5.0,5.0,5.0,4.0,3.0,2.0,3.0,3.0,3.0,3.0,3.0,3.0,3.0,3.0,3.0,3.0,3.0,3.0,3.0,3.0,3.0,5.0,3.0,3.0,3.0,3.0,6,13,3.4,0,43.16058534,13.71839545
BAIS05300C,"I.I.S.S. ""Luigi Russo""",Monopoli,Bari,Puglia,Sud,"Infanzia, Liceo, Professionale",Istituto Superiore,Metropolitano,II Grado,Via Procaccia 111,70043,bais05300c@istruzione.it,bais05300c@pec.istruzione.it,www.iissluigirusso.edu.it,Statale,ok,analysis_results/BAIS05300C_PTOF_analysis.json,0.0,5.0,4.0,4.0,5.0,5.0,5.0,6.0,4.0,5.0,5.0,5.0,5.0,5.0,4.0,5.0,5.0,4.0,3.0,5.0,6.0,6.0,3.0,4.0,5.0,4.6,5.0,4.8,4.25,4.8,24,19,4.69,0,40.95258074,17.30210276
PETF005003,Istituto Mecenate,Pescara,Pescara,Abruzzo,Sud,"I Grado, Liceo, Primaria, Tecnico",ND,Non Metropolitano,II Grado,Via Del Circuito N. 71,65121,segreteria@istitutomecenate.it,istitutomecenatepescara@pec.it,www.istitutomecenate.it,Paritaria,ok,analysis_results/PETF005003_PTOF_analysis.json,0.0,3.0,5.0,5.0,5.0,5.0,5.0,3.0,5.0,4.0,5.0,5.0,5.0,5.0,5.0,5.0,5.0,6.0,5.0,6.0,5.0,4.0,2.0,3.0,3.0,5.0,4.25,5.0,5.5,3.4,21,0,4.63,0,42.46458397,14.21364841
RMMM8DK013,Leonardo Albertini,Fiumicino,Roma,Lazio,Centro,I Grado,ND,Metropolitano,I Grado,Via Di Granaretto Snc,00050,rmic8dk002@istruzione.it,ND,www.ictorrimpietra.edu.it,Statale,ok,analysis_results/RMMM8DK013_PTOF_analysis.json,0.0,5.0,3.0,3.0,3.0,3.0,3.0,2.0,3.0,1.0,1.0,4.0,4.0,4.0,1.0,1.0,3.0,1.0,1.0,3.0,3.0,3.0,1.0,3.0,3.0,3.0,1.75,2.8,2.0,2.6,17,11,2.43,0,41.77221205,12.23686815
MIRF105007,Istituto Professionale Servizi Socio-Sanitari Maria Ausiliatrice,Milano,Milano,Lombardia,Nord Ovest,"Liceo, Professionale, Tecnico",ND,Metropolitano,II Grado,V.Bonvesin De La Riva,20129,segreteria@scuolabonvesin.it,ND,www.scuolabonvesin.it,Paritaria,ok,analysis_results/MIRF105007_PTOF_analysis.json,1.0,1.0,4.0,4.0,4.0,4.0,4.0,4.0,4.0,3.0,4.0,3.0,5.0,3.0,3.0,3.0,4.0,3.0,3.0,5.0,3.0,3.0,3.0,3.0,3.0,4.0,3.75,3.4,3.75,3.0,10,20,3.58,0,45.46679408,9.1903474
FI1A05800V,"""Preziosissimo Sangue""",Firenze,Firenze,Toscana,Centro,Infanzia,ND,Metropolitano,Infanzia,Via Boccherini 27,50144,sangaspare@liberidieducare.it,ND,ND,Paritaria,ok,analysis_results/FI1A05800V_PTOF_analysis.json,0.0,2.0,2.0,2.0,2.0,3.0,2.0,2.0,2.0,2.0,3.0,2.0,2.0,2.0,2.0,3.0,2.0,3.0,2.0,2.0,2.0,2.0,2.0,2.0,2.0,2.2,2.25,2.2,2.25,2.0,3,1,2.18,0,43.76923077,11.25588885
SAEE83406T,Furore Cap. P.P.,Furore,Salerno,Campania,Sud,Primaria,ND,Non Metropolitano,Primaria,Via San Michele,84010,saic83400e@istruzione.it,ND,www.icamalfi.gov.it,Statale,ok,analysis_results/SAEE83406T_PTOF_analysis.json,0.0,1.0,3.0,3.0,1.0,2.0,1.0,1.0,1.0,0.0,1.0,2.0,2.0,3.0,1.0,3.0,4.0,3.0,3.0,3.0,1.0,3.0,3.0,1.0,1.0,2.0,1.0,2.2,3.25,1.8,4,13,2.05,0,40.6202308,14.55018156
CAEE81801X,Portoscuso,Portoscuso,Sud Sardegna,Sardegna,Isole,Primaria,ND,Non Metropolitano,Primaria,Via Nuoro,09010,caic81800t@istruzione.it,ND,www.comprensivoangius.edu.it,Statale,ok,analysis_results/CAEE81801X_PTOF_analysis.json,0.0,0.0,2.0,2.0,2.0,3.0,2.0,2.0,2.0,2.0,3.0,2.0,2.0,2.0,2.0,3.0,2.0,3.0,2.0,2.0,3.0,3.0,2.0,2.0,2.0,2.2,2.25,2.2,2.25,2.4,3,1,2.26,0,39.20388151,8.37902223
VTMM81702D,Scuola Sec. I Corchiano,Corchiano,Viterbo,Lazio,Centro,I Grado,ND,Non Metropolitano,I Grado,Borgo Umberto 1?,01030,vtic81700b@istruzione.it,csnicolocopernico@pec.it,www.icomdantealighieri.it,Statale,ok,analysis_results/VTMM81702D_PTOF_analysis.json,0.0,2.0,3.0,3.0,2.0,2.0,2.0,4.0,4.0,2.0,3.0,2.0,3.0,3.0,1.0,3.0,3.0,3.0,3.0,2.0,1.0,1.0,1.0,1.0,1.0,2.4,3.25,2.4,2.75,1.0,1,1,2.36,0,42.34558918,12.3566403
FREE85801V,Ceccano Passo Del Cardinale,Ceccano,Frosinone,Lazio,Centro,Primaria,ND,Non Metropolitano,Primaria,Via Passo Del Cardinale,03023,fric85800r@istruzione.it,fris01900a@pec.istruzione.it,www.ic2ceccano.gov.it,Statale,ok,analysis_results/FREE85801V_PTOF_analysis.json,1.0,5.0,6.0,6.0,6.0,6.0,6.0,5.0,6.0,4.0,5.0,6.0,6.0,6.0,5.0,6.0,6.0,7.0,7.0,6.0,5.0,5.0,5.0,5.0,5.0,6.0,5.0,5.8,6.5,5.0,36,27,5.66,1,41.5685648,13.33363716
AQEE845012,Scuola Primaria Statale Celano,Celano,L'Aquila,Abruzzo,Sud,Primaria,ND,Non Metropolitano,Primaria,Via Granatieri Di Sardegnasnc,67043,aqic84500x@istruzione.it,ND,https//www.comprensivocelano.edu.it/,Statale,ok,analysis_results/AQEE845012_PTOF_analysis.json,0.0,0.0,3.0,3.0,3.0,2.0,2.0,1.0,2.0,1.0,2.0,2.0,2.0,3.0,2.0,3.0,2.0,1.0,2.0,2.0,3.0,4.0,3.0,2.0,4.0,2.6,1.5,2.4,1.75,3.2,10,11,2.29,0,42.08483293,13.54822195
CEAA86401V,Cesa Campostrino -D.D.-,Cesa,Caserta,Campania,Sud,Infanzia,ND,Non Metropolitano,Infanzia,Via Campostrino,81030,ceic864002@istruzione.it,ND,www.comprensivocesa.edu.it,Statale,ok,analysis_results/CEAA86401V_PTOF_analysis.json,1.0,4.0,2.0,2.0,0.0,2.0,2.0,2.0,2.0,2.0,2.0,2.0,2.0,2.0,2.0,2.0,2.0,0.0,2.0,2.0,2.0,2.0,2.0,2.0,2.0,2.0,2.0,2.0,2.0,2.0,6,0,2.0,0,40.96254438,14.23044571
MCEE81501P,Viale Della Repubblica,Tolentino,Macerata,Marche,Centro,Primaria,ND,Non Metropolitano,Primaria,Viale Della Repubblica 15,62029,mcic81500l@istruzione.it,ND,www.iclucatelli.edu.it,Statale,ok,analysis_results/MCEE81501P_PTOF_analysis.json,0.0,0.0,3.0,4.0,2.0,5.0,2.0,1.0,2.0,1.0,4.0,3.0,4.0,5.0,3.0,5.0,5.0,5.0,5.0,4.0,3.0,5.0,4.0,1.0,4.0,3.2,2.0,4.0,4.75,3.4,6,9,3.47,0,43.20872655,13.28429984
BOEE85201D,R. Sanzio - I.C.N. 9 Bologna,Bologna,Bologna,Emilia Romagna,Nord Est,Primaria,ND,Metropolitano,Primaria,Via Abba 7,40141,boic85200b@istruzione.it,ND,www.ic9bo.it,Statale,ok,analysis_results/BOEE85201D_PTOF_analysis.json,0.0,0.0,2.0,2.0,2.0,3.0,2.0,2.0,2.0,2.0,3.0,2.0,2.0,2.0,2.0,3.0,2.0,3.0,2.0,2.0,2.0,2.0,2.0,2.0,2.0,2.2,2.25,2.2,2.25,2.0,3,1,2.18,0,44.4943668,11.3417208
TEIS01100D,I.I.S. Crocetti V. Cerulli,Giulianova,Teramo,Abruzzo,Sud,"Infanzia, Primaria",ND,Non Metropolitano,II Grado,Via Bompadre,64021,teis01100d@istruzione.it,teis01100d@pec.istruzione.it,www.iiscrocetticerulli.edu.it,Statale,ok,analysis_results/TEIS01100D_PTOF_analysis.json,0.0,0.0,3.0,3.0,1.0,1.0,1.0,1.0,1.0,1.0,1.0,2.0,2.0,3.0,1.0,3.0,4.0,3.0,3.0,3.0,1.0,2.0,2.0,1.0,1.0,1.8,1.0,2.2,3.25,1.4,5,14,1.93,0,42.7526577,13.95671861
RMIS09700A,Confalonieri-De Chirico,Roma,Roma,Lazio,Centro,"I Grado, Infanzia, Primaria",ND,Metropolitano,II Grado,Via B.M. De Mattias 5,00183,rmis09700a@istruzione.it,rmis09700a@pec.istruzione.it,www.confalonieridechirico.edu.it,Statale,ok,analysis_results/RMIS09700A_PTOF_analysis.json,1.0,1.0,5.0,5.0,5.0,6.0,6.0,4.0,6.0,0.0,3.0,6.0,5.0,6.0,5.0,5.0,4.0,3.0,4.0,5.0,4.0,5.0,3.0,4.0,5.0,5.4,4.33,5.4,4.0,4.2,14,9,4.67,0,41.89277044,12.48366723
BA1ADE5004,Il Sentiero Dorato,Bitritto,Bari,Puglia,Sud,Infanzia,ND,Metropolitano,Infanzia,Via G. Marconi 11,70020,ilsentierodorato@gmail.com,ilsentierodorato@legalmail.it,ND,Paritaria,ok,analysis_results/BA1ADE5004_PTOF_analysis.json,0.0,2.0,3.0,3.0,4.0,4.0,3.0,5.0,5.0,2.0,4.0,3.0,4.0,5.0,2.0,5.0,4.0,3.0,3.0,4.0,5.0,5.0,3.0,2.0,4.0,3.4,4.0,3.8,3.5,3.8,5,3,3.7,0,41.04106828,16.82580397
TARF2M500U,"Ist.Prof.Le Ind.Socio Sanitari ""Plateja""",Taranto,Taranto,Puglia,Sud,"Liceo, Professionale, Tecnico",ND,Non Metropolitano,II Grado,Via Lago Di Como 65,74121,info@istitutoplateja.it,istitutoplateja@arubapec.it,http://cercalatuascuola.istruzione.it/cercalatuascuola/istituti/taps02500a/lic-sc-j-maritain/valutazione,Paritaria,ok,analysis_results/TARF2M500U_PTOF_analysis.json,1.0,3.0,6.0,5.0,6.0,6.0,5.0,4.0,5.0,3.0,4.0,6.0,5.0,6.0,4.0,6.0,5.0,3.0,5.0,5.0,4.0,4.0,3.0,3.0,4.0,5.6,4.0,5.4,4.5,3.6,17,27,4.62,0,40.47354719,17.23237621
GO1E002006,Scuola Primaria Paritaria Waldorf Silvana Corazza,Sagrado,Gorizia,Friuli-Venezia G.,Nord Est,Primaria,ND,Non Metropolitano,Primaria,Largo Castelvecchio 4,34078,waldorf.sagrado@yahoo.it,scuolawaldorfsilvanacorazza@pec.it,www.scuolawaldorfsagrado.it,Paritaria,ok,analysis_results/GO1E002006_PTOF_analysis.json,0.0,0.0,3.0,3.0,2.0,1.0,1.0,1.0,1.0,1.0,1.0,2.0,2.0,3.0,1.0,3.0,4.0,3.0,3.0,3.0,1.0,3.0,3.0,1.0,1.0,2.0,1.0,2.2,3.25,1.8,3,13,2.05,0,45.87646345,13.48520992
PNMM83702R,"""I. Svevo"" Chions",Chions,Pordenone,Friuli-Venezia G.,Nord Est,I Grado,ND,Non Metropolitano,I Grado,Via G. B. Cossetti 22,33083,scuola@parrocchiasanfaustino.it,ND,www.icsacile.edu.it,Statale,ok,analysis_results/PNMM83702R_PTOF_analysis.json,1.0,1.0,5.0,5.0,5.0,1.0,1.0,0.0,3.0,0.0,1.0,3.0,3.0,5.0,0.0,0.0,1.0,0.0,1.0,1.0,0.0,0.0,0.0,0.0,0.0,3.4,2.0,3.67,1.0,0.0,12,22,2.52,0,45.86229625,12.75234863
PSEE83002A,Fano Padalino - Ponte Metauro,Fano,Pesaro E Urbino,Marche,Centro,Primaria,Scuola Primaria,Non Metropolitano,Primaria,Via Della Pineta 7,61032,ND,ND,www.padalino.gov.it,Statale,ok,analysis_results/PSEE83002A_PTOF_analysis.json,0.0,2.0,3.0,3.0,1.0,4.0,1.0,1.0,4.0,1.0,1.0,4.0,3.0,5.0,1.0,4.0,6.0,5.0,3.0,4.0,1.0,5.0,4.0,1.0,4.0,2.4,1.75,3.4,4.5,3.0,5,4,3.01,0,43.84340093,13.01966068
PNMM819016,Dante Alighieri,Zoppola,Pordenone,Friuli-Venezia G.,Nord Est,I Grado,ND,Non Metropolitano,I Grado,Via Giardini,33080,pnic819005@istruzione.it,ND,https//www.iczoppola.edu.it/,Statale,ok,analysis_results/PNMM819016_PTOF_analysis.json,0.0,2.0,2.0,2.0,1.0,2.0,1.0,1.0,3.0,1.0,2.0,3.0,2.0,3.0,1.0,3.0,2.0,3.0,1.0,2.0,3.0,4.0,2.0,2.0,3.0,1.6,1.75,2.4,2.0,2.8,6,2,2.11,0,45.96638834,12.77039751
FRMM84001L,S.M.S.Giorgi Fracco Ferentino,Ferentino,Frosinone,Lazio,Centro,I Grado,ND,Non Metropolitano,I Grado,Via Alfonso Bartoli N. 53,03013,fric84000g@istruzione.it,ND,www.ic2ferentino.gov.it,Statale,ok,analysis_results/FRMM84001L_PTOF_analysis.json,1.0,1.0,5.0,5.0,5.0,1.0,1.0,0.0,3.0,0.0,0.0,3.0,3.0,5.0,0.0,0.0,1.0,0.0,1.0,1.0,0.0,1.0,0.0,0.0,0.0,3.4,3.0,3.67,1.0,1.0,11,22,2.41,0,41.69231575,13.25284809
CSEE8AE045,S.Marco Argentano - Iotta,San Marco Argentano,Cosenza,Calabria,Sud,Primaria,ND,Non Metropolitano,Primaria,ND,87018,csic8ae00x@istruzione.it,csic8ae00x@pec.istruzione.it,www.icsanmarcoargentano.edu.it,Statale,ok,analysis_results/CSEE8AE045_PTOF_analysis.json,1.0,3.0,3.0,3.0,4.0,3.0,3.0,3.0,3.0,3.0,3.0,4.0,3.0,4.0,3.0,4.0,4.0,2.0,3.0,5.0,3.0,4.0,3.0,3.0,3.0,3.2,3.0,3.6,3.5,3.2,14,52,3.3,0,39.55681601,16.11786811
TPTD075004,"Istit.Tecnico - Settore Economico - Indirizzo Afm""E.Montale""",Mazara Del Vallo,Trapani,Sicilia,Isole,"I Grado, Liceo, Primaria, Tecnico",ND,Non Metropolitano,II Grado,V.Olanda 13,91026,itemontale@antemar.eu,itemontale.antemar@pec.it,www.ldavinci.org,Paritaria,ok,analysis_results/TPTD075004_PTOF_analysis.json,0.0,3.0,5.0,5.0,5.0,5.0,5.0,3.0,4.0,3.0,5.0,5.0,5.0,5.0,5.0,5.0,5.0,5.0,5.0,5.0,5.0,5.0,3.0,4.0,4.0,5.0,3.75,5.0,5.0,4.2,21,115,4.59,0,37.65134848,12.58972014
RETD09000V,Scaruffi Levi Tricolore,Reggio Nell'Emilia,Reggio Emilia,Emilia Romagna,Nord Est,Tecnico,ND,Non Metropolitano,II Grado,Via Filippo Re 8,42121,retd09000v@istruzione.it,retd09000v@pec.istruzione.it,www.scaruffilevitricolore.edu.it,Statale,ok,analysis_results/RETD09000V_PTOF_analysis.json,1.0,5.0,3.0,3.0,3.0,3.0,3.0,3.0,3.0,3.0,3.0,3.0,3.0,3.0,3.0,3.0,3.0,3.0,3.0,3.0,1.0,1.0,1.0,1.0,1.0,3.0,3.0,3.0,3.0,1.0,14,19,2.6,0,44.69735289,10.63007973
RGTD03000T,F. Besta,Ragusa,Ragusa,Sicilia,Isole,Tecnico,ND,Non Metropolitano,II Grado,Via Aldo Moro N. 2,97100,rgtd03000t@istruzione.it,rgtd03000t@pec.istruzione.it,www.itcbesta.edu.it,Statale,ok,analysis_results/RGTD03000T_PTOF_analysis.json,0.0,2.0,3.0,3.0,2.0,4.0,3.0,3.0,4.0,2.0,3.0,4.0,3.0,4.0,2.0,5.0,2.0,3.0,3.0,3.0,2.0,2.0,2.0,3.0,2.0,3.0,3.0,3.6,2.75,2.2,7,1,2.91,0,36.92509197,14.7306992
CHEE82506B,Primaria Torricella Peligna,Torricella Peligna,Chieti,Abruzzo,Sud,Primaria,ND,Non Metropolitano,Primaria,Via Michele Persichitti,66019,chic825004@istruzione.it,chic825004@pec.istruzione.it,www.icpalenatorricellapeligna.edu.it,Statale,ok,analysis_results/CHEE82506B_PTOF_analysis.json,1.0,3.0,5.0,5.0,5.0,2.0,4.0,5.0,5.0,1.0,4.0,5.0,5.0,5.0,4.0,5.0,5.0,3.0,4.0,5.0,5.0,5.0,4.0,4.0,5.0,4.2,3.75,4.8,4.25,4.6,23,21,4.32,0,42.02182687,14.26111517
RMAA8C8017,Ardea Iii - Nuova Florida,Ardea,Roma,Lazio,Centro,Infanzia,ND,Metropolitano,Infanzia,Via Pratica Di Mare Snc,00040,rmic8c800a@istruzione.it,ND,www.icardea3.edu.it,Statale,ok,analysis_results/RMAA8C8017_PTOF_analysis.json,0.0,0.0,3.0,3.0,2.0,2.0,2.0,3.0,4.0,1.0,2.0,3.0,3.0,4.0,1.0,4.0,2.0,4.0,2.0,3.0,2.0,3.0,2.0,1.0,3.0,2.4,2.5,3.0,2.75,2.2,4,2,2.57,0,41.60929055,12.54537478
LTTD027017,Itc Vittorio Veneto Salvemini,Latina,Latina,Lazio,Centro,Tecnico,ND,Non Metropolitano,II Grado,Viale Mazzini 4,04100,ltis027001@istruzione.it,ltis027001@pec.istruzione.it,vittorio veneto salvemini latina,Statale,ok,analysis_results/LTTD027017_PTOF_analysis.json,1.0,5.0,5.0,5.0,5.0,5.0,5.0,5.0,6.0,5.0,5.0,5.0,5.0,5.0,5.0,5.0,6.0,5.0,5.0,5.0,5.0,5.0,5.0,5.0,5.0,5.0,5.25,5.0,5.25,5.0,16,29,5.1,1,41.46759464,12.90368485
SA1E016009,Infanzia Serena S.R.L. Impresa Sociale,Salerno,Salerno,Campania,Sud,Primaria,ND,Non Metropolitano,Primaria,Via Irno 63,84100,infanziaserena@virgilio.it,infanziaserena@pec.it,www.canossianemagenta.it,Paritaria,ok,analysis_results/SA1E016009_PTOF_analysis.json,0.0,0.0,5.0,5.0,5.0,4.0,5.0,0.0,4.0,0.0,5.0,1.0,5.0,5.0,3.0,5.0,5.0,5.0,0.0,4.0,0.0,0.0,0.0,0.0,0.0,4.8,4.5,3.8,4.67,0.0,4,0,4.44,0,40.67821959,14.75940296
CE1M00600G,Sacro Cuore Di Maria,Caserta,Caserta,Campania,Sud,I Grado,Scuola Sec. Primo Grado Non Statale,Non Metropolitano,I Grado,Via Don Bosco 34,81100,segreteria@salesianicaserta.org,ND,www.salesianicaserta.com,Paritaria,ok,analysis_results/CE1M00600G_PTOF_analysis.json,0.0,2.0,3.0,3.0,3.0,2.0,2.0,1.0,3.0,1.0,3.0,3.0,3.0,4.0,2.0,4.0,4.0,3.0,4.0,3.0,3.0,4.0,3.0,3.0,3.0,2.6,2.0,3.2,3.5,3.2,6,8,2.9,0,41.07465878,14.33240485
CSTD07701N,Itcg - I.T. Comm. E Geom. San G. Fiore,San Giovanni In Fiore,Cosenza,Calabria,Sud,"Infanzia, Primaria",Ist Tec Commerciale E Per Geometri,Non Metropolitano,"Infanzia, Primaria",Loc. Ceretti,ND,csis07700b@istruzione.it,ND,iisdavincisangiovanniinfiore.edu.it/,Statale,ok,analysis_results/CSTD07701N_PTOF_analysis.json,0.0,2.0,3.0,4.0,2.0,4.0,2.0,1.0,3.0,1.0,3.0,4.0,5.0,5.0,3.0,5.0,6.0,4.0,6.0,4.0,2.0,4.0,4.0,1.0,3.0,3.0,2.0,4.4,5.0,2.8,6,2,3.44,0,39.25365492,16.69731802
LOIC81100D,Ic Di Lodi I,Lodi,Lodi,Lombardia,Nord Ovest,"I Grado, Infanzia, Primaria, Professionale",ND,Non Metropolitano,"Comprensivo, I Grado, II Grado, Infanzia, Primaria",Via Gorini 15,26900,loic81100d@istruzione.it,loic81100d@pec.istruzione.it,www.iclodiprimo.edu.it,Statale,ok,analysis_results/LOIC81100D_PTOF_analysis.json,0.0,3.0,3.0,3.0,3.0,5.0,3.0,4.0,5.0,2.0,3.0,4.0,3.0,5.0,2.0,5.0,3.0,5.0,2.0,3.0,4.0,5.0,2.0,3.0,4.0,3.4,3.5,3.8,3.25,3.6,29,4,3.51,0,45.31440693,9.50372077
CHAA84302G,Ripalta - San Salvo,San Salvo,Chieti,Abruzzo,Sud,Infanzia,ND,Non Metropolitano,Infanzia,Via Leon Battista Alberti Snc,66050,chic84300n@istruzione.it,toic8b600g@pec.istruzione.it,www.icsansalvo2.edu.it,Statale,ok,analysis_results/CHAA84302G_PTOF_analysis.json,1.0,1.0,3.0,3.0,1.0,3.0,3.0,3.0,3.0,2.0,2.0,3.0,3.0,3.0,3.0,3.0,3.0,1.0,3.0,3.0,2.0,2.0,2.0,2.0,2.0,2.6,2.5,3.0,2.5,2.0,4,6,2.52,0,42.04555595,14.73140605
CLIS01800N,"I.I.S. ""Eschilo""",Gela,Caltanissetta,Sicilia,Isole,"I Grado, Infanzia, Professionale",ND,Non Metropolitano,II Grado,Via Eritrea Sn,93012,clis01800n@istruzione.it,clis01800n@pec.istruzione.it,ND,Statale,ok,analysis_results/CLIS01800N_PTOF_analysis.json,0.0,2.0,2.0,2.0,2.0,3.0,2.0,2.0,2.0,2.0,3.0,2.0,2.0,2.0,2.0,3.0,2.0,3.0,2.0,2.0,3.0,3.0,2.0,2.0,2.0,2.2,2.25,2.2,2.25,2.4,3,1,2.26,0,37.06545435,14.25035002
CETB015007,Villaggio Dei Ragazzi,Maddaloni,Caserta,Campania,Sud,"I Grado, Liceo, Primaria, Tecnico",ND,Non Metropolitano,II Grado,P.Zza Matteotti 8,81024,itasegreteria@villaggiodeiragazzi.it,protocollo.villaggio@pec.it,http//www.istitutotecnicovdr.it/,Paritaria,ok,analysis_results/CETB015007_PTOF_analysis.json,0.0,3.0,5.0,4.0,5.0,5.0,5.0,3.0,3.0,5.0,5.0,4.0,5.0,4.0,5.0,5.0,5.0,5.0,4.0,5.0,5.0,5.0,4.0,3.0,5.0,4.8,4.0,4.6,4.75,4.4,23,118,4.51,0,41.03861142,14.38381932
ANIS02100A,Galileo Galilei,Jesi,Ancona,Marche,Centro,"Infanzia, Liceo, Primaria, Professionale, Tecnico",Istituto Superiore,Non Metropolitano,II Grado,Viale Del Lavoro 38,60035,anis02100a@istruzione.it,anis02100a@pec.istruzione.it,www.iisgalileijesi.it,Statale,ok,analysis_results/ANIS02100A_PTOF_analysis.json,0.0,2.0,4.0,4.0,2.0,5.0,5.0,4.0,5.0,2.0,5.0,5.0,4.0,5.0,2.0,5.0,5.0,3.0,3.0,4.0,5.0,5.0,3.0,4.0,4.0,4.0,4.0,4.2,3.75,4.2,33,8,4.03,0,43.52281933,13.24382689
LEIS04700X,"I.I.S.S. ""Cezzi-De Castro-Moro""",Maglie,Lecce,Puglia,Sud,"Infanzia, Primaria",ND,Non Metropolitano,II Grado,Via Don Sturzo 4,73024,leis04700x@istruzione.it,leis04700x@pec.istruzione.it,www.iisscezzidecastromoro.edu.it,Statale,ok,analysis_results/LEIS04700X_PTOF_analysis.json,0.0,0.0,4.0,4.0,3.0,5.0,2.0,0.0,4.0,1.0,3.0,5.0,4.0,5.0,3.0,6.0,4.0,3.0,3.0,3.0,3.0,6.0,3.0,2.0,5.0,3.6,2.67,4.6,3.25,3.8,19,9,3.58,0,40.1210185,18.29885845
RMEE82801T,Ponte Linari,Roma,Roma,Lazio,Centro,Primaria,ND,Metropolitano,Primaria,Via Del Muro Linari 46,00173,rmic82800q@istruzione.it,ND,www.iccorradiniroma.gov.it,Statale,ok,analysis_results/RMEE82801T_PTOF_analysis.json,0.0,0.0,3.0,3.0,2.0,1.0,1.0,1.0,1.0,1.0,1.0,2.0,2.0,3.0,1.0,3.0,4.0,3.0,3.0,3.0,1.0,3.0,3.0,1.0,1.0,2.0,1.0,2.2,3.25,1.8,5,12,2.05,0,41.89277044,12.48366723
RM1E180002,Scuola Elem.Parif. Ss.Vergine,Roma,Roma,Lazio,Centro,Primaria,Scuola Primaria Non Statale,Metropolitano,Primaria,Via Cassia 735,00189,ssvergine@orsolinegandino.it,ND,www.istitutossvergine.it,Paritaria,ok,analysis_results/RM1E180002_PTOF_analysis.json,0.0,1.0,3.0,3.0,2.0,3.0,2.0,5.0,5.0,2.0,3.0,4.0,3.0,5.0,2.0,5.0,5.0,3.0,3.0,5.0,3.0,4.0,2.0,2.0,3.0,2.6,3.75,3.8,4.0,2.8,20,6,3.39,0,41.89277044,12.48366723
SSPL015003,Liceo Linguistico Europa,Sassari,Sassari,Sardegna,Isole,"Infanzia, Primaria",ND,Non Metropolitano,II Grado,Via Forlanini 18,07100,casab.montessori@gmail.com,istitutoeuropa@pec.it,ND,Paritaria,ok,analysis_results/SSPL015003_PTOF_analysis.json,0.0,1.0,3.0,3.0,2.0,2.0,1.0,1.0,1.0,0.0,1.0,2.0,2.0,3.0,1.0,3.0,4.0,3.0,3.0,3.0,1.0,3.0,3.0,1.0,1.0,2.2,1.0,2.2,3.25,1.8,5,15,2.09,0,40.72667657,8.55966713
MTMM810012,"""Pietrelcina- Flacco""-Pisticci",Pisticci,Matera,Basilicata,Sud,I Grado,ND,Non Metropolitano,I Grado,Via Cantisano,75015,mtic810001@istruzione.it,mtic810001@pec.istruzione.it,www.icpisticci.edu.it/,Statale,ok,analysis_results/MTMM810012_PTOF_analysis.json,1.0,3.0,3.0,3.0,3.0,3.0,3.0,4.0,3.0,2.0,3.0,4.0,3.0,4.0,3.0,4.0,3.0,3.0,3.0,3.0,3.0,3.0,2.0,2.0,2.0,3.0,3.0,3.6,3.0,2.4,15,15,3.0,0,40.39072951,16.55864113
RM1E11200B,Scuola Elem.Parit. Figlie Di San Giuseppe,Roma,Roma,Lazio,Centro,Primaria,Scuola Primaria Non Statale,Metropolitano,Primaria,Via Degli Estensi 133,00164,segreteria@scuolafigliedisangiuseppe.it,figliedisangiuseppe@pec.it,www.scuolafigliedisangiuseppe.it,Paritaria,ok,analysis_results/RM1E11200B_PTOF_analysis.json,0.0,2.0,3.0,3.0,2.0,2.0,1.0,1.0,2.0,1.0,2.0,1.0,2.0,3.0,1.0,3.0,2.0,4.0,2.0,3.0,1.0,3.0,2.0,1.0,2.0,2.2,1.5,2.0,2.75,1.8,2,4,2.05,0,41.89277044,12.48366723
IMTD07000R,Ist. Tecnico Grafica E Comunicazione,Pieve Di Teco,Imperia,Liguria,Nord Ovest,Tecnico,ND,Non Metropolitano,II Grado,Piazza Borelli,18026,imps03000e@istruzione.it,ND,www.liceoaprosio.it,Statale,ok,analysis_results/IMTD07000R_PTOF_analysis.json,0.0,0.0,3.0,3.0,2.0,5.0,3.0,3.0,4.0,2.0,3.0,4.0,3.0,4.0,3.0,5.0,2.0,3.0,2.0,3.0,2.0,2.0,2.0,2.0,2.0,3.2,3.0,3.8,2.5,2.0,2,2,2.9,0,44.04699787,7.91521507
MOIC84900D,2 I.C. Ravarino,Ravarino,Modena,Emilia Romagna,Nord Est,"I Grado, Infanzia, Primaria",Istituto Comprensivo,Non Metropolitano,"Comprensivo, I Grado, Infanzia, Primaria",Via Roma 129,41017,moic84900d@istruzione.it,moic84900d@pec.istruzione.it,https//ic2ravarino.edu.it/,Statale,ok,analysis_results/MOIC84900D_PTOF_analysis.json,1.0,4.0,5.0,5.0,5.0,6.0,6.0,6.0,6.0,4.0,5.0,6.0,5.0,6.0,5.0,6.0,5.0,6.0,5.0,5.0,6.0,6.0,4.0,5.0,6.0,5.4,5.25,5.6,5.25,5.4,26,5,5.38,1,44.72446933,11.09999795
SAAA099028,A.Cafarelli,Agropoli,Salerno,Campania,Sud,Infanzia,ND,Non Metropolitano,Infanzia,Via Iscalonga,84043,saee09900b@istruzione.it,ND,www.primocircoloagropoli.gov.it,Statale,ok,analysis_results/SAAA099028_PTOF_analysis.json,1.0,3.0,2.0,2.0,3.0,2.0,2.0,2.0,2.0,2.0,2.0,2.0,2.0,2.0,2.0,2.0,2.0,1.0,2.0,2.0,2.0,2.0,2.0,2.0,2.0,2.2,2.0,2.0,1.75,2.0,0,0,1.99,0,40.34962772,14.99158917
COTD01000G,Caio Plinio Secondo,Como,Como,Lombardia,Nord Ovest,Tecnico,Istituto Tecnico Commerciale,Non Metropolitano,II Grado,Via Italia Libera 1,22100,cotd01000g@istruzione.it,cotd01000g@pec.istruzione.it,www.caioplinio.edu.it,Statale,ok,analysis_results/COTD01000G_PTOF_analysis.json,0.0,1.0,4.0,4.0,5.0,4.0,4.0,5.0,3.0,5.0,5.0,5.0,5.0,4.0,4.0,5.0,5.0,4.0,4.0,3.0,5.0,5.0,3.0,5.0,5.0,4.2,4.5,4.6,4.0,4.6,13,8,4.38,0,45.8099912,9.08515955
BOTD00701X,Archimede - Itcg E Iti,San Giovanni In Persiceto,Bologna,Emilia Romagna,Nord Est,"I Grado, Professionale, Tecnico",ND,Metropolitano,"I Grado, II Grado",Via Cento 38/A,40017,bois00700n@istruzione.it,tais024005@pec.istruzione.it,www.archimede.edu.it,Statale,ok,analysis_results/BOTD00701X_PTOF_analysis.json,1.0,5.0,5.0,5.0,5.0,5.0,5.0,5.0,5.0,4.0,5.0,5.0,5.0,5.0,5.0,5.0,5.0,4.0,3.0,4.0,3.0,4.0,4.0,4.0,4.0,5.0,4.75,5.0,4.0,3.8,30,25,4.51,0,44.63877152,11.18779855
BO1MUE500U,"Scuola Secondaria Di 1 Grado ""Alessandro Manzoni""",Bologna,Bologna,Emilia Romagna,Nord Est,I Grado,ND,Metropolitano,I Grado,Via Scipione Dal Ferro10/2,40138,mediemanzoni@fondazionemalavasi.it,amministrazione@pec.fondazionemalavasi.it,www.scuolemanzoni.it,Paritaria,ok,analysis_results/BO1MUE500U_PTOF_analysis.json,0.0,0.0,5.0,5.0,4.0,4.0,5.0,5.0,5.0,2.0,5.0,5.0,4.0,5.0,0.0,5.0,4.0,5.0,5.0,5.0,5.0,5.0,0.0,0.0,5.0,4.6,4.25,4.75,4.75,5.0,13,0,4.67,0,44.4943668,11.3417208
MCMM812016,Alessandro Manzoni,Corridonia,Macerata,Marche,Centro,I Grado,ND,Non Metropolitano,I Grado,P.Zza Filippo Corridoni 2,62014,mcic812005@istruzione.it,ND,https//icmanzonilanzi.edu.it/,Statale,ok,analysis_results/MCMM812016_PTOF_analysis.json,0.0,3.0,4.0,5.0,5.0,4.0,4.0,5.0,5.0,5.0,4.0,5.0,4.0,5.0,4.0,5.0,5.0,4.0,5.0,5.0,5.0,5.0,0.0,5.0,5.0,4.4,4.75,4.6,4.75,5.0,21,0,4.7,0,43.24818514,13.50886818
MIPC110009,Liceo - E. Setti Carraro Dalla Chiesa,Milano,Milano,Lombardia,Nord Ovest,Liceo,ND,Metropolitano,II Grado,Via Passione 12,20122,mipc110009@istruzione.it,mive01000p@pec.istruzione.it,https//setticarraro.edu.it/,Statale,ok,analysis_results/MIPC110009_PTOF_analysis.json,1.0,5.0,5.0,5.0,5.0,5.0,5.0,5.0,4.0,3.0,5.0,5.0,5.0,5.0,5.0,5.0,5.0,5.0,5.0,4.0,5.0,4.0,3.0,3.0,5.0,5.0,4.25,5.0,4.75,4.0,20,112,4.6,0,45.46679408,9.1903474
TS1A02600L,Scuola Infanzia Paritaria Istituto Sacro Cuore Di Gesu',Trieste,Trieste,Friuli-Venezia G.,Nord Est,Infanzia,ND,Non Metropolitano,Infanzia,Via Tommaso Grossi N. 8,34100,casab.montessori@gmail.com,ND,www.sacrocuoretrieste.it,Paritaria,ok,analysis_results/TS1A02600L_PTOF_analysis.json,0.0,1.0,3.0,3.0,2.0,1.0,1.0,1.0,1.0,1.0,1.0,2.0,2.0,3.0,1.0,3.0,4.0,3.0,3.0,3.0,1.0,3.0,2.0,1.0,1.0,2.0,1.0,2.2,3.25,1.6,3,14,2.01,0,45.6494354,13.7681366
PZAA885036,Scuola Infanzia Terranova Di P.,Terranova Di Pollino,Potenza,Basilicata,Sud,Infanzia,ND,Non Metropolitano,Infanzia,Via Convento97,85030,pzic885007@istruzione.it,ND,http//www.icnicolasolesenise.gov.it,Statale,ok,analysis_results/PZAA885036_PTOF_analysis.json,0.0,0.0,3.0,3.0,2.0,1.0,2.0,1.0,4.0,1.0,4.0,5.0,2.0,6.0,3.0,5.0,3.0,5.0,2.0,4.0,6.0,6.0,5.0,3.0,6.0,2.2,2.5,4.2,3.5,5.2,6,2,3.52,0,39.97681195,16.298274
MOPM021019,Selmi- Sezione Liceale,Modena,Modena,Emilia Romagna,Nord Est,"Liceo, Tecnico",ND,Non Metropolitano,II Grado,Viale Leonardo Da Vinci 300,41100,mois02100t@istruzione.it,mois02100t@pec.istruzione.it,www.istitutoselmi.edu.it/pvw/app/moit0002/pvw_sito.php,Statale,ok,analysis_results/MOPM021019_PTOF_analysis.json,1.0,6.0,5.0,5.0,5.0,5.0,5.0,4.0,4.0,4.0,4.0,4.0,4.0,4.0,4.0,4.0,4.0,4.0,4.0,4.0,4.0,4.0,3.0,4.0,3.0,5.0,4.0,4.0,4.0,3.6,20,29,4.12,0,44.64600008,10.92615487
BOEE87902E,Fortuzzi,Bologna,Bologna,Emilia Romagna,Nord Est,Primaria,Scuola Primaria,Metropolitano,Primaria,Viale Polischi 1,40136,boic87900b@istruzione.it,ND,www.istitutocomprensivo20bologna.gov.it/,Statale,ok,analysis_results/BOEE87902E_PTOF_analysis.json,0.0,1.0,2.0,2.0,2.0,3.0,2.0,2.0,2.0,2.0,3.0,2.0,2.0,2.0,1.0,3.0,2.0,3.0,2.0,3.0,3.0,3.0,2.0,2.0,2.0,2.2,2.25,2.0,2.5,2.4,3,1,2.27,0,44.4943668,11.3417208
RIMM82401V,"""Sandro Pertini""",Magliano Sabina,Rieti,Lazio,Centro,I Grado,ND,Non Metropolitano,I Grado,Viale Xiii Giugno42,02046,riic82400t@istruzione.it,rmps53000n@pec.istruzione.it,www.pertinimagliano.edu.it,Statale,ok,analysis_results/RIMM82401V_PTOF_analysis.json,1.0,7.0,5.0,5.0,5.0,5.0,5.0,5.0,5.0,3.0,4.0,5.0,5.0,5.0,5.0,5.0,5.0,3.0,5.0,5.0,5.0,5.0,2.0,4.0,2.0,5.0,4.25,5.0,4.5,3.6,21,42,4.47,0,42.36133088,12.48099427
BRPM040508,Liceo Don Quirico Punzi Serale,Cisternino,Brindisi,Puglia,Sud,"Liceo, Professionale, Tecnico",Istituto Magistrale,Non Metropolitano,II Grado,"Via Assennato, 1 Brindisi",ND,bris00200n@istruzione.it,ND,www.marzollaleosimonedurano.it,Statale,ok,analysis_results/BRPM040508_PTOF_analysis.json,1.0,5.0,4.0,4.0,3.0,5.0,4.0,5.0,6.0,2.0,4.0,3.0,4.0,4.0,4.0,5.0,6.0,6.0,2.0,5.0,5.0,6.0,0.0,3.0,4.0,4.0,4.25,4.0,4.75,4.5,18,6,4.3,0,40.73932206,17.42571204
BATD665005,San Giovanni Battista De La Salle,Santeramo In Colle,Bari,Puglia,Sud,"Liceo, Professionale, Tecnico",ND,Metropolitano,II Grado,Via Enrico Fermi 24,70029,segreteria@istitutodelasalle.it,segreteria@pec.istitutodelasalle.it,www.istitutodelasalle.it,Paritaria,ok,analysis_results/BATD665005_PTOF_analysis.json,0.0,3.0,5.0,5.0,4.0,4.0,5.0,5.0,4.0,3.0,4.0,4.0,4.0,5.0,4.0,4.0,4.0,5.0,3.0,3.0,4.0,3.0,0.0,0.0,3.0,4.6,4.0,4.2,3.75,3.33,11,94,3.98,0,40.79461702,16.7525404
BO1M00800V,Istituto Maria Ausiliatrice,Bologna,Bologna,Emilia Romagna,Nord Est,I Grado,Scuola Sec. Primo Grado Non Statale,Metropolitano,I Grado,Via Jacopo Della Quercia 5,40128,mediemabo@fmails.it,segreteriabolognama@pec.fmails.it,www.istmabo.it,Paritaria,ok,analysis_results/BO1M00800V_PTOF_analysis.json,0.0,2.0,2.0,2.0,2.0,3.0,2.0,2.0,2.0,2.0,3.0,2.0,2.0,2.0,1.0,3.0,2.0,4.0,2.0,3.0,3.0,3.0,2.0,2.0,2.0,2.2,2.25,2.0,2.75,2.4,3,1,2.32,0,44.4943668,11.3417208
SAIC8B500Q,"I.C. ""Medaglie D'Oro"" Salerno",Salerno,Salerno,Campania,Sud,"I Grado, Infanzia, Primaria, Professionale, Tecnico",ND,Non Metropolitano,"Comprensivo, I Grado, II Grado, Infanzia, Primaria",Via P. Vocca 12,84126,saic8b500q@istruzione.it,saic8b500q@pec.istruzione.it,https//www.icmedagliedoro.edu.it/,Statale,ok,analysis_results/SAIC8B500Q_PTOF_analysis.json,1.0,3.0,6.0,6.0,6.0,5.0,6.0,6.0,5.0,3.0,5.0,5.0,5.0,5.0,5.0,5.0,6.0,6.0,6.0,5.0,4.0,4.0,3.0,4.0,3.0,5.8,4.75,5.0,5.75,3.6,17,15,4.98,0,40.67821959,14.75940296
TO1A20600E,Fondazione Scuola Materna Jorio,Lessolo,Torino,Piemonte,Nord Ovest,Infanzia,ND,Metropolitano,Infanzia,Via Vittorio Veneto29,10010,scuolamaternajoriolessolo@gmail.com,ND,www.comune.trieste.it,Paritaria,ok,analysis_results/TO1A20600E_PTOF_analysis.json,0.0,2.0,3.0,3.0,2.0,1.0,2.0,1.0,3.0,1.0,3.0,4.0,2.0,5.0,3.0,4.0,2.0,3.0,2.0,3.0,5.0,5.0,4.0,2.0,5.0,2.2,2.0,3.6,2.5,4.2,7,3,2.9,0,45.47615621,7.81421978
NATF34500R,L. Stefanini,Casalnuovo Di Napoli,Napoli,Campania,Sud,"Liceo, Professionale, Tecnico",Scuola Sec. Secondo Grado Non Statale,Metropolitano,II Grado,Via Padre Carmine Fico N. 28,80013,segreteria@istitutostefanini.it,centroscolasticostefaninisrl@pec.it,www.istitutostefanini.it,Paritaria,ok,analysis_results/NATF34500R_PTOF_analysis.json,1.0,5.0,5.0,5.0,3.0,5.0,4.0,5.0,5.0,3.0,5.0,4.0,5.0,5.0,3.0,4.0,5.0,6.0,4.0,4.0,4.0,5.0,3.0,4.0,4.0,4.4,4.5,4.2,4.75,4.0,13,5,4.37,0,40.91481074,14.3511862
TV1A24500D,Scuola Dell'Infanzia Di Caonada,Montebelluna,Treviso,Veneto,Nord Est,Infanzia,Scuola Infanzia Non Statale,Non Metropolitano,Infanzia,Via Caonada N. 14,31044,maternacaonada@virgilio.it,caonada133@pec.coopmaterne.it,www.istitutoparini.it,Paritaria,ok,analysis_results/TV1A24500D_PTOF_analysis.json,0.0,2.0,5.0,5.0,4.0,3.0,4.0,2.0,4.0,2.0,4.0,2.0,5.0,4.0,2.0,5.0,4.0,4.0,3.0,4.0,6.0,6.0,3.0,4.0,5.0,4.2,3.0,3.6,3.75,4.8,23,7,3.87,0,45.77612579,12.04511131
RGIC80600G,S.A.Guastella,Chiaramonte Gulfi,Ragusa,Sicilia,Isole,"I Grado, Infanzia, Primaria",Istituto Comprensivo,Non Metropolitano,"Comprensivo, I Grado, Infanzia, Primaria",Corso Europa 1,97012,rgic80600g@istruzione.it,rgic80600g@pec.istruzione.it,www.istitutoguastellachiaramonte.it,Statale,ok,analysis_results/RGIC80600G_PTOF_analysis.json,0.0,5.0,3.0,3.0,2.0,4.0,2.0,5.0,4.0,1.0,2.0,4.0,4.0,4.0,1.0,5.0,3.0,5.0,3.0,4.0,3.0,5.0,3.0,2.0,3.0,2.8,3.0,3.6,3.75,3.2,14,14,3.27,0,37.03157582,14.70126744
TO1E009006,Istituto Sant'Anna Opera Barolo,Moncalieri,Torino,Piemonte,Nord Ovest,Primaria,ND,Metropolitano,Primaria,Via Galilei 15,10024,segreteriamoncalieri@palazzobarolo.it,scuola.moncalieri.operabarolo@pec.net,www.scuolabarolomoncalieri.it,Paritaria,ok,analysis_results/TO1E009006_PTOF_analysis.json,0.0,0.0,3.0,3.0,3.0,1.0,2.0,0.0,4.0,1.0,1.0,4.0,2.0,4.0,3.0,1.0,4.0,4.0,3.0,3.0,2.0,4.0,3.0,1.0,3.0,2.4,2.0,2.8,3.5,2.6,18,15,2.66,0,45.00092557,7.68524785
RMEE8F701C,A.Mariani,Velletri,Roma,Lazio,Centro,Primaria,ND,Metropolitano,Primaria,Via Paolina 126,00049,rmic8f700a@istruzione.it,ND,www.ginofelci.edu.it,Statale,ok,analysis_results/RMEE8F701C_PTOF_analysis.json,1.0,1.0,5.0,5.0,5.0,1.0,1.0,3.0,3.0,0.0,0.0,3.0,4.0,4.0,3.0,3.0,3.0,2.0,3.0,3.0,2.0,3.0,3.0,1.0,3.0,3.4,3.0,3.4,2.75,2.4,3,6,2.99,0,41.68638171,12.77719681
NAIS134005,"Iss ""Manlio Rossi Doria""",Marigliano,Napoli,Campania,Sud,"Liceo, Tecnico",ND,Metropolitano,II Grado,Via Manlio Rossi Doria 2,80034,nais134005@istruzione.it,nais134005@pec.istruzione.it,https//www.issmanliorossidoria.edu.it/,Statale,ok,analysis_results/NAIS134005_PTOF_analysis.json,1.0,5.0,4.0,4.0,4.0,4.0,4.0,4.0,4.0,4.0,4.0,1.0,1.0,1.0,1.0,4.0,1.0,3.0,1.0,1.0,4.0,1.0,1.0,1.0,1.0,4.0,4.0,1.6,1.5,1.6,10,32,2.54,0,40.92523504,14.45701884
NAIS092008,"I.I.S. ""Don Geremia Piscopo"" - Arzano",Arzano,Napoli,Campania,Sud,"Professionale, Tecnico",ND,Metropolitano,II Grado,Via Napoli 57 Bis,80022,nais092008@istruzione.it,nais092008@pec.istruzione.it,www.iispiscopo.edu.it/,Statale,ok,analysis_results/NAIS092008_PTOF_analysis.json,1.0,7.0,5.0,5.0,5.0,5.0,5.0,5.0,5.0,5.0,5.0,5.0,5.0,5.0,5.0,5.0,5.0,3.0,5.0,5.0,5.0,5.0,3.0,3.0,3.0,5.0,5.0,5.0,4.5,3.8,9,24,4.66,0,40.91062506,14.26920831
MOAA829026,S. Carlo Borromeo,Sassuolo,Modena,Emilia Romagna,Nord Est,Infanzia,ND,Non Metropolitano,Infanzia,Via San Marco 48,41049,moic829008@istruzione.it,moic84700t@pec.istruzione.it,www.ic2sassuolonord.edu.it,Statale,ok,analysis_results/MOAA829026_PTOF_analysis.json,1.0,5.0,3.0,4.0,5.0,4.0,4.0,4.0,4.0,3.0,3.0,4.0,4.0,5.0,3.0,4.0,4.0,3.0,3.0,4.0,3.0,3.0,3.0,3.0,3.0,4.0,3.5,4.0,3.5,3.0,3,31,3.6,0,44.54032551,10.78270189
BOAA80601E,Carlo Collodi,Pieve Di Cento,Bologna,Emilia Romagna,Nord Est,Infanzia,ND,Metropolitano,Infanzia,Via Circonvallazione Levante 9,40066,boic80600n@istruzione.it,ND,http//www.iccavicchi.edu.it/,Statale,ok,analysis_results/BOAA80601E_PTOF_analysis.json,1.0,3.0,4.0,4.0,4.0,4.0,4.0,3.0,4.0,3.0,3.0,7.0,4.0,3.0,3.0,4.0,4.0,4.0,3.0,4.0,3.0,4.0,3.0,3.0,3.0,4.0,3.25,4.2,3.75,3.2,6,23,3.68,0,44.71363268,11.30700366
FI1E03200L,"""Giuntini""",Pontassieve,Firenze,Toscana,Centro,Primaria,Scuola Primaria Non Statale,Metropolitano,Primaria,Via Del Capitano N.2,50065,info@coopgiuntini.it,ND,www.scuolagiuntini.it,Paritaria,ok,analysis_results/FI1E03200L_PTOF_analysis.json,0.0,2.0,3.0,3.0,2.0,4.0,2.0,1.0,4.0,1.0,3.0,3.0,2.0,4.0,2.0,4.0,3.0,5.0,2.0,4.0,2.0,3.0,2.0,1.0,2.0,2.8,2.25,3.0,3.5,2.0,6,0,2.71,0,43.77581305,11.43986631
RMMM8A8016,Orazio - Pomezia,Pomezia,Roma,Lazio,Centro,I Grado,ND,Metropolitano,I Grado,Via Fratelli Bandiera 29,00071,rmic8a8005@istruzione.it,ND,www.ic-orazio-pomezia.gov.it,Statale,ok,analysis_results/RMMM8A8016_PTOF_analysis.json,1.0,2.0,5.0,5.0,5.0,5.0,5.0,0.0,5.0,0.0,5.0,4.0,5.0,5.0,4.0,5.0,5.0,5.0,5.0,5.0,5.0,5.0,5.0,0.0,4.0,5.0,5.0,4.6,5.0,4.75,12,0,4.87,0,41.67003149,12.50163468
RMIC8E4008,Ic Via Marelli,Roma,Roma,Lazio,Centro,"I Grado, Infanzia, Primaria, Professionale",Istituto Comprensivo,Metropolitano,"Comprensivo, I Grado, II Grado, Infanzia, Primaria",Via Ercole Marelli 21,00133,rmic8e4008@istruzione.it,rmic8e4008@pec.istruzione.it,www.icviamarelli.edu.it,Statale,ok,analysis_results/RMIC8E4008_PTOF_analysis.json,0.0,2.0,3.0,3.0,4.0,5.0,3.0,5.0,5.0,1.0,2.0,4.0,4.0,5.0,3.0,5.0,4.0,3.0,4.0,4.0,4.0,5.0,3.0,3.0,5.0,3.6,3.25,4.2,3.75,4.0,17,13,3.76,0,41.89277044,12.48366723
VIAA81003L,Ic Breganze-Maragnole,Breganze,Vicenza,Veneto,Nord Est,Infanzia,Scuola Infanzia,Non Metropolitano,Infanzia,P.Zza Mons. Faresin 14,36042,viic81000n@istruzione.it,ND,http//www.icbreganze.edu.it,Statale,ok,analysis_results/VIAA81003L_PTOF_analysis.json,0.0,2.0,3.0,4.0,2.0,4.0,2.0,1.0,3.0,1.0,3.0,4.0,5.0,5.0,3.0,5.0,6.0,5.0,6.0,4.0,2.0,4.0,4.0,1.0,3.0,3.0,2.0,4.4,5.25,2.8,5,2,3.49,0,45.70825991,11.56530663
FR1M00200A,S.Bernardo,Veroli,Frosinone,Lazio,Centro,I Grado,ND,Non Metropolitano,I Grado,Abbazia Di Casamari,03029,istitutosanbernardo@gmail.com,istitutosanbernardo@pec.it,www.istitutosanbernardo.it,Paritaria,ok,analysis_results/FR1M00200A_PTOF_analysis.json,0.0,0.0,5.0,5.0,5.0,5.0,5.0,0.0,5.0,0.0,5.0,5.0,5.0,5.0,5.0,5.0,5.0,5.0,5.0,0.0,3.0,5.0,5.0,1.0,5.0,5.0,5.0,5.0,5.0,3.8,35,0,4.76,0,41.69100425,13.41787776
CTTB01000A,Itaer A. Ferrarin,Catania,Catania,Sicilia,Isole,Tecnico,ND,Metropolitano,II Grado,Via Galermo 172,95123,cttb01000a@istruzione.it,cttb01000a@pec.istruzione.it,www.itaerferrarin.edu.it,Statale,ok,analysis_results/CTTB01000A_PTOF_analysis.json,0.0,1.0,1.0,1.0,1.0,3.0,1.0,1.0,1.0,1.0,1.0,3.0,1.0,3.0,1.0,3.0,4.0,3.0,3.0,3.0,4.0,4.0,1.0,1.0,1.0,1.4,1.0,2.2,3.25,2.2,2,2,2.01,0,37.50287801,15.08704738
CEEE84603L,Francolise Centro -Francolise-,Francolise,Caserta,Campania,Sud,Primaria,ND,Non Metropolitano,Primaria,Via Vittorio Emanuele,81040,ND,ND,icassolimene.it,Statale,ok,analysis_results/CEEE84603L_PTOF_analysis.json,0.0,0.0,2.0,2.0,2.0,3.0,2.0,2.0,2.0,2.0,3.0,2.0,2.0,2.0,2.0,3.0,2.0,3.0,2.0,2.0,3.0,3.0,2.0,2.0,2.0,2.2,2.25,2.2,2.25,2.4,3,1,2.26,0,41.18521699,14.05618895
PIPS02500D,Istituto Arcivescovile Santa Caterina,Pisa,Pisa,Toscana,Centro,"I Grado, Infanzia, Liceo, Primaria",Scuola Sec. Secondo Grado Non Statale,Non Metropolitano,II Grado,Piazza Santa Caterina N. 4,56127,info@scaterina-pisa.it,segamm@pec.scaterina-pisa.it,www.scaterina-pisa.it,Paritaria,ok,analysis_results/PIPS02500D_PTOF_analysis.json,0.0,2.0,3.0,4.0,2.0,2.0,3.0,1.0,3.0,1.0,3.0,2.0,4.0,5.0,1.0,4.0,4.0,5.0,2.0,4.0,2.0,4.0,5.0,1.0,4.0,2.8,2.0,3.2,3.75,3.2,7,5,2.99,0,43.71553206,10.40127259
MTIC82700A,"I.C. ""G.Pascoli"" -Matera",Matera,Matera,Basilicata,Sud,"I Grado, Infanzia, Primaria, Professionale",ND,Non Metropolitano,"Comprensivo, I Grado, II Grado, Infanzia, Primaria",Via Parini 1,75100,mtic82700a@istruzione.it,mtic82700a@pec.istruzione.it,www.icpascolimatera.it,Statale,ok,analysis_results/MTIC82700A_PTOF_analysis.json,1.0,3.0,4.0,4.0,4.0,4.0,4.0,4.0,4.0,3.0,4.0,4.0,4.0,4.0,4.0,5.0,4.0,4.0,4.0,5.0,4.0,5.0,3.0,3.0,4.0,4.0,3.75,4.2,4.25,3.8,23,39,4.0,0,40.66751166,16.59792694
KRMM82502B,"Sc. Sec. I Gr. ""A. Iaquinta""",Roccabernarda,Crotone,Calabria,Sud,I Grado,ND,Non Metropolitano,I Grado,Via Galluppi,88835,kric825009@istruzione.it,ND,www.ilborrelli.net,Statale,ok,analysis_results/KRMM82502B_PTOF_analysis.json,1.0,2.0,4.0,4.0,4.0,4.0,4.0,3.0,3.0,3.0,3.0,4.0,4.0,4.0,4.0,4.0,4.0,2.0,4.0,4.0,4.0,4.0,4.0,4.0,4.0,4.0,3.0,4.0,3.5,4.0,3,16,3.7,0,39.13395116,16.87173066
CA1A03800D,Scuola Materna Comunale,Cagliari,Cagliari,Sardegna,Isole,Infanzia,Scuola Infanzia Non Statale,Metropolitano,Infanzia,Via Canelles89,09124,paritario.bergamo@clerici.lombardia.it,protocollogenerale@comune.cagliari.legalmail.it,www.comune.cagliari.it,Paritaria,ok,analysis_results/CA1A03800D_PTOF_analysis.json,0.0,2.0,3.0,3.0,4.0,5.0,2.0,2.0,5.0,2.0,4.0,3.0,4.0,5.0,2.0,5.0,4.0,4.0,4.0,5.0,5.0,4.0,4.0,3.0,5.0,3.4,3.25,3.8,4.25,4.2,11,14,3.78,0,39.21531191,9.11061631
CSMM8AT019,"Sm Tortora ""Amedeo Fulco""",Tortora,Cosenza,Calabria,Sud,I Grado,Scuola Primo Grado,Non Metropolitano,I Grado,Viale Marconi Snc,87020,csic8at008@istruzione.it,ND,www.istitutocomprensivotortora.gov.it/,Statale,ok,analysis_results/CSMM8AT019_PTOF_analysis.json,0.0,2.0,2.0,2.0,2.0,3.0,2.0,2.0,2.0,2.0,3.0,2.0,2.0,2.0,2.0,3.0,2.0,4.0,2.0,3.0,3.0,3.0,2.0,2.0,2.0,2.2,2.25,2.2,2.75,2.4,3,1,2.36,0,39.92210156,15.76829121
BNIS00200T,"I.I.S."" Telesi@ """,Telese Terme,Benevento,Campania,Sud,"Infanzia, Primaria",ND,Non Metropolitano,II Grado,Via Caio Ponzio Telesino 26,82037,bnis00200t@istruzione.it,bnis00200t@pec.istruzione.it,www.iistelesia.edu.it,Statale,ok,analysis_results/BNIS00200T_PTOF_analysis.json,0.0,1.0,3.0,3.0,2.0,1.0,1.0,1.0,1.0,1.0,1.0,2.0,2.0,3.0,1.0,3.0,4.0,3.0,3.0,3.0,1.0,3.0,3.0,1.0,1.0,2.0,1.0,2.2,3.25,1.8,3,13,2.05,0,41.21950482,14.53112065
UDAA855026,"""C. Collodi""",Campoformido,Udine,Friuli-Venezia G.,Nord Est,Infanzia,ND,Non Metropolitano,Infanzia,Viale Delle Betulle 71,33030,udic855008@istruzione.it,tsic80300d@pec.istruzione.it,www.istitutocomprensivopozzuolodelfriuli.gov.it,Statale,ok,analysis_results/UDAA855026_PTOF_analysis.json,1.0,2.0,3.0,3.0,4.0,5.0,3.0,4.0,4.0,2.0,3.0,4.0,3.0,4.0,3.0,4.0,3.0,3.0,3.0,3.0,2.0,3.0,3.0,2.0,3.0,3.6,3.25,3.6,3.0,2.6,17,20,3.21,0,46.01983457,13.16004808
BOTA02901A,Tecnico Agr. E Chim G.Scarabelli-L.Ghini,Imola,Bologna,Emilia Romagna,Nord Est,Tecnico,ND,Metropolitano,II Grado,Via Ascari 15,40026,p.e.o.meis01100p@istruzione.it,ND,www.liceoarcangeli.gov.it,Statale,ok,analysis_results/BOTA02901A_PTOF_analysis.json,1.0,4.0,5.0,5.0,6.0,3.0,5.0,5.0,6.0,3.0,4.0,6.0,5.0,6.0,5.0,6.0,5.0,3.0,5.0,5.0,5.0,5.0,5.0,5.0,5.0,4.8,4.5,5.6,4.5,5.0,15,17,4.88,0,44.35307392,11.71415595
RMIC8FQ006,Ic Tullia Zevi,Roma,Roma,Lazio,Centro,"I Grado, Infanzia, Professionale",ND,Metropolitano,"I Grado, II Grado, Infanzia",Via Pirgotele 20,00124,rmic8fq006@istruzione.it,rmic8fq006@pec.istruzione.it,www.ictulliazevi.edu.it,Statale,ok,analysis_results/RMIC8FQ006_PTOF_analysis.json,0.0,2.0,2.0,2.0,2.0,3.0,2.0,2.0,2.0,2.0,3.0,2.0,2.0,2.0,2.0,3.0,3.0,3.0,2.0,3.0,3.0,3.0,2.0,2.0,2.0,2.2,2.25,2.2,2.75,2.4,3,1,2.36,0,41.89277044,12.48366723
TRMM816015,"Montecastrilli ""Ten.F.Petrucci""",Montecastrilli,Terni,Umbria,Centro,I Grado,ND,Non Metropolitano,I Grado,Via Ten. Franco Petrucci N. 16,05026,tric816004@istruzione.it,ND,www.comprensivomontecastrilli.edu.it,Statale,ok,analysis_results/TRMM816015_PTOF_analysis.json,0.0,3.0,5.0,5.0,4.0,5.0,5.0,4.0,4.0,3.0,4.0,5.0,4.0,5.0,5.0,5.0,5.0,5.0,4.0,5.0,5.0,5.0,3.0,3.0,5.0,4.8,3.75,4.8,4.75,4.2,20,122,4.46,0,42.64979219,12.4877868
NAIC8F9003,Poggiomarino 1 Ic - Capoluogo,Poggiomarino,Napoli,Campania,Sud,"I Grado, Infanzia, Primaria, Professionale",ND,Metropolitano,"Comprensivo, I Grado, II Grado, Infanzia, Primaria",Via Roma,80040,naic8f9003@istruzione.it,naic8f9003@pec.istruzione.it,https//www.ic1capoluogopoggiomarino.edu.it/,Statale,ok,analysis_results/NAIC8F9003_PTOF_analysis.json,1.0,3.0,4.0,4.0,2.0,3.0,4.0,3.0,3.0,1.0,3.0,4.0,4.0,4.0,3.0,4.0,3.0,3.0,3.0,3.0,3.0,3.0,2.0,2.0,2.0,3.4,2.5,3.8,3.0,2.4,15,39,3.02,0,40.79866598,14.54080543
NAAA8A501G,Na 57 - C. De Meis 90 ',Napoli,Napoli,Campania,Sud,Infanzia,ND,Metropolitano,Infanzia,Via Angelo Camillo De Meis 90,80147,naic8a500p@istruzione.it,ND,ic57bosco.gov.it,Statale,ok,analysis_results/NAAA8A501G_PTOF_analysis.json,0.0,2.0,2.0,2.0,2.0,3.0,2.0,2.0,2.0,2.0,3.0,2.0,2.0,2.0,2.0,3.0,3.0,3.0,2.0,3.0,2.0,2.0,2.0,2.0,2.0,2.2,2.25,2.2,2.75,2.0,3,1,2.28,0,40.83956554,14.25085002
MIEE8AQ017,Primaria Buscaglia,Cinisello Balsamo,Milano,Lombardia,Nord Ovest,Primaria,ND,Metropolitano,Primaria,Via Paisiello 4,20092,miic8aq005@istruzione.it,ND,www.icbuscaglia.gov.it,Statale,ok,analysis_results/MIEE8AQ017_PTOF_analysis.json,1.0,4.0,5.0,5.0,6.0,5.0,5.0,6.0,6.0,3.0,5.0,6.0,5.0,6.0,5.0,6.0,5.0,6.0,6.0,5.0,4.0,6.0,4.0,4.0,5.0,5.2,5.0,5.6,5.5,4.6,10,41,5.18,1,45.55836354,9.21357368
CEIC89400T,Rocco-Cinquegrana S.Arpino,Sant'Arpino,Caserta,Campania,Sud,"I Grado, Infanzia, Primaria, Professionale, Tecnico",ND,Non Metropolitano,"Comprensivo, I Grado, II Grado, Infanzia, Primaria",Via Don Mazzolari 28,81030,ceic89400t@istruzione.it,ceic89400t@pec.istruzione.it,https//www.roccocinquegrana.edu.it/,Statale,ok,analysis_results/CEIC89400T_PTOF_analysis.json,1.0,1.0,3.0,3.0,3.0,3.0,3.0,3.0,3.0,2.0,3.0,3.0,3.0,3.0,3.0,3.0,3.0,3.0,3.0,3.0,3.0,3.0,3.0,3.0,3.0,3.0,2.75,3.0,3.0,3.0,4,6,2.95,0,40.95788128,14.25231539
PCMM81101E,"""Egidio Carella""",Pianello Val Tidone,Piacenza,Emilia Romagna,Nord Est,I Grado,ND,Non Metropolitano,I Grado,Via G. Puccini29,29010,pcic81100d@istruzione.it,ND,www.icpianellovt.gov.it,Statale,ok,analysis_results/PCMM81101E_PTOF_analysis.json,1.0,3.0,5.0,5.0,5.0,5.0,5.0,5.0,4.0,3.0,4.0,6.0,6.0,6.0,3.0,6.0,5.0,3.0,1.0,5.0,3.0,4.0,3.0,3.0,3.0,5.0,4.0,5.4,3.5,3.2,6,24,4.22,0,44.94837468,9.40478819
FOTD010002,"I.T.C. ""Matteucci""",Forli',Forli'-Cesena,Emilia Romagna,Nord Est,Tecnico,ND,Non Metropolitano,II Grado,Via F.Turati 9,47121,fotd010002@istruzione.it,fotd010002@pec.istruzione.it,www.itematteucci.gov.it,Statale,ok,analysis_results/FOTD010002_PTOF_analysis.json,1.0,3.0,5.0,5.0,5.0,5.0,5.0,5.0,5.0,5.0,5.0,5.0,5.0,5.0,5.0,5.0,5.0,3.0,5.0,5.0,5.0,5.0,5.0,5.0,5.0,5.0,5.0,5.0,4.5,5.0,12,26,4.9,0,,
LEPS006014,Liceo Scientifico,Casarano,Lecce,Puglia,Sud,Liceo,ND,Non Metropolitano,II Grado,Via Pendino,73049,leis00600n@istruzione.it,ND,www.iisameucci.edu.it,Statale,ok,analysis_results/LEPS006014_PTOF_analysis.json,0.0,1.0,2.0,2.0,2.0,2.0,2.0,2.0,2.0,2.0,2.0,2.0,2.0,2.0,2.0,2.0,2.0,3.0,2.0,2.0,2.0,2.0,2.0,2.0,2.0,2.0,2.0,2.0,2.25,2.0,3,1,2.05,0,40.00917327,18.16107134
RITF00701R,Liceo Scientifico - Istituto Tecnico T.,Rieti,Rieti,Lazio,Centro,Tecnico,ND,Non Metropolitano,II Grado,Viale Fassini 1,02100,riis007008@istruzione.it,riis007008@pec.istruzione.it,www.rosatelli.edu.it,Statale,ok,analysis_results/RITF00701R_PTOF_analysis.json,1.0,3.0,5.0,5.0,2.0,4.0,5.0,5.0,5.0,1.0,5.0,5.0,5.0,5.0,5.0,5.0,5.0,3.0,5.0,5.0,5.0,5.0,5.0,5.0,5.0,4.2,4.0,5.0,4.5,5.0,21,16,4.54,0,42.40488444,12.86205941
AVIC849003,"I.C. ""Calvario - Covotta""",Ariano Irpino,Avellino,Campania,Sud,"I Grado, Infanzia, Primaria",ND,Non Metropolitano,"Comprensivo, I Grado, Infanzia, Primaria",Via G. Marconi 25,83031,avic849003@istruzione.it,avic849003@pec.istruzione.it,www.icdonmilaniarianocentro.edu.it,Statale,ok,analysis_results/AVIC849003_PTOF_analysis.json,1.0,1.0,5.0,5.0,5.0,4.0,4.0,3.0,4.0,0.0,5.0,3.0,4.0,5.0,2.0,4.0,4.0,3.0,4.0,3.0,3.0,4.0,3.0,2.0,3.0,4.6,4.0,3.6,3.5,3.0,5,8,3.74,0,41.15385883,15.09006787
PS1A01300X,"Scuola Dell'Infanzia ""Mary Poppins""",Pesaro,Pesaro E Urbino,Marche,Centro,Infanzia,ND,Non Metropolitano,Infanzia,Via Vicolungo,61100,maternenidi@comune.pesaro.ps.it,ND,ND,Paritaria,ok,analysis_results/PS1A01300X_PTOF_analysis.json,0.0,0.0,3.0,3.0,3.0,1.0,2.0,2.0,3.0,1.0,1.0,3.0,2.0,3.0,1.0,2.0,3.0,1.0,2.0,3.0,1.0,3.0,2.0,2.0,1.0,2.4,1.75,2.2,2.25,1.8,10,7,2.08,0,43.91014021,12.91345991
PZRA01701R,"I.P. ""Fortunato"" Sant'Arcangelo",Sant'Arcangelo,Potenza,Basilicata,Sud,"Infanzia, Professionale",ND,Non Metropolitano,"II Grado, Infanzia",S.Brancato,85037,maurizio.de.blasio@comune.trieste.it,ND,http//www.isisantarcangelo.edu.it,Statale,ok,analysis_results/PZRA01701R_PTOF_analysis.json,0.0,0.0,3.0,3.0,2.0,1.0,2.0,1.0,4.0,1.0,4.0,5.0,2.0,6.0,3.0,4.0,2.0,4.0,2.0,3.0,5.0,5.0,4.0,2.0,5.0,2.2,2.5,4.0,2.75,4.2,7,2,3.13,0,40.24728624,16.27604824
CSPMMV500S,"Liceo Delle Scienze Umane ""Santa Caterina Da Siena""",Paola,Cosenza,Calabria,Sud,"I Grado, Infanzia, Liceo, Primaria, Professionale",ND,Non Metropolitano,II Grado,Viale Dei Giardini N 1,87027,segreteriasuorepaola@virgilio.it,segreteria@suoredomenicanepaola.it,www.suoredomenicanepaola.it,Paritaria,ok,analysis_results/CSPMMV500S_PTOF_analysis.json,0.0,0.0,5.0,5.0,5.0,5.0,5.0,5.0,5.0,4.0,5.0,5.0,5.0,5.0,5.0,5.0,4.0,5.0,5.0,5.0,5.0,5.0,5.0,0.0,5.0,5.0,4.75,5.0,4.75,5.0,14,90,4.9,0,39.35993586,16.04152008
RMEE8GR04T,Sc. Primaria Selva Candida,Roma,Roma,Lazio,Centro,Primaria,ND,Metropolitano,Primaria,Via Ss. Audiface E Abacus Snc,00135,rmic8gr00l@istruzione.it,ND,www.icpabloneruda.edu.it,Statale,ok,analysis_results/RMEE8GR04T_PTOF_analysis.json,0.0,2.0,3.0,3.0,2.0,2.0,2.0,3.0,4.0,1.0,3.0,3.0,3.0,4.0,1.0,4.0,2.0,3.0,2.0,3.0,2.0,3.0,2.0,1.0,3.0,2.4,2.75,3.0,2.5,2.2,4,2,2.57,0,41.89277044,12.48366723
IM1A029007,"Asilo Infantile ""Principe Lubomirsky""",Ospedaletti,Imperia,Liguria,Nord Ovest,Infanzia,ND,Non Metropolitano,Infanzia,Via A. Ascenzo 13,18014,matelubo@libero.it,ND,ND,Paritaria,ok,analysis_results/IM1A029007_PTOF_analysis.json,0.0,1.0,3.0,3.0,1.0,1.0,1.0,1.0,1.0,1.0,1.0,2.0,2.0,3.0,1.0,3.0,4.0,3.0,3.0,3.0,1.0,3.0,3.0,1.0,0.0,1.8,1.0,2.2,3.25,2.0,4,14,2.05,0,43.80074234,7.71770138
BGEE82802Q,Berzo S.Fermo,Berzo San Fermo,Bergamo,Lombardia,Nord Ovest,Primaria,Scuola Primaria,Non Metropolitano,Primaria,Via Vittorio Veneto 23,24060,bgic82800l@istruzione.it,ND,www.icborgoditerzo.edu.it,Statale,ok,analysis_results/BGEE82802Q_PTOF_analysis.json,1.0,5.0,5.0,5.0,4.0,4.0,4.0,5.0,5.0,2.0,3.0,5.0,5.0,5.0,4.0,5.0,5.0,3.0,5.0,5.0,5.0,6.0,4.0,3.0,5.0,4.4,3.75,4.8,4.5,4.6,11,8,4.41,0,45.71817,9.90029675
MOPS01500X,Dante Alighieri,Modena,Modena,Emilia Romagna,Nord Est,"Liceo, Professionale, Tecnico",ND,Non Metropolitano,II Grado,Via Spallanzani 35/37,41124,info@istitutoalighieri.it,dante@pec.benedict.it,www.istitutoalighieri.it,Paritaria,ok,analysis_results/MOPS01500X_PTOF_analysis.json,1.0,7.0,6.0,6.0,5.0,6.0,6.0,3.0,5.0,3.0,4.0,4.0,5.0,4.0,3.0,4.0,6.0,5.0,4.0,5.0,5.0,6.0,3.0,5.0,5.0,5.8,3.75,4.0,5.0,4.8,10,21,4.67,0,44.64600008,10.92615487
PZTF02801Q,"I.T.T. ""Righetti"" Melfi",Melfi,Potenza,Basilicata,Sud,Tecnico,ND,Non Metropolitano,II Grado,Via Galileo Galilei 11,85025,pzis028007@istruzione.it,pzis028007@pec.istruzione.it,www.iisgasparrini-righetti.edu.it,Statale,ok,analysis_results/PZTF02801Q_PTOF_analysis.json,0.0,7.0,5.0,5.0,5.0,5.0,5.0,5.0,5.0,5.0,5.0,5.0,5.0,5.0,5.0,5.0,5.0,3.0,5.0,5.0,5.0,5.0,5.0,5.0,5.0,5.0,5.0,5.0,4.5,5.0,18,37,4.9,0,40.99443652,15.65291477
AVTF07050D,Itt Guido Dorso - Istruzione Per Adulti,Avellino,Avellino,Campania,Sud,Tecnico,ND,Non Metropolitano,II Grado,Via Morelli E Silvati 19,83100,avtf070004@istruzione.it,ND,www.itisguidodorso.gov.it,Statale,ok,analysis_results/AVTF07050D_PTOF_analysis.json,1.0,3.0,5.0,5.0,5.0,5.0,5.0,5.0,4.0,3.0,3.0,5.0,5.0,5.0,5.0,5.0,5.0,5.0,5.0,5.0,3.0,3.0,3.0,3.0,3.0,5.0,3.75,5.0,5.0,3.0,6,20,4.35,0,40.91404698,14.79528841
BOTD016503,"I.T.C. ""Tanari"" Bologna Corso Serale",Bologna,Bologna,Emilia Romagna,Nord Est,Tecnico,ND,Metropolitano,II Grado,Viale Felsina 40,40139,bois01600c@istruzione.it,ND,www.manfreditanari.it,Statale,ok,analysis_results/BOTD016503_PTOF_analysis.json,1.0,1.0,4.0,4.0,4.0,3.0,3.0,4.0,4.0,2.0,3.0,3.0,3.0,3.0,2.0,3.0,3.0,2.0,3.0,3.0,2.0,3.0,2.0,2.0,2.0,3.6,3.25,2.8,2.75,2.2,11,13,2.92,0,44.4943668,11.3417208
NAAA8FF02D,S.Giorgio A Cr. 3 - Pittore,San Giorgio A Cremano,Napoli,Campania,Sud,Infanzia,Scuola Infanzia,Metropolitano,Infanzia,Via Cupa San Michele 32,80046,naic8ff00g@istruzione.it,ND,www.icdonmilanidorso.edu.it,Statale,ok,analysis_results/NAAA8FF02D_PTOF_analysis.json,0.0,0.0,3.0,3.0,2.0,5.0,1.0,1.0,5.0,1.0,2.0,3.0,2.0,5.0,1.0,3.0,5.0,3.0,3.0,2.0,1.0,5.0,3.0,4.0,1.0,2.8,2.25,2.8,3.25,2.8,11,6,2.78,0,40.82921168,14.33392579
RCIC81400P,San Luca Bovalino,San Luca,Reggio Calabria,Calabria,Sud,"Infanzia, Primaria",ND,Metropolitano,"Infanzia, Primaria",Corso Matteotti Snc,89030,rcic81400p@istruzione.it,rcic81400p@pec.istruzione.it,https//icsanluca-bovalino.edu.it/,Statale,ok,analysis_results/RCIC81400P_PTOF_analysis.json,0.0,1.0,3.0,3.0,2.0,2.0,1.0,1.0,1.0,1.0,1.0,2.0,2.0,3.0,2.0,3.0,4.0,3.0,3.0,3.0,1.0,3.0,3.0,1.0,1.0,2.2,1.0,2.4,3.25,1.8,4,13,2.13,0,38.1451323,16.06726483
MO1E00900B,"""Figlie Della Provvidenza""",Carpi,Modena,Emilia Romagna,Nord Est,Primaria,ND,Non Metropolitano,Primaria,Via Bollitora Interna 203,41012,istituto@scuolaprovvidenza.it,scuolaprovvidenza@pec.it,ND,Paritaria,ok,analysis_results/MO1E00900B_PTOF_analysis.json,0.0,2.0,3.0,4.0,2.0,5.0,3.0,1.0,3.0,1.0,4.0,3.0,4.0,5.0,3.0,5.0,5.0,6.0,5.0,4.0,3.0,5.0,4.0,2.0,4.0,3.4,2.25,4.0,5.0,3.6,6,9,3.65,0,44.78247939,10.88526276
CN1E001003,"Scuola Primaria Paritaria ""Mons. Andrea Fiore""",Cuneo,Cuneo,Piemonte,Nord Ovest,Primaria,Scuola Primaria Non Statale,Non Metropolitano,Primaria,Corso Dante 52,12100,info@istitutofiore.it,ND,www.istitutofiore.it,Paritaria,ok,analysis_results/CN1E001003_PTOF_analysis.json,1.0,5.0,3.0,3.0,4.0,4.0,3.0,3.0,4.0,2.0,4.0,3.0,4.0,5.0,3.0,4.0,4.0,5.0,3.0,4.0,3.0,5.0,3.0,2.0,5.0,3.4,3.25,3.8,4.0,3.6,14,5,3.61,0,44.39329624,7.55117163
MEPM010009,""" Ainis "" Messina",Messina,Messina,Sicilia,Isole,Liceo,Istituto Magistrale,Metropolitano,II Grado,Via Antonello Freri,98124,mepm010009@istruzione.it,mepm010009@pec.istruzione.it,www.ainis.edu.it,Statale,ok,analysis_results/MEPM010009_PTOF_analysis.json,0.0,3.0,4.0,4.0,4.0,5.0,4.0,6.0,5.0,2.0,5.0,5.0,5.0,5.0,3.0,5.0,5.0,6.0,4.0,5.0,5.0,6.0,3.0,4.0,5.0,4.2,4.5,4.6,5.0,4.6,14,8,4.58,0,38.19395841,15.55572383
PA1MQ8500S,Marcellino Corradini,Palermo,Palermo,Sicilia,Isole,I Grado,ND,Metropolitano,I Grado,Via G.E.Di Blasi 165,90135,casageneralizia@libero.it,ND,www.scuolamarcellinocorradini.it,Paritaria,ok,analysis_results/PA1MQ8500S_PTOF_analysis.json,1.0,5.0,5.0,5.0,5.0,5.0,5.0,0.0,3.0,0.0,5.0,4.0,5.0,5.0,4.0,5.0,5.0,5.0,5.0,5.0,5.0,5.0,1.0,5.0,1.0,5.0,4.0,4.6,5.0,3.4,11,107,4.4,0,38.11569725,13.36235675
PNAA834047,"Sacile-Via Ettoreo""M.Meneghini""",Sacile,Pordenone,Friuli-Venezia G.,Nord Est,Infanzia,ND,Non Metropolitano,Infanzia,Via Ettoreo 2,33077,pnic834007@istruzione.it,ND,www.icsacile.edu.it,Statale,ok,analysis_results/PNAA834047_PTOF_analysis.json,0.0,2.0,3.0,2.0,3.0,1.0,2.0,2.0,3.0,1.0,3.0,2.0,2.0,3.0,1.0,3.0,2.0,3.0,3.0,3.0,3.0,3.0,2.0,1.0,4.0,2.2,2.25,2.2,2.75,2.6,5,1,2.4,0,45.95427679,12.50303667
FIIC83600G,Barsanti,Firenze,Firenze,Toscana,Centro,"I Grado, Infanzia, Primaria",Istituto Comprensivo,Metropolitano,"Comprensivo, I Grado, Infanzia, Primaria",Via Lunga 94,50142,fiic83600g@istruzione.it,fiic83600g@pec.istruzione.it,www.icbarsanti.fi.it,Statale,ok,analysis_results/FIIC83600G_PTOF_analysis.json,0.0,0.0,3.0,3.0,2.0,4.0,2.0,5.0,5.0,3.0,3.0,5.0,3.0,5.0,3.0,5.0,3.0,3.0,3.0,2.0,4.0,5.0,3.0,3.0,4.0,2.8,4.0,4.2,2.75,3.8,17,9,3.51,0,43.76923077,11.25588885
VTAA82203T,Sc. Infanz. Bassano In Teverina,Bassano In Teverina,Viterbo,Lazio,Centro,Infanzia,ND,Non Metropolitano,Infanzia,Viale C. Battisti,01030,vtic82200v@istruzione.it,vtic82200v@pec.istruzione.it,www.icsorianonelcimino.edu.it,Statale,ok,analysis_results/VTAA82203T_PTOF_analysis.json,0.0,2.0,3.0,3.0,4.0,2.0,2.0,2.0,3.0,1.0,3.0,2.0,3.0,3.0,2.0,3.0,3.0,3.0,3.0,4.0,3.0,4.0,2.0,2.0,3.0,2.8,2.25,2.6,3.25,2.8,4,2,2.74,0,42.46308252,12.30840046
NAPS110002,"Liceo Scientifico ""F. Severi"" C. Mare",Castellammare Di Stabia,Napoli,Campania,Sud,Liceo,ND,Metropolitano,II Grado,Viale Libero D'Orsi N. 5,80053,naps110002@istruzione.it,naps110002@pec.istruzione.it,www.liceo-severi.edu.it,Statale,ok,analysis_results/NAPS110002_PTOF_analysis.json,1.0,4.0,5.0,5.0,5.0,5.0,5.0,2.0,5.0,5.0,5.0,5.0,5.0,5.0,4.0,5.0,5.0,3.0,4.0,5.0,5.0,5.0,3.0,4.0,5.0,5.0,4.25,4.8,4.25,4.4,22,0,4.54,0,40.69452529,14.48032413
RM1E15900L,Scuola Primaria Antonio Rosmini,Roma,Roma,Lazio,Centro,Primaria,ND,Metropolitano,Primaria,Via Aurelia 773,00165,segreteria@scuolarosminiroma.it,ND,www.scuolarosminiroma.it,Paritaria,ok,analysis_results/RM1E15900L_PTOF_analysis.json,1.0,3.0,3.0,3.0,4.0,3.0,3.0,3.0,3.0,3.0,3.0,3.0,3.0,3.0,3.0,3.0,4.0,2.0,3.0,3.0,3.0,3.0,3.0,3.0,3.0,3.2,3.0,3.0,3.0,3.0,11,27,3.04,0,41.89277044,12.48366723
TOPS10000T,Charles Darwin,Rivoli,Torino,Piemonte,Nord Ovest,Liceo,Liceo Scientifico,Metropolitano,II Grado,Viale Papa Giovanni Xxiii N 25,10098,tops10000t@istruzione.it,tops10000t@pec.istruzione.it,www.liceodarwin.net,Statale,ok,analysis_results/TOPS10000T_PTOF_analysis.json,1.0,2.0,6.0,6.0,6.0,6.0,5.0,6.0,5.0,0.0,6.0,5.0,6.0,5.0,0.0,7.0,6.0,7.0,7.0,6.0,5.0,6.0,4.0,5.0,6.0,5.8,5.67,5.75,6.5,5.2,13,6,5.78,1,45.07062854,7.53394487
PZAA878077,Fardella-Via Rinaldi,Fardella,Potenza,Basilicata,Sud,Infanzia,ND,Non Metropolitano,Infanzia,Via Rinaldi,85030,pzic878004@istruzione.it,pnic819005@pec.istruzione.it,http//www.icfrancavillainsinni.it,Statale,ok,analysis_results/PZAA878077_PTOF_analysis.json,1.0,3.0,5.0,5.0,4.0,5.0,5.0,5.0,5.0,3.0,5.0,5.0,5.0,5.0,4.0,5.0,5.0,3.0,4.0,5.0,5.0,5.0,4.0,3.0,5.0,4.8,4.5,4.8,4.25,4.4,26,39,4.55,0,40.11410687,16.16670786
RO1E00100P,Scuola Giacomo Sichirollo,Rovigo,Rovigo,Veneto,Nord Est,Primaria,ND,Non Metropolitano,Primaria,Via Sacro Cuore 37,45100,segreteria@scuolasichirollo.it,sichirollo@pec.scuolasichirollo.it,www.scuolasichirollo.it,Paritaria,ok,analysis_results/RO1E00100P_PTOF_analysis.json,0.0,0.0,2.0,2.0,2.0,3.0,2.0,2.0,2.0,2.0,3.0,2.0,2.0,2.0,2.0,3.0,2.0,3.0,2.0,2.0,3.0,3.0,2.0,2.0,2.0,2.2,2.25,2.2,2.25,2.4,2,1,2.26,0,45.07107288,11.79007
CZEE84601D,Primaria Montepaone Capoluogo,Montepaone,Catanzaro,Calabria,Sud,Primaria,ND,Non Metropolitano,Primaria,Via Olmicelli,88060,czic84600b@istruzione.it,ND,icmontepaone.gov.it,Statale,ok,analysis_results/CZEE84601D_PTOF_analysis.json,0.0,2.0,2.0,2.0,2.0,3.0,2.0,2.0,2.0,2.0,3.0,2.0,2.0,2.0,2.0,3.0,3.0,4.0,2.0,3.0,3.0,3.0,2.0,2.0,2.0,2.2,2.25,2.2,3.0,2.4,3,1,2.41,0,38.7216876,16.49864626
LTAA803026,Scuola Dell'Infanzia Virgilio,Gaeta,Latina,Lazio,Centro,Infanzia,ND,Non Metropolitano,Infanzia,Piazza Don Luigi Di Liegro N. 13,04024,ltic803008@istruzione.it,ND,www.carduccigaeta.edu.it,Statale,ok,analysis_results/LTAA803026_PTOF_analysis.json,0.0,0.0,3.0,3.0,3.0,2.0,2.0,1.0,2.0,1.0,1.0,2.0,2.0,3.0,1.0,2.0,3.0,3.0,3.0,3.0,1.0,3.0,3.0,1.0,3.0,2.6,1.25,2.0,3.0,2.2,0,7,2.21,0,41.21336432,13.57195666
LTIC81300V,I.C.Vitruvio Pollione,Formia,Latina,Lazio,Centro,"I Grado, Infanzia, Professionale",Istituto Comprensivo,Non Metropolitano,"I Grado, II Grado, Infanzia",Via E.Filiberto 73,04023,ltic81300v@istruzione.it,ltic81300v@pec.istruzione.it,www.icpollione.it,Statale,ok,analysis_results/LTIC81300V_PTOF_analysis.json,1.0,2.0,2.0,2.0,2.0,3.0,2.0,2.0,2.0,2.0,3.0,2.0,2.0,2.0,1.0,3.0,2.0,3.0,2.0,3.0,2.0,2.0,2.0,2.0,2.0,2.2,2.25,2.0,2.5,2.0,3,1,2.19,0,41.25568883,13.60592654
AQAA83101V,Infanzia Statale Trasacco,Trasacco,L'Aquila,Abruzzo,Sud,Infanzia,ND,Non Metropolitano,Infanzia,Via Roma,67059,aqic831002@istruzione.it,ND,www.istitutocomprensivotrasacco,Statale,ok,analysis_results/AQAA83101V_PTOF_analysis.json,0.0,2.0,3.0,3.0,2.0,1.0,2.0,1.0,4.0,1.0,4.0,5.0,2.0,6.0,3.0,4.0,2.0,3.0,2.0,3.0,5.0,5.0,4.0,3.0,5.0,2.2,2.5,4.0,2.5,4.4,7,2,3.12,0,41.95809518,13.53880825
VVEE813051,Scuola Primaria Cessaniti,Cessaniti,Vibo Valentia,Calabria,Sud,Primaria,ND,Non Metropolitano,Primaria,Via G.Marconi,88032,ND,ND,www.icsrombiolo.edu.it,Statale,ok,analysis_results/VVEE813051_PTOF_analysis.json,0.0,1.0,4.0,4.0,4.0,3.0,3.0,3.0,4.0,1.0,2.0,3.0,4.0,4.0,4.0,4.0,3.0,3.0,2.0,4.0,2.0,3.0,2.0,1.0,3.0,3.6,2.5,3.8,3.0,2.2,3,15,3.02,0,38.6639523,16.02959092
LEIC8AB00R,I.C. Ugento,Ugento,Lecce,Puglia,Sud,"I Grado, Infanzia, Primaria, Tecnico",Istituto Comprensivo,Non Metropolitano,"Comprensivo, I Grado, II Grado, Infanzia, Primaria",Via Goldoni,73059,leic8ab00r@istruzione.it,leic8ab00r@pec.istruzione.it,www.icugento.edu.it,Statale,ok,analysis_results/LEIC8AB00R_PTOF_analysis.json,0.0,2.0,3.0,3.0,4.0,4.0,2.0,5.0,5.0,2.0,2.0,4.0,3.0,5.0,3.0,5.0,5.0,5.0,3.0,4.0,5.0,4.0,3.0,3.0,5.0,3.2,3.5,4.0,4.25,4.0,22,8,3.79,0,39.92856835,18.16167767
BOEE847012,Cappuccini - I.C. 6 Imola,Imola,Bologna,Emilia Romagna,Nord Est,Primaria,ND,Metropolitano,Primaria,Via Villa Clelia 18,40026,boic84700x@istruzione.it,pvps05000q@pec.istruzione.it,www.ic6imola.gov.it,Statale,ok,analysis_results/BOEE847012_PTOF_analysis.json,1.0,3.0,4.0,4.0,4.0,4.0,4.0,3.0,4.0,3.0,3.0,4.0,4.0,4.0,4.0,4.0,4.0,2.0,4.0,4.0,1.0,3.0,3.0,3.0,3.0,4.0,3.25,4.0,3.5,2.6,15,53,3.47,0,44.35307392,11.71415595
KRMM83101N,S.M. K. Wojtyla,Isola Di Capo Rizzuto,Crotone,Calabria,Sud,I Grado,ND,Non Metropolitano,I Grado,Via Madonna Degli Angeli,88076,kric83100l@istruzione.it,ND,www.ickarolisolacr.gov.it,Statale,ok,analysis_results/KRMM83101N_PTOF_analysis.json,1.0,7.0,7.0,7.0,7.0,7.0,7.0,7.0,6.0,6.0,6.0,6.0,6.0,6.0,7.0,6.0,7.0,6.0,7.0,7.0,7.0,7.0,7.0,7.0,7.0,7.0,6.25,6.2,6.75,7.0,35,21,6.64,1,38.95903336,17.09565075
MOIC84700T,9 I.C. Modena,Modena,Modena,Emilia Romagna,Nord Est,"I Grado, Infanzia, Primaria",ND,Non Metropolitano,"Comprensivo, I Grado, Infanzia, Primaria",Via Del Carso 7,41123,moic84700t@istruzione.it,moic84700t@pec.istruzione.it,www.ic9modena.gov.it,Statale,ok,analysis_results/MOIC84700T_PTOF_analysis.json,1.0,5.0,4.0,4.0,4.0,3.0,4.0,4.0,4.0,2.0,3.0,4.0,4.0,4.0,2.0,4.0,4.0,3.0,3.0,4.0,2.0,3.0,3.0,3.0,3.0,3.8,3.25,3.6,3.5,2.8,0,32,3.39,0,44.64600008,10.92615487
PDAA824057,Localita' Rosara Codevigo,Codevigo,Padova,Veneto,Nord Est,Infanzia,Scuola Infanzia,Non Metropolitano,Infanzia,Via Rosara,35020,ND,ND,www.icscorrezzola.it,Statale,ok,analysis_results/PDAA824057_PTOF_analysis.json,1.0,4.0,3.0,3.0,2.0,1.0,1.0,1.0,2.0,1.0,2.0,1.0,2.0,2.0,1.0,3.0,2.0,6.0,2.0,3.0,1.0,4.0,4.0,1.0,4.0,2.0,1.5,1.8,3.25,2.8,2,4,2.27,0,45.26795503,12.10331958
BOIC875004,I.C. Centro,Casalecchio Di Reno,Bologna,Emilia Romagna,Nord Est,"Liceo, Tecnico",ND,Metropolitano,II Grado,Via Mameli 7,40033,boic875004@istruzione.it,boic875004@pec.istruzione.it,https//iccentro.edu.it/,Statale,ok,analysis_results/BOIC875004_PTOF_analysis.json,1.0,2.0,4.0,4.0,4.0,4.0,4.0,3.0,3.0,2.0,3.0,3.0,4.0,4.0,3.0,3.0,4.0,2.0,4.0,4.0,4.0,4.0,1.0,1.0,1.0,4.0,2.75,3.4,3.5,2.2,18,30,3.17,0,44.48119825,11.28246876
MI1M098003,Scuola Secondaria Di 1° Gr. Andrea Mandelli,Milano,Milano,Lombardia,Nord Ovest,I Grado,Scuola Sec. Primo Grado Non Statale,Metropolitano,I Grado,Via Bonomi1,20158,segreteria.secondaria@mandellirodari.org,fondazionemandellirodari@edupec.it,www.fondazionemandellirodari.org,Paritaria,ok,analysis_results/MI1M098003_PTOF_analysis.json,0.0,5.0,5.0,5.0,4.0,4.0,3.0,2.0,3.0,0.0,4.0,2.0,4.0,5.0,2.0,3.0,4.0,3.0,3.0,3.0,3.0,5.0,3.0,2.0,4.0,4.2,3.0,3.2,3.25,3.4,3,9,3.41,0,45.46679408,9.1903474
PZRA00150G,"I.P. Corso Serale ""Fortunato"" Lagonegro",Lagonegro,Potenza,Basilicata,Sud,"Liceo, Professionale, Tecnico",ND,Non Metropolitano,II Grado,C.Da Verneta,85042,pzis001007@istruzione.it,pzis001007@pec.istruzione.it,www.desarlolagonegro.edu.it,Statale,ok,analysis_results/PZRA00150G_PTOF_analysis.json,1.0,3.0,6.0,4.0,7.0,6.0,6.0,3.0,5.0,5.0,5.0,7.0,6.0,7.0,6.0,7.0,6.0,3.0,5.0,6.0,5.0,7.0,5.0,5.0,5.0,5.8,4.5,6.6,5.0,5.4,35,47,5.46,1,40.12254692,15.76315029
RMEE8GS032,Monte Arsiccio,Roma,Roma,Lazio,Centro,Primaria,ND,Metropolitano,Primaria,Via Ciampoli 21,00135,rmic8gs00t@istruzione.it,ND,https//www.icoctavia.edu.it/,Statale,ok,analysis_results/RMEE8GS032_PTOF_analysis.json,0.0,0.0,3.0,3.0,2.0,1.0,1.0,1.0,1.0,1.0,1.0,2.0,2.0,3.0,1.0,3.0,4.0,3.0,3.0,3.0,1.0,3.0,3.0,1.0,1.0,2.0,1.0,2.2,3.25,1.8,4,12,2.05,0,41.89277044,12.48366723
MO1A076008,Barchetta,Modena,Modena,Emilia Romagna,Nord Est,Infanzia,ND,Non Metropolitano,Infanzia,Via Barchetta 44,41100,ND,ND,ND,Paritaria,ok,analysis_results/MO1A076008_PTOF_analysis.json,0.0,2.0,2.0,2.0,2.0,3.0,2.0,2.0,2.0,2.0,3.0,2.0,2.0,2.0,2.0,3.0,2.0,3.0,2.0,2.0,2.0,2.0,2.0,2.0,2.0,2.2,2.25,2.2,2.25,2.0,3,1,2.18,0,44.64600008,10.92615487
BSPS08500V,"Liceo Scientifico ""Don Bosco""",Brescia,Brescia,Lombardia,Nord Ovest,"I Grado, Liceo, Professionale, Tecnico",Scuola Sec. Secondo Grado Non Statale,Non Metropolitano,II Grado,Via San Giovanni Bosco 15,25125,segreteriascuole@donboscobrescia.it,ND,www.donboscobrescia.it,Paritaria,ok,analysis_results/BSPS08500V_PTOF_analysis.json,0.0,3.0,5.0,5.0,4.0,6.0,6.0,4.0,5.0,3.0,5.0,5.0,5.0,4.0,3.0,4.0,6.0,3.0,4.0,5.0,5.0,5.0,3.0,4.0,3.0,5.2,4.25,4.2,4.5,4.0,13,7,4.43,0,45.53993052,10.21910323
RCPM04000T,"Liceo Scienze Umane ""T.Gulli""",Reggio Di Calabria,Reggio Calabria,Calabria,Sud,"Infanzia, Primaria",ND,Metropolitano,"Infanzia, Primaria",Corso Vittorio Emanuele 69,89125,rcpm04000t@istruzione.it,rcpm04000t@pec.istruzione.it,https//www.liceogulli.edu.it/,Statale,ok,analysis_results/RCPM04000T_PTOF_analysis.json,0.0,1.0,3.0,3.0,1.0,5.0,3.0,0.0,5.0,1.0,1.0,5.0,3.0,5.0,3.0,4.0,5.0,3.0,4.0,5.0,3.0,5.0,3.0,1.0,3.0,3.0,2.33,4.0,4.25,3.0,6,7,3.32,0,38.10922766,15.64345359
PNIC83000X,Ic Pordenone Sud,Pordenone,Pordenone,Friuli-Venezia G.,Nord Est,"I Grado, Infanzia, Primaria",ND,Non Metropolitano,"Comprensivo, I Grado, Infanzia, Primaria",Via Goldoni 37,33170,pnic83000x@istruzione.it,pnic83000x@pec.istruzione.it,www.icpordenonesud.edu.it,Statale,ok,analysis_results/PNIC83000X_PTOF_analysis.json,0.0,5.0,4.0,4.0,5.0,4.0,4.0,4.0,5.0,3.0,5.0,5.0,5.0,5.0,4.0,5.0,4.0,3.0,4.0,4.0,4.0,4.0,3.0,3.0,3.0,4.2,4.25,4.8,3.75,3.4,16,15,4.08,0,45.95443546,12.66002911
CNAA83601E,Scuola Infanzia Bagnasco,Bagnasco,Cuneo,Piemonte,Nord Ovest,Infanzia,ND,Non Metropolitano,Infanzia,Via Roma 5,12071,cnic83600n@istruzione.it,ND,www.icgaressio.infosys.it,Statale,ok,analysis_results/CNAA83601E_PTOF_analysis.json,0.0,2.0,2.0,2.0,2.0,2.0,2.0,2.0,2.0,2.0,2.0,2.0,2.0,2.0,2.0,2.0,2.0,3.0,2.0,2.0,2.0,2.0,2.0,2.0,2.0,2.0,2.0,2.0,2.25,2.0,3,1,2.05,0,44.30207165,8.04258299
NATD016033,Tecnico Economico - Massa Lubrense,Massa Lubrense,Napoli,Campania,Sud,Tecnico,ND,Metropolitano,II Grado,Via Roma27,80061,nais01600p@istruzione.it,nais01600p@pec.istruzione.it,www.polispecialisticosanpaolo.it,Statale,ok,analysis_results/NATD016033_PTOF_analysis.json,1.0,3.0,5.0,5.0,5.0,5.0,5.0,5.0,5.0,4.0,4.0,5.0,5.0,5.0,5.0,5.0,6.0,3.0,5.0,5.0,5.0,5.0,5.0,5.0,5.0,5.0,4.5,5.0,4.75,5.0,46,34,4.85,0,40.61112017,14.34403548
NAEE220024,Pompei 2 - Fontanelle -,Pompei,Napoli,Campania,Sud,Primaria,ND,Metropolitano,Primaria,Via Fontanelle Traversa Gesuiti,80045,naee220002@istruzione.it,tsic80300d@pec.istruzione.it,www.pompeisecondocircolo.gov.it,Statale,ok,analysis_results/NAEE220024_PTOF_analysis.json,1.0,2.0,3.0,3.0,2.0,5.0,3.0,4.0,4.0,1.0,3.0,4.0,4.0,4.0,3.0,4.0,3.0,1.0,3.0,3.0,3.0,3.0,2.0,2.0,3.0,3.2,3.0,3.8,2.5,2.6,16,18,3.02,0,40.74841783,14.50001431
AVMM86103R,Summonte,Summonte,Avellino,Campania,Sud,I Grado,ND,Non Metropolitano,I Grado,Via Piana,83010,avic86100n@istruzione.it,ND,http//www.icasdorso.it,Statale,ok,analysis_results/AVMM86103R_PTOF_analysis.json,1.0,1.0,1.0,1.0,1.0,1.0,1.0,3.0,3.0,3.0,3.0,3.0,3.0,3.0,3.0,3.0,3.0,1.0,3.0,3.0,3.0,3.0,3.0,3.0,3.0,1.0,3.0,3.0,2.5,3.0,0,2,2.5,0,40.95008734,14.74697511
BORH050003,Ipsar Luigi Veronelli,Casalecchio Di Reno,Bologna,Emilia Romagna,Nord Est,"Professionale, Tecnico",ND,Metropolitano,II Grado,Via Cimabue 2,40033,borh050003@istruzione.it,borh050003@pec.istruzione.it,www.ipsarveronelli.edu.it,Statale,ok,analysis_results/BORH050003_PTOF_analysis.json,1.0,5.0,3.0,3.0,3.0,3.0,3.0,5.0,4.0,3.0,2.0,4.0,3.0,3.0,2.0,4.0,2.0,3.0,2.0,4.0,2.0,3.0,1.0,1.0,3.0,3.0,3.5,3.2,2.75,2.0,19,15,2.89,0,44.48119825,11.28246876
GEIS02400A,Istituto Luzzati/De Ambrosis-Natta,Sestri Levante,Genova,Liguria,Nord Ovest,Professionale,ND,Metropolitano,II Grado,Via Della Chiusa 107,16039,bnmm09000e@istruzione.it,ND,www.cpiabenevento.edu.it,Statale,ok,analysis_results/GEIS02400A_PTOF_analysis.json,0.0,6.0,5.0,5.0,5.0,4.0,5.0,5.0,4.0,3.0,5.0,4.0,5.0,5.0,4.0,4.0,5.0,4.0,4.0,5.0,3.0,6.0,4.0,3.0,3.0,4.8,4.25,4.4,4.5,3.8,19,17,4.35,0,44.26990054,9.39316235
MBPS05301B,Vanoni,Vimercate,Monza E Della Brianza,Lombardia,Nord Ovest,Liceo,ND,Non Metropolitano,II Grado,Via Adda 6,20871,mbis053001@istruzione.it,ND,www.iisvanoni.edu.it,Statale,ok,analysis_results/MBPS05301B_PTOF_analysis.json,1.0,5.0,4.0,5.0,3.0,4.0,4.0,3.0,5.0,2.0,4.0,4.0,5.0,4.0,3.0,4.0,5.0,6.0,3.0,4.0,5.0,6.0,2.0,4.0,3.0,4.0,3.5,4.0,4.5,4.0,3,2,4.0,0,45.61316595,9.36974907
TSIC81000L,Ist. Compr. Italo Svevo,Trieste,Trieste,Friuli-Venezia G.,Nord Est,"I Grado, Infanzia, Primaria, Professionale",ND,Non Metropolitano,"Comprensivo, I Grado, II Grado, Infanzia, Primaria",Via Italo Svevo 15,34145,tsic81000l@istruzione.it,tsic81000l@pec.istruzione.it,www.comprensivosvevo.edu.it,Statale,ok,analysis_results/TSIC81000L_PTOF_analysis.json,1.0,5.0,4.0,4.0,4.0,4.0,4.0,4.0,4.0,4.0,3.0,4.0,3.0,4.0,3.0,4.0,4.0,3.0,3.0,4.0,4.0,2.0,2.0,2.0,2.0,4.0,3.75,3.6,3.5,2.4,27,22,3.45,0,45.6494354,13.7681366
GEIC84100X,I.C. Borzoli,Genova,Genova,Liguria,Nord Ovest,"I Grado, Infanzia, Primaria",ND,Metropolitano,"Comprensivo, I Grado, Infanzia, Primaria",Via Muscola 23,16153,geic84100x@istruzione.it,geic84100x@pec.istruzione.it,icborzoli.edu.it,Statale,ok,analysis_results/GEIC84100X_PTOF_analysis.json,0.0,5.0,4.0,4.0,3.0,3.0,4.0,4.0,3.0,2.0,3.0,4.0,3.0,4.0,3.0,5.0,3.0,3.0,3.0,4.0,4.0,5.0,3.0,3.0,4.0,3.6,3.0,3.8,3.25,3.8,17,25,3.49,0,44.41149314,8.9326992
CH1ADT5009,La Stella,Vasto,Chieti,Abruzzo,Sud,Infanzia,ND,Non Metropolitano,Infanzia,Via Euripide 1,66054,lastella.vasto@gmail.com,lastella.barbara@pec.it,lastella.vasto@gmail.com,Paritaria,ok,analysis_results/CH1ADT5009_PTOF_analysis.json,0.0,2.0,3.0,3.0,2.0,3.0,2.0,1.0,4.0,1.0,4.0,4.0,4.0,5.0,3.0,5.0,3.0,1.0,3.0,4.0,5.0,5.0,4.0,3.0,5.0,2.6,2.5,4.2,2.75,4.4,10,3,3.29,0,42.1122107,14.70791975
PETD03051X,Itc Marconi- Serale - Penne,Penne,Pescara,Abruzzo,Sud,Tecnico,ND,Non Metropolitano,II Grado,Via Martiri Pennesi Del 1837 6,65017,petd03000d@istruzione.it,ND,http//www.istitutomarconi-penne.it,Statale,ok,analysis_results/PETD03051X_PTOF_analysis.json,0.0,0.0,2.0,2.0,2.0,3.0,2.0,2.0,2.0,2.0,3.0,2.0,2.0,2.0,2.0,3.0,2.0,3.0,2.0,2.0,2.0,2.0,2.0,2.0,2.0,2.2,2.25,2.2,2.25,2.0,3,1,2.18,0,42.4580394,13.92738518
MTIC81900B,"I.C. ""Scanzano-Montalbano""",Scanzano Jonico,Matera,Basilicata,Sud,"I Grado, Infanzia, Primaria, Professionale",ND,Non Metropolitano,"Comprensivo, I Grado, II Grado, Infanzia, Primaria",Via Tratturo Del Re N. 10,75020,mtic81900b@istruzione.it,mtic81900b@pec.istruzione.it,www.icscanzanojonico.edu.it,Statale,ok,analysis_results/MTIC81900B_PTOF_analysis.json,1.0,3.0,4.0,4.0,3.0,3.0,3.0,4.0,3.0,2.0,3.0,3.0,3.0,3.0,3.0,4.0,3.0,4.0,3.0,4.0,3.0,4.0,3.0,3.0,3.0,3.4,3.0,3.2,3.5,3.2,21,39,3.26,0,40.2503214,16.69091204
NATFI8500A,Pablo Neruda (Chimica Materiali E Biotecnologie - Art Chimica E Materiali),Cicciano,Napoli,Campania,Sud,"I Grado, Infanzia, Professionale",Scuola Sec. Secondo Grado Non Statale,Metropolitano,II Grado,Via De Curtis 2,80033,segreteria@istitutopabloneruda.it,istitutopabloneruda@pec.it,ND,Paritaria,ok,analysis_results/NATFI8500A_PTOF_analysis.json,0.0,2.0,3.0,3.0,2.0,3.0,2.0,2.0,2.0,1.0,3.0,2.0,2.0,2.0,1.0,3.0,3.0,4.0,2.0,3.0,3.0,3.0,2.0,2.0,2.0,2.6,2.0,2.0,3.0,2.4,3,1,2.4,0,40.96363427,14.54320212
SA1A196005,La Bottega Di Mastro Ciliegia,Nocera Inferiore,Salerno,Campania,Sud,Infanzia,ND,Non Metropolitano,Infanzia,Via Atzori N. 116,84014,ND,katia.mascolo@postecert.it,ND,Paritaria,ok,analysis_results/SA1A196005_PTOF_analysis.json,1.0,3.0,5.0,5.0,6.0,3.0,5.0,1.0,6.0,1.0,4.0,4.0,5.0,5.0,1.0,3.0,5.0,4.0,4.0,4.0,5.0,5.0,4.0,6.0,4.0,4.8,3.0,3.6,4.25,4.8,11,26,4.09,0,40.74358321,14.64142303
UDIS01800D,Magrini Marchetti,Gemona Del Friuli,Udine,Friuli-Venezia G.,Nord Est,"Liceo, Professionale, Tecnico",Istituto Superiore,Non Metropolitano,II Grado,Via Praviolai N.18,33013,udis01800d@istruzione.it,udis01800d@pec.istruzione.it,www.isismagrinimarchetti.it,Statale,ok,analysis_results/UDIS01800D_PTOF_analysis.json,0.0,4.0,3.0,3.0,2.0,4.0,3.0,2.0,4.0,2.0,3.0,2.0,3.0,3.0,2.0,3.0,4.0,3.0,2.0,3.0,3.0,4.0,2.0,4.0,4.0,3.0,2.75,2.6,3.0,3.4,12,6,2.95,0,46.27700513,13.1397359
PIMM816016,Martin Luther King,Calcinaia,Pisa,Toscana,Centro,I Grado,Scuola Primo Grado,Non Metropolitano,I Grado,Via Garemi 3,56012,piic816005@istruzione.it,ND,www.comprensivocalcinaia.edu.it,Statale,ok,analysis_results/PIMM816016_PTOF_analysis.json,1.0,2.0,3.0,3.0,2.0,4.0,3.0,2.0,4.0,1.0,3.0,4.0,5.0,5.0,2.0,4.0,4.0,8.0,2.0,5.0,3.0,4.0,2.0,3.0,3.0,3.0,2.5,4.0,4.75,3.0,9,3,3.45,0,43.68299475,10.61566661
PTIC81900G,"""C. Salutati - A. Cavalcanti""",Buggiano,Pistoia,Toscana,Centro,"Primaria, Professionale",ND,Non Metropolitano,"II Grado, Primaria",Piazza A. Moro 1,51011,ptic81900g@istruzione.it,ptic81900g@pec.istruzione.it,www.istitutosalutaticavalcanti.edu.it,Statale,ok,analysis_results/PTIC81900G_PTOF_analysis.json,0.0,2.0,5.0,5.0,5.0,5.0,5.0,5.0,4.0,3.0,5.0,0.0,5.0,5.0,4.0,5.0,5.0,5.0,5.0,5.0,5.0,5.0,5.0,0.0,5.0,5.0,4.25,4.75,5.0,5.0,2,0,4.8,0,43.87993288,10.72753655
NAAA87902G,I.C. Viviani - Sede Centrale,Casalnuovo Di Napoli,Napoli,Campania,Sud,Infanzia,ND,Metropolitano,Infanzia,Via Zi' Carlo Fraz. Tavernanova,80013,naic87900n@istruzione.it,pvps05000q@pec.istruzione.it,www.icsviviani.gov.it,Statale,ok,analysis_results/NAAA87902G_PTOF_analysis.json,1.0,3.0,5.0,5.0,5.0,5.0,5.0,4.0,4.0,3.0,4.0,5.0,5.0,5.0,5.0,5.0,5.0,3.0,5.0,5.0,4.0,4.0,1.0,1.0,4.0,5.0,3.75,5.0,4.5,2.8,13,38,4.21,0,40.91481074,14.3511862
BO1A07000B,Kinder Haus,Bologna,Bologna,Emilia Romagna,Nord Est,Infanzia,ND,Metropolitano,Infanzia,Via Cino Da Pistoia 9,40137,ND,giudittascs@pec.it,ND,Paritaria,ok,analysis_results/BO1A07000B_PTOF_analysis.json,0.0,0.0,2.0,2.0,2.0,3.0,2.0,2.0,2.0,2.0,3.0,2.0,2.0,3.0,1.0,3.0,2.0,3.0,2.0,3.0,3.0,3.0,2.0,2.0,2.0,2.2,2.25,2.2,2.5,2.4,3,1,2.31,0,44.4943668,11.3417208
CA1M4N500E,Istituto San Giuseppe Calasanzio,Sanluri,Sud Sardegna,Sardegna,Isole,I Grado,Scuola Sec. Primo Grado Non Statale,Non Metropolitano,I Grado,Via Degli Scolopi 17,09025,sangiuseppesanluri@gmail.com,san_giuseppe@arubapec.it,ND,Paritaria,ok,analysis_results/CA1M4N500E_PTOF_analysis.json,1.0,2.0,2.0,2.0,2.0,3.0,2.0,2.0,2.0,2.0,3.0,2.0,2.0,2.0,2.0,3.0,2.0,3.0,2.0,2.0,2.0,2.0,2.0,2.0,2.0,2.2,2.25,2.2,2.25,2.0,3,1,2.18,0,39.56179766,8.89898244
SSTF00500Q,Istituto Tecnico Settore Tecnologico Informatica E Telecomunicazioni Europa,Sassari,Sassari,Sardegna,Isole,"Infanzia, Primaria",ND,Non Metropolitano,II Grado,Via Forlanini 18,07100,casab.montessori@gmail.com,istitutoeuropa@pec.it,ND,Paritaria,ok,analysis_results/SSTF00500Q_PTOF_analysis.json,0.0,0.0,3.0,3.0,1.0,1.0,1.0,1.0,1.0,1.0,1.0,2.0,2.0,3.0,1.0,3.0,4.0,3.0,3.0,3.0,1.0,3.0,3.0,1.0,1.0,1.8,1.0,2.2,3.25,1.8,4,14,2.01,0,40.72667657,8.55966713
BTTD023511,"I.T.E. ""M. Dell'Aquila"" Serale-San Ferd.",San Ferdinando Di Puglia,Barletta-Andria-Trani,Puglia,Sud,Tecnico,ND,Non Metropolitano,II Grado,Via Gramsci53,71046,ND,ND,www.dellaquila.staffa.edu.it,Statale,ok,analysis_results/BTTD023511_PTOF_analysis.json,0.0,1.0,1.0,1.0,1.0,1.0,1.0,1.0,3.0,1.0,1.0,2.0,1.0,1.0,1.0,1.0,1.0,3.0,1.0,1.0,1.0,1.0,1.0,1.0,5.0,1.0,1.5,1.2,1.5,1.8,1,1,1.4,0,41.30079475,16.06883848
RMPS06201T,G. De Sanctis Liceo Scientifico,Roma,Roma,Lazio,Centro,Liceo,Liceo Scientifico,Metropolitano,II Grado,Via Cassia 931,00189,rmis06200b@istruzione.it,ND,www.liceodesanctisroma.edu.it,Statale,ok,analysis_results/RMPS06201T_PTOF_analysis.json,0.0,2.0,3.0,4.0,2.0,3.0,2.0,1.0,3.0,1.0,3.0,3.0,4.0,5.0,2.0,4.0,5.0,5.0,2.0,4.0,2.0,4.0,4.0,1.0,3.0,2.8,2.0,3.6,4.0,2.8,3,2,3.04,0,41.89277044,12.48366723
NAAA88502V,I.C. Villaricca,Villaricca,Napoli,Campania,Sud,Infanzia,ND,Metropolitano,Infanzia,Via Bologna N. 57,80100,naic885001@istruzione.it,naic885001@pec.istruzione.it,www.calvinovillaricca.edu.it,Statale,ok,analysis_results/NAAA88502V_PTOF_analysis.json,1.0,3.0,4.0,4.0,4.0,4.0,4.0,4.0,4.0,3.0,4.0,5.0,4.0,5.0,4.0,5.0,4.0,3.0,4.0,4.0,3.0,4.0,4.0,3.0,3.0,4.0,3.75,4.6,3.75,3.4,19,33,3.9,0,40.92181295,14.19481827
TSAA818036,J. Kosuta - L.Ins.Slovena,Trieste,Trieste,Friuli-Venezia G.,Nord Est,Infanzia,ND,Non Metropolitano,Infanzia,S.Croce 442,34010,tsic818007@istruzione.it,ND,www.vsopcine.it,Statale,ok,analysis_results/TSAA818036_PTOF_analysis.json,0.0,2.0,2.0,2.0,2.0,3.0,2.0,2.0,2.0,2.0,3.0,2.0,2.0,2.0,2.0,3.0,2.0,3.0,2.0,2.0,2.0,2.0,2.0,2.0,2.0,2.2,2.25,2.2,2.25,2.0,3,1,2.18,0,45.6494354,13.7681366
TVPS04000Q,Liceo Berto,Mogliano Veneto,Treviso,Veneto,Nord Est,Liceo,Liceo Scientifico,Non Metropolitano,II Grado,Via Barbiero 82,31021,tvps04000q@istruzione.it,tvps04000q@pec.istruzione.it,www.liceoberto.it,Statale,ok,analysis_results/TVPS04000Q_PTOF_analysis.json,0.0,0.0,5.0,5.0,4.0,5.0,4.0,5.0,4.0,3.0,6.0,4.0,4.0,5.0,3.0,5.0,5.0,3.0,4.0,3.0,6.0,6.0,2.0,5.0,5.0,4.6,4.5,4.2,3.75,4.8,19,13,4.37,0,45.56158644,12.23645377
RM1A666006,Carlo Fadda,Roma,Roma,Lazio,Centro,Infanzia,ND,Metropolitano,Infanzia,Via Carlo Fadda 124,00173,marina.diamanti@comune.roma.it,ND,https://www.istruzione.it/ri-generazione-scuola/,Paritaria,ok,analysis_results/RM1A666006_PTOF_analysis.json,1.0,5.0,5.0,5.0,4.0,4.0,5.0,4.0,4.0,3.0,4.0,4.0,4.0,4.0,3.0,4.0,5.0,5.0,4.0,6.0,4.0,4.0,3.0,4.0,4.0,4.6,3.75,3.8,5.0,3.8,10,21,4.19,0,41.89277044,12.48366723
PZAA86201B,"Picerno ""Arcobaleno""",Picerno,Potenza,Basilicata,Sud,Infanzia,ND,Non Metropolitano,Infanzia,Via Xxv Aprile,85055,pzic86200e@istruzione.it,ND,www.icpicerno.gov.it,Statale,ok,analysis_results/PZAA86201B_PTOF_analysis.json,1.0,5.0,3.0,3.0,3.0,3.0,3.0,3.0,3.0,3.0,3.0,3.0,3.0,3.0,3.0,3.0,3.0,3.0,3.0,3.0,3.0,3.0,3.0,3.0,3.0,3.0,3.0,3.0,3.0,3.0,1,0,3.0,0,40.63709859,15.63601218
TSIC80100T,Ist. Compr. Marco Polo,Trieste,Trieste,Friuli-Venezia G.,Nord Est,"Infanzia, Primaria",ND,Non Metropolitano,"Infanzia, Primaria",Via Donadoni 28,34141,tsic80100t@istruzione.it,tsic80100t@pec.istruzione.it,ND,Statale,ok,analysis_results/TSIC80100T_PTOF_analysis.json,0.0,0.0,3.0,3.0,1.0,2.0,2.0,0.0,1.0,1.0,1.0,3.0,3.0,3.0,3.0,2.0,3.0,3.0,3.0,3.0,0.0,2.0,1.0,1.0,1.0,2.2,1.0,2.8,3.0,1.25,4,13,2.05,0,45.6494354,13.7681366
SSMM84601B,Alghero 2,Alghero,Sassari,Sardegna,Isole,I Grado,Scuola Primo Grado,Non Metropolitano,I Grado,Via Tarragona N. 16,07041,ssic84600a@istruzione.it,ND,www.istitutocomprensivo2alghero.it,Statale,ok,analysis_results/SSMM84601B_PTOF_analysis.json,0.0,1.0,3.0,3.0,3.0,4.0,3.0,3.0,4.0,3.0,3.0,5.0,4.0,5.0,3.0,5.0,3.0,5.0,3.0,4.0,3.0,4.0,3.0,3.0,3.0,3.2,3.25,4.4,3.75,3.2,14,4,3.56,0,40.54843552,8.32608134
CEIC87400L,I.C. Di San Marcellino,San Marcellino,Caserta,Campania,Sud,"Infanzia, Professionale",Istituto Comprensivo,Non Metropolitano,"II Grado, Infanzia",Corso Italia234,81030,ceic87400l@istruzione.it,ceic87400l@pec.istruzione.it,www.icsanmarcellino.edu.it,Statale,ok,analysis_results/CEIC87400L_PTOF_analysis.json,0.0,2.0,2.0,3.0,1.0,2.0,1.0,1.0,1.0,1.0,1.0,2.0,3.0,4.0,1.0,3.0,4.0,5.0,3.0,3.0,1.0,4.0,4.0,1.0,4.0,1.8,1.0,2.6,3.75,2.8,4,3,2.39,0,40.98671424,14.17390517
RMAA867028,S. Godenzo,Roma,Roma,Lazio,Centro,Infanzia,ND,Metropolitano,Infanzia,Via Di S. Godenzo 200,00189,rmic86700a@istruzione.it,ND,www.icpubliovibiomariano.it,Statale,ok,analysis_results/RMAA867028_PTOF_analysis.json,1.0,5.0,3.0,3.0,1.0,3.0,3.0,2.0,2.0,2.0,1.0,2.0,2.0,2.0,2.0,2.0,2.0,1.0,2.0,2.0,2.0,2.0,1.0,2.0,2.0,2.6,1.75,2.0,1.75,1.8,3,0,1.98,0,41.89277044,12.48366723
PZMM87001E,"""G. Carducci"" Ic Avigliano",Avigliano,Potenza,Basilicata,Sud,I Grado,ND,Non Metropolitano,I Grado,Via Agesilao Milano Snc,85021,pzic87000d@istruzione.it,pzic87000d@pec.istruzione.it,www.comprensivoaviglianocentro.edu.it,Statale,ok,analysis_results/PZMM87001E_PTOF_analysis.json,1.0,3.0,2.0,2.0,1.0,1.0,1.0,1.0,1.0,1.0,1.0,5.0,4.0,4.0,3.0,5.0,3.0,2.0,3.0,3.0,2.0,2.0,2.0,2.0,2.0,1.4,1.0,4.2,2.75,2.0,28,22,2.27,0,40.72977773,15.71780199
TEIC838009,I.C.Te 5 -Villa Vomano-Basciano,Teramo,Teramo,Abruzzo,Sud,"I Grado, Infanzia, Professionale",ND,Non Metropolitano,"I Grado, II Grado, Infanzia",Via Della Chiesa - Villa Vomano,64100,teic838009@istruzione.it,teic838009@pec.istruzione.it,www.icfalconeborsellino.gov.it/,Statale,ok,analysis_results/TEIC838009_PTOF_analysis.json,0.0,2.0,2.0,2.0,2.0,3.0,2.0,2.0,2.0,2.0,3.0,2.0,2.0,2.0,2.0,3.0,3.0,3.0,2.0,3.0,2.0,2.0,2.0,2.0,2.0,2.2,2.25,2.2,2.75,2.0,3,2,2.28,0,42.6589177,13.70439981
AQIC843008,"I.C. N. 4 ""C. Collodi-L.Marini""",Avezzano,L'Aquila,Abruzzo,Sud,"Liceo, Professionale, Tecnico",ND,Non Metropolitano,II Grado,Via Bolzano 27,67051,aqic843008@istruzione.it,aqic843008@pec.istruzione.it,https//www.istitutocomprensivocollodimarini.it/,Statale,ok,analysis_results/AQIC843008_PTOF_analysis.json,1.0,4.0,6.0,6.0,6.0,4.0,6.0,5.0,4.0,3.0,6.0,4.0,5.0,5.0,3.0,4.0,6.0,4.0,4.0,5.0,4.0,4.0,3.0,4.0,3.0,5.6,4.5,4.2,4.75,3.6,8,23,4.53,0,42.03068032,13.4267507
MTEE83201X,Giovanni Paolo Ii-Policoro 2,Policoro,Matera,Basilicata,Sud,Primaria,ND,Non Metropolitano,Primaria,Corso Pandosia 10,75025,mtic83200t@istruzione.it,ND,www.ic2policoro.it,Statale,ok,analysis_results/MTEE83201X_PTOF_analysis.json,1.0,3.0,5.0,5.0,5.0,5.0,5.0,4.0,4.0,3.0,3.0,3.0,4.0,3.0,3.0,3.0,4.0,2.0,4.0,4.0,3.0,3.0,3.0,3.0,3.0,5.0,3.5,3.2,3.5,3.0,4,13,3.64,0,40.20871929,16.66968702
CSRH08401P,Ipseoa Castrovillari,Castrovillari,Cosenza,Calabria,Sud,"I Grado, Infanzia, Professionale",ND,Non Metropolitano,"I Grado, II Grado, Infanzia",Corso Calabria Snc,87012,ND,ND,www.liceotrebisacce.com,Statale,ok,analysis_results/CSRH08401P_PTOF_analysis.json,0.0,2.0,2.0,2.0,2.0,2.0,2.0,2.0,2.0,2.0,2.0,2.0,2.0,2.0,2.0,2.0,2.0,3.0,2.0,2.0,2.0,2.0,2.0,2.0,2.0,2.0,2.0,2.0,2.25,2.0,3,1,2.05,0,39.81097584,16.20229605
VR1M00700Q,Cooperativa Cultura E Valori-Scuola Media Don Allegri,Villafranca Di Verona,Verona,Veneto,Nord Est,I Grado,Scuola Sec. Primo Grado Non Statale,Non Metropolitano,I Grado,Via Aldo Rizzini 4,37069,segreteria@donallegri.it,culturavalori@pec.gruppocercate.it,www.donallegri.it,Paritaria,ok,analysis_results/VR1M00700Q_PTOF_analysis.json,1.0,4.0,4.0,4.0,4.0,5.0,4.0,3.0,4.0,2.0,4.0,5.0,3.0,5.0,3.0,5.0,4.0,5.0,3.0,4.0,4.0,5.0,3.0,4.0,3.0,4.2,3.25,4.2,4.0,3.8,10,2,3.89,0,45.35080445,10.8467368
CSPM04500A,Istituto Magistrale - S.Pio X,Corigliano-Rossano,Cosenza,Calabria,Sud,Liceo,ND,Non Metropolitano,II Grado,Via Carducci 6,87067,liceosociopedagogico@libero.it,ND,https//www.facebook.com/scienzeumanex/,Paritaria,ok,analysis_results/CSPM04500A_PTOF_analysis.json,0.0,0.0,2.0,2.0,3.0,3.0,2.0,5.0,5.0,2.0,3.0,3.0,2.0,4.0,2.0,3.0,3.0,4.0,4.0,3.0,2.0,2.0,2.0,2.0,5.0,2.4,3.75,2.8,3.5,2.6,3,1,3.01,0,,
PERA002014,Servizi Agric. E Svil.Rurale-Villarea,Cepagatti,Pescara,Abruzzo,Sud,"I Grado, Infanzia, Primaria",ND,Non Metropolitano,"Comprensivo, I Grado, Infanzia, Primaria",Via Elsa Morante 16,65012,peis002004@istruzione.it,ND,www.omnicomprensivoalanno.edu.it,Statale,ok,analysis_results/PERA002014_PTOF_analysis.json,1.0,1.0,4.0,4.0,4.0,4.0,4.0,4.0,4.0,4.0,5.0,4.0,4.0,4.0,4.0,4.0,5.0,3.0,4.0,4.0,5.0,5.0,3.0,3.0,3.0,4.0,4.25,4.0,4.0,3.8,20,25,4.01,0,42.36462231,14.07304231
PZPS040007,"L.S. ""G. Galilei"" Potenza",Potenza,Potenza,Basilicata,Sud,Liceo,ND,Non Metropolitano,II Grado,Via Anzio N. 2,85100,pzps040007@istruzione.it,pzps040007@pec.istruzione.it,www.liceogalileipz.edu.it,Statale,ok,analysis_results/PZPS040007_PTOF_analysis.json,0.0,1.0,3.0,3.0,2.0,2.0,1.0,1.0,1.0,1.0,1.0,2.0,2.0,3.0,2.0,3.0,4.0,3.0,4.0,3.0,1.0,3.0,3.0,1.0,1.0,2.2,1.0,2.4,3.5,1.8,4,13,2.18,0,40.63947047,15.8051495
MBRFZ6500C,"Istituto Professionale Servizi Per Sanita' E Assistenza Sociale ""Leone Dehon""",Monza,Monza E Della Brianza,Lombardia,Nord Ovest,"Liceo, Professionale",ND,Non Metropolitano,II Grado,Via Appiani 1,20900,segreteria.didattica@istitutoleonedehon.it,segreteria@pec.istitutoleonedehon.it,www.istitutoleonedehon.it,Paritaria,ok,analysis_results/MBRFZ6500C_PTOF_analysis.json,1.0,3.0,5.0,5.0,6.0,6.0,6.0,4.0,5.0,3.0,5.0,5.0,6.0,5.0,4.0,5.0,6.0,3.0,4.0,5.0,4.0,5.0,5.0,6.0,4.0,5.6,4.25,5.0,4.5,4.8,33,28,4.83,0,45.58439043,9.27358247
TOAA8BP018,"I.C. Pinerolo Iii - ""Andersen""",Pinerolo,Torino,Piemonte,Nord Ovest,Infanzia,Scuola Infanzia,Metropolitano,Infanzia,Via Baden Powell 5,10064,toic8bp00b@istruzione.it,ND,www.icpinerolo3.edu.it,Statale,ok,analysis_results/TOAA8BP018_PTOF_analysis.json,0.0,5.0,3.0,3.0,2.0,5.0,4.0,2.0,5.0,2.0,4.0,3.0,4.0,5.0,2.0,4.0,3.0,3.0,2.0,3.0,3.0,4.0,5.0,4.0,4.0,3.4,3.25,3.6,2.75,4.0,5,3,3.4,0,44.88733486,7.33200099
MITL485005,Bazzi Carlo,Milano,Milano,Lombardia,Nord Ovest,"Liceo, Professionale, Tecnico",ND,Metropolitano,II Grado,Via Cappuccio 2,20123,info@istitutoparini.it,istitutocarlobazzi@pec.it,www.iticarlobazzi.it,Paritaria,ok,analysis_results/MITL485005_PTOF_analysis.json,1.0,5.0,4.0,4.0,4.0,3.0,4.0,3.0,3.0,1.0,3.0,3.0,4.0,4.0,3.0,4.0,4.0,3.0,3.0,4.0,4.0,5.0,2.0,3.0,3.0,3.8,2.5,3.6,3.5,3.4,23,27,3.36,0,45.46679408,9.1903474
FG1A10400P,Le Coccole,Foggia,Foggia,Puglia,Sud,Infanzia,ND,Non Metropolitano,Infanzia,Via Michele Bisceglia Snc,71100,scuolalecoccole@email.it,ND,http://conisa.it/attiaccordi.asp,Paritaria,ok,analysis_results/FG1A10400P_PTOF_analysis.json,0.0,1.0,5.0,5.0,4.0,5.0,4.0,0.0,5.0,0.0,0.0,5.0,0.0,5.0,0.0,3.0,4.0,3.0,3.0,3.0,1.0,4.0,4.0,1.0,3.0,4.6,5.0,4.33,3.25,2.6,17,24,3.96,0,41.46226862,15.54305185
PNPS9G5000,"Liceo Scientifico Opzione Scienze Applicate Paritario ""E. Vendramini""",Pordenone,Pordenone,Friuli-Venezia G.,Nord Est,"I Grado, Liceo, Primaria, Professionale",ND,Non Metropolitano,II Grado,Via Beata Elisabetta Vendramini 2,33170,segreterie@vendraminiscuole.it,segreteria@pec.vendraminiscuole.it,www.vendraminiscuole.it,Paritaria,ok,analysis_results/PNPS9G5000_PTOF_analysis.json,1.0,3.0,4.0,4.0,4.0,4.0,4.0,4.0,4.0,3.0,4.0,4.0,4.0,4.0,4.0,4.0,5.0,3.0,3.0,4.0,5.0,5.0,1.0,1.0,4.0,4.0,3.75,4.0,3.75,3.2,23,25,3.74,0,45.95443546,12.66002911
NATF25500E,Centro Scolastico Dante Alighieri,Quarto,Napoli,Campania,Sud,"I Grado, Infanzia, Primaria",ND,Metropolitano,II Grado,Via Campana 383,80010,info@istitutidantealighieri.it,ND,ND,Paritaria,ok,analysis_results/NATF25500E_PTOF_analysis.json,0.0,2.0,2.0,2.0,2.0,2.0,2.0,2.0,4.0,1.0,2.0,4.0,2.0,4.0,2.0,3.0,2.0,3.0,2.0,3.0,3.0,4.0,2.0,2.0,3.0,2.0,2.25,3.0,2.5,2.8,6,2,2.51,0,40.87770075,14.14350978
RIAA828023,Fraz. Vazia,Rieti,Rieti,Lazio,Centro,Infanzia,ND,Non Metropolitano,Infanzia,Via F. M. Malfatti,02010,riic828005@istruzione.it,ND,www.icaldamerini.edu.it,Statale,ok,analysis_results/RIAA828023_PTOF_analysis.json,1.0,5.0,5.0,5.0,3.0,5.0,5.0,5.0,5.0,5.0,5.0,5.0,5.0,5.0,5.0,5.0,5.0,2.0,5.0,5.0,4.0,5.0,1.0,4.0,4.0,4.6,5.0,5.0,4.25,3.6,19,19,4.49,0,42.40488444,12.86205941
BNCT711009,Ctp San Salvatore Telesino,Amorosi,Benevento,Campania,Sud,"Liceo, Tecnico",ND,Non Metropolitano,II Grado,Via Bagni,82023,bnmm09000e@istruzione.it,mtis01700x@pec.istruzione.it,https//www.cpiabenevento.edu.it/,Statale,ok,analysis_results/BNCT711009_PTOF_analysis.json,1.0,3.0,4.0,4.0,4.0,4.0,4.0,3.0,3.0,3.0,3.0,3.0,4.0,4.0,3.0,3.0,4.0,3.0,4.0,4.0,4.0,4.0,1.0,3.0,3.0,4.0,3.0,3.4,3.75,3.0,15,33,3.43,0,41.20530843,14.46115943
GOPC009014,Liceo Linguistico Buonarroti,Monfalcone,Gorizia,Friuli-Venezia G.,Nord Est,Liceo,ND,Non Metropolitano,II Grado,Viale O. Cosulich 6,34074,gois00900r@istruzione.it,ND,www.liceomonfalcone.it,Statale,ok,analysis_results/GOPC009014_PTOF_analysis.json,0.0,0.0,2.0,2.0,3.0,2.0,2.0,3.0,2.0,1.0,1.0,1.0,1.0,1.0,1.0,1.0,1.0,2.0,1.0,2.0,1.0,1.0,1.0,1.0,1.0,2.2,1.75,1.0,1.5,1.0,10,2,1.49,0,45.8092332,13.53264669
UDPS0G500U,"Liceo Scientifico Opzione Scienze Applicate ""A. Volta""",Udine,Udine,Friuli-Venezia G.,Nord Est,"I Grado, Infanzia, Liceo, Primaria, Tecnico",ND,Non Metropolitano,II Grado,Viale Ungheria 22,33100,info@istitutovolta.it,didattica.volta@pec.intercomsolutions.it,www.centrostudivolta.it,Paritaria,ok,analysis_results/UDPS0G500U_PTOF_analysis.json,1.0,3.0,5.0,5.0,7.0,5.0,7.0,4.0,5.0,3.0,5.0,4.0,5.0,4.0,3.0,4.0,5.0,3.0,3.0,5.0,1.0,3.0,1.0,1.0,4.0,5.8,4.25,4.0,4.0,2.0,17,18,4.01,0,46.06255516,13.23483835
UDAA83102N,Premariacco/Ipplis,Premariacco,Udine,Friuli-Venezia G.,Nord Est,Infanzia,ND,Non Metropolitano,Infanzia,Piazza Della Vittoria 5,33040,udic83100q@istruzione.it,ND,www.icpremariacco.it,Statale,ok,analysis_results/UDAA83102N_PTOF_analysis.json,0.0,2.0,2.0,2.0,2.0,3.0,2.0,2.0,2.0,2.0,3.0,2.0,2.0,2.0,2.0,3.0,3.0,3.0,2.0,3.0,2.0,2.0,2.0,2.0,2.0,2.2,2.25,2.2,2.75,2.0,3,1,2.28,0,46.05896873,13.39425309
RMIC8FN00P,Ic Viale Vega,Roma,Roma,Lazio,Centro,"Infanzia, Primaria",ND,Metropolitano,"Infanzia, Primaria",V.Le Vega 91,00122,rmic8fn00p@istruzione.it,rmic8fn00p@pec.istruzione.it,www.comprensivovega.edu.it,Statale,ok,analysis_results/RMIC8FN00P_PTOF_analysis.json,0.0,0.0,3.0,3.0,1.0,1.0,1.0,1.0,1.0,1.0,1.0,2.0,2.0,3.0,1.0,3.0,4.0,3.0,3.0,3.0,1.0,2.0,2.0,1.0,1.0,1.8,1.0,2.2,3.25,1.4,4,12,1.93,0,41.89277044,12.48366723
TAPS021014,Liceo Scientifico Sez.Indirizzo Sportivo,Palagiano,Taranto,Puglia,Sud,Liceo,Liceo Scientifico,Non Metropolitano,II Grado,Via Della Pace,74013,tais02100n@istruzione.it,ND,https//www.iissquintoorazioflacco.it,Statale,ok,analysis_results/TAPS021014_PTOF_analysis.json,0.0,1.0,3.0,3.0,2.0,3.0,2.0,3.0,4.0,2.0,2.0,2.0,3.0,3.0,2.0,2.0,3.0,3.0,2.0,2.0,3.0,3.0,2.0,2.0,2.0,2.6,2.75,2.4,2.5,2.4,7,0,2.53,0,40.57850783,17.03719997
AQMM84101N,Scuola Sec.I Grado C.Corradini,Avezzano,L'Aquila,Abruzzo,Sud,I Grado,ND,Non Metropolitano,I Grado,Via Corradini N. 132,67051,aqic84100l@istruzione.it,aqic84100l@pec.istruzione.it,www.corradinipomilio.edu.it,Statale,ok,analysis_results/AQMM84101N_PTOF_analysis.json,1.0,3.0,5.0,5.0,5.0,5.0,5.0,5.0,5.0,5.0,5.0,5.0,5.0,5.0,5.0,5.0,5.0,5.0,5.0,5.0,5.0,5.0,5.0,5.0,5.0,5.0,5.0,5.0,5.0,5.0,66,31,5.0,1,42.03068032,13.4267507
RMMM8BZ01D,Leonardo Da Vinci,Roma,Roma,Lazio,Centro,I Grado,ND,Metropolitano,I Grado,Viale Della Grande Muraglia 37,00144,rmic8bz00c@istruzione.it,ND,www.icleonardodavinci.edu.it,Statale,ok,analysis_results/RMMM8BZ01D_PTOF_analysis.json,0.0,3.0,5.0,3.0,5.0,3.0,5.0,3.0,5.0,3.0,4.0,4.0,4.0,5.0,4.0,5.0,4.0,5.0,4.0,4.0,0.0,0.0,0.0,0.0,0.0,4.2,3.75,4.4,4.25,0.0,2,0,4.15,0,41.89277044,12.48366723
SA1M0B500F,Scuola Del Mediterraneo,Salerno,Salerno,Campania,Sud,I Grado,ND,Non Metropolitano,I Grado,Via Salvador Allende 66,84100,segreteria@scuoladelmediterraneo.it,fondazionevolano@pec.it,www.scuoladelmediterraneo.it,Paritaria,ok,analysis_results/SA1M0B500F_PTOF_analysis.json,0.0,0.0,5.0,5.0,5.0,5.0,5.0,5.0,3.0,3.0,5.0,3.0,5.0,5.0,4.0,5.0,5.0,5.0,5.0,5.0,0.0,0.0,0.0,0.0,0.0,5.0,4.0,4.4,5.0,0.0,2,52,4.6,0,40.67821959,14.75940296
CSIS051007,"Iis Cosenza ""Ipss-Itas""",Cosenza,Cosenza,Calabria,Sud,"I Grado, Infanzia, Professionale",ND,Non Metropolitano,II Grado,Via Bosco De Nicola Xiv Strada,87100,csis051007@istruzione.it,csis051007@pec.istruzione.it,www.davincinitticosenza.gov.it,Statale,ok,analysis_results/CSIS051007_PTOF_analysis.json,0.0,2.0,2.0,2.0,2.0,3.0,2.0,2.0,2.0,2.0,3.0,2.0,2.0,2.0,2.0,3.0,2.0,3.0,2.0,2.0,2.0,2.0,2.0,2.0,2.0,2.2,2.25,2.2,2.25,2.0,3,1,2.18,0,39.29308673,16.25609864
SRPS02301R,L. Scient.-Class-Ling-Sc.Umane Majorana,Avola,Siracusa,Sicilia,Isole,Liceo,Liceo Scientifico,Non Metropolitano,II Grado,Via Labriola2,96012,sris02300a@istruzione.it,ND,www.istitutomajoranaavola.it,Statale,ok,analysis_results/SRPS02301R_PTOF_analysis.json,0.0,1.0,3.0,3.0,4.0,3.0,3.0,3.0,4.0,1.0,3.0,4.0,3.0,3.0,3.0,4.0,4.0,3.0,2.0,4.0,2.0,2.0,1.0,3.0,2.0,3.2,2.75,3.4,3.25,2.0,7,2,2.92,0,36.90839155,15.13544392
AR1E002001,Scuola Elementare Paritaria 'Maria Consolatrice',Arezzo,Arezzo,Toscana,Centro,Primaria,Scuola Primaria Non Statale,Non Metropolitano,Primaria,Via Della Minerva12,52100,segreteria@scuolamariaconsolatrice.com,scuola@pec.it,www.scuolamariaconsolatrice.it,Paritaria,ok,analysis_results/AR1E002001_PTOF_analysis.json,0.0,1.0,4.0,4.0,3.0,4.0,2.0,2.0,4.0,1.0,3.0,5.0,3.0,4.0,3.0,3.0,4.0,5.0,4.0,4.0,5.0,5.0,4.0,2.0,4.0,3.4,2.5,3.6,4.25,4.0,15,16,3.55,0,43.46642752,11.88228845
GETF01601X,I.Tecnico Gastaldi/Abba,Genova,Genova,Liguria,Nord Ovest,Tecnico,ND,Metropolitano,II Grado,Via Dino Col 32,16149,geis01600b@istruzione.it,ND,https//www.gastaldi-abba.edu.it/,Statale,ok,analysis_results/GETF01601X_PTOF_analysis.json,0.0,5.0,5.0,5.0,5.0,4.0,5.0,3.0,3.0,2.0,4.0,3.0,5.0,4.0,3.0,4.0,6.0,4.0,4.0,5.0,3.0,4.0,3.0,3.0,3.0,4.8,3.0,3.8,4.75,3.2,4,22,3.91,0,44.41149314,8.9326992
CE1A06400C,New School Kid'S Club,Lusciano,Caserta,Campania,Sud,Infanzia,ND,Non Metropolitano,Infanzia,Via Federico Fellini 10 Lusciano (Ce) 81030,81030,scuola.kidsclub@tiscali.it,ND,ND,Paritaria,ok,analysis_results/CE1A06400C_PTOF_analysis.json,0.0,0.0,3.0,3.0,2.0,1.0,1.0,1.0,1.0,1.0,1.0,2.0,2.0,3.0,1.0,3.0,4.0,3.0,3.0,3.0,1.0,3.0,3.0,1.0,1.0,2.0,1.0,2.2,3.25,1.8,4,14,2.05,0,40.96967738,14.19168991
KREE80306Q,"Crotone ""Albani""",Crotone,Crotone,Calabria,Sud,Primaria,ND,Non Metropolitano,Primaria,Via Cutro 114,88900,ND,ND,wwwicpapanice.edu.it,Statale,ok,analysis_results/KREE80306Q_PTOF_analysis.json,0.0,0.0,2.0,2.0,2.0,3.0,2.0,2.0,2.0,2.0,3.0,2.0,2.0,2.0,2.0,3.0,2.0,3.0,2.0,2.0,2.0,2.0,2.0,2.0,2.0,2.2,2.25,2.2,2.25,2.0,3,1,2.18,0,39.08036861,17.12539245
PREE83903A,Loc. Solignano Cpl.,Solignano,Parma,Emilia Romagna,Nord Est,Primaria,ND,Non Metropolitano,Primaria,Via Capoluogo N. 3,43040,pric839006@istruzione.it,ND,www.icfornovo.it/,Statale,ok,analysis_results/PREE83903A_PTOF_analysis.json,1.0,3.0,2.0,2.0,1.0,2.0,1.0,2.0,2.0,2.0,2.0,2.0,2.0,2.0,2.0,0.0,2.0,1.0,2.0,2.0,2.0,2.0,1.0,2.0,2.0,1.6,2.0,2.0,1.75,1.8,3,0,1.83,0,44.61511003,9.97940192
GEMM81002A,I.C. -S.M.S. Di Casarza Ligure,Casarza Ligure,Genova,Liguria,Nord Ovest,I Grado,ND,Metropolitano,I Grado,Via Castello 16,16030,geic810008@istruzione.it,ND,www.icdeandre.edu.it,Statale,ok,analysis_results/GEMM81002A_PTOF_analysis.json,1.0,3.0,5.0,5.0,5.0,5.0,5.0,5.0,5.0,4.0,4.0,5.0,5.0,5.0,4.0,4.0,5.0,2.0,4.0,4.0,4.0,4.0,1.0,4.0,3.0,5.0,4.5,4.6,3.75,3.2,18,10,4.21,0,44.27462061,9.45345696
PZAA84811L,Galdo,Lauria,Potenza,Basilicata,Sud,Infanzia,ND,Non Metropolitano,Infanzia,Contrada Galdo,85044,pvps05000q@istruzione.it,pvps05000q@pec.istruzione.it,www.iscolentini.edu.it,Statale,ok,analysis_results/PZAA84811L_PTOF_analysis.json,1.0,3.0,4.0,4.0,4.0,4.0,4.0,3.0,4.0,3.0,3.0,4.0,4.0,4.0,4.0,4.0,4.0,2.0,4.0,4.0,1.0,3.0,1.0,1.0,1.0,4.0,3.25,4.0,3.5,1.4,14,45,3.23,0,40.04728639,15.83691374
BOAA85601G,Ponticelli,Imola,Bologna,Emilia Romagna,Nord Est,Infanzia,Scuola Infanzia,Metropolitano,Infanzia,Via Punta 86/P,40026,boic85600p@istruzione.it,ND,www.ic7imola.gov.it,Statale,ok,analysis_results/BOAA85601G_PTOF_analysis.json,0.0,0.0,2.0,2.0,2.0,3.0,2.0,2.0,2.0,2.0,3.0,2.0,2.0,2.0,2.0,3.0,2.0,3.0,2.0,2.0,3.0,3.0,2.0,2.0,2.0,2.2,2.25,2.2,2.25,2.4,3,1,2.26,0,44.35307392,11.71415595
TP1AQP500O,La Fabbrica Dei Sogni,Mazara Del Vallo,Trapani,Sicilia,Isole,Infanzia,ND,Non Metropolitano,Infanzia,Via Vincenzo Leto N. 12,91026,lafabbrica-deisogni@libero.it,samcoopperativa@pec.it,ND,Paritaria,ok,analysis_results/TP1AQP500O_PTOF_analysis.json,0.0,2.0,3.0,3.0,4.0,3.0,2.0,5.0,4.0,1.0,3.0,2.0,3.0,4.0,1.0,4.0,3.0,3.0,2.0,3.0,3.0,4.0,2.0,1.0,3.0,3.0,3.25,2.8,2.75,2.6,4,3,2.88,0,37.65134848,12.58972014
CTTF030517,Cannizzaro,Catania,Catania,Sicilia,Isole,Tecnico,Istituto Tecnico Industriale,Metropolitano,II Grado,Via Carlo Pisacane 1,95122,cttf03000r@istruzione.it,ND,www.cannizzaroct.it,Statale,ok,analysis_results/CTTF030517_PTOF_analysis.json,0.0,5.0,6.0,6.0,4.0,5.0,5.0,4.0,6.0,4.0,5.0,5.0,6.0,5.0,4.0,5.0,5.0,6.0,4.0,5.0,5.0,6.0,3.0,5.0,4.0,5.2,4.75,5.0,5.0,4.6,17,4,4.91,0,37.50287801,15.08704738
NAMM88001V,V. Mennella - Lacco Ameno,Lacco Ameno,Napoli,Campania,Sud,I Grado,ND,Metropolitano,I Grado,C.So Rizzoli 118,80076,naic88000t@istruzione.it,naic88000t@pec.istruzione.it,www.icmennella.it,Statale,ok,analysis_results/NAMM88001V_PTOF_analysis.json,1.0,7.0,6.0,6.0,7.0,7.0,7.0,6.0,7.0,3.0,6.0,5.0,6.0,6.0,3.0,4.0,6.0,3.0,3.0,6.0,4.0,4.0,3.0,3.0,3.0,6.6,5.5,4.8,4.5,3.4,14,20,4.96,0,40.75451533,13.88438822
PZMM701017,Sede Carceraria Primo Grado Melfi,Melfi,Potenza,Basilicata,Sud,I Grado,ND,Non Metropolitano,I Grado,ND,ND,pzis007006@istruzione.it,pzis007006@pec.istruzione.it,www.iisrighetti-melfi.edu.it,Statale,ok,analysis_results/PZMM701017_PTOF_analysis.json,1.0,3.0,5.0,5.0,5.0,5.0,5.0,5.0,5.0,5.0,5.0,5.0,5.0,5.0,5.0,5.0,5.0,5.0,5.0,5.0,5.0,5.0,5.0,5.0,5.0,5.0,5.0,5.0,5.0,5.0,30,37,5.0,1,40.99443652,15.65291477
FEAA81904E,Penzale,Cento,Ferrara,Emilia Romagna,Nord Est,Infanzia,ND,Non Metropolitano,Infanzia,Via Penzale 27/1,44042,feic81900e@istruzione.it,ND,https//www.gpascolicento.edu.it/,Statale,ok,analysis_results/FEAA81904E_PTOF_analysis.json,0.0,0.0,3.0,3.0,2.0,4.0,2.0,1.0,4.0,1.0,2.0,4.0,5.0,5.0,4.0,4.0,6.0,4.0,5.0,4.0,1.0,5.0,5.0,1.0,4.0,2.8,2.0,4.4,4.75,3.2,4,6,3.43,0,44.72755647,11.29060992
BOIC88400V,Ic Di Loiano - Monghidoro,Monghidoro,Bologna,Emilia Romagna,Nord Est,"Infanzia, Primaria",ND,Metropolitano,"Infanzia, Primaria",Via Michele Dei Ramazzotti 24,40063,boic88400v@istruzione.it,boic88400v@pec.istruzione.it,www.icloianomonghidoro.gov.it,Statale,ok,analysis_results/BOIC88400V_PTOF_analysis.json,0.0,1.0,5.0,5.0,4.0,1.0,1.0,1.0,4.0,1.0,1.0,3.0,4.0,5.0,0.0,1.0,5.0,3.0,3.0,4.0,4.0,5.0,3.0,1.0,4.0,3.2,1.75,3.25,3.75,3.4,34,19,3.07,0,44.21944409,11.31663057
GOTD00401X,Ziga Zois (Lingua Slovena),Gorizia,Gorizia,Friuli-Venezia G.,Nord Est,Tecnico,ND,Non Metropolitano,II Grado,Via Puccini 14,34170,gois00400n@istruzione.it,ND,www.potep.edu.it,Statale,ok,analysis_results/GOTD00401X_PTOF_analysis.json,0.0,2.0,2.0,2.0,2.0,2.0,2.0,2.0,2.0,2.0,2.0,2.0,2.0,2.0,2.0,2.0,3.0,2.0,2.0,2.0,2.0,2.0,2.0,2.0,2.0,2.0,2.0,2.0,2.25,2.0,0,1,2.05,0,45.94149817,13.62212511
CEAA855014,Casaluce -Tever.-,Casaluce,Caserta,Campania,Sud,Infanzia,ND,Non Metropolitano,Infanzia,Via S.Allende,81030,ceic855007@istruzione.it,ND,www.iccasaluce.edu.it,Statale,ok,analysis_results/CEAA855014_PTOF_analysis.json,0.0,2.0,2.0,2.0,2.0,3.0,2.0,2.0,2.0,2.0,3.0,2.0,2.0,2.0,2.0,3.0,2.0,3.0,2.0,2.0,3.0,3.0,2.0,2.0,2.0,2.2,2.25,2.2,2.25,2.4,3,2,2.26,0,41.00234452,14.19437506
FREE814026,Scuola Elementare Vallecorsa,Vallecorsa,Frosinone,Lazio,Centro,Primaria,ND,Non Metropolitano,Primaria,Via Lauretti,03020,fric814003@istruzione.it,ND,iccastro.altervista.org,Statale,ok,analysis_results/FREE814026_PTOF_analysis.json,0.0,2.0,2.0,2.0,2.0,3.0,2.0,2.0,2.0,2.0,3.0,2.0,2.0,2.0,2.0,3.0,2.0,3.0,2.0,2.0,3.0,3.0,2.0,2.0,2.0,2.2,2.25,2.2,2.25,2.4,3,1,2.26,0,41.44465676,13.40576692
MIEE8EL023,Primaria Salvador Allende,Garbagnate Milanese,Milano,Lombardia,Nord Ovest,Primaria,Scuola Primaria,Metropolitano,Primaria,Via Milano 127,20024,miic8el00x@istruzione.it,ND,www.icfutura.edu.it,Statale,ok,analysis_results/MIEE8EL023_PTOF_analysis.json,0.0,5.0,3.0,3.0,2.0,5.0,4.0,5.0,5.0,1.0,4.0,5.0,4.0,5.0,3.0,6.0,3.0,5.0,2.0,4.0,2.0,3.0,2.0,3.0,3.0,3.4,3.75,4.6,3.5,2.6,13,4,3.57,0,45.57560674,9.07748677
VEAA86301Q,J.Piaget,San Stino Di Livenza,Venezia,Veneto,Nord Est,Infanzia,ND,Metropolitano,Infanzia,Via Papa Giovanni Xxiii? 8/A,30029,veic86300v@istruzione.it,ND,www.icsanstino.gov.it,Statale,ok,analysis_results/VEAA86301Q_PTOF_analysis.json,0.0,2.0,3.0,3.0,3.0,4.0,3.0,3.0,5.0,2.0,3.0,5.0,3.0,4.0,2.0,5.0,3.0,5.0,2.0,4.0,4.0,5.0,4.0,3.0,4.0,3.2,3.25,3.8,3.5,4.0,24,10,3.55,0,45.73053829,12.67956354
CAEE80804C,Pabillonis,Pabillonis,Sud Sardegna,Sardegna,Isole,Primaria,ND,Non Metropolitano,Primaria,Via Boccaccio N? 2,09030,ND,ND,icgonnosfanadiga.it,Statale,ok,analysis_results/CAEE80804C_PTOF_analysis.json,0.0,0.0,2.0,2.0,2.0,3.0,2.0,2.0,2.0,2.0,3.0,2.0,2.0,2.0,2.0,3.0,2.0,3.0,2.0,2.0,2.0,2.0,2.0,2.0,2.0,2.2,2.25,2.2,2.25,2.0,3,1,2.18,0,39.5957205,8.71932655
PARH8S500B,Seneca,Palermo,Palermo,Sicilia,Isole,"Infanzia, Primaria",Scuola Sec. Secondo Grado Non Statale,Metropolitano,II Grado,Via Perpignano 13,90135,mitto@istitutoseneca.it,ND,ND,Paritaria,ok,analysis_results/PARH8S500B_PTOF_analysis.json,0.0,2.0,3.0,4.0,2.0,3.0,2.0,1.0,3.0,1.0,2.0,3.0,4.0,5.0,2.0,4.0,5.0,3.0,6.0,4.0,2.0,4.0,4.0,1.0,3.0,2.8,1.75,3.6,4.5,2.8,3,2,3.09,0,38.11569725,13.36235675
MTEE82803A,Scuola Ospedaliera-Fermi Matera,Matera,Matera,Basilicata,Sud,Primaria,ND,Non Metropolitano,Primaria,Via Fermi,75100,mtic828006@istruzione.it,rmtf040002@pec.istruzione.it,www.ic4matera.gov.it,Statale,ok,analysis_results/MTEE82803A_PTOF_analysis.json,1.0,5.0,3.0,3.0,3.0,3.0,3.0,4.0,3.0,3.0,3.0,3.0,3.0,3.0,2.0,3.0,3.0,2.0,2.0,3.0,3.0,3.0,3.0,3.0,3.0,3.0,3.25,2.8,2.5,3.0,43,35,2.91,0,40.66751166,16.59792694
MNAA80701G,Gozzolina,Castiglione Delle Stiviere,Mantova,Lombardia,Nord Ovest,Infanzia,ND,Non Metropolitano,Infanzia,Via Paiassi,46043,mnic80700p@istruzione.it,ND,http//www.iccastiglione2.gov.it,Statale,ok,analysis_results/MNAA80701G_PTOF_analysis.json,0.0,1.0,2.0,2.0,1.0,2.0,1.0,2.0,3.0,1.0,1.0,2.0,1.0,1.0,2.0,1.0,3.0,3.0,2.0,3.0,2.0,4.0,1.0,1.0,5.0,1.6,1.75,1.4,2.75,2.6,3,1,2.02,0,45.3864959,10.49104943
CTAA84702C,S.Cuore,Randazzo,Catania,Sicilia,Isole,Infanzia,Scuola Infanzia,Metropolitano,Infanzia,Via Dei Romano N.2,95036,ctic84700e@istruzione.it,ND,www.icdeamicisrandazzo.it,Statale,ok,analysis_results/CTAA84702C_PTOF_analysis.json,0.0,2.0,3.0,2.0,3.0,3.0,3.0,1.0,3.0,1.0,2.0,2.0,3.0,4.0,1.0,2.0,2.0,3.0,1.0,2.0,1.0,4.0,1.0,1.0,1.0,2.8,1.75,2.4,2.0,1.6,5,4,2.11,0,37.87790854,14.94605369
NA1E05400N,Ente Religioso Figlie Di Maria Ausiliatrice,Napoli,Napoli,Campania,Sud,Primaria,Scuola Primaria Non Statale,Metropolitano,Primaria,Ist. Salesiane Di Don Bosco - Via E. Alvino9,80127,segreteriama.ma@fma-imr.it,ND,www.mariaausiliatrice.net,Paritaria,ok,analysis_results/NA1E05400N_PTOF_analysis.json,0.0,4.0,3.0,3.0,4.0,3.0,3.0,2.0,4.0,1.0,4.0,3.0,4.0,4.0,2.0,3.0,3.0,4.0,2.0,4.0,4.0,5.0,3.0,2.0,4.0,3.2,2.75,3.2,3.25,3.6,6,2,3.2,0,40.83956554,14.25085002
UDIC85300L,Ist. Comp. Gemona Del Friuli,Gemona Del Friuli,Udine,Friuli-Venezia G.,Nord Est,"I Grado, Infanzia, Professionale",ND,Non Metropolitano,"I Grado, II Grado, Infanzia",Via Dei Pioppi 45,33013,udic85300l@istruzione.it,udic85300l@pec.istruzione.it,www.icgemona.it,Statale,ok,analysis_results/UDIC85300L_PTOF_analysis.json,0.0,2.0,2.0,2.0,2.0,3.0,2.0,2.0,2.0,2.0,3.0,2.0,2.0,2.0,2.0,3.0,3.0,3.0,2.0,3.0,3.0,3.0,2.0,2.0,2.0,2.2,2.25,2.2,2.75,2.4,3,1,2.36,0,46.27700513,13.1397359
RMEE8B902P,Renato Posata,Civitavecchia,Roma,Lazio,Centro,Primaria,ND,Metropolitano,Primaria,Largo Caduti Di Via Fani Snc,00053,rmic8b900g@istruzione.it,ND,www.icgalicecivitavecchia.edu.it,Statale,ok,analysis_results/RMEE8B902P_PTOF_analysis.json,0.0,0.0,3.0,3.0,2.0,2.0,2.0,3.0,4.0,1.0,3.0,3.0,3.0,4.0,1.0,4.0,2.0,4.0,2.0,3.0,2.0,3.0,2.0,1.0,3.0,2.4,2.75,3.0,2.75,2.2,4,2,2.62,0,42.09212993,11.79337907
PAPS100008,Benedetto Croce,Palermo,Palermo,Sicilia,Isole,Liceo,Liceo Scientifico,Metropolitano,II Grado,Via Benfratelli 4,90134,paps100008@istruzione.it,paps100008@pec.istruzione.it,www.liceocroce.edu.it,Statale,ok,analysis_results/PAPS100008_PTOF_analysis.json,1.0,6.0,6.0,6.0,5.0,6.0,5.0,5.0,6.0,2.0,5.0,5.0,6.0,4.0,4.0,4.0,6.0,6.0,5.0,5.0,6.0,5.0,4.0,5.0,5.0,5.6,4.5,4.6,5.5,5.0,28,14,5.04,1,38.11569725,13.36235675
NAEE32000V,Villaricca 2 - G. Rodari,Villaricca,Napoli,Campania,Sud,Primaria,ND,Metropolitano,Primaria,Via Della Liberta' N. 314,80010,naee32000v@istruzione.it,naee32000v@pec.istruzione.it,https//www.secondocircolovillaricca.edu.it/,Statale,ok,analysis_results/NAEE32000V_PTOF_analysis.json,0.0,2.0,3.0,4.0,2.0,5.0,2.0,1.0,4.0,1.0,4.0,3.0,4.0,5.0,2.0,5.0,6.0,6.0,6.0,4.0,3.0,5.0,4.0,1.0,4.0,3.2,2.5,3.8,5.5,3.4,6,9,3.68,0,40.92181295,14.19481827
MIPC03000N,L. Classico - G. Carducci,Milano,Milano,Lombardia,Nord Ovest,Liceo,Liceo Classico,Metropolitano,II Grado,Via Beroldo9(Ordin.)-Via Demostene40(Succursale),20127,mipc03000n@istruzione.it,mipc03000n@pec.istruzione.it,www.liceoclassicocarducci.edu.it,Statale,ok,analysis_results/MIPC03000N_PTOF_analysis.json,1.0,3.0,5.0,5.0,4.0,5.0,4.0,4.0,5.0,3.0,5.0,4.0,6.0,5.0,3.0,5.0,5.0,6.0,4.0,5.0,5.0,6.0,5.0,5.0,5.0,4.6,4.25,4.6,5.0,5.2,19,16,4.73,0,45.46679408,9.1903474
RCPS04101N,"""Zaleuco"" Locri",Locri,Reggio Calabria,Calabria,Sud,Liceo,ND,Metropolitano,II Grado,Via Francesco Panzera,89044,ND,ND,www.lsvolta.it,Statale,ok,analysis_results/RCPS04101N_PTOF_analysis.json,1.0,3.0,4.0,4.0,4.0,4.0,4.0,3.0,4.0,3.0,3.0,3.0,3.0,3.0,3.0,3.0,4.0,2.0,3.0,3.0,3.0,3.0,3.0,1.0,3.0,4.0,3.25,3.0,3.0,2.6,15,22,3.17,0,38.2367479,16.26402974
NAAA8HH019,Somma Ves. Iii - S.M.Del Pozzo,Somma Vesuviana,Napoli,Campania,Sud,Infanzia,Scuola Infanzia,Metropolitano,Infanzia,S.M. Del Pozzo 81,80049,ND,ND,smsangiovannibosco.edu.it,Statale,ok,analysis_results/NAAA8HH019_PTOF_analysis.json,0.0,2.0,3.0,3.0,2.0,3.0,2.0,3.0,2.0,1.0,3.0,2.0,2.0,2.0,1.0,3.0,3.0,3.0,2.0,3.0,3.0,3.0,2.0,1.0,2.0,2.6,2.25,2.0,2.75,2.2,3,2,2.36,0,40.86831181,14.4397519
RMAA8D201V,Nettuno Iii - Via Delle Begonie,Nettuno,Roma,Lazio,Centro,Infanzia,ND,Metropolitano,Infanzia,Via Delle Begonie S.N.C.,00048,rmic8d2002@istruzione.it,ND,icnettunotre.gov.it,Statale,ok,analysis_results/RMAA8D201V_PTOF_analysis.json,1.0,3.0,5.0,5.0,5.0,5.0,5.0,5.0,5.0,3.0,5.0,5.0,5.0,5.0,5.0,5.0,5.0,3.0,5.0,5.0,1.0,3.0,3.0,3.0,3.0,5.0,4.5,5.0,4.5,2.6,24,14,4.32,0,41.45748878,12.66141549
AL1M00400B,Scuola Secondaria I Grado Paritaria L.R. Sacro Cuore,Casale Monferrato,Alessandria,Piemonte,Nord Ovest,I Grado,Scuola Sec. Primo Grado Non Statale,Non Metropolitano,I Grado,V.Le Ottavio Marchino 131,15033,segreteria@sacrocuorecasale.com,sacrocuore@pec.sacrocuorecasale.com,www.sacrocuorecasale.com,Paritaria,ok,analysis_results/AL1M00400B_PTOF_analysis.json,0.0,2.0,3.0,3.0,3.0,4.0,3.0,3.0,4.0,1.0,5.0,2.0,3.0,4.0,2.0,3.0,5.0,5.0,3.0,4.0,3.0,3.0,2.0,4.0,5.0,3.2,3.25,2.8,4.25,3.4,7,7,3.38,0,45.13502772,8.45260603
PZEE895021,Primaria T.P. - Ex Cd Rionero,Rionero In Vulture,Potenza,Basilicata,Sud,Primaria,ND,Non Metropolitano,Primaria,Via Fiera (Centro Sociale),85028,pzic89500t@istruzione.it,ND,www.icrionero.edu.it,Statale,ok,analysis_results/PZEE895021_PTOF_analysis.json,0.0,0.0,3.0,3.0,3.0,2.0,2.0,1.0,2.0,1.0,2.0,2.0,3.0,3.0,2.0,3.0,2.0,2.0,2.0,2.0,3.0,4.0,3.0,2.0,4.0,2.6,1.5,2.6,2.0,3.2,10,11,2.38,0,40.92699724,15.67379736
LTAA85002Q,Via Calatafimi,Latina,Latina,Lazio,Centro,Infanzia,ND,Non Metropolitano,Infanzia,Via Calatafimi,04100,ltic85000t@istruzione.it,tptd02000x@pec.istruzione.it,www.icfrezzotticorradini.gov.it,Statale,ok,analysis_results/LTAA85002Q_PTOF_analysis.json,0.0,7.0,4.0,4.0,4.0,4.0,4.0,4.0,4.0,4.0,4.0,4.0,4.0,4.0,4.0,4.0,4.0,4.0,4.0,4.0,4.0,4.0,3.0,3.0,3.0,4.0,4.0,4.0,4.0,3.4,18,34,3.88,0,41.46759464,12.90368485
PS1A041004,Il Giardino Fantastico,Pesaro,Pesaro E Urbino,Marche,Centro,Infanzia,ND,Non Metropolitano,Infanzia,Via Madonna Di Loreto,61100,maternenidi@comune.pesaro.ps.it,ND,www.comune.trieste.it,Paritaria,ok,analysis_results/PS1A041004_PTOF_analysis.json,0.0,2.0,3.0,3.0,2.0,3.0,2.0,1.0,4.0,1.0,4.0,4.0,2.0,5.0,2.0,4.0,3.0,2.0,2.0,3.0,5.0,5.0,4.0,2.0,5.0,2.6,2.5,3.4,2.5,4.2,6,3,3.04,0,43.91014021,12.91345991
RMIC8FZ002,I.C. Piazza Forlanini,Roma,Roma,Lazio,Centro,"I Grado, Infanzia, Primaria",Istituto Comprensivo,Metropolitano,"Comprensivo, I Grado, Infanzia, Primaria",P.Zza C. Forlanini,00151,rmic8fz002@istruzione.it,rmic8fz002@pec.istruzione.it,www.icpiazzaforlanini.edu.it,Statale,ok,analysis_results/RMIC8FZ002_PTOF_analysis.json,0.0,2.0,3.0,3.0,2.0,2.0,2.0,5.0,4.0,1.0,4.0,4.0,2.0,3.0,1.0,5.0,3.0,5.0,2.0,4.0,1.0,4.0,1.0,1.0,4.0,2.4,3.5,3.0,3.5,2.2,9,1,2.92,0,41.89277044,12.48366723
NAIS022002,"I.I.S.S. ""F. S. Nitti""",Napoli,Napoli,Campania,Sud,"Liceo, Professionale, Tecnico",Istituto Superiore,Metropolitano,II Grado,Via Kennedy 140.142,80125,nais022002@istruzione.it,nais022002@pec.istruzione.it,www.isnitti.edu.it,Statale,ok,analysis_results/NAIS022002_PTOF_analysis.json,0.0,5.0,4.0,4.0,5.0,4.0,5.0,5.0,5.0,4.0,5.0,5.0,4.0,5.0,3.0,5.0,5.0,3.0,4.0,5.0,4.0,5.0,3.0,4.0,4.0,4.4,4.75,4.4,4.25,4.0,32,7,4.36,0,40.83956554,14.25085002
CEPM010008,"Liceo ""A. Manzoni"".",Caserta,Caserta,Campania,Sud,"I Grado, Infanzia, Professionale",ND,Non Metropolitano,"I Grado, II Grado, Infanzia",Via A. De Gasperi,81100,cepm010008@istruzione.it,cepm010008@pec.istruzione.it,www.liceomanzonicaserta.edu.it,Statale,ok,analysis_results/CEPM010008_PTOF_analysis.json,0.0,0.0,2.0,2.0,2.0,3.0,2.0,2.0,2.0,2.0,3.0,2.0,2.0,2.0,2.0,3.0,2.0,4.0,2.0,3.0,3.0,3.0,2.0,2.0,2.0,2.2,2.25,2.2,2.75,2.4,3,1,2.36,0,41.07465878,14.33240485
RMIC8B200R,Orsa Maggiore,Roma,Roma,Lazio,Centro,"Infanzia, Primaria",ND,Metropolitano,"Infanzia, Primaria",Via Orsa Maggiore 112,00144,rmic8b200r@istruzione.it,rmic8b200r@pec.istruzione.it,https//www.icorsamaggiore.edu.it/,Statale,ok,analysis_results/RMIC8B200R_PTOF_analysis.json,0.0,1.0,3.0,3.0,1.0,1.0,1.0,1.0,1.0,1.0,1.0,2.0,2.0,3.0,1.0,3.0,4.0,3.0,3.0,3.0,1.0,3.0,3.0,1.0,0.0,1.8,1.0,2.2,3.25,2.0,4,12,2.05,0,41.89277044,12.48366723
RMIC8CD003,Giacomo Matteotti,Cave,Roma,Lazio,Centro,"I Grado, Infanzia, Professionale",Istituto Comprensivo,Metropolitano,"I Grado, II Grado, Infanzia",Via G.Matteotti 11,00033,rmic8cd003@istruzione.it,rmic8cd003@pec.istruzione.it,www.iccave.gov.it,Statale,ok,analysis_results/RMIC8CD003_PTOF_analysis.json,0.0,2.0,3.0,3.0,2.0,3.0,2.0,2.0,2.0,1.0,3.0,2.0,2.0,2.0,1.0,3.0,3.0,4.0,2.0,3.0,3.0,3.0,2.0,2.0,2.0,2.6,2.0,2.0,3.0,2.4,3,1,2.4,0,41.81808415,12.93178739
MIAA872038,Infanzia Morimondo,Morimondo,Milano,Lombardia,Nord Ovest,Infanzia,Scuola Infanzia,Metropolitano,Infanzia,Via Comolli,20081,miic872009@istruzione.it,ND,www.icmottavisconti.it,Statale,ok,analysis_results/MIAA872038_PTOF_analysis.json,0.0,0.0,2.0,2.0,2.0,3.0,2.0,2.0,2.0,2.0,3.0,2.0,2.0,2.0,1.0,3.0,2.0,3.0,2.0,2.0,2.0,2.0,2.0,2.0,2.0,2.2,2.25,2.0,2.25,2.0,3,1,2.14,0,45.35379301,8.95607819
BOEE80604V,"""Pace Libera Tutti"" - Mascarino",Castello D'Argile,Bologna,Emilia Romagna,Nord Est,Primaria,ND,Metropolitano,Primaria,Via Primaria 38,40050,boic80600n@istruzione.it,boic80600n@pec.istruzione.it,www.iccavicchi.edu.it/,Statale,ok,analysis_results/BOEE80604V_PTOF_analysis.json,1.0,2.0,4.0,4.0,4.0,4.0,4.0,4.0,4.0,3.0,4.0,5.0,5.0,5.0,4.0,5.0,4.0,3.0,4.0,4.0,4.0,4.0,1.0,3.0,3.0,4.0,3.75,4.8,3.75,3.0,9,18,3.86,0,44.68123191,11.29660018
RM1A47900E,Sommovigo,Roma,Roma,Lazio,Centro,Infanzia,Scuola Infanzia Non Statale,Metropolitano,Infanzia,Via Sommovigo,00100,marina.diamanti@comune.roma.it,ND,ND,Paritaria,ok,analysis_results/RM1A47900E_PTOF_analysis.json,0.0,1.0,3.0,4.0,2.0,4.0,2.0,1.0,3.0,1.0,3.0,3.0,4.0,5.0,3.0,5.0,4.0,4.0,5.0,4.0,2.0,4.0,3.0,1.0,3.0,3.0,2.0,4.0,4.25,2.6,3,2,3.17,0,41.89277044,12.48366723
RCEE825017,"Scuola Primaria ""G Carretta""",San Ferdinando,Reggio Calabria,Calabria,Sud,Primaria,ND,Metropolitano,Primaria,Via San Cataldo,89026,rcic825005@istruzione.it,rcic825005@pec.istruzione.it,www.icmarvisivizzone.gov.it,Statale,ok,analysis_results/RCEE825017_PTOF_analysis.json,1.0,7.0,5.0,5.0,6.0,5.0,6.0,5.0,6.0,5.0,5.0,5.0,5.0,5.0,5.0,5.0,5.0,5.0,5.0,5.0,4.0,5.0,3.0,4.0,6.0,5.4,5.25,5.0,5.0,4.4,19,27,5.01,1,38.48384424,15.91565813
TS1M003003,Scuola Secondaria I Grado Paritaria European School Of Trieste,Trieste,Trieste,Friuli-Venezia G.,Nord Est,I Grado,ND,Non Metropolitano,I Grado,V.Ovidio 4/9,34100,segreteria@europeanschooloftrieste.it,europeanschool@pec.it,www.europeanschooloftrieste.it,Paritaria,ok,analysis_results/TS1M003003_PTOF_analysis.json,1.0,2.0,3.0,3.0,2.0,4.0,2.0,2.0,3.0,1.0,2.0,3.0,3.0,4.0,2.0,3.0,3.0,3.0,2.0,3.0,2.0,3.0,2.0,1.0,2.0,2.8,2.0,3.0,2.75,2.0,4,3,2.51,0,45.6494354,13.7681366
PATD01701N,"""G. Salerno""",Gangi,Palermo,Sicilia,Isole,Tecnico,Istituto Tecnico Commerciale,Metropolitano,II Grado,Via Rocco Chinnici S.N.C,90024,pais01700b@istruzione.it,ND,www.isisgangi.edu.it,Statale,ok,analysis_results/PATD01701N_PTOF_analysis.json,0.0,5.0,4.0,4.0,5.0,5.0,4.0,5.0,5.0,3.0,4.0,5.0,5.0,5.0,4.0,6.0,4.0,3.0,3.0,4.0,5.0,6.0,3.0,4.0,5.0,4.4,4.25,5.0,3.5,4.6,15,17,4.35,0,37.7981533,14.20524912
SSRI022502,"""N.Ferracciu"" - Corso Serale -",Calangianus,Sassari,Sardegna,Isole,"I Grado, Infanzia, Professionale",Ist Prof Industria E Artigianato,Non Metropolitano,"I Grado, II Grado, Infanzia",ND,ND,ssis022002@istruzione.it,ND,https//www.iistcgdongavinopes.edu.it/,Statale,ok,analysis_results/SSRI022502_PTOF_analysis.json,0.0,2.0,2.0,2.0,2.0,3.0,2.0,2.0,2.0,2.0,3.0,2.0,2.0,2.0,1.0,3.0,2.0,4.0,2.0,3.0,3.0,3.0,2.0,2.0,2.0,2.2,2.25,2.0,2.75,2.4,3,1,2.32,0,40.92314505,9.19233471
CHEE834011,L. Martella-Ic Rossetti Vasto,Vasto,Chieti,Abruzzo,Sud,Primaria,ND,Non Metropolitano,Primaria,Via V. Bachelet S.N.C.,66054,chic83400v@istruzione.it,ND,www.icrossettivasto.gov.it/,Statale,ok,analysis_results/CHEE834011_PTOF_analysis.json,1.0,3.0,4.0,4.0,5.0,4.0,4.0,3.0,4.0,2.0,3.0,4.0,4.0,4.0,3.0,5.0,4.0,4.0,3.0,3.0,3.0,3.0,3.0,2.0,4.0,4.2,3.0,4.0,3.5,3.0,17,18,3.54,0,42.1122107,14.70791975
CHPS01701Q,"Liceo Scientifico ""A. Volta Francavilla",Francavilla Al Mare,Chieti,Abruzzo,Sud,Liceo,ND,Non Metropolitano,II Grado,Via G. Cirillo,66023,chis017009@istruzione.it,ND,https//www.liceoavolta.edu.it/,Statale,ok,analysis_results/CHPS01701Q_PTOF_analysis.json,1.0,1.0,4.0,4.0,4.0,2.0,4.0,3.0,3.0,3.0,3.0,3.0,4.0,3.0,3.0,3.0,4.0,2.0,3.0,3.0,3.0,3.0,3.0,3.0,3.0,3.6,3.0,3.2,3.0,3.0,10,5,3.16,0,42.4176665,14.29181707
CEEE8AL039,San Giovanni Bosco,Valle Di Maddaloni,Caserta,Campania,Sud,Primaria,ND,Non Metropolitano,Primaria,Via Iv Novembre,81020,ceic8al005@istruzione.it,ND,www.icmaddaloni2valle.edu.it,Statale,ok,analysis_results/CEEE8AL039_PTOF_analysis.json,1.0,7.0,6.0,6.0,3.0,6.0,6.0,5.0,5.0,1.0,4.0,5.0,5.0,6.0,5.0,4.0,6.0,3.0,5.0,5.0,4.0,4.0,3.0,3.0,4.0,5.4,3.75,5.0,4.75,3.6,19,9,4.5,0,41.08011467,14.41679476
FRVC06000E,I.I.S. S. Benedetto Cassino,Cassino,Frosinone,Lazio,Centro,"Infanzia, Primaria",ND,Non Metropolitano,"Infanzia, Primaria",Via Casilina Nord,03043,frvc06000e@istruzione.it,fris007004@pec.istruzione.it,ND,Statale,ok,analysis_results/FRVC06000E_PTOF_analysis.json,0.0,1.0,3.0,3.0,2.0,1.0,1.0,1.0,1.0,1.0,1.0,2.0,2.0,3.0,1.0,3.0,4.0,3.0,3.0,3.0,1.0,3.0,3.0,1.0,1.0,2.0,1.0,2.2,3.25,1.8,4,13,2.05,0,41.49267611,13.83012821
TSAA80704R,Stelle Alpine,Trieste,Trieste,Friuli-Venezia G.,Nord Est,Infanzia,ND,Non Metropolitano,Infanzia,Via Monte Peralba 19,34149,tsic80700r@istruzione.it,ND,http//www.istitutoroli.edu.it,Statale,ok,analysis_results/TSAA80704R_PTOF_analysis.json,0.0,0.0,2.0,2.0,2.0,3.0,2.0,2.0,2.0,2.0,3.0,2.0,2.0,2.0,2.0,3.0,2.0,3.0,2.0,2.0,2.0,2.0,2.0,2.0,2.0,2.2,2.25,2.2,2.25,2.0,3,1,2.18,0,45.6494354,13.7681366
RCIC825005,"""Marvasi Vizzone""",Rosarno,Reggio Calabria,Calabria,Sud,"I Grado, Infanzia, Primaria, Professionale, Tecnico",ND,Metropolitano,"Comprensivo, I Grado, II Grado, Infanzia, Primaria",Piazza Duomo. 8,89025,rcic825005@istruzione.it,rcic825005@pec.istruzione.it,icmarvasivizzone.gov.it,Statale,ok,analysis_results/RCIC825005_PTOF_analysis.json,1.0,7.0,5.0,5.0,6.0,5.0,6.0,5.0,6.0,3.0,5.0,5.0,5.0,5.0,5.0,5.0,5.0,5.0,4.0,5.0,4.0,5.0,4.0,4.0,6.0,5.4,4.75,5.0,4.75,4.6,24,27,4.9,0,38.487612,15.98283216
PRAA839035,Sc. Materna Di Ghiare,Berceto,Parma,Emilia Romagna,Nord Est,Infanzia,ND,Non Metropolitano,Infanzia,Via Sestri,43042,pric839006@istruzione.it,ND,http//www.icfornovo.it/,Statale,ok,analysis_results/PRAA839035_PTOF_analysis.json,0.0,0.0,3.0,3.0,3.0,3.0,1.0,1.0,4.0,1.0,1.0,4.0,2.0,5.0,2.0,4.0,3.0,3.0,3.0,3.0,2.0,4.0,3.0,1.0,3.0,2.6,1.75,3.4,3.0,2.6,15,22,2.67,0,44.50952856,9.98940249
NUAA87904T,Scuola Infanzia Via Gramsci,Siniscola,Nuoro,Sardegna,Isole,Infanzia,ND,Non Metropolitano,Infanzia,Via Gramsci,08029,ND,ND,istitutocomprensivon2-siniscola.it,Statale,ok,analysis_results/NUAA87904T_PTOF_analysis.json,0.0,0.0,2.0,2.0,2.0,3.0,2.0,2.0,2.0,2.0,3.0,2.0,2.0,2.0,2.0,3.0,2.0,2.0,2.0,2.0,3.0,3.0,2.0,2.0,2.0,2.2,2.25,2.2,2.0,2.4,3,1,2.21,0,40.57500849,9.69428347
NAMM29500A,Cante -Giugliano In Campania,Giugliano In Campania,Napoli,Campania,Sud,I Grado,Scuola Primo Grado,Metropolitano,I Grado,Via Vaccaro21,80014,namm29500a@istruzione.it,namm29500a@pec.istruzione.it,www.scuolamediacante.edu.it,Statale,ok,analysis_results/NAMM29500A_PTOF_analysis.json,1.0,4.0,3.0,3.0,2.0,4.0,3.0,5.0,4.0,1.0,2.0,4.0,3.0,4.0,2.0,5.0,3.0,4.0,2.0,3.0,2.0,5.0,3.0,2.0,4.0,3.0,3.0,3.6,3.0,3.2,9,4,3.16,0,40.92833418,14.20108889
RMIS08700Q,Angelo Frammartino,Monterotondo,Roma,Lazio,Centro,"Liceo, Tecnico",Istituto Superiore,Metropolitano,II Grado,Piazza S. Maria Delle Grazie 10,00015,rmis08700q@istruzione.it,rmis08700q@pec.istruzione.it,www.istitutoframmartino.edu.it,Statale,ok,analysis_results/RMIS08700Q_PTOF_analysis.json,0.0,0.0,3.0,3.0,2.0,4.0,4.0,5.0,5.0,3.0,4.0,4.0,4.0,6.0,3.0,5.0,5.0,3.0,1.0,4.0,5.0,5.0,1.0,4.0,3.0,3.2,4.25,4.4,3.25,3.6,26,6,3.74,0,42.05132067,12.61624809
RMTD67500X,Aniene - Amministrazione Finanza E Marketing - Sia - Rim,Roma,Roma,Lazio,Centro,"Liceo, Professionale, Tecnico",Scuola Sec. Secondo Grado Non Statale,Metropolitano,II Grado,V. Tiburtina 994,00156,direzione@istitutoaniene.it,istitutoanienesrl@legalmail.it,www.istitutoaniene.it,Paritaria,ok,analysis_results/RMTD67500X_PTOF_analysis.json,0.0,5.0,5.0,6.0,5.0,3.0,5.0,5.0,6.0,4.0,5.0,5.0,6.0,5.0,4.0,5.0,6.0,4.0,4.0,5.0,6.0,5.0,0.0,5.0,4.0,4.8,5.0,5.0,4.75,5.0,16,10,4.91,0,41.89277044,12.48366723
GEMM86902T,"Sec. I Grado ""B. Croce""",Mignanego,Genova,Liguria,Nord Ovest,I Grado,ND,Metropolitano,I Grado,Via Visegni 4,16018,casab.montessori@gmail.com,ND,www.istitutocomprensivochiavari.edu.it,Statale,ok,analysis_results/GEMM86902T_PTOF_analysis.json,0.0,1.0,3.0,3.0,2.0,2.0,1.0,1.0,1.0,1.0,1.0,2.0,2.0,3.0,2.0,3.0,4.0,3.0,3.0,3.0,1.0,3.0,3.0,1.0,1.0,2.2,1.0,2.4,3.25,1.8,4,13,2.13,0,44.52764357,8.91468328
RCRA00101R,I.P.A.S.R. Familiari Melito P. S.,Melito Di Porto Salvo,Reggio Calabria,Calabria,Sud,"I Grado, Infanzia, Primaria",ND,Metropolitano,"Comprensivo, I Grado, Infanzia, Primaria",Via Sbarre Snc,89063,rcis00100r@istruzione.it,ND,www.isfamiliari.it,Statale,ok,analysis_results/RCRA00101R_PTOF_analysis.json,1.0,3.0,4.0,4.0,5.0,4.0,4.0,4.0,5.0,2.0,5.0,5.0,5.0,5.0,4.0,5.0,5.0,5.0,4.0,5.0,4.0,5.0,3.0,3.0,4.0,4.2,4.0,4.8,4.75,3.8,21,15,4.31,0,37.92087265,15.78509471
BGMM818013,"S.M.S.""G.Solari"" Albino",Albino,Bergamo,Lombardia,Nord Ovest,I Grado,ND,Non Metropolitano,I Grado,Via Crespi 4,24021,bgic818002@istruzione.it,ND,https//www.icalbino.edu.it/,Statale,ok,analysis_results/BGMM818013_PTOF_analysis.json,1.0,5.0,5.0,5.0,5.0,5.0,4.0,5.0,5.0,4.0,5.0,5.0,5.0,4.0,3.0,6.0,5.0,5.0,4.0,5.0,4.0,5.0,4.0,4.0,4.0,4.8,4.75,4.6,4.75,4.2,11,6,4.62,0,45.76059116,9.7969345
BS1E01300Q,Maddalena Di Canossa,Pontevico,Brescia,Lombardia,Nord Ovest,Primaria,Scuola Primaria Non Statale,Non Metropolitano,Primaria,Via Zanardelli 8,25026,info@mdcpontevico.it,scuolamdcpontevico@legalmail.it,www.mdcpontevico.it,Paritaria,ok,analysis_results/BS1E01300Q_PTOF_analysis.json,0.0,2.0,3.0,3.0,5.0,4.0,2.0,1.0,4.0,1.0,3.0,3.0,3.0,5.0,2.0,4.0,3.0,4.0,2.0,4.0,5.0,5.0,4.0,4.0,4.0,3.4,2.25,3.4,3.25,4.4,10,4,3.34,0,45.27359729,10.08503009
BG1E01800A,"Scuola Primaria Paritaria ""B.Luigi Palazzolo""",Torre Boldone,Bergamo,Lombardia,Nord Ovest,Primaria,ND,Non Metropolitano,Primaria,Via Imotorre N. 26,24020,segreteria@scuolapaolosestoalzano.it,ND,www.scuolapaolosesto.eu,Paritaria,ok,analysis_results/BG1E01800A_PTOF_analysis.json,0.0,0.0,3.0,3.0,3.0,3.0,3.0,3.0,4.0,3.0,4.0,0.0,3.0,4.0,0.0,0.0,0.0,3.0,0.0,3.0,3.0,3.0,0.0,0.0,2.0,3.0,3.5,3.5,3.0,2.67,0,15,3.13,0,45.71609034,9.70773248
LEMM31000R,Cpia 1 Lecce,Lecce,Lecce,Puglia,Sud,I Grado,ND,Non Metropolitano,I Grado,Via Luigi Pappacoda N. 15,73100,lemm31000r@istruzione.it,lemm31000r@pec.istruzione.it,ND,Statale,ok,analysis_results/LEMM31000R_PTOF_analysis.json,0.0,0.0,2.0,2.0,2.0,3.0,2.0,2.0,2.0,2.0,3.0,2.0,2.0,2.0,1.0,3.0,2.0,4.0,2.0,3.0,3.0,3.0,2.0,2.0,2.0,2.2,2.25,2.0,2.75,2.4,3,1,2.32,0,40.35354239,18.17190671
PZAA886043,Via Delle Acacie-Torraca,Potenza,Potenza,Basilicata,Sud,Infanzia,ND,Non Metropolitano,Infanzia,Via Della Acacie,85100,pzic886003@istruzione.it,ctic81600v@pec.istruzione.it,www.ictorracabonaventurapz.edu.it,Statale,ok,analysis_results/PZAA886043_PTOF_analysis.json,0.0,5.0,4.0,4.0,3.0,3.0,4.0,4.0,3.0,2.0,3.0,4.0,4.0,4.0,3.0,4.0,4.0,3.0,3.0,4.0,4.0,5.0,3.0,3.0,4.0,3.6,3.0,3.8,3.5,3.8,22,26,3.54,0,40.63947047,15.8051495
TECT70100G,Centro Territoriale 3 Silvi,Silvi,Teramo,Abruzzo,Sud,"Primaria, Professionale",ND,Non Metropolitano,"II Grado, Primaria",Via S. Stefano 22,64029,temm06000g@istruzione.it,temm06000g@pec.istruzione.it,www.cpiateramo.edu.it,Statale,ok,analysis_results/TECT70100G_PTOF_analysis.json,1.0,2.0,4.0,4.0,4.0,5.0,3.0,5.0,5.0,3.0,4.0,4.0,4.0,1.0,3.0,3.0,4.0,2.0,4.0,4.0,1.0,3.0,3.0,4.0,3.0,4.0,4.25,3.0,3.5,2.8,15,14,3.51,0,42.55680778,14.11395586
RM1M01100X,Scuola Media Nostra Signora Ss.Sacramento,Frascati,Roma,Lazio,Centro,I Grado,Scuola Sec. Primo Grado Non Statale,Metropolitano,I Grado,V.Tuscolana 94 (Vermicino),00044,sc.ss.sacramento@gmail.com,sc.ss.sacramento@pec.it,www.istitutosssacramentofrascati.it,Paritaria,ok,analysis_results/RM1M01100X_PTOF_analysis.json,1.0,4.0,2.0,2.0,3.0,2.0,2.0,2.0,3.0,2.0,3.0,3.0,3.0,4.0,2.0,3.0,3.0,4.0,2.0,4.0,2.0,2.0,2.0,2.0,2.0,2.2,2.5,3.0,3.25,2.0,1,2,2.59,0,41.80598978,12.68079241
VETN016502,Francesco Algarotti Serale,Venezia,Venezia,Veneto,Nord Est,Tecnico,ND,Metropolitano,II Grado,Cannaregio 351,30121,veis01600d@istruzione.it,ND,www.istitutoalgarotti.gov.it,Statale,ok,analysis_results/VETN016502_PTOF_analysis.json,0.0,2.0,3.0,3.0,3.0,3.0,2.0,1.0,3.0,1.0,3.0,4.0,3.0,4.0,3.0,4.0,5.0,5.0,3.0,5.0,4.0,4.0,3.0,2.0,3.0,2.8,2.0,3.6,4.5,3.2,7,9,3.22,0,45.43490484,12.33845214
LTTDPM500P,Istituti Paritari Steve Jobs,Latina,Latina,Lazio,Centro,"Liceo, Professionale, Tecnico",ND,Non Metropolitano,II Grado,Via Piccarello 2,04100,info@istitutistevejobs.it,ND,www.istitutistevejobs.it,Paritaria,ok,analysis_results/LTTDPM500P_PTOF_analysis.json,1.0,4.0,6.0,6.0,6.0,6.0,6.0,5.0,5.0,5.0,5.0,5.0,5.0,5.0,5.0,5.0,6.0,6.0,6.0,6.0,5.0,5.0,5.0,5.0,5.0,6.0,5.0,5.0,6.0,5.0,10,14,5.4,1,41.46759464,12.90368485
RCEE81208C,"Scuola Primaria ""D. Cuzzupoli""",Motta San Giovanni,Reggio Calabria,Calabria,Sud,Primaria,ND,Metropolitano,Primaria,Piazza Stazione -12 Lazzaro,89062,rcic812003@istruzione.it,ND,www.icmontebellomotta.edu.it,Statale,ok,analysis_results/RCEE81208C_PTOF_analysis.json,0.0,2.0,2.0,2.0,2.0,3.0,2.0,3.0,4.0,1.0,2.0,3.0,1.0,3.0,2.0,3.0,1.0,1.0,1.0,2.0,1.0,1.0,1.0,1.0,1.0,2.2,2.5,2.4,1.25,1.0,4,0,1.87,0,38.00175728,15.6973174
NAAA8FG018,S.Giorgio A Cr.4 S. Martino,San Giorgio A Cremano,Napoli,Campania,Sud,Infanzia,Scuola Infanzia,Metropolitano,Infanzia,Via San Martino,80046,naic8fg00b@istruzione.it,ND,www.ic4stanziale.gov.it,Statale,ok,analysis_results/NAAA8FG018_PTOF_analysis.json,0.0,2.0,3.0,3.0,2.0,3.0,2.0,2.0,2.0,1.0,3.0,2.0,2.0,2.0,1.0,3.0,3.0,4.0,2.0,3.0,3.0,3.0,2.0,2.0,2.0,2.6,2.0,2.0,3.0,2.4,3,2,2.4,0,40.82921168,14.33392579
NAAA17204R,Qualiano I - Rione Principe,Qualiano,Napoli,Campania,Sud,Infanzia,ND,Metropolitano,Infanzia,Via Costantino24,80019,naee17200t@istruzione.it,ND,www.primocircoloqualiano.gov.it,Statale,ok,analysis_results/NAAA17204R_PTOF_analysis.json,0.0,1.0,3.0,3.0,2.0,1.0,1.0,1.0,1.0,1.0,1.0,2.0,2.0,3.0,1.0,3.0,4.0,3.0,3.0,3.0,1.0,3.0,3.0,1.0,1.0,2.0,1.0,2.2,3.25,1.8,4,14,2.05,0,40.9202007,14.15086705
BNTD01401A,"""G.Alberti"" Benevento",Benevento,Benevento,Campania,Sud,Tecnico,ND,Non Metropolitano,II Grado,Piazza Risorgimento,82100,bnis014004@istruzione.it,ND,www.iisalberti.edu.it,Statale,ok,analysis_results/BNTD01401A_PTOF_analysis.json,1.0,7.0,5.0,5.0,5.0,1.0,3.0,4.0,3.0,1.0,1.0,6.0,6.0,6.0,1.0,7.0,4.0,3.0,5.0,5.0,5.0,5.0,5.0,5.0,5.0,3.8,2.25,5.2,4.25,5.0,16,11,4.1,0,41.12969986,14.7815172
BOTD021016,Luigi Fantini,Vergato,Bologna,Emilia Romagna,Nord Est,"Liceo, Tecnico",ND,Metropolitano,II Grado,Via Bologna 240,40038,bois02100x@istruzione.it,mtis01700x@pec.istruzione.it,www.fantinivergato.edu.it,Statale,ok,analysis_results/BOTD021016_PTOF_analysis.json,1.0,1.0,4.0,4.0,4.0,4.0,4.0,3.0,4.0,3.0,3.0,3.0,4.0,4.0,3.0,3.0,4.0,3.0,4.0,4.0,4.0,4.0,2.0,3.0,3.0,4.0,3.25,3.4,3.75,3.2,17,22,3.52,0,44.28394026,11.11278346
VE1A036001,Scuola Materna Immacolata Concezione,Venezia,Venezia,Veneto,Nord Est,Infanzia,ND,Metropolitano,Infanzia,Via Altinia N.211/A,30173,nicole.matteoni@comune.trireste.it,immacolataconcezionedese@pec.fismvenezia.it,www.infanziadese.it,Paritaria,ok,analysis_results/VE1A036001_PTOF_analysis.json,0.0,2.0,3.0,3.0,2.0,1.0,1.0,1.0,3.0,1.0,3.0,3.0,2.0,5.0,2.0,3.0,2.0,3.0,2.0,3.0,5.0,5.0,4.0,3.0,5.0,2.0,2.0,3.0,2.5,4.4,8,3,2.78,0,45.43490484,12.33845214
PDIC890005,"Xiv Ic Di Padova ""Galilei""",Padova,Padova,Veneto,Nord Est,"I Grado, Infanzia, Primaria",ND,Non Metropolitano,"I Grado, Infanzia, Primaria",Via Della Biscia 206,35136,pdic890005@istruzione.it,pdic890005@pec.istruzione.it,www.ics14padova.edu.it,Statale,ok,analysis_results/PDIC890005_PTOF_analysis.json,0.0,0.0,5.0,5.0,5.0,3.0,3.0,3.0,3.0,2.0,4.0,3.0,3.0,3.0,4.0,5.0,5.0,5.0,2.0,3.0,3.0,1.0,3.0,2.0,5.0,4.2,3.0,3.6,3.75,2.8,0,50,3.47,0,45.40692987,11.87608719
VIIC85300G,"Ic Rossano V.To "" G. Rodari""",Rossano Veneto,Vicenza,Veneto,Nord Est,"I Grado, Infanzia, Primaria",Istituto Comprensivo,Non Metropolitano,"Comprensivo, I Grado, Infanzia, Primaria",Via Stazione 12/A,36028,viic85300g@istruzione.it,viic85300g@pec.istruzione.it,www.rodari-rossano.edu.it,Statale,ok,analysis_results/VIIC85300G_PTOF_analysis.json,0.0,4.0,3.0,3.0,3.0,4.0,3.0,4.0,4.0,1.0,3.0,3.0,3.0,4.0,2.0,4.0,3.0,4.0,4.0,4.0,3.0,4.0,2.0,2.0,3.0,3.2,3.0,3.2,3.75,2.8,15,6,3.19,0,45.70506862,11.79989962
AR1M9B500D,"Scuola Secondaria Di Primo Grado ""Aliotti""",Arezzo,Arezzo,Toscana,Centro,I Grado,ND,Non Metropolitano,I Grado,Via Piaggia Di Murello 25,52100,aliotti@liberidieducare.it,santamariaingradi@cgn.legalmail.it,ND,Paritaria,ok,analysis_results/AR1M9B500D_PTOF_analysis.json,1.0,1.0,3.0,4.0,4.0,4.0,4.0,3.0,4.0,2.0,4.0,3.0,4.0,4.0,3.0,4.0,4.0,5.0,3.0,4.0,4.0,5.0,3.0,2.0,4.0,3.8,3.25,3.6,4.0,3.6,12,15,3.65,0,43.46642752,11.88228845
MB1M02100V,"Scuola Secondaria Di 1° Gr. ""Vescovi Valtorta E Colombo""",Carate Brianza,Monza E Della Brianza,Lombardia,Nord Ovest,I Grado,Scuola Sec. Primo Grado Non Statale,Non Metropolitano,I Grado,Via A.Colombo 2,20841,mb1m02100v@istitutoparrocchialecarate.it,contabilita.istitutoparrocchialecarate@pec.it,www.valtortaecolombo.it,Paritaria,ok,analysis_results/MB1M02100V_PTOF_analysis.json,0.0,3.0,3.0,5.0,2.0,4.0,2.0,1.0,4.0,1.0,3.0,2.0,3.0,4.0,1.0,3.0,3.0,5.0,2.0,4.0,3.0,5.0,2.0,1.0,3.0,3.2,2.25,2.6,3.5,2.8,1,3,2.87,0,45.6770523,9.23312209
RMMM876016,Montechiara Riano,Riano,Roma,Lazio,Centro,I Grado,ND,Metropolitano,I Grado,Via Giovanni Xxiii,00060,rmic876005@istruzione.it,ND,www.icriano.it,Statale,ok,analysis_results/RMMM876016_PTOF_analysis.json,1.0,7.0,5.0,5.0,5.0,3.0,5.0,3.0,3.0,2.0,3.0,6.0,6.0,6.0,5.0,6.0,4.0,3.0,5.0,5.0,5.0,5.0,4.0,5.0,5.0,4.6,2.75,5.8,4.25,4.8,18,16,4.44,0,42.09138788,12.52273093
NAMM8HN012,Giovanni Scotti,Ischia,Napoli,Campania,Sud,I Grado,ND,Metropolitano,I Grado,Via Michele Mazzella 117,80077,ND,ND,http//www.ic5montale.edu.it/,Statale,ok,analysis_results/NAMM8HN012_PTOF_analysis.json,0.0,1.0,2.0,2.0,2.0,2.0,2.0,2.0,2.0,2.0,2.0,1.0,1.0,2.0,3.0,2.0,3.0,3.0,2.0,3.0,3.0,3.0,1.0,2.0,1.0,2.0,2.0,1.8,2.75,2.0,4,0,2.11,0,40.74142841,13.94133431
TAPM020008,"Liceo Scienze Umane ""Vittorino Da Feltre",Taranto,Taranto,Puglia,Sud,"I Grado, Infanzia, Professionale",ND,Non Metropolitano,"I Grado, II Grado, Infanzia",Via Polibio44,74121,tapm020008@istruzione.it,tapm020008@pec.istruzione.it,www.liceovittorino.edu.it,Statale,ok,analysis_results/TAPM020008_PTOF_analysis.json,0.0,1.0,0.0,0.0,0.0,3.0,3.0,0.0,3.0,0.0,0.0,1.0,0.0,4.0,0.0,5.0,3.0,3.0,3.0,3.0,2.0,2.0,2.0,2.0,2.0,3.0,3.0,3.33,3.0,2.0,4,0,2.87,0,40.47354719,17.23237621
SAAA8BX04B,Foce Infanzia,Sarno,Salerno,Campania,Sud,Infanzia,ND,Non Metropolitano,Infanzia,Via Maria Ss. Della Foce,84087,saic8bx00b@istruzione.it,ND,www.icsarnoepiscopio.edu.it,Statale,ok,analysis_results/SAAA8BX04B_PTOF_analysis.json,0.0,1.0,5.0,5.0,5.0,3.0,5.0,0.0,0.0,0.0,5.0,4.0,5.0,5.0,2.0,5.0,5.0,4.0,5.0,5.0,5.0,5.0,5.0,0.0,3.0,4.6,5.0,4.2,4.75,4.5,13,0,4.61,0,40.8153339,14.61889943
RM1A29000G,Scuola Materna Maestre Pie Dell'Addolorata,Roma,Roma,Lazio,Centro,Infanzia,ND,Metropolitano,Infanzia,Via A. Tebaldi 20,00168,coordinamento.didattico@fondazionempda.org,amministrazione@fondazionempda.org,www.fondazionempda.org,Paritaria,ok,analysis_results/RM1A29000G_PTOF_analysis.json,1.0,1.0,3.0,3.0,3.0,3.0,3.0,2.0,3.0,1.0,2.0,3.0,2.0,3.0,2.0,3.0,2.0,2.0,2.0,3.0,2.0,3.0,2.0,1.0,2.0,3.0,2.0,2.6,2.25,2.0,6,8,2.37,0,41.89277044,12.48366723
LT1A03300E,S.Mo Bambino Gesu,Sezze,Latina,Lazio,Centro,Infanzia,ND,Non Metropolitano,Infanzia,Via Corradini 19,04018,scuola.bgesusezze@tiscali.it,ND,www.istitutoparini.it,Paritaria,ok,analysis_results/LT1A03300E_PTOF_analysis.json,1.0,3.0,4.0,4.0,4.0,4.0,4.0,3.0,4.0,3.0,3.0,4.0,4.0,4.0,4.0,4.0,4.0,3.0,3.0,4.0,5.0,5.0,4.0,4.0,4.0,4.0,3.25,4.0,3.5,4.4,17,25,3.83,0,41.49794258,13.05876813
TOIC837002,I.C. Bruino,Bruino,Torino,Piemonte,Nord Ovest,"I Grado, Infanzia, Primaria, Tecnico",Istituto Comprensivo,Metropolitano,"Comprensivo, I Grado, II Grado, Infanzia, Primaria",Piazza Donatori Di Sangue 1,10090,toic837002@istruzione.it,toic837002@pec.istruzione.it,www.icbruino.edu.it,Statale,ok,analysis_results/TOIC837002_PTOF_analysis.json,0.0,2.0,3.0,3.0,2.0,5.0,2.0,3.0,5.0,1.0,4.0,5.0,4.0,4.0,2.0,5.0,4.0,5.0,4.0,4.0,3.0,5.0,3.0,3.0,4.0,3.0,3.25,4.0,4.25,3.6,8,12,3.62,0,45.0202325,7.46769111
CLMM829011,A. Manzoni - Niscemi,Niscemi,Caltanissetta,Sicilia,Isole,I Grado,ND,Non Metropolitano,I Grado,Via Serbatoio Snc,93015,clic82900x@istruzione.it,ND,www.icfrancescosalerno.gov.it,Statale,ok,analysis_results/CLMM829011_PTOF_analysis.json,0.0,2.0,3.0,3.0,2.0,3.0,2.0,3.0,4.0,1.0,3.0,3.0,3.0,4.0,2.0,3.0,3.0,3.0,3.0,3.0,3.0,3.0,2.0,1.0,4.0,2.6,2.75,3.0,3.0,2.6,5,2,2.79,0,37.14528117,14.38503985
PNAA80801G,"Aviano ""Arcobaleno""",Aviano,Pordenone,Friuli-Venezia G.,Nord Est,Infanzia,ND,Non Metropolitano,Infanzia,Via Girolamo Da Porcia 5,33081,pnic80800p@istruzione.it,toic8b600g@pec.istruzione.it,icaviano.edu.it,Statale,ok,analysis_results/PNAA80801G_PTOF_analysis.json,1.0,2.0,3.0,3.0,2.0,3.0,3.0,3.0,3.0,2.0,3.0,3.0,3.0,3.0,3.0,3.0,3.0,1.0,3.0,3.0,2.0,2.0,2.0,2.0,2.0,2.8,2.75,3.0,2.5,2.0,4,6,2.61,0,46.06720286,12.5881786
NA1M032002,Ente Religioso Sacro Cuore Betlemite,Napoli,Napoli,Campania,Sud,I Grado,Scuola Sec. Primo Grado Non Statale,Metropolitano,I Grado,Via B.Cavallino 53/A,80128,betlemitenapoli@gmail.com,ND,www.betlemitenapoli.it,Paritaria,ok,analysis_results/NA1M032002_PTOF_analysis.json,0.0,2.0,3.0,3.0,3.0,2.0,2.0,3.0,3.0,2.0,3.0,2.0,3.0,3.0,2.0,3.0,3.0,3.0,3.0,3.0,3.0,3.0,3.0,3.0,3.0,2.6,2.75,2.6,3.0,3.0,0,0,2.79,0,40.83956554,14.25085002
RCAA84506C,Bovalino Capoluogo,Bovalino,Reggio Calabria,Calabria,Sud,Infanzia,ND,Metropolitano,Infanzia,Via Euclide,89034,rcic84500a@istruzione.it,pvps05000q@pec.istruzione.it,www.comprensivobovalino.gov.it,Statale,ok,analysis_results/RCAA84506C_PTOF_analysis.json,1.0,3.0,5.0,5.0,5.0,5.0,5.0,4.0,4.0,3.0,4.0,5.0,5.0,5.0,5.0,5.0,5.0,2.0,5.0,5.0,4.0,4.0,1.0,1.0,1.0,5.0,3.75,5.0,4.25,2.2,14,17,4.04,0,38.14668654,16.17412033
FEMM80101A,Scuola Sec. I Grado Mesola,Mesola,Ferrara,Emilia Romagna,Nord Est,I Grado,ND,Non Metropolitano,I Grado,Via A.Gramsci 38,44026,feic801009@istruzione.it,ND,www.icmesola.gov.it,Statale,ok,analysis_results/FEMM80101A_PTOF_analysis.json,1.0,4.0,2.0,2.0,2.0,2.0,2.0,2.0,2.0,2.0,2.0,2.0,2.0,2.0,2.0,2.0,2.0,2.0,2.0,2.0,2.0,2.0,2.0,2.0,2.0,2.0,2.0,2.0,2.0,2.0,3,0,2.0,0,44.92248699,12.2292449
CSIS001006,"Iis Corigliano C. ""Lc-Ls""",Corigliano-Rossano,Cosenza,Calabria,Sud,"I Grado, Infanzia, Professionale",ND,Non Metropolitano,II Grado,Via Torrelunga,87064,csis001006@istruzione.it,csis001006@pec.istruzione.it,https//liceicorigliano.edu.it,Statale,ok,analysis_results/CSIS001006_PTOF_analysis.json,0.0,2.0,2.0,2.0,2.0,3.0,2.0,2.0,2.0,2.0,3.0,2.0,2.0,2.0,2.0,3.0,3.0,3.0,2.0,3.0,3.0,3.0,2.0,2.0,2.0,2.2,2.25,2.2,2.75,2.4,3,1,2.36,0,,
LC1A054004,Scuola Dell'Infanzia Don Giovanni Ferri,Missaglia,Lecco,Lombardia,Nord Ovest,Infanzia,ND,Non Metropolitano,Infanzia,Via L. Da Vinci 3,23873,sm_lomaniga@libero.it,scuolainfanzia.ferri@pec.it,www.asilolomaniga.com,Paritaria,ok,analysis_results/LC1A054004_PTOF_analysis.json,0.0,1.0,3.0,3.0,2.0,1.0,1.0,1.0,1.0,1.0,1.0,2.0,2.0,3.0,1.0,3.0,4.0,3.0,3.0,3.0,1.0,3.0,3.0,1.0,1.0,2.0,1.0,2.2,3.25,1.8,4,13,2.05,0,45.70851014,9.33430617
BOAA860017,G. Dozza,Crevalcore,Bologna,Emilia Romagna,Nord Est,Infanzia,ND,Metropolitano,Infanzia,Via Dozza 100,40014,boic86000a@istruzione.it,ND,www.iccrevalcore.edu.it,Statale,ok,analysis_results/BOAA860017_PTOF_analysis.json,0.0,2.0,3.0,3.0,2.0,1.0,2.0,1.0,4.0,1.0,4.0,4.0,2.0,5.0,3.0,4.0,2.0,4.0,2.0,3.0,5.0,5.0,4.0,2.0,5.0,2.2,2.5,3.6,2.75,4.2,6,2,3.05,0,44.7226444,11.14703461
FI1M02600E,"""Santa Marta""",Firenze,Firenze,Toscana,Centro,I Grado,ND,Metropolitano,I Grado,Via D'Annunzio 209,50135,segreteria.santamarta@scuolepercrescere.it,ND,www.istitutoparini.it,Paritaria,ok,analysis_results/FI1M02600E_PTOF_analysis.json,0.0,2.0,4.0,4.0,3.0,4.0,4.0,3.0,5.0,3.0,4.0,4.0,3.0,4.0,4.0,4.0,4.0,4.0,4.0,4.0,5.0,5.0,1.0,3.0,5.0,3.8,3.75,3.8,4.0,3.8,32,270,3.83,0,43.76923077,11.25588885
SA1MCA500E,Ferrari,Salerno,Salerno,Campania,Sud,I Grado,ND,Non Metropolitano,I Grado,Via Settimio Mobilio 17,84127,info@istitutoferrari.com,arcam-srl@pec.it,www.istitutoparini.it,Paritaria,ok,analysis_results/SA1MCA500E_PTOF_analysis.json,0.0,1.0,3.0,3.0,3.0,4.0,3.0,3.0,3.0,3.0,4.0,3.0,3.0,3.0,3.0,3.0,4.0,4.0,3.0,4.0,3.0,4.0,3.0,3.0,5.0,3.2,3.25,3.0,3.75,3.6,12,18,3.36,0,40.67821959,14.75940296
TRPS020009,"Terni Liceo Scientifico ""G. Galilei""",Terni,Terni,Umbria,Centro,Liceo,ND,Non Metropolitano,II Grado,Via I Maggio 78,05100,trps020009@istruzione.it,trps020009@pec.istruzione.it,www.galileiterni.edu.it,Statale,ok,analysis_results/TRPS020009_PTOF_analysis.json,0.0,3.0,5.0,5.0,4.0,5.0,5.0,3.0,5.0,4.0,5.0,5.0,4.0,5.0,5.0,5.0,5.0,4.0,3.0,5.0,5.0,5.0,3.0,3.0,3.0,4.8,4.25,4.8,4.25,3.8,20,112,4.38,0,42.56071258,12.64668751
AV1E008005,""" San Francesco Saverio """,Ariano Irpino,Avellino,Campania,Sud,Primaria,ND,Non Metropolitano,Primaria,Via Conservatorio58,83031,emilia.scaperrotta@libero.it,scuolaelementareparificatasanfrancesco@pcert.postecert.it,ND,Paritaria,ok,analysis_results/AV1E008005_PTOF_analysis.json,0.0,1.0,3.0,3.0,1.0,0.0,1.0,0.0,0.0,0.0,0.0,2.0,2.0,3.0,0.0,3.0,4.0,3.0,3.0,3.0,1.0,3.0,3.0,1.0,1.0,2.0,0.0,2.5,3.25,1.8,4,14,2.39,0,41.15385883,15.09006787
SR1M00100V,S.Maria,Siracusa,Siracusa,Sicilia,Isole,I Grado,Scuola Sec. Primo Grado Non Statale,Non Metropolitano,I Grado,Viale Teocrito N. 46,96100,info@collegiosmaria.net,ND,www.collegiosmaria.net,Paritaria,ok,analysis_results/SR1M00100V_PTOF_analysis.json,1.0,3.0,5.0,5.0,4.0,4.0,3.0,2.0,3.0,1.0,2.0,3.0,5.0,4.0,3.0,5.0,5.0,3.0,3.0,5.0,6.0,6.0,3.0,3.0,5.0,4.2,2.0,4.0,4.0,4.6,11,11,3.76,0,37.05991685,15.2933324
PN1A052007,"Scuola Infanzia Paritaria ""San Antonio""",Travesio,Pordenone,Friuli-Venezia G.,Nord Est,Infanzia,ND,Non Metropolitano,Infanzia,Via Roma 89,33090,sanantoniotravesio@libero.it,ND,ND,Paritaria,ok,analysis_results/PN1A052007_PTOF_analysis.json,0.0,0.0,3.0,3.0,1.0,1.0,1.0,1.0,1.0,1.0,1.0,2.0,2.0,3.0,1.0,3.0,4.0,3.0,3.0,3.0,1.0,3.0,3.0,1.0,1.0,1.8,1.0,2.2,3.25,1.8,4,14,2.01,0,46.19647435,12.87197276
LTEE805023,G. Garibaldi Borgo S.Maria,Latina,Latina,Lazio,Centro,Primaria,Scuola Primaria,Non Metropolitano,Primaria,Via Macchiagrande,04100,ltic80500x@istruzione.it,ND,www.icfabiano.gov.it,Statale,ok,analysis_results/LTEE805023_PTOF_analysis.json,0.0,3.0,4.0,4.0,2.0,3.0,3.0,3.0,4.0,2.0,4.0,5.0,4.0,4.0,2.0,5.0,3.0,4.0,4.0,4.0,4.0,4.0,2.0,4.0,4.0,3.2,3.25,4.0,3.75,3.6,10,8,3.56,0,41.46759464,12.90368485
RCRI015009,"Istituto Professionale Per Odontotecnici ""S. Giuseppe""",Gioia Tauro,Reggio Calabria,Calabria,Sud,"I Grado, Infanzia, Primaria",ND,Metropolitano,II Grado,Via Degli Ulivi 27,89013,ipoforma1@libero.it,ipoforma@pec.it,www.ic9modena.edu.it,Paritaria,ok,analysis_results/RCRI015009_PTOF_analysis.json,0.0,3.0,4.0,3.0,3.0,3.0,4.0,3.0,4.0,2.0,3.0,3.0,4.0,3.0,3.0,4.0,4.0,5.0,3.0,4.0,4.0,5.0,3.0,3.0,5.0,3.4,3.0,3.4,4.0,4.0,27,31,3.56,0,38.42988045,15.89729676
PZAA84812N,Via Caduti 7/9/1943,Lauria,Potenza,Basilicata,Sud,Infanzia,ND,Non Metropolitano,Infanzia,Via Caduti 7/9/1943 - Lauria,85044,pnic819005@istruzione.it,pnic819005@pec.istruzione.it,www.iscolentini.edu.it,Statale,ok,analysis_results/PZAA84812N_PTOF_analysis.json,1.0,3.0,5.0,5.0,6.0,6.0,6.0,5.0,5.0,4.0,5.0,5.0,5.0,5.0,4.0,5.0,6.0,6.0,5.0,5.0,5.0,6.0,4.0,4.0,6.0,5.6,4.75,4.8,5.5,5.0,30,20,5.13,1,40.04728639,15.83691374
BOEE867028,Enzo Biagi,Medicina,Bologna,Emilia Romagna,Nord Est,Primaria,ND,Metropolitano,Primaria,Via Don Angelo Verlicchi 187,40059,boic867005@istruzione.it,ND,www.icmedicina.edu.it,Statale,ok,analysis_results/BOEE867028_PTOF_analysis.json,0.0,2.0,2.0,2.0,2.0,3.0,2.0,2.0,2.0,2.0,3.0,2.0,2.0,2.0,2.0,3.0,3.0,3.0,2.0,3.0,2.0,2.0,2.0,2.0,2.0,2.2,2.25,2.2,2.75,2.0,3,1,2.28,0,44.47644406,11.64047564
BOAA881018,Canova,San Lazzaro Di Savena,Bologna,Emilia Romagna,Nord Est,Infanzia,ND,Metropolitano,Infanzia,Via F.Lli Canova 49,40068,boic88100b@istruzione.it,ND,www.ic1sanlazzarodisavena.gov.it,Statale,ok,analysis_results/BOAA881018_PTOF_analysis.json,1.0,5.0,4.0,4.0,4.0,4.0,4.0,4.0,4.0,3.0,3.0,4.0,4.0,4.0,4.0,3.0,3.0,3.0,3.0,3.0,3.0,3.0,3.0,3.0,3.0,4.0,3.5,3.8,3.0,3.0,20,24,3.46,0,44.47047676,11.40805744
UDMM83702R,"""G. Guareschi""",Porpetto,Udine,Friuli-Venezia G.,Nord Est,I Grado,ND,Non Metropolitano,I Grado,Via F. Corridoni,33050,udic83700p@istruzione.it,pric83000q@pec.istruzione.it,https//www.icuniversitacastrense.edu.it,Statale,ok,analysis_results/UDMM83702R_PTOF_analysis.json,1.0,3.0,3.0,3.0,3.0,4.0,4.0,4.0,4.0,1.0,3.0,4.0,3.0,4.0,3.0,3.0,3.0,3.0,3.0,3.0,2.0,5.0,2.0,2.0,2.0,3.4,3.0,3.4,3.0,2.6,16,35,3.08,0,45.85923431,13.21546521
KREE821025,Santa Rania,Caccuri,Crotone,Calabria,Sud,Primaria,ND,Non Metropolitano,Primaria,Via Delle Terme,88833,kric821002@istruzione.it,ND,icsimonettacaccuri@gov.it/ wwwicsimonettacaccuri.edu.it,Statale,ok,analysis_results/KREE821025_PTOF_analysis.json,0.0,2.0,2.0,2.0,2.0,3.0,2.0,2.0,2.0,2.0,3.0,2.0,2.0,2.0,2.0,3.0,3.0,3.0,2.0,3.0,2.0,2.0,2.0,2.0,2.0,2.2,2.25,2.2,2.75,2.0,3,1,2.28,0,39.22719992,16.78028917
TO1A068004,Rosa L. Parks,Torino,Torino,Piemonte,Nord Ovest,Infanzia,ND,Metropolitano,Infanzia,Via Ancona 2/A,10152,smmancona@comune.torino.it,servizi.educativi@cert.comune.torino.it,www.comune.torino.it/servizieducativi,Paritaria,ok,analysis_results/TO1A068004_PTOF_analysis.json,0.0,2.0,3.0,3.0,2.0,1.0,2.0,1.0,3.0,1.0,3.0,3.0,2.0,4.0,2.0,3.0,2.0,3.0,2.0,3.0,4.0,4.0,4.0,2.0,4.0,2.2,2.0,2.8,2.5,3.6,7,3,2.62,0,45.0732745,7.68068748
RCAA84404E,Infanzia Sant'Agata Del Bianco,Sant'Agata Del Bianco,Reggio Calabria,Calabria,Sud,Infanzia,ND,Metropolitano,Infanzia,Via Venezia,89030,rcic84400e@istruzione.it,ND,http//www.istitutocomprensivobianco.gov.it,Statale,ok,analysis_results/RCAA84404E_PTOF_analysis.json,1.0,1.0,3.0,3.0,1.0,3.0,3.0,1.0,2.0,2.0,2.0,4.0,4.0,4.0,4.0,4.0,3.0,1.0,3.0,3.0,3.0,3.0,3.0,3.0,3.0,2.6,1.75,4.0,2.5,3.0,16,19,2.77,0,38.09242278,16.08251031
VI1M01300P,Scuola Secondaria I G. - Antonio Graziani,Bassano Del Grappa,Vicenza,Veneto,Nord Est,I Grado,Scuola Sec. Primo Grado Non Statale,Non Metropolitano,I Grado,V. Ca' Rezzonico 6,36061,segreteria@lescuolegraziani.it,segreteria@pec.lescuolegraziani.it,www.lescuolegraziani.it,Paritaria,ok,analysis_results/VI1M01300P_PTOF_analysis.json,0.0,2.0,3.0,4.0,2.0,4.0,2.0,1.0,3.0,1.0,3.0,3.0,4.0,5.0,2.0,4.0,5.0,5.0,6.0,4.0,2.0,4.0,4.0,1.0,3.0,3.0,2.0,3.6,5.0,2.8,3,2,3.28,0,45.76713634,11.73417428
BOAA824058,Infanzia Montefredente,San Benedetto Val Di Sambro,Bologna,Emilia Romagna,Nord Est,Infanzia,ND,Metropolitano,Infanzia,Stazione 1,40048,boic824007@istruzione.it,ND,www.iccast.edu.it,Statale,ok,analysis_results/BOAA824058_PTOF_analysis.json,0.0,0.0,3.0,3.0,3.0,3.0,3.0,1.0,3.0,1.0,1.0,3.0,2.0,3.0,1.0,2.0,3.0,2.0,2.0,2.0,1.0,2.0,2.0,1.0,1.0,3.0,1.5,2.2,2.25,1.4,0,7,2.07,0,44.21557469,11.23306698
BA1A013008,Speranza,Bari,Bari,Puglia,Sud,Infanzia,ND,Metropolitano,Infanzia,Parallela Di Via Peucetia 4,70100,scuola.infanzia.speranza@comune.bari.it,circoloinfanzia2.comunebari@pec.rupar.puglia.it,www.giuntiscuola.it,Paritaria,ok,analysis_results/BA1A013008_PTOF_analysis.json,1.0,1.0,1.0,1.0,1.0,1.0,1.0,3.0,3.0,3.0,3.0,3.0,3.0,3.0,3.0,3.0,3.0,1.0,3.0,3.0,3.0,3.0,3.0,3.0,3.0,1.0,3.0,3.0,2.5,3.0,3,0,2.5,0,41.12559562,16.86737016
CHIC84200T,"I.C. ""Francesco Paolo Tosti""",Ortona,Chieti,Abruzzo,Sud,"I Grado, Infanzia, Professionale",ND,Non Metropolitano,"I Grado, II Grado, Infanzia",Via Mazzini 24,66026,chic84200t@istruzione.it,chic84200t@pec.istruzione.it,www.istitutocomprensivofptostiortona.edu.it,Statale,ok,analysis_results/CHIC84200T_PTOF_analysis.json,0.0,2.0,2.0,2.0,2.0,3.0,2.0,2.0,2.0,2.0,3.0,2.0,2.0,2.0,2.0,3.0,3.0,3.0,2.0,3.0,2.0,2.0,2.0,2.0,2.0,2.2,2.25,2.2,2.75,2.0,3,2,2.28,0,42.35563767,14.40347679
RCIS00100R,"""Familiari"" Melito P.S.",Melito Di Porto Salvo,Reggio Calabria,Calabria,Sud,"I Grado, Infanzia, Primaria",Istituto Superiore,Metropolitano,II Grado,Viale Della Liberta' Snc,89063,rcis00100r@istruzione.it,rcis00100r@pec.istruzione.it,https//www.iisfamiliari.edu.it/,Statale,ok,analysis_results/RCIS00100R_PTOF_analysis.json,0.0,1.0,3.0,3.0,1.0,4.0,2.0,1.0,5.0,1.0,2.0,3.0,4.0,5.0,2.0,5.0,5.0,3.0,3.0,4.0,3.0,5.0,4.0,3.0,4.0,2.6,2.25,3.8,3.75,3.8,9,2,3.24,0,37.92087265,15.78509471
PSRI02050R,Ipsia Benelli - Corso Serale,Pesaro,Pesaro E Urbino,Marche,Centro,"I Grado, Infanzia, Primaria",Ist Prof Industria E Artigianato,Non Metropolitano,"Comprensivo, I Grado, Infanzia, Primaria",Via Nanterre,61100,psri02000b@istruzione.it,ND,www.istitutobenelli.it,Statale,ok,analysis_results/PSRI02050R_PTOF_analysis.json,0.0,0.0,3.0,3.0,2.0,3.0,1.0,1.0,4.0,1.0,2.0,3.0,2.0,4.0,1.0,3.0,3.0,4.0,3.0,3.0,1.0,4.0,4.0,1.0,1.0,2.4,2.0,2.6,3.25,2.2,6,3,2.49,0,43.91014021,12.91345991
RMEE8FE01R,Battisti,Roma,Roma,Lazio,Centro,Primaria,ND,Metropolitano,Primaria,Piazza Damiano Sauli 1,00154,rmic8fe00p@istruzione.it,ND,www.istitutopiazzasauli.edu.it,Statale,ok,analysis_results/RMEE8FE01R_PTOF_analysis.json,1.0,1.0,4.0,4.0,4.0,3.0,3.0,3.0,3.0,1.0,1.0,3.0,4.0,4.0,3.0,3.0,3.0,3.0,2.0,3.0,2.0,3.0,3.0,1.0,3.0,3.6,2.0,3.4,2.75,2.4,3,6,2.83,0,41.89277044,12.48366723
NATD059507,Ist.Tec. Siani Casalnuovo,Casalnuovo Di Napoli,Napoli,Campania,Sud,Tecnico,ND,Metropolitano,II Grado,Via Gaudiosi Snc,80013,amministrazione@ldavinci.org,ND,www.isiscasalnuovo.gov.it,Statale,ok,analysis_results/NATD059507_PTOF_analysis.json,1.0,1.0,3.0,3.0,3.0,3.0,3.0,3.0,3.0,3.0,3.0,3.0,3.0,3.0,3.0,3.0,3.0,2.0,3.0,3.0,3.0,3.0,3.0,3.0,3.0,3.0,3.0,3.0,2.75,3.0,8,13,2.95,0,40.91481074,14.3511862
VAMM81201L,G.Adamoli- Besozzo -,Besozzo,Varese,Lombardia,Nord Ovest,I Grado,Scuola Primo Grado,Non Metropolitano,I Grado,Via Degli Orti,21023,vaic81200g@istruzione.it,ND,www.icsadamoli.edu.it,Statale,ok,analysis_results/VAMM81201L_PTOF_analysis.json,0.0,2.0,4.0,4.0,4.0,3.0,4.0,4.0,3.0,1.0,3.0,2.0,4.0,4.0,2.0,3.0,4.0,2.0,2.0,4.0,4.0,4.0,3.0,4.0,4.0,3.8,2.75,3.0,3.0,3.8,8,2,3.27,0,45.85161622,8.66515456
AVAA88702Q,Capoluogo-Candida,Candida,Avellino,Campania,Sud,Infanzia,ND,Non Metropolitano,Infanzia,Piazza Sant'Agostino,83040,pvps05000q@istruzione.it,pvps05000q@pec.istruzione.it,www.iccolombosolimena.edu.it,Statale,ok,analysis_results/AVAA88702Q_PTOF_analysis.json,1.0,3.0,5.0,5.0,5.0,5.0,5.0,4.0,4.0,3.0,4.0,5.0,5.0,5.0,5.0,5.0,5.0,2.0,5.0,5.0,4.0,4.0,1.0,1.0,1.0,5.0,3.75,5.0,4.25,2.2,14,38,4.04,0,40.94130764,14.87371614
ISTDGG500C,Istituto Tecnico Polo San Pietro Celestino,Isernia,Isernia,Molise,Sud,"I Grado, Infanzia, Professionale",ND,Non Metropolitano,II Grado,Via Farinacci 11,86170,info@poloparitariosanpietro.it,mondoscuolasrl@legalmail.it,poloparitatiosanpietro.it,Paritaria,ok,analysis_results/ISTDGG500C_PTOF_analysis.json,0.0,2.0,2.0,2.0,2.0,3.0,2.0,2.0,2.0,2.0,3.0,2.0,2.0,2.0,2.0,3.0,2.0,3.0,2.0,2.0,2.0,2.0,2.0,2.0,2.0,2.2,2.25,2.2,2.25,2.0,3,1,2.18,0,41.58800826,14.22575426
VVAA83503E,Scuola Infanzia Vazzano,Vazzano,Vibo Valentia,Calabria,Sud,Infanzia,ND,Non Metropolitano,Infanzia,Via Cav.Fusca',89834,vvic83500g@istruzione.it,vvic83500g@pec.istruzione.it,www.icvallelonga.edu.it,Statale,ok,analysis_results/VVAA83503E_PTOF_analysis.json,1.0,3.0,5.0,5.0,5.0,4.0,5.0,5.0,5.0,3.0,4.0,5.0,5.0,5.0,4.0,5.0,5.0,5.0,4.0,5.0,4.0,5.0,3.0,3.0,3.0,4.8,4.25,4.8,4.75,3.6,14,37,4.44,0,38.63353666,16.24599797
GEMM14100T,I.O. Convitto/Sec.I Gr.Colombo,Genova,Genova,Liguria,Nord Ovest,I Grado,ND,Metropolitano,I Grado,Corso Carbonara 7G,16124,gemm14100t@istruzione.it,gemm14100t@pec.istruzione.it,www.convittoge.edu.it,Statale,ok,analysis_results/GEMM14100T_PTOF_analysis.json,1.0,3.0,3.0,3.0,3.0,3.0,3.0,2.0,3.0,1.0,3.0,4.0,3.0,4.0,3.0,3.0,3.0,4.0,3.0,3.0,3.0,3.0,2.0,2.0,3.0,3.0,2.25,3.4,3.25,2.6,7,12,2.9,0,44.41149314,8.9326992
PEMM836014,S.M. Michetti-Pascoli - Pescara,Pescara,Pescara,Abruzzo,Sud,I Grado,ND,Non Metropolitano,I Grado,Via Roma 41,65122,peic836003@istruzione.it,ND,www.istitutocomprensivo4pescara.edu.it,Statale,ok,analysis_results/PEMM836014_PTOF_analysis.json,0.0,2.0,2.0,2.0,2.0,3.0,2.0,2.0,2.0,2.0,3.0,2.0,2.0,2.0,2.0,2.0,3.0,3.0,2.0,3.0,2.0,2.0,2.0,2.0,2.0,2.2,2.25,2.0,2.75,2.0,3,1,2.24,0,42.46458397,14.21364841
MEMM82003C,Roccavaldina Mm,Roccavaldina,Messina,Sicilia,Isole,I Grado,Scuola Primo Grado,Metropolitano,I Grado,Via Dei Cappuccini,98040,meic820009@istruzione.it,ND,www.icvenetico.gov.it,Statale,ok,analysis_results/MEMM82003C_PTOF_analysis.json,0.0,2.0,2.0,2.0,2.0,3.0,2.0,2.0,2.0,2.0,3.0,2.0,2.0,2.0,2.0,3.0,2.0,3.0,2.0,3.0,3.0,3.0,2.0,2.0,2.0,2.2,2.25,2.2,2.5,2.4,3,1,2.31,0,38.18230046,15.37497616
BAPS035008,San Giovanni Battista De La Salle,Santeramo In Colle,Bari,Puglia,Sud,"Liceo, Professionale, Tecnico",Scuola Sec. Secondo Grado Non Statale,Metropolitano,II Grado,Via Enrico Fermi 24,70029,segreteria@istitutodelasalle.it,segreteria@pec.istitutodelasalle.it,www.istitutodelasalle.it,Paritaria,ok,analysis_results/BAPS035008_PTOF_analysis.json,0.0,5.0,3.0,3.0,4.0,5.0,4.0,5.0,4.0,3.0,6.0,4.0,4.0,5.0,4.0,4.0,6.0,6.0,2.0,4.0,3.0,3.0,3.0,3.0,3.0,3.8,4.5,4.2,4.5,3.0,11,3,4.0,0,40.79461702,16.7525404
GOTD006511,"I.T.C.""Einaudi""-Serale",Staranzano,Gorizia,Friuli-Venezia G.,Nord Est,Tecnico,ND,Non Metropolitano,II Grado,Via Mattei,34079,gois006009@istruzione.it,ND,www.bem.goiss.it,Statale,ok,analysis_results/GOTD006511_PTOF_analysis.json,1.0,5.0,5.0,5.0,5.0,5.0,5.0,5.0,5.0,5.0,5.0,5.0,5.0,5.0,5.0,5.0,5.0,5.0,5.0,5.0,0.0,0.0,0.0,0.0,0.0,5.0,5.0,5.0,5.0,0.0,20,120,5.0,1,45.80550919,13.50027729
GREE82501Q,P.S.Stefano P.Le S.Andrea M.Arg,Monte Argentario,Grosseto,Toscana,Centro,Primaria,Scuola Primaria,Non Metropolitano,Primaria,Piazzale S.Andrea 25/26,58019,gric82500n@istruzione.it,ND,www.scuolargentariogiglio.edu.it,Statale,ok,analysis_results/GREE82501Q_PTOF_analysis.json,0.0,1.0,3.0,4.0,1.0,3.0,1.0,1.0,3.0,1.0,3.0,3.0,4.0,5.0,2.0,5.0,5.0,4.0,6.0,4.0,2.0,5.0,4.0,1.0,4.0,2.4,2.0,3.8,4.75,3.2,7,8,3.23,0,42.43915327,11.11584279
RMMM8CE01X,"Labico ""Pasquale Marsili""",Labico,Roma,Lazio,Centro,I Grado,ND,Metropolitano,I Grado,Via Roma 34A,00030,rmic8ce00v@istruzione.it,ND,www.scuolalabico.gov.it,Statale,ok,analysis_results/RMMM8CE01X_PTOF_analysis.json,0.0,1.0,3.0,3.0,2.0,2.0,1.0,0.0,1.0,0.0,1.0,2.0,2.0,3.0,1.0,3.0,4.0,3.0,3.0,3.0,1.0,3.0,3.0,1.0,1.0,2.2,1.0,2.2,3.25,1.8,4,12,2.09,0,41.78562954,12.88606511
RMIC8ES00L,Mahatma Gandhi,Roma,Roma,Lazio,Centro,"I Grado, Infanzia, Primaria, Professionale, Tecnico",Istituto Comprensivo,Metropolitano,"Comprensivo, I Grado, II Grado, Infanzia, Primaria",Via Corinaldo 41,00156,rmic8es00l@istruzione.it,rmic8es00l@pec.istruzione.it,www.icmahatmagandhi.it,Statale,ok,analysis_results/RMIC8ES00L_PTOF_analysis.json,1.0,5.0,5.0,5.0,4.0,5.0,5.0,5.0,4.0,1.0,5.0,4.0,5.0,5.0,4.0,4.0,4.0,5.0,4.0,5.0,4.0,5.0,4.0,4.0,4.0,4.8,3.75,4.4,4.5,4.2,32,9,4.33,0,41.89277044,12.48366723
CEAA8AT023,Santa Caterina,Marcianise,Caserta,Campania,Sud,Infanzia,ND,Non Metropolitano,Infanzia,Via S.Caterina,81025,ceic8at005@istruzione.it,con.parigi.scuolaitaliana@cert.esteri.it,www.iccalcara.gov.it,Statale,ok,analysis_results/CEAA8AT023_PTOF_analysis.json,1.0,1.0,3.0,3.0,3.0,3.0,3.0,2.0,3.0,1.0,1.0,2.0,3.0,3.0,1.0,2.0,3.0,2.0,1.0,3.0,3.0,3.0,1.0,1.0,3.0,3.0,1.75,2.2,2.25,2.2,5,5,2.28,0,41.03554506,14.2994533
RMTAPV5005,Aniene -Agraria Agroalimentare E Agroindustria,Roma,Roma,Lazio,Centro,"Liceo, Professionale, Tecnico",ND,Metropolitano,II Grado,Via Tiburtina 994,00156,direzione@istitutoaniene.it,istitutoanienesrl@legalmail.it,www.istitutoaniene.it,Paritaria,ok,analysis_results/RMTAPV5005_PTOF_analysis.json,0.0,3.0,5.0,0.0,0.0,0.0,0.0,0.0,0.0,0.0,0.0,0.0,0.0,0.0,0.0,0.0,0.0,0.0,0.0,0.0,0.0,0.0,0.0,0.0,0.0,5.0,0.0,0.0,0.0,0.0,42,0,5.0,1,41.89277044,12.48366723
VI1E00900T,Patronato S. Gaetano,Thiene,Vicenza,Veneto,Nord Est,Primaria,ND,Non Metropolitano,Primaria,Via S.Maria Maddalena N. 94,36016,segreteria@scuolagiuseppinithiene.edu.it,cgpstsg-thiene@overpec.it,www.patronatosangaetano.it,Paritaria,ok,analysis_results/VI1E00900T_PTOF_analysis.json,0.0,2.0,3.0,3.0,4.0,5.0,4.0,1.0,4.0,1.0,4.0,3.0,2.0,5.0,2.0,3.0,2.0,4.0,3.0,4.0,4.0,5.0,2.0,3.0,5.0,3.8,2.5,3.0,3.25,3.8,13,3,3.27,0,45.70731095,11.47834926
RGIC83600B,Luigi Pirandello,Comiso,Ragusa,Sicilia,Isole,"Primaria, Professionale",ND,Non Metropolitano,"II Grado, Primaria",Viale Della Resistenza 51,97013,rgic83600b@istruzione.it,rgic83600b@pec.istruzione.it,https//www.scuolapirandellocomiso.edu.it/,Statale,ok,analysis_results/RGIC83600B_PTOF_analysis.json,0.0,0.0,5.0,5.0,5.0,5.0,5.0,5.0,4.0,0.0,3.0,5.0,4.0,5.0,5.0,5.0,5.0,5.0,4.0,5.0,5.0,5.0,5.0,0.0,5.0,5.0,4.0,4.8,4.75,5.0,2,61,4.71,0,36.94565701,14.60468609
GE1M006006,Maria Luigia,Chiavari,Genova,Liguria,Nord Ovest,I Grado,Scuola Sec. Primo Grado Non Statale,Metropolitano,I Grado,V.S.Chiara 20,16043,segreteria@scuolamarialuigia.it,mluigia@pec.confcooperative.it,www.scuolamarialuigia.it,Paritaria,ok,analysis_results/GE1M006006_PTOF_analysis.json,0.0,2.0,5.0,5.0,4.0,4.0,4.0,3.0,4.0,2.0,5.0,4.0,5.0,6.0,3.0,4.0,5.0,3.0,3.0,4.0,3.0,5.0,3.0,4.0,5.0,4.4,3.5,4.4,3.75,4.0,15,11,4.01,0,44.31671072,9.32401708
PEEE829012,Citta' S.Angelo-C.U.- I.C.,Citta' Sant'Angelo,Pescara,Abruzzo,Sud,Primaria,ND,Non Metropolitano,Primaria,Via Circonvallazione 17,65013,peic82900x@istruzione.it,ND,www.iccsa.edu.it,Statale,ok,analysis_results/PEEE829012_PTOF_analysis.json,1.0,4.0,3.0,3.0,3.0,3.0,3.0,3.0,3.0,3.0,3.0,3.0,3.0,3.0,3.0,3.0,3.0,1.0,3.0,3.0,3.0,3.0,3.0,3.0,3.0,3.0,3.0,3.0,2.5,3.0,0,0,2.9,0,,
GERH023514,I.P.S.S.A.R. N.Bergese/Serale,Genova,Genova,Liguria,Nord Ovest,"Infanzia, Professionale, Tecnico",ND,Metropolitano,"II Grado, Infanzia",Via Giotto 8,16153,geis012004@istruzione.it,geis012004@pec.istruzione.it,www.iismarsano.it,Statale,ok,analysis_results/GERH023514_PTOF_analysis.json,1.0,5.0,3.0,3.0,3.0,3.0,3.0,5.0,4.0,3.0,3.0,4.0,4.0,4.0,3.0,4.0,4.0,3.0,3.0,3.0,3.0,3.0,3.0,3.0,3.0,3.0,3.75,3.8,3.25,3.0,14,41,3.36,0,44.41149314,8.9326992
LTIC846006,"I. C. ""Emma Castelnuovo""",Latina,Latina,Lazio,Centro,"I Grado, Infanzia, Primaria",Istituto Comprensivo,Non Metropolitano,"Comprensivo, I Grado, Infanzia, Primaria",Via Bachelet 5,04100,ltic846006@istruzione.it,ltic846006@pec.istruzione.it,www.ic-emmacastelnuovo-latina.edu.it,Statale,ok,analysis_results/LTIC846006_PTOF_analysis.json,1.0,5.0,4.0,4.0,4.0,4.0,4.0,5.0,5.0,3.0,4.0,4.0,5.0,5.0,3.0,5.0,5.0,4.0,4.0,5.0,4.0,6.0,4.0,3.0,5.0,4.0,4.25,4.4,4.5,4.4,21,8,4.31,0,41.46759464,12.90368485
NAMM8B301P,Sms De Filippo - C.D. 88' Na,Napoli,Napoli,Campania,Sud,I Grado,ND,Metropolitano,I Grado,Via Del Flauto Magico,80147,naic8b300n@istruzione.it,ND,www.ics88eduardodefilippo.gov.it,Statale,ok,analysis_results/NAMM8B301P_PTOF_analysis.json,1.0,5.0,3.0,3.0,3.0,3.0,3.0,3.0,3.0,3.0,3.0,3.0,3.0,3.0,3.0,3.0,3.0,1.0,3.0,3.0,3.0,3.0,3.0,3.0,3.0,3.0,3.0,3.0,2.5,3.0,0,0,2.9,0,40.83956554,14.25085002
NAIC8DG006,Ic Moscati - D'Acquisto,Napoli,Napoli,Campania,Sud,"I Grado, Infanzia, Primaria, Professionale",ND,Metropolitano,"Comprensivo, I Grado, II Grado, Infanzia, Primaria",Via Lombardia28,80145,naic8dg006@istruzione.it,naic8dg006@pec.istruzione.it,www.ic64rodarimoscati.edu.it,Statale,ok,analysis_results/NAIC8DG006_PTOF_analysis.json,1.0,5.0,4.0,4.0,5.0,4.0,4.0,4.0,3.0,2.0,3.0,4.0,4.0,4.0,3.0,4.0,4.0,3.0,3.0,4.0,3.0,3.0,3.0,3.0,3.0,4.2,3.0,3.8,3.5,3.0,11,24,3.5,0,40.83956554,14.25085002
GE1E00800L,Suore Benedettine Della Provvidenza,Genova,Genova,Liguria,Nord Ovest,Primaria,ND,Metropolitano,Primaria,Via San Giuliano 10,16145,direzione@benedettineprovvidenza.net,benedettineprovvidenza@pec.it,www.benedettineprovvidenza.net,Paritaria,ok,analysis_results/GE1E00800L_PTOF_analysis.json,0.0,5.0,3.0,3.0,3.0,3.0,3.0,1.0,3.0,1.0,1.0,1.0,1.0,3.0,1.0,1.0,1.0,1.0,1.0,2.0,1.0,2.0,1.0,1.0,2.0,3.0,1.5,1.4,1.25,1.4,1,4,1.71,0,44.41149314,8.9326992
GEPC04000E,Liceo Classico E Linguistico G. Mazzini,Genova,Genova,Liguria,Nord Ovest,Liceo,ND,Metropolitano,II Grado,Via P.Reti 25,16151,gepc04000e@istruzione.it,gepc04000e@pec.istruzione.it,www.liceomazzinigenova.edu.it,Statale,ok,analysis_results/GEPC04000E_PTOF_analysis.json,0.0,5.0,3.0,3.0,3.0,3.0,3.0,2.0,3.0,2.0,3.0,3.0,3.0,3.0,3.0,3.0,2.0,1.0,2.0,3.0,2.0,2.0,2.0,2.0,2.0,3.0,2.5,3.0,2.0,2.0,2,7,2.5,0,44.41149314,8.9326992
BG1E01600P,"Scuola Primaria Paritaria ""Sacra Famiglia""",Seriate,Bergamo,Lombardia,Nord Ovest,Primaria,Scuola Primaria Non Statale,Non Metropolitano,Primaria,Via Luigia Corti N. 6,24068,scuola@istitutosacrafamigliabg.it,ND,www.scuolasacrafamigliabg.it,Paritaria,ok,analysis_results/BG1E01600P_PTOF_analysis.json,0.0,2.0,3.0,3.0,2.0,5.0,3.0,3.0,5.0,1.0,4.0,4.0,4.0,5.0,2.0,4.0,5.0,5.0,3.0,4.0,4.0,4.0,4.0,3.0,4.0,3.2,3.25,3.8,4.25,3.8,10,7,3.66,0,45.68353578,9.71764216
MB1E03600B,"Scuola Primaria Par.""Padre Annibale Di Francia""",Monza,Monza E Della Brianza,Lombardia,Nord Ovest,Primaria,ND,Non Metropolitano,Primaria,Via Della Taccona N.16,20900,segreteria.scuola@padredifrancia.it,annibale@overpec.it,www.padredifrancia.it,Paritaria,ok,analysis_results/MB1E03600B_PTOF_analysis.json,1.0,3.0,4.0,4.0,5.0,4.0,2.0,4.0,5.0,1.0,5.0,5.0,4.0,5.0,4.0,5.0,4.0,2.0,4.0,4.0,4.0,4.0,3.0,3.0,4.0,3.8,3.75,4.6,3.5,3.6,18,20,3.85,0,45.58439043,9.27358247
TOPS105001,Valsalice,Torino,Torino,Piemonte,Nord Ovest,"I Grado, Liceo, Professionale",ND,Metropolitano,II Grado,V.Le Thovez 37,10131,scuola@liceovalsalice.it,valsalice.torino@pec.salesianipiemonte.it,www.liceovalsalice.it,Paritaria,ok,analysis_results/TOPS105001_PTOF_analysis.json,1.0,5.0,5.0,5.0,5.0,5.0,5.0,3.0,4.0,2.0,3.0,3.0,5.0,4.0,3.0,4.0,6.0,4.0,4.0,6.0,4.0,4.0,3.0,4.0,3.0,5.0,3.0,3.8,5.0,3.6,6,31,4.08,0,45.0732745,7.68068748
RM1E00500B,Scuola Primaria S. Orsola,Roma,Roma,Lazio,Centro,Primaria,ND,Metropolitano,Primaria,Via Livorno 50/A,00162,segreteria.roma@orsoline.it,dedalo.santorsolaroma@pec.it,https//www.scuolededalo.it,Paritaria,ok,analysis_results/RM1E00500B_PTOF_analysis.json,1.0,1.0,5.0,5.0,5.0,1.0,4.0,3.0,4.0,0.0,2.0,3.0,4.0,4.0,3.0,3.0,4.0,2.0,3.0,4.0,2.0,3.0,2.0,1.0,3.0,4.0,3.0,3.4,3.25,2.2,3,6,3.17,0,41.89277044,12.48366723
SAIC89000V,"I.C. ""R. Nicodemi"" Fisciano",Fisciano,Salerno,Campania,Sud,"I Grado, Infanzia, Primaria, Professionale",ND,Non Metropolitano,"Comprensivo, I Grado, II Grado, Infanzia, Primaria",Via Roma 47,84084,saic89000v@istruzione.it,saic89000v@pec.istruzione.it,www.icnicodemifiscianocalvanico.edu.it,Statale,ok,analysis_results/SAIC89000V_PTOF_analysis.json,1.0,2.0,4.0,4.0,4.0,4.0,4.0,3.0,4.0,0.0,3.0,4.0,3.0,4.0,4.0,3.0,4.0,2.0,3.0,4.0,3.0,3.0,2.0,3.0,2.0,4.0,3.33,3.6,3.25,2.6,21,14,3.36,0,40.77147015,14.79914629
GEEE825036,S.El. - L.Cicala -,Genova,Genova,Liguria,Nord Ovest,Primaria,ND,Metropolitano,Primaria,Via Rigola 52,16149,geic825002@istruzione.it,mtis01700x@pec.istruzione.it,www.icsanteodoro.edu.it,Statale,ok,analysis_results/GEEE825036_PTOF_analysis.json,1.0,3.0,4.0,4.0,4.0,4.0,4.0,2.0,4.0,3.0,3.0,3.0,4.0,4.0,3.0,3.0,4.0,3.0,4.0,4.0,4.0,4.0,1.0,3.0,3.0,4.0,3.0,3.4,3.75,3.0,14,41,3.43,0,44.41149314,8.9326992
MIIC8AX00N,Ic E. Fermi,Cusano Milanino,Milano,Lombardia,Nord Ovest,"I Grado, Infanzia, Primaria",Istituto Comprensivo,Metropolitano,"Comprensivo, I Grado, Infanzia, Primaria",P.Zza Trento Trieste 1,20095,miic8ax00n@istruzione.it,miic8ax00n@pec.istruzione.it,www.icfermicusano.edu.it,Statale,ok,analysis_results/MIIC8AX00N_PTOF_analysis.json,0.0,1.0,3.0,3.0,2.0,3.0,3.0,4.0,3.0,3.0,3.0,3.0,3.0,4.0,3.0,5.0,3.0,5.0,4.0,3.0,4.0,5.0,3.0,3.0,4.0,2.8,3.25,3.6,3.75,3.8,10,13,3.44,0,45.55073318,9.18157036
RMIC8B400C,Bruno Munari,Roma,Roma,Lazio,Centro,"Primaria, Professionale",ND,Metropolitano,"II Grado, Primaria",Via C. Perazzi 30,00139,rmic8b400c@istruzione.it,rmic8b400c@pec.istruzione.it,https//www.icmunari.edu.it/,Statale,ok,analysis_results/RMIC8B400C_PTOF_analysis.json,0.0,0.0,3.0,3.0,3.0,1.0,1.0,1.0,2.0,1.0,1.0,2.0,2.0,3.0,2.0,1.0,3.0,2.0,2.0,3.0,1.0,3.0,3.0,1.0,3.0,2.2,1.25,2.0,2.5,2.2,8,18,2.03,0,41.89277044,12.48366723
GEPS07500L,Calasanzio,Genova,Genova,Liguria,Nord Ovest,"I Grado, Infanzia, Primaria",ND,Metropolitano,II Grado,V.Cervetto 40,16152,segreteria@calasanziogenova.it,ND,ND,Paritaria,ok,analysis_results/GEPS07500L_PTOF_analysis.json,1.0,1.0,4.0,4.0,4.0,4.0,4.0,4.0,4.0,3.0,3.0,4.0,4.0,5.0,4.0,4.0,3.0,2.0,3.0,3.0,3.0,3.0,3.0,3.0,1.0,4.0,3.5,4.2,2.75,2.6,9,9,3.41,0,44.41149314,8.9326992
MIEE8EA01A,Primaria G. Carducci,Legnano,Milano,Lombardia,Nord Ovest,Primaria,Scuola Primaria,Metropolitano,Primaria,Via Xx Settembre 2,20025,miic8ea008@istruzione.it,ND,www.iccarduccilegnano.edu.it/,Statale,ok,analysis_results/MIEE8EA01A_PTOF_analysis.json,0.0,2.0,3.0,3.0,2.0,3.0,2.0,4.0,4.0,1.0,3.0,3.0,4.0,4.0,3.0,5.0,3.0,4.0,2.0,3.0,3.0,4.0,2.0,2.0,3.0,2.6,3.0,3.8,3.0,2.8,4,3,3.04,0,45.59413716,8.91854994
MIRFHT500U,Barbara Melzi,Legnano,Milano,Lombardia,Nord Ovest,"I Grado, Infanzia, Liceo, Primaria, Professionale",Scuola Sec. Secondo Grado Non Statale,Metropolitano,II Grado,Corso Sempione 102,20025,canlegmi@fdcc.org,ND,www.istitutobarbaramelzi.it,Paritaria,ok,analysis_results/MIRFHT500U_PTOF_analysis.json,1.0,4.0,4.0,4.0,5.0,5.0,5.0,4.0,5.0,4.0,4.0,4.0,5.0,5.0,3.0,4.0,5.0,6.0,4.0,4.0,6.0,6.0,5.0,4.0,2.0,4.6,4.25,4.2,4.75,4.6,17,10,4.48,0,45.59413716,8.91854994
RMEE8BY01P,Via Cina 4,Roma,Roma,Lazio,Centro,Primaria,ND,Metropolitano,Primaria,Via Cina 4,00144,rmic8by00l@istruzione.it,ND,www.icmatteoricci.edu.it,Statale,ok,analysis_results/RMEE8BY01P_PTOF_analysis.json,0.0,2.0,3.0,3.0,2.0,2.0,2.0,3.0,4.0,1.0,3.0,3.0,3.0,4.0,2.0,4.0,2.0,3.0,2.0,3.0,2.0,3.0,2.0,1.0,3.0,2.4,2.75,3.2,2.5,2.2,7,2,2.61,0,41.89277044,12.48366723
FEPC01000E,"Lc Liceo Ginnasio ""G.Cevolani""",Cento,Ferrara,Emilia Romagna,Nord Est,Liceo,ND,Non Metropolitano,II Grado,Via Matteotti 17,44042,fepc01000e@istruzione.it,fepc01000e@pec.istruzione.it,www.liceocevolani.edu.it,Statale,ok,analysis_results/FEPC01000E_PTOF_analysis.json,1.0,3.0,4.0,4.0,4.0,2.0,4.0,3.0,4.0,3.0,4.0,7.0,5.0,4.0,3.0,4.0,5.0,4.0,3.0,4.0,3.0,4.0,3.0,3.0,3.0,3.6,3.5,4.6,4.0,3.2,6,19,3.78,0,44.72755647,11.29060992
BNPC002015,Liceo Scienze Umane Economico Sociale,Solopaca,Benevento,Campania,Sud,Liceo,ND,Non Metropolitano,II Grado,Via Pozzocampo,82036,bnis00200t@istruzione.it,ND,https//www.iistelesia.edu.it/,Statale,ok,analysis_results/BNPC002015_PTOF_analysis.json,1.0,3.0,4.0,4.0,4.0,4.0,4.0,4.0,4.0,3.0,4.0,4.0,4.0,4.0,3.0,4.0,4.0,4.0,3.0,4.0,3.0,3.0,3.0,3.0,3.0,4.0,3.75,3.8,3.75,3.0,11,17,3.66,0,41.19401297,14.55292382
SVTL00651X,I.T.G. Alberti Corso Serale Sv,Savona,Savona,Liguria,Nord Ovest,Tecnico,ND,Non Metropolitano,II Grado,Via S. Giovanni Bosco 6,17100,ND,ND,www.iisboselli-alberti-mazzini-davinci.edu.it,Statale,ok,analysis_results/SVTL00651X_PTOF_analysis.json,0.0,0.0,2.0,2.0,2.0,3.0,2.0,2.0,2.0,2.0,3.0,2.0,2.0,2.0,2.0,3.0,2.0,3.0,2.0,2.0,2.0,2.0,2.0,2.0,2.0,2.2,2.25,2.2,2.25,2.0,3,1,2.18,0,44.30750461,8.48110865
MOMM80701C,Giovanni Xxiii,Sestola,Modena,Emilia Romagna,Nord Est,I Grado,ND,Non Metropolitano,I Grado,Via Guidellina 9,41029,moic80700b@istruzione.it,ND,www.icsestola.it,Statale,ok,analysis_results/MOMM80701C_PTOF_analysis.json,0.0,1.0,3.0,3.0,1.0,0.0,0.0,1.0,1.0,1.0,1.0,3.0,2.0,3.0,1.0,3.0,4.0,3.0,3.0,3.0,1.0,3.0,3.0,1.0,1.0,2.33,1.0,2.4,3.25,1.8,4,13,2.16,0,44.2301482,10.77138108
IMIC81800A,"I.C. ""G.Biancheri-Ventimiglia""",Ventimiglia,Imperia,Liguria,Nord Ovest,"I Grado, Infanzia, Primaria, Professionale, Tecnico",ND,Non Metropolitano,"Comprensivo, I Grado, II Grado, Infanzia, Primaria",Via Roma,18039,imic81800a@istruzione.it,imic81800a@pec.istruzione.it,www.ic1ventimiglia.edu.it,Statale,ok,analysis_results/IMIC81800A_PTOF_analysis.json,0.0,2.0,3.0,3.0,1.0,1.0,1.0,5.0,3.0,1.0,3.0,1.0,3.0,3.0,2.0,4.0,4.0,3.0,3.0,4.0,1.0,1.0,1.0,1.0,1.0,1.8,3.0,2.6,3.5,1.0,0,0,2.38,0,43.79003749,7.60863489
CZEE864024,Pl. Fronti- Ic Ardito-Don Bosco,Lamezia Terme,Catanzaro,Calabria,Sud,Primaria,ND,Non Metropolitano,Primaria,Via Grandinetti Fraz. Fronti,88046,czic864001@istruzione.it,mtis01700x@pec.istruzione.it,www.arditodonbosco.gov.it,Statale,ok,analysis_results/CZEE864024_PTOF_analysis.json,1.0,1.0,4.0,4.0,4.0,4.0,4.0,3.0,3.0,3.0,3.0,3.0,3.0,3.0,3.0,3.0,4.0,2.0,4.0,4.0,4.0,4.0,1.0,3.0,3.0,4.0,3.0,3.0,3.5,3.0,15,22,3.3,0,38.97522103,16.31939038
PZEE85504L,Spinoso,Spinoso,Potenza,Basilicata,Sud,Primaria,ND,Non Metropolitano,Primaria,Via Bardini,85039,pzic85500b@istruzione.it,cnps010003@pec.istruzione.it,www.comprensivomoliterno.it,Statale,ok,analysis_results/PZEE85504L_PTOF_analysis.json,1.0,2.0,4.0,4.0,4.0,4.0,4.0,4.0,4.0,1.0,3.0,4.0,4.0,4.0,4.0,5.0,4.0,3.0,4.0,4.0,4.0,4.0,3.0,4.0,4.0,4.0,3.0,4.2,3.75,3.8,38,26,3.75,0,40.26538033,15.9661533
PS1A04800V,Ambaraba',Pesaro,Pesaro E Urbino,Marche,Centro,Infanzia,ND,Non Metropolitano,Infanzia,Via San Marino,61100,maternenidi@comune.pesaro.ps.it,ND,ND,Paritaria,ok,analysis_results/PS1A04800V_PTOF_analysis.json,0.0,2.0,2.0,2.0,2.0,2.0,2.0,2.0,2.0,2.0,2.0,2.0,2.0,2.0,2.0,2.0,2.0,3.0,2.0,2.0,2.0,2.0,2.0,2.0,2.0,2.0,2.0,2.0,2.25,2.0,3,0,2.05,0,43.91014021,12.91345991
CA1A06200A,Scuola Dell'Infanzia Babylandia,Iglesias,Sud Sardegna,Sardegna,Isole,Infanzia,ND,Non Metropolitano,Infanzia,Via Cattaneo N 28,09016,sgbosco.scuolainfanzia@gmail.com,babylandia@mypec.eu,ND,Paritaria,ok,analysis_results/CA1A06200A_PTOF_analysis.json,0.0,2.0,3.0,3.0,2.0,5.0,0.0,1.0,4.0,1.0,3.0,4.0,3.0,5.0,3.0,4.0,4.0,4.0,3.0,3.0,2.0,5.0,3.0,1.0,5.0,3.25,2.25,3.8,3.5,3.2,19,5,3.2,0,39.30993485,8.53146719
MCEE819023,Giovanni Ginobili,Petriolo,Macerata,Marche,Centro,Primaria,ND,Non Metropolitano,Primaria,P.Zza Leopardi 1,62010,mcic81900x@istruzione.it,ND,www.icg23.it,Statale,ok,analysis_results/MCEE819023_PTOF_analysis.json,0.0,2.0,3.0,4.0,2.0,5.0,2.0,1.0,4.0,1.0,4.0,3.0,4.0,5.0,2.0,5.0,5.0,6.0,6.0,4.0,3.0,5.0,4.0,1.0,4.0,3.2,2.5,3.8,5.25,3.4,6,8,3.63,0,43.22102655,13.46562823
PZRA02950B,Corso Serale I.P.S.A.S.R. Genzano,Genzano Di Lucania,Potenza,Basilicata,Sud,"Liceo, Tecnico",ND,Non Metropolitano,II Grado,Via Pennella,85013,pzis029003@istruzione.it,ND,http//www.liceogenzanodilucania.gov.it,Statale,ok,analysis_results/PZRA02950B_PTOF_analysis.json,1.0,1.0,4.0,4.0,4.0,4.0,4.0,3.0,3.0,3.0,3.0,4.0,4.0,4.0,4.0,4.0,4.0,2.0,4.0,4.0,4.0,4.0,4.0,4.0,4.0,4.0,3.0,4.0,3.5,4.0,4,18,3.7,0,40.85035736,16.03153721
NAAA8AW018,Na 6O - Castellino -,Napoli,Napoli,Campania,Sud,Infanzia,ND,Metropolitano,Infanzia,Via Pietro Castellino 56,80128,naic8aw00b@istruzione.it,ND,www.istitutopavesenazareth.gov.it,Statale,ok,analysis_results/NAAA8AW018_PTOF_analysis.json,1.0,1.0,3.0,3.0,3.0,3.0,1.0,1.0,1.0,1.0,1.0,4.0,4.0,4.0,3.0,4.0,3.0,1.0,3.0,3.0,3.0,3.0,2.0,3.0,3.0,2.6,1.0,3.8,2.5,2.8,16,20,2.54,0,40.83956554,14.25085002
VVEE813062,Scuola Primaria Pannaconi,Cessaniti,Vibo Valentia,Calabria,Sud,Primaria,ND,Non Metropolitano,Primaria,Via Progresso,89816,ND,ND,www.icsrombiolo.edu.it,Statale,ok,analysis_results/VVEE813062_PTOF_analysis.json,0.0,2.0,2.0,2.0,2.0,3.0,2.0,2.0,2.0,2.0,3.0,2.0,2.0,2.0,2.0,3.0,2.0,3.0,2.0,2.0,2.0,2.0,2.0,2.0,2.0,2.2,2.25,2.2,2.25,2.0,3,1,2.18,0,38.6639523,16.02959092
FRPSII500H,San Bernardo,Veroli,Frosinone,Lazio,Centro,"I Grado, Liceo, Primaria",Scuola Sec. Secondo Grado Non Statale,Non Metropolitano,II Grado,Via Maria N. 25,03029,istitutosanbernardo@virigilio.it,istitutosanbernardo@pec.it,www.istitutosanbernardo.com,Paritaria,ok,analysis_results/FRPSII500H_PTOF_analysis.json,0.0,6.0,6.0,4.0,5.0,6.0,6.0,6.0,6.0,4.0,6.0,5.0,6.0,5.0,4.0,5.0,5.0,4.0,4.0,5.0,5.0,6.0,0.0,5.0,5.0,5.4,5.5,5.0,4.5,5.25,18,9,5.13,1,41.69100425,13.41787776
KRAA804048,Via Roma - Casabona,Casabona,Crotone,Calabria,Sud,Infanzia,ND,Non Metropolitano,Infanzia,Via Roma 213,88822,kric804008@istruzione.it,ND,www.scuole-roccadineto.it,Statale,ok,analysis_results/KRAA804048_PTOF_analysis.json,0.0,2.0,2.0,2.0,2.0,2.0,2.0,2.0,2.0,2.0,2.0,2.0,2.0,2.0,2.0,2.0,2.0,3.0,2.0,2.0,2.0,2.0,2.0,2.0,2.0,2.0,2.0,2.0,2.25,2.0,3,0,2.05,0,39.24846194,16.9582991
PZAA81705N,Scuola Infanzia Sasso Castalda,Sasso Di Castalda,Potenza,Basilicata,Sud,Infanzia,ND,Non Metropolitano,Infanzia,Via Giardini,85050,maurizio.de.blasio@comune.trieste.it,ND,icsatrianodilucania.gov.it,Statale,ok,analysis_results/PZAA81705N_PTOF_analysis.json,0.0,2.0,3.0,3.0,2.0,3.0,2.0,1.0,4.0,1.0,5.0,5.0,2.0,6.0,3.0,5.0,3.0,3.0,2.0,4.0,5.0,6.0,5.0,3.0,6.0,2.6,2.75,4.2,3.0,5.0,6,3,3.51,0,40.48649161,15.67790803
FGTD08000A,"I.T.E.T. ""Blaise Pascal""",Foggia,Foggia,Puglia,Sud,Tecnico,ND,Non Metropolitano,II Grado,Via Napoli Km 0700,71122,fgtd08000a@istruzione.it,fgtd08000a@pec.istruzione.it,www.blaisepascal.it,Statale,ok,analysis_results/FGTD08000A_PTOF_analysis.json,0.0,2.0,3.0,4.0,3.0,5.0,4.0,3.0,4.0,3.0,4.0,4.0,3.0,4.0,3.0,4.0,2.0,3.0,3.0,2.0,1.0,1.0,2.0,2.0,3.0,3.8,3.5,3.6,2.5,1.8,2,2,3.04,0,41.46226862,15.54305185
BLIS00100B,Enrico Fermi,Pieve Di Cadore,Belluno,Veneto,Nord Est,"Liceo, Professionale, Tecnico",Istituto Superiore,Non Metropolitano,II Grado,Via Valcalda 1,32044,blis00100b@istruzione.it,blis00100b@pec.istruzione.it,www.cadorescuola.edu.it,Statale,ok,analysis_results/BLIS00100B_PTOF_analysis.json,0.0,2.0,3.0,3.0,3.0,4.0,3.0,3.0,4.0,2.0,3.0,2.0,2.0,2.0,2.0,3.0,3.0,4.0,2.0,3.0,2.0,2.0,2.0,2.0,2.0,3.2,3.0,2.2,3.0,2.0,5,1,2.68,0,46.42936956,12.37484327
NAIC8EW001,Casoria 2 Ic Moscati-Maglione,Casoria,Napoli,Campania,Sud,"I Grado, Infanzia, Primaria",ND,Metropolitano,"Comprensivo, I Grado, Infanzia, Primaria",Via Martiri D'Otranto Snc,80026,naic8ew001@istruzione.it,naic8ew001@pec.istruzione.it,www.icmoscatimaglione.edu.it,Statale,ok,analysis_results/NAIC8EW001_PTOF_analysis.json,1.0,3.0,3.0,3.0,4.0,4.0,4.0,4.0,4.0,3.0,3.0,4.0,3.0,4.0,3.0,4.0,3.0,2.0,3.0,3.0,3.0,3.0,3.0,3.0,3.0,3.6,3.5,3.6,2.75,3.0,15,20,3.29,0,40.90566059,14.29026011
RCPM02000L,"Liceo Scienze Umane""G.Mazzini"" Locri",Locri,Reggio Calabria,Calabria,Sud,Liceo,ND,Metropolitano,II Grado,Via Matteotti 23,89044,rcpm02000l@istruzione.it,rcpm02000l@pec.istruzione.it,https//www.liceimazzinilocri.edu.it,Statale,ok,analysis_results/RCPM02000L_PTOF_analysis.json,0.0,1.0,2.0,2.0,2.0,3.0,2.0,1.0,3.0,1.0,2.0,3.0,2.0,2.0,1.0,1.0,2.0,3.0,2.0,3.0,2.0,2.0,2.0,1.0,3.0,2.2,1.75,1.8,2.5,2.0,3,1,2.05,0,38.2367479,16.26402974
SV1A04600E,Scuola Infanzia Amelia Giuseppina Pierucci,Loano,Savona,Liguria,Nord Ovest,Infanzia,ND,Non Metropolitano,Infanzia,Via Toti14,17025,maurizio.de.blasio@comune.trieste.it,scuolapierucci@peclcamedia.it,www.comune.trieste.it,Paritaria,ok,analysis_results/SV1A04600E_PTOF_analysis.json,0.0,2.0,3.0,3.0,2.0,1.0,2.0,1.0,4.0,1.0,4.0,4.0,2.0,5.0,3.0,4.0,2.0,4.0,2.0,3.0,5.0,5.0,4.0,2.0,5.0,2.2,2.5,3.6,2.75,4.2,7,2,3.05,0,44.12917319,8.25977713
RMCT71900T,C.T.P. 20,Roma,Roma,Lazio,Centro,"I Grado, Infanzia, Professionale",Centro Territoriale,Metropolitano,"I Grado, II Grado, Infanzia",Via Amulio 4,00181,rmmm67300x@istruzione.it,ND,cpia4lazio.edu.it,Statale,ok,analysis_results/RMCT71900T_PTOF_analysis.json,0.0,1.0,2.0,2.0,2.0,3.0,2.0,2.0,2.0,2.0,3.0,2.0,2.0,2.0,1.0,3.0,2.0,3.0,2.0,2.0,2.0,2.0,2.0,2.0,2.0,2.2,2.25,2.0,2.25,2.0,3,1,2.14,0,41.89277044,12.48366723
FI1E01200B,"""San Gaspare Del Bufalo""",Firenze,Firenze,Toscana,Centro,Primaria,ND,Metropolitano,Primaria,Via Boccherini N. 27,50144,sangaspare@liberidieducare.it,ND,www.liberidieducare.it,Paritaria,ok,analysis_results/FI1E01200B_PTOF_analysis.json,0.0,0.0,3.0,3.0,2.0,2.0,1.0,1.0,2.0,1.0,1.0,2.0,1.0,3.0,1.0,1.0,3.0,2.0,2.0,3.0,1.0,3.0,3.0,1.0,3.0,2.2,1.25,1.6,2.5,2.2,8,15,1.95,0,43.76923077,11.25588885
TPTD02202N,"Ist.Tec. Economico ""Sciascia E Bufalino""",Erice,Trapani,Sicilia,Isole,Tecnico,ND,Non Metropolitano,II Grado,Via Cesaro' N.36,91016,tpis02200a@istruzione.it,tpis02200a@pec.istruzione.it,www.sciasciaebufalino.edu.it/,Statale,ok,analysis_results/TPTD02202N_PTOF_analysis.json,0.0,0.0,5.0,4.0,4.0,4.0,3.0,5.0,2.0,2.0,2.0,4.0,4.0,5.0,2.0,5.0,5.0,3.0,4.0,5.0,5.0,5.0,3.0,4.0,3.0,4.0,2.75,4.0,4.25,4.0,35,10,3.8,0,38.03810338,12.58703706
ISTF013015,"Itis ""E.Mattei"" Isernia",Isernia,Isernia,Molise,Sud,Tecnico,ND,Non Metropolitano,II Grado,Viale Dei Pentri,86170,isis01300l@istruzione.it,ND,https//www.fermimattei.edu.it,Statale,ok,analysis_results/ISTF013015_PTOF_analysis.json,0.0,2.0,2.0,2.0,1.0,2.0,3.0,2.0,3.0,2.0,2.0,3.0,3.0,3.0,2.0,3.0,4.0,4.0,3.0,3.0,4.0,4.0,2.0,2.0,2.0,2.0,2.25,2.8,3.5,2.8,2,2,2.67,0,41.58800826,14.22575426
VE1E00800P,P.E. Venturini,Chioggia,Venezia,Veneto,Nord Est,Primaria,Scuola Primaria Non Statale,Metropolitano,Primaria,Via Venturini N. 35,30015,scuola.venturini@servemariachioggia.org,congregazione@pec.servemariachioggia.org,www.scuolainfanziasolagna.it,Paritaria,ok,analysis_results/VE1E00800P_PTOF_analysis.json,0.0,1.0,3.0,3.0,2.0,4.0,2.0,1.0,5.0,1.0,2.0,3.0,3.0,5.0,2.0,5.0,4.0,5.0,3.0,4.0,3.0,5.0,4.0,3.0,4.0,2.8,2.25,3.6,4.0,3.8,11,5,3.29,0,45.22007077,12.27943819
RMIC8FC003,Ic Via Merope,Roma,Roma,Lazio,Centro,"I Grado, Infanzia, Primaria, Professionale",Istituto Comprensivo,Metropolitano,"Comprensivo, I Grado, II Grado, Infanzia, Primaria",Via Merope 24,00133,rmic8fc003@istruzione.it,rmic8fc003@pec.istruzione.it,www.icviamerope.edu.it,Statale,ok,analysis_results/RMIC8FC003_PTOF_analysis.json,0.0,2.0,3.0,3.0,2.0,2.0,3.0,5.0,4.0,2.0,3.0,4.0,3.0,4.0,2.0,5.0,3.0,4.0,2.0,4.0,4.0,5.0,3.0,3.0,4.0,2.6,3.5,3.6,3.25,3.8,9,3,3.35,0,41.89277044,12.48366723
CSIC87300X,Ic Fuscaldo,Fuscaldo,Cosenza,Calabria,Sud,"Infanzia, Primaria",ND,Non Metropolitano,"Infanzia, Primaria",Via Molino S.N.C.,87024,csic87300x@istruzione.it,csic87300x@pec.istruzione.it,www.icfuscaldo.edu.it,Statale,ok,analysis_results/CSIC87300X_PTOF_analysis.json,0.0,0.0,3.0,3.0,1.0,1.0,1.0,1.0,1.0,1.0,1.0,2.0,2.0,3.0,1.0,3.0,4.0,3.0,4.0,3.0,1.0,3.0,2.0,1.0,1.0,1.8,1.0,2.2,3.5,1.6,5,14,2.02,0,39.41626329,16.03134735
TPTD00802B,"Tecnico Turismo - Itc ""P. Mattarella""",Castellammare Del Golfo,Trapani,Sicilia,Isole,Tecnico,Istituto Tecnico Commerciale,Non Metropolitano,II Grado,Via Fleming 19,91014,tpis008004@istruzione.it,ND,www.mattarelladolci.edu.it,Statale,ok,analysis_results/TPTD00802B_PTOF_analysis.json,1.0,5.0,4.0,4.0,4.0,4.0,4.0,5.0,5.0,3.0,5.0,5.0,5.0,5.0,4.0,5.0,5.0,4.0,3.0,5.0,4.0,4.0,3.0,4.0,4.0,4.0,4.5,4.8,4.25,3.8,11,15,4.27,0,38.02637875,12.8804435
CNMM85901B,"Secondaria I Grado ""Cordero""",Mondovi',Cuneo,Piemonte,Nord Ovest,I Grado,Scuola Primo Grado,Non Metropolitano,I Grado,Via Del Risorgimento 16,12084,cnic85900a@istruzione.it,ND,www.icmondovi2.gov.it,Statale,ok,analysis_results/CNMM85901B_PTOF_analysis.json,1.0,4.0,4.0,4.0,4.0,3.0,4.0,4.0,4.0,3.0,4.0,3.0,4.0,4.0,2.0,4.0,4.0,5.0,5.0,5.0,5.0,5.0,3.0,4.0,5.0,3.8,3.75,3.4,4.75,4.4,8,3,4.02,0,,
PRTL020012,"""C. Rondani"" - Sez. Carcere",Parma,Parma,Emilia Romagna,Nord Est,Tecnico,ND,Non Metropolitano,II Grado,Casa Di Reclusione,43122,amministrazione@ldavinci.org,ND,www.itis.pr.it,Statale,ok,analysis_results/PRTL020012_PTOF_analysis.json,1.0,1.0,3.0,3.0,1.0,3.0,3.0,1.0,2.0,2.0,2.0,4.0,4.0,4.0,4.0,4.0,3.0,1.0,2.0,3.0,3.0,3.0,2.0,2.0,2.0,2.6,1.75,4.0,2.25,2.4,15,19,2.6,0,44.80107394,10.32834985
PNIC822001,"Ic Porcia ""Jacopo Di Porcia""",Porcia,Pordenone,Friuli-Venezia G.,Nord Est,"Liceo, Tecnico",ND,Non Metropolitano,II Grado,Via Cartiera N. 20,33080,pnic822001@istruzione.it,pnic822001@pec.istruzione.it,www.icporcia.edu.it,Statale,ok,analysis_results/PNIC822001_PTOF_analysis.json,1.0,2.0,4.0,4.0,4.0,4.0,4.0,3.0,3.0,2.0,2.0,3.0,3.0,3.0,3.0,3.0,4.0,2.0,4.0,4.0,3.0,3.0,3.0,3.0,3.0,4.0,2.5,3.0,3.5,3.0,11,25,3.2,0,45.95805568,12.61375455
TOAA89002R,Ic. Druento - Givoletto,Givoletto,Torino,Piemonte,Nord Ovest,Infanzia,ND,Metropolitano,Infanzia,Piazza Della Repubblica N. 4,10040,toic89000v@istruzione.it,ND,http//www.icdruento.edu.it,Statale,ok,analysis_results/TOAA89002R_PTOF_analysis.json,0.0,0.0,3.0,3.0,2.0,2.0,3.0,2.0,3.0,1.0,4.0,2.0,3.0,4.0,1.0,4.0,3.0,5.0,2.0,4.0,2.0,4.0,2.0,3.0,3.0,2.6,2.5,2.8,3.5,2.8,5,1,2.84,0,45.15877935,7.49677295
REEE815041,Primaria Quara,Toano,Reggio Emilia,Emilia Romagna,Nord Est,Primaria,ND,Non Metropolitano,Primaria,Via Conte Sasso 7,42010,reic81500q@istruzione.it,ND,https//ictoano.edu.it/,Statale,ok,analysis_results/REEE815041_PTOF_analysis.json,0.0,0.0,3.0,3.0,3.0,2.0,2.0,1.0,2.0,1.0,2.0,2.0,2.0,3.0,2.0,3.0,2.0,1.0,2.0,2.0,3.0,3.0,2.0,2.0,3.0,2.6,1.5,2.4,1.75,2.6,10,11,2.17,0,44.37638071,10.55894757
BOAA838023,Rioveggio,Monzuno,Bologna,Emilia Romagna,Nord Est,Infanzia,ND,Metropolitano,Infanzia,Via Verdi N2,40040,boic838005@istruzione.it,mois00200c@pec.istruzione.it,https//icvadomonzuno.edu.it/,Statale,ok,analysis_results/BOAA838023_PTOF_analysis.json,1.0,5.0,5.0,5.0,5.0,5.0,5.0,5.0,5.0,4.0,4.0,4.0,5.0,5.0,4.0,5.0,5.0,4.0,5.0,5.0,4.0,5.0,2.0,5.0,3.0,5.0,4.5,4.6,4.75,3.8,28,30,4.53,0,44.27680857,11.27144388
BS1M02300G,Don Umberto Pasini,Brescia,Brescia,Lombardia,Nord Ovest,I Grado,Scuola Sec. Primo Grado Non Statale,Non Metropolitano,I Grado,Via San Giovanni Bosco 15,25125,segreteriascuole@donboscobrescia.it,ND,www.donboscobrescia.it,Paritaria,ok,analysis_results/BS1M02300G_PTOF_analysis.json,0.0,3.0,4.0,4.0,3.0,5.0,6.0,4.0,5.0,2.0,3.0,4.0,5.0,4.0,3.0,4.0,5.0,4.0,3.0,4.0,5.0,5.0,4.0,5.0,4.0,4.4,3.5,4.0,4.0,4.6,18,9,4.1,0,45.53993052,10.21910323
CTIC8BC002,"I.C. ""G.Fava"" Mascalucia",Mascalucia,Catania,Sicilia,Isole,"I Grado, Infanzia, Primaria",Istituto Comprensivo,Metropolitano,"Comprensivo, I Grado, Infanzia, Primaria",Via Timparello47,95030,ctic8bc002@istruzione.it,ctic8bc002@pec.istruzione.it,www.icgfava.edu.it,Statale,ok,analysis_results/CTIC8BC002_PTOF_analysis.json,0.0,2.0,3.0,3.0,0.0,4.0,0.0,5.0,4.0,1.0,3.0,4.0,3.0,4.0,3.0,5.0,4.0,3.0,3.0,0.0,3.0,4.0,4.0,3.0,5.0,3.33,3.25,3.8,3.33,3.8,17,8,3.5,0,37.57305779,15.05302159
LTTD11000N,I.T. C.Sez.Associata I.C. Pisacane Ponza,Ponza,Latina,Lazio,Centro,Tecnico,ND,Non Metropolitano,II Grado,Via Pantano,04027,lttd11000n@istruzione.it,ltic826001@pec.istruzione.it,www.istitutopisacaneponza.edu.it,Statale,ok,analysis_results/LTTD11000N_PTOF_analysis.json,1.0,2.0,3.0,3.0,3.0,5.0,3.0,4.0,4.0,1.0,3.0,4.0,3.0,4.0,3.0,4.0,3.0,3.0,3.0,3.0,1.0,3.0,2.0,2.0,3.0,3.4,3.0,3.6,3.0,2.2,16,17,3.04,0,40.89486838,12.96868459
CTPS09500D,S.Domenico Savio,Catania,Catania,Sicilia,Isole,"Infanzia, Primaria",ND,Metropolitano,II Grado,Via Valdisavoia7,95123,virgilioscuola@virgilio.it,ND,http//www.valdisavoia.it,Paritaria,ok,analysis_results/CTPS09500D_PTOF_analysis.json,0.0,1.0,3.0,3.0,2.0,1.0,1.0,1.0,1.0,1.0,1.0,2.0,2.0,3.0,1.0,3.0,4.0,3.0,3.0,3.0,1.0,3.0,3.0,1.0,1.0,2.0,1.0,2.2,3.25,1.8,3,13,2.05,0,37.50287801,15.08704738
TVTF023015,Iti Fermi,Treviso,Treviso,Veneto,Nord Est,Tecnico,ND,Non Metropolitano,II Grado,Via San Pelaio 37,31100,tvis02300l@istruzione.it,ND,www.giorgifermi.it,Statale,ok,analysis_results/TVTF023015_PTOF_analysis.json,0.0,0.0,5.0,5.0,5.0,2.0,5.0,4.0,5.0,0.0,5.0,4.0,5.0,4.0,5.0,5.0,5.0,5.0,5.0,5.0,5.0,5.0,5.0,0.0,5.0,4.4,4.67,4.6,5.0,5.0,2,45,4.73,0,45.6675457,12.24507364
GEAA866015,Scuola Infanzia Rainusso,Rapallo,Genova,Liguria,Nord Ovest,Infanzia,ND,Metropolitano,Infanzia,Via Bolzano 25,16035,geic866008@istruzione.it,mtis01700x@pec.istruzione.it,icrapallozoagli.gov.it,Statale,ok,analysis_results/GEAA866015_PTOF_analysis.json,1.0,1.0,4.0,4.0,2.0,4.0,4.0,3.0,3.0,3.0,3.0,4.0,3.0,4.0,3.0,5.0,4.0,2.0,3.0,4.0,3.0,4.0,3.0,3.0,3.0,3.6,3.0,3.8,3.25,3.2,15,21,3.37,0,44.35017452,9.23174684
RCEE84405R,S.Agata Capoluogo,Sant'Agata Del Bianco,Reggio Calabria,Calabria,Sud,Primaria,ND,Metropolitano,Primaria,Via Faccioli,89030,rcic84400e@istruzione.it,ND,http//www.istitutocomprensivobianco.gov.it,Statale,ok,analysis_results/RCEE84405R_PTOF_analysis.json,1.0,3.0,4.0,4.0,4.0,4.0,4.0,5.0,4.0,3.0,3.0,4.0,4.0,4.0,4.0,4.0,4.0,5.0,4.0,5.0,3.0,4.0,3.0,3.0,3.0,4.0,3.75,4.0,4.5,3.2,26,33,3.89,0,38.09242278,16.08251031
BAPSV85002,Cittadella Della Formazione,Bari,Bari,Puglia,Sud,"I Grado, Liceo, Primaria, Tecnico",ND,Metropolitano,II Grado,Corso Alcide De Gasperi 320,70125,liceo@unicdf.it,info@pec.unicdf.it,www.liceosportivobari.it,Paritaria,ok,analysis_results/BAPSV85002_PTOF_analysis.json,0.0,3.0,5.0,5.0,5.0,4.0,5.0,5.0,4.0,3.0,5.0,5.0,5.0,5.0,4.0,5.0,5.0,3.0,5.0,4.0,5.0,5.0,4.0,5.0,4.0,4.8,4.25,4.8,4.25,4.6,21,116,4.54,0,41.12559562,16.86737016
TEIS012009,I.I.S. Delfico-Montauti,Teramo,Teramo,Abruzzo,Sud,"I Grado, Liceo, Professionale, Tecnico",Istituto Superiore,Non Metropolitano,II Grado,Piazza Dante 20,64100,teis012009@istruzione.it,teis012009@pec.istruzione.it,www.iisdelficomontauti.edu.it,Statale,ok,analysis_results/TEIS012009_PTOF_analysis.json,0.0,2.0,3.0,4.0,3.0,4.0,4.0,3.0,5.0,2.0,4.0,4.0,4.0,5.0,3.0,5.0,4.0,5.0,3.0,4.0,6.0,6.0,4.0,4.0,3.0,3.6,3.5,4.2,4.0,4.6,29,8,3.98,0,42.6589177,13.70439981
RMTD08151C,Percorso Ii Livello Da Verrazzano,Roma,Roma,Lazio,Centro,Tecnico,ND,Metropolitano,II Grado,Via Contardo Ferrini N. 83 - Tel. 06/121122505,00173,rmis08100r@istruzione.it,ND,www.iisenzoferrari.it,Statale,ok,analysis_results/RMTD08151C_PTOF_analysis.json,1.0,3.0,4.0,4.0,4.0,4.0,4.0,4.0,4.0,3.0,3.0,5.0,5.0,5.0,4.0,4.0,4.0,4.0,4.0,4.0,3.0,3.0,3.0,3.0,3.0,4.0,3.5,4.6,4.0,3.0,10,24,3.82,0,41.89277044,12.48366723
MTMM81103X,Gorgoglione-Ss Stigliano,Gorgoglione,Matera,Basilicata,Sud,I Grado,ND,Non Metropolitano,I Grado,Via Fontana 51,75010,mtic81100r@istruzione.it,ND,www.icstigliano.edu.it,Statale,ok,analysis_results/MTMM81103X_PTOF_analysis.json,1.0,5.0,5.0,5.0,5.0,3.0,4.0,4.0,4.0,1.0,3.0,5.0,5.0,5.0,4.0,5.0,4.0,3.0,3.0,5.0,3.0,3.0,3.0,3.0,3.0,4.4,3.0,4.8,3.75,3.0,16,13,3.79,0,40.39461473,16.1431053
CHEE80903A,Paglieta Cap. -Ic Paglieta,Paglieta,Chieti,Abruzzo,Sud,Primaria,ND,Non Metropolitano,Primaria,C.So Garibaldi 68,66020,chic809006@istruzione.it,ND,www.icpaglieta.edu.it,Statale,ok,analysis_results/CHEE80903A_PTOF_analysis.json,0.0,7.0,6.0,6.0,5.0,6.0,6.0,4.0,6.0,3.0,5.0,4.0,6.0,4.0,3.0,5.0,6.0,5.0,4.0,5.0,6.0,7.0,3.0,5.0,5.0,5.8,4.5,4.4,5.0,5.2,13,28,4.98,0,42.16270714,14.49851779
NUMM87901V,Siniscola,Siniscola,Nuoro,Sardegna,Isole,I Grado,Scuola Primo Grado,Non Metropolitano,I Grado,Via S. Pellico 17,08029,nuic87900t@istruzione.it,ND,www.icsiniscola2.edu.it/,Statale,ok,analysis_results/NUMM87901V_PTOF_analysis.json,0.0,2.0,3.0,3.0,2.0,4.0,3.0,3.0,4.0,1.0,3.0,4.0,3.0,4.0,2.0,5.0,3.0,5.0,3.0,4.0,3.0,4.0,2.0,3.0,3.0,3.0,2.75,3.6,3.75,3.0,7,1,3.22,0,40.57500849,9.69428347
RCAA804077,Infanzia Gallico Marina,Reggio Di Calabria,Reggio Calabria,Calabria,Sud,Infanzia,ND,Metropolitano,Infanzia,Rione Comi,89135,rcic804004@istruzione.it,ND,www.icgallico.gov.it,Statale,ok,analysis_results/RCAA804077_PTOF_analysis.json,0.0,0.0,3.0,3.0,2.0,3.0,2.0,1.0,4.0,1.0,4.0,5.0,2.0,6.0,3.0,4.0,3.0,5.0,2.0,4.0,5.0,6.0,5.0,2.0,5.0,2.6,2.5,4.0,3.5,4.6,7,3,3.44,0,38.10922766,15.64345359
COIC817001,I.C. Tavernerio,Tavernerio,Como,Lombardia,Nord Ovest,"I Grado, Infanzia, Primaria",Istituto Comprensivo,Non Metropolitano,"Comprensivo, I Grado, Infanzia, Primaria",Via Risorgimento N. 22,22038,coic817001@istruzione.it,coic817001@pec.istruzione.it,www.ictavernerio.edu.it,Statale,ok,analysis_results/COIC817001_PTOF_analysis.json,0.0,0.0,5.0,5.0,4.0,5.0,4.0,3.0,5.0,3.0,4.0,5.0,4.0,5.0,2.0,5.0,4.0,5.0,3.0,5.0,4.0,4.0,3.0,4.0,4.0,4.6,3.75,4.2,4.25,3.8,24,18,4.12,0,45.79755247,9.15042839
TO1E02700Q,"""Maria Ausiliatrice""",Torino,Torino,Piemonte,Nord Ovest,Primaria,ND,Metropolitano,Primaria,Piazza Maria Ausiliatrice27,10152,segreteria.primaria@mauxtorino.com,segreteriato27@pec.fma-ipi.it,http//www.istitutomariausiliatrice.it/,Paritaria,ok,analysis_results/TO1E02700Q_PTOF_analysis.json,1.0,7.0,5.0,5.0,5.0,5.0,5.0,5.0,5.0,5.0,5.0,5.0,6.0,6.0,5.0,5.0,5.0,3.0,5.0,5.0,5.0,5.0,5.0,5.0,5.0,5.0,5.0,5.4,4.5,5.0,18,23,4.98,0,45.0732745,7.68068748
CA1M01500X,Nostra Signora Della Mercede,Monserrato,Cagliari,Sardegna,Isole,I Grado,Scuola Sec. Primo Grado Non Statale,Metropolitano,I Grado,Via Redentore 13 Rione Monserrato,09100,istitutonsmercede@tiscali.it,mercedariemonserrato@legalmail.it,nsmercede.altervista.org,Paritaria,ok,analysis_results/CA1M01500X_PTOF_analysis.json,0.0,1.0,2.0,2.0,2.0,3.0,1.0,1.0,2.0,1.0,2.0,1.0,3.0,4.0,1.0,3.0,3.0,3.0,2.0,3.0,1.0,3.0,1.0,1.0,1.0,2.0,1.5,2.4,2.75,1.4,0,3,2.01,0,39.25407412,9.14343861
RCTF017507,Corso Serale Itis,Bagnara Calabra,Reggio Calabria,Calabria,Sud,Tecnico,ND,Metropolitano,II Grado,Piazza Morello,89011,czps02000r@istruzione.it,ND,www.liceofermibagnara.it,Statale,ok,analysis_results/RCTF017507_PTOF_analysis.json,1.0,1.0,4.0,4.0,4.0,1.0,1.0,4.0,4.0,1.0,3.0,3.0,3.0,3.0,2.0,3.0,3.0,2.0,3.0,3.0,2.0,3.0,2.0,2.0,2.0,2.8,3.0,2.8,2.75,2.2,7,10,2.71,0,38.28421816,15.80043949
NAEE8CC02B,Portici Ic 4 - Salesiani,Portici,Napoli,Campania,Sud,Primaria,ND,Metropolitano,Primaria,Via Dalbono 23,80055,naic8cc008@istruzione.it,ND,www.icdelauzieresportici.it,Statale,ok,analysis_results/NAEE8CC02B_PTOF_analysis.json,1.0,5.0,4.0,4.0,4.0,4.0,4.0,5.0,4.0,4.0,4.0,5.0,4.0,5.0,4.0,4.0,4.0,4.0,4.0,4.0,3.0,5.0,5.0,3.0,5.0,4.0,4.25,4.4,4.0,4.2,17,40,4.17,0,40.82375707,14.35421459
UDMM82002B,A. De Gasperi -Reana Del Rojale,Reana Del Rojale,Udine,Friuli-Venezia G.,Nord Est,I Grado,ND,Non Metropolitano,I Grado,Via Del Municipio 4,33010,udic820009@istruzione.it,ND,https//ictricesimo.edu.it/,Statale,ok,analysis_results/UDMM82002B_PTOF_analysis.json,1.0,3.0,3.0,3.0,3.0,3.0,3.0,3.0,3.0,3.0,3.0,4.0,4.0,4.0,4.0,4.0,3.0,3.0,3.0,3.0,3.0,3.0,3.0,3.0,3.0,3.0,3.0,4.0,3.0,3.0,7,30,3.2,0,46.1493562,13.24368407
ROMM80601E,San Domenico Savio Contarina,Porto Viro,Rovigo,Veneto,Nord Est,I Grado,Scuola Primo Grado,Non Metropolitano,I Grado,Via Cavalieri Di Vittorio Veneto2,45014,roic80600d@istruzione.it,ND,www.icportoviro.edu.it,Statale,ok,analysis_results/ROMM80601E_PTOF_analysis.json,0.0,0.0,3.0,3.0,2.0,4.0,3.0,5.0,6.0,2.0,4.0,3.0,3.0,4.0,2.0,5.0,3.0,3.0,2.0,4.0,2.0,5.0,2.0,3.0,4.0,3.0,4.25,3.4,3.0,3.2,3,3,3.37,0,45.02597454,12.21811845
AVAA871026,Scuola Infanzia-Materdomini,Caposele,Avellino,Campania,Sud,Infanzia,Scuola Infanzia,Non Metropolitano,Infanzia,Via Duomo,83040,avic871008@istruzione.it,ND,www.iccaposele.it,Statale,ok,analysis_results/AVAA871026_PTOF_analysis.json,0.0,0.0,3.0,3.0,2.0,3.0,2.0,3.0,4.0,1.0,3.0,3.0,3.0,4.0,2.0,4.0,4.0,4.0,2.0,4.0,2.0,3.0,1.0,2.0,2.0,2.6,2.75,3.2,3.5,2.0,4,0,2.81,0,40.8136263,15.22614616
PRTL02050A,"""C. Rondani"" - Corso Serale",Parma,Parma,Emilia Romagna,Nord Est,Tecnico,ND,Non Metropolitano,II Grado,V.Le Maria Luigia 9/A,43125,vtis01200c@istruzione.it,vtis01200c@pec.istruzione.it,https//www.iisrondani.edu.it/,Statale,ok,analysis_results/PRTL02050A_PTOF_analysis.json,1.0,4.0,4.0,4.0,4.0,4.0,4.0,3.0,3.0,2.0,3.0,3.0,3.0,3.0,3.0,3.0,3.0,1.0,3.0,3.0,2.0,2.0,2.0,2.0,2.0,4.0,2.75,3.0,2.5,2.0,2,5,2.85,0,44.80107394,10.32834985
LTTE01301R,Itas G Marconi,Latina,Latina,Lazio,Centro,Tecnico,ND,Non Metropolitano,II Grado,Via Reno,04100,ltis013003@istruzione.it,ctis04300b@pec.istruzione.it,www.iismarconilatina.edu.it,Statale,ok,analysis_results/LTTE01301R_PTOF_analysis.json,1.0,3.0,3.0,3.0,3.0,3.0,3.0,4.0,3.0,3.0,3.0,4.0,4.0,4.0,3.0,4.0,3.0,2.0,3.0,3.0,3.0,3.0,3.0,3.0,3.0,3.0,3.25,3.8,2.75,3.0,26,18,3.16,0,41.46759464,12.90368485
RMIC8GW005,Ic Claudio Abbado,Roma,Roma,Lazio,Centro,"I Grado, Infanzia, Primaria, Professionale",ND,Metropolitano,"Comprensivo, I Grado, II Grado, Infanzia, Primaria",Via Monte Zebio 35,00195,rmic8gw005@istruzione.it,rmic8gw005@pec.istruzione.it,www.icclaudioabbado.edu.it,Statale,ok,analysis_results/RMIC8GW005_PTOF_analysis.json,0.0,2.0,2.0,2.0,2.0,2.0,2.0,3.0,3.0,1.0,4.0,2.0,2.0,2.0,2.0,3.0,2.0,3.0,2.0,3.0,1.0,1.0,1.0,1.0,1.0,2.0,2.75,2.2,2.5,1.0,3,0,2.09,0,41.89277044,12.48366723
NA1E27900Q,Associazione Padre Pio Onlus,Torre Del Greco,Napoli,Campania,Sud,Primaria,ND,Metropolitano,Primaria,Via Comizi 22,80059,addoloratagrazia@libero.it,ND,ND,Paritaria,ok,analysis_results/NA1E27900Q_PTOF_analysis.json,0.0,1.0,3.0,3.0,1.0,3.0,1.0,1.0,1.0,1.0,1.0,2.0,2.0,3.0,1.0,3.0,4.0,3.0,3.0,3.0,1.0,3.0,3.0,1.0,1.0,2.2,1.0,2.2,3.25,1.8,4,12,2.09,0,40.78669006,14.36552432
RCAA85307C,Moschetta,Locri,Reggio Calabria,Calabria,Sud,Infanzia,ND,Metropolitano,Infanzia,Via Moschetta,89044,rcic853009@istruzione.it,ND,www.istitutocomprensivolocri.gov.it,Statale,ok,analysis_results/RCAA85307C_PTOF_analysis.json,1.0,3.0,2.0,2.0,1.0,2.0,2.0,2.0,2.0,2.0,1.0,2.0,2.0,2.0,2.0,2.0,2.0,1.0,2.0,2.0,2.0,2.0,2.0,2.0,2.0,1.8,1.75,2.0,1.75,2.0,3,0,1.86,0,38.2367479,16.26402974
SI1E001009,Madre Savina Petrilli - Primaria,Siena,Siena,Toscana,Centro,Primaria,ND,Non Metropolitano,Primaria,Piazza S. Francesco3,53100,scuolamspetrilli@gmail.com,scuolasavinapetrillisiena@pec.it,www.salesianichiari.it,Paritaria,ok,analysis_results/SI1E001009_PTOF_analysis.json,1.0,1.0,3.0,3.0,3.0,2.0,2.0,1.0,2.0,1.0,2.0,2.0,3.0,3.0,2.0,3.0,2.0,2.0,2.0,2.0,3.0,4.0,3.0,2.0,4.0,2.6,1.5,2.6,2.0,3.2,10,9,2.38,0,43.31816374,11.33190988
AP1E005007,"Scuola Parificata ""Virgo Lauretana"" Ex Cantalamessa Cornacchia",Grottammare,Ascoli Piceno,Marche,Centro,Primaria,ND,Non Metropolitano,Primaria,Via Parini 69/73,63066,info@virgolauretana.it,ND,www.virgolauretana.it,Paritaria,ok,analysis_results/AP1E005007_PTOF_analysis.json,0.0,2.0,2.0,2.0,2.0,2.0,2.0,2.0,2.0,2.0,2.0,2.0,2.0,2.0,2.0,2.0,2.0,3.0,2.0,2.0,2.0,2.0,2.0,2.0,2.0,2.0,2.0,2.0,2.25,2.0,3,0,2.05,0,42.98846372,13.86834111
BSTF013014,"Orzinuovi (Sez.Ass.I.S.""Cossali"")",Orzinuovi,Brescia,Lombardia,Nord Ovest,Tecnico,Istituto Tecnico Industriale,Non Metropolitano,II Grado,Via Milano 79,25034,bsis01300g@istruzione.it,ND,www.cossali.edu.it,Statale,ok,analysis_results/BSTF013014_PTOF_analysis.json,0.0,3.0,3.0,3.0,4.0,4.0,3.0,2.0,4.0,1.0,2.0,3.0,3.0,4.0,2.0,3.0,2.0,4.0,2.0,2.0,2.0,3.0,1.0,2.0,2.0,3.4,2.25,3.0,2.5,2.0,13,2,2.63,0,45.4024979,9.92176686
KRIC83200C,"I.C. ""D. Alighieri-Marconi""",Petilia Policastro,Crotone,Calabria,Sud,"I Grado, Infanzia, Primaria",ND,Non Metropolitano,"Comprensivo, I Grado, Infanzia, Primaria",Via A. De Gasperi 83,88837,kric83200c@istruzione.it,kric83200c@pec.istruzione.it,ND,Statale,ok,analysis_results/KRIC83200C_PTOF_analysis.json,1.0,3.0,4.0,4.0,1.0,3.0,4.0,4.0,4.0,1.0,3.0,4.0,4.0,4.0,4.0,5.0,4.0,3.0,3.0,4.0,3.0,4.0,3.0,3.0,4.0,3.2,3.0,4.2,3.5,3.4,15,26,3.46,0,39.11064945,16.79270604
POPS9T5004,Istituto Leonardo Da Vinci,Prato,Prato,Toscana,Centro,II Grado,Scuola Sec. Secondo Grado Non Statale,Non Metropolitano,II Grado,Via Firenze 6/A,59100,info@istdavinci.it,istitutoleonardodavinci@pec.it,www.istitutoleonardodavinciparitario.it,Paritaria,ok,analysis_results/POPS9T5004_PTOF_analysis.json,0.0,2.0,3.0,3.0,2.0,4.0,2.0,4.0,4.0,2.0,3.0,2.0,3.0,4.0,5.0,4.0,2.0,5.0,3.0,4.0,2.0,3.0,2.0,2.0,2.0,2.8,3.25,3.6,3.5,2.2,3,2,3.07,0,43.88062274,11.09703315
PEIC82400R,I. Omnicomprensivo Citta' S.Ang,Citta' Sant'Angelo,Pescara,Abruzzo,Sud,"Infanzia, Primaria",ND,Non Metropolitano,"Infanzia, Primaria",Via Circonvallazione,65013,peic82400r@istruzione.it,peic82400r@pec.istruzione.it,https//www.omnicomprensivocsangelo.it/,Statale,ok,analysis_results/PEIC82400R_PTOF_analysis.json,0.0,0.0,3.0,3.0,1.0,5.0,3.0,1.0,5.0,0.0,1.0,5.0,3.0,5.0,3.0,4.0,5.0,3.0,4.0,5.0,3.0,5.0,3.0,1.0,3.0,3.0,2.33,4.0,4.25,3.0,6,8,3.32,0,,
GETF01701Q,I.I.S. Primo Levi,Ronco Scrivia,Genova,Liguria,Nord Ovest,Tecnico,ND,Metropolitano,II Grado,Corso Trento E Trieste 87,16010,geis017007@istruzione.it,mois00200c@pec.istruzione.it,www.iovallescrivia.edu.it,Statale,ok,analysis_results/GETF01701Q_PTOF_analysis.json,1.0,5.0,5.0,5.0,5.0,5.0,5.0,5.0,5.0,5.0,4.0,4.0,5.0,5.0,4.0,5.0,5.0,5.0,5.0,5.0,4.0,5.0,4.0,5.0,4.0,5.0,4.75,4.6,5.0,4.4,26,33,4.75,0,44.60820328,8.95498801
NO1E00500B,Istituto Sacro Cuore,Romagnano Sesia,Novara,Piemonte,Nord Ovest,Primaria,Scuola Primaria Non Statale,Non Metropolitano,Primaria,Via Martiri 55,28078,romagnano@scuolesacrocuore.it,scuolesorellecarita@pec.it,www.scuolesacrocuore.it,Paritaria,ok,analysis_results/NO1E00500B_PTOF_analysis.json,1.0,4.0,3.0,3.0,2.0,4.0,3.0,1.0,4.0,1.0,3.0,5.0,3.0,5.0,2.0,5.0,3.0,3.0,3.0,4.0,4.0,5.0,4.0,3.0,4.0,3.0,2.25,4.0,3.25,4.0,5,4,3.3,0,45.63335002,8.3828762
PEAA82004D,Cepagatti Villanova,Cepagatti,Pescara,Abruzzo,Sud,Infanzia,ND,Non Metropolitano,Infanzia,Via Milano 6,65012,peic82000d@istruzione.it,ND,www.comprensivocepagatti.it,Statale,ok,analysis_results/PEAA82004D_PTOF_analysis.json,0.0,2.0,2.0,2.0,2.0,3.0,2.0,2.0,2.0,2.0,3.0,2.0,2.0,2.0,2.0,2.0,3.0,3.0,2.0,3.0,2.0,2.0,2.0,2.0,2.0,2.2,2.25,2.0,2.75,2.0,3,1,2.24,0,42.36462231,14.07304231
ROTD013013,Plesso Porto Viro (Istruz. Tecnica),Porto Viro,Rovigo,Veneto,Nord Est,Tecnico,ND,Non Metropolitano,II Grado,Via Marconi 2,45014,amministrazione@ldavinci.org,ND,www.polotecnicoadria.edu.it,Statale,ok,analysis_results/ROTD013013_PTOF_analysis.json,0.0,3.0,5.0,5.0,5.0,5.0,5.0,5.0,5.0,4.0,5.0,5.0,5.0,5.0,5.0,5.0,5.0,3.0,5.0,5.0,5.0,5.0,4.0,5.0,5.0,5.0,4.75,5.0,4.5,4.8,18,0,4.81,0,45.02597454,12.21811845
AGIS018009,Iis - Giudici Saetta E Livatino,Ravanusa,Agrigento,Sicilia,Isole,Liceo,ND,Non Metropolitano,II Grado,Via Lauricella 2,92029,agis018009@istruzione.it,agis018009@pec.istruzione.it,www.saettalivatinoravanusa.it,Statale,ok,analysis_results/AGIS018009_PTOF_analysis.json,0.0,1.0,2.0,2.0,2.0,2.0,2.0,2.0,2.0,2.0,2.0,1.0,1.0,1.0,1.0,1.0,4.0,4.0,4.0,2.0,3.0,3.0,3.0,3.0,3.0,2.0,2.0,1.0,3.5,3.0,4,0,2.3,0,37.26823623,13.97248171
RM1M003001,Scuola Media Patrocinio S. Giuseppe,Fonte Nuova,Roma,Lazio,Centro,I Grado,Scuola Sec. Primo Grado Non Statale,Metropolitano,I Grado,Via I Maggio 43,00013,segreteria@patrociniosangiuseppe.it,istreden@legpec.it,www.patrociniosangiuseppe.com,Paritaria,ok,analysis_results/RM1M003001_PTOF_analysis.json,0.0,2.0,3.0,3.0,4.0,4.0,3.0,2.0,4.0,1.0,3.0,4.0,3.0,5.0,4.0,5.0,4.0,3.0,2.0,4.0,2.0,3.0,2.0,1.0,2.0,3.4,2.5,4.2,3.25,2.0,7,5,3.07,0,41.99627325,12.61887253
RMEE8G901P,Montessori,Roma,Roma,Lazio,Centro,Primaria,ND,Metropolitano,Primaria,Via S.Maria Goretti 41,00199,ND,ND,www.ic.santaprocula.gov.it,Statale,ok,analysis_results/RMEE8G901P_PTOF_analysis.json,0.0,2.0,3.0,3.0,2.0,2.0,2.0,3.0,4.0,1.0,3.0,3.0,3.0,4.0,1.0,4.0,2.0,3.0,2.0,3.0,2.0,3.0,2.0,1.0,3.0,2.4,2.75,3.0,2.5,2.2,7,3,2.57,0,41.89277044,12.48366723
PZRA03202X,"I.P.S.A.S.R. ""G. Fortunato"" Potenza",Potenza,Potenza,Basilicata,Sud,Infanzia,ND,Non Metropolitano,ND,Via F. Torraca 13,85100,ND,ND,www.iisdipascafortunatopz.edu.it,Statale,ok,analysis_results/PZRA03202X_PTOF_analysis.json,1.0,1.0,3.0,3.0,3.0,3.0,3.0,3.0,3.0,3.0,3.0,3.0,3.0,3.0,3.0,3.0,1.0,1.0,1.0,1.0,3.0,3.0,3.0,3.0,3.0,3.0,3.0,3.0,1.0,3.0,0,0,2.6,0,40.63947047,15.8051495
BLPC01500G,"""A. Lollino""",Belluno,Belluno,Veneto,Nord Est,"Liceo, Primaria, Tecnico",Scuola Sec. Secondo Grado Non Statale,Non Metropolitano,II Grado,V.S.Pietro 19,32100,liceolollino@diocesi.it,ND,www.liceolollino.it,Paritaria,ok,analysis_results/BLPC01500G_PTOF_analysis.json,1.0,5.0,3.0,3.0,4.0,5.0,4.0,2.0,5.0,1.0,6.0,3.0,4.0,4.0,2.0,3.0,4.0,5.0,2.0,3.0,5.0,4.0,1.0,6.0,3.0,3.8,3.5,3.2,3.5,3.8,8,5,3.56,0,46.13837528,12.21704167
RMMM72005D,Ist. Penit. Regina Coeli,Roma,Roma,Lazio,Centro,I Grado,Scuola Primo Grado,Metropolitano,I Grado,Via Della Lungara,00165,rmmm672004@istruzione.it,ND,ND,Statale,ok,analysis_results/RMMM72005D_PTOF_analysis.json,0.0,2.0,3.0,4.0,2.0,3.0,2.0,1.0,3.0,1.0,3.0,3.0,4.0,5.0,2.0,4.0,5.0,5.0,6.0,4.0,2.0,4.0,4.0,1.0,3.0,2.8,2.0,3.6,5.0,2.8,3,2,3.24,0,41.89277044,12.48366723
ENIC825001,"I.C. ""Chinnici-Roncalli""",Piazza Armerina,Enna,Sicilia,Isole,"I Grado, Infanzia, Primaria, Tecnico",ND,Non Metropolitano,"Comprensivo, I Grado, II Grado, Infanzia, Primaria",Via Petrarca Snc,94015,enic825001@istruzione.it,enic825001@pec.istruzione.it,www.chinnicironcalli.edu.it,Statale,ok,analysis_results/ENIC825001_PTOF_analysis.json,0.0,2.0,3.0,3.0,2.0,2.0,2.0,3.0,4.0,1.0,2.0,4.0,2.0,3.0,1.0,5.0,2.0,2.0,2.0,3.0,3.0,5.0,2.0,3.0,4.0,2.4,2.5,3.0,2.25,3.4,10,3,2.71,0,37.38420844,14.36603607
RN1E4B500R,Montessori Montescudo,Montescudo-Monte Colombo,Rimini,Emilia Romagna,Nord Est,Primaria,ND,Non Metropolitano,Primaria,Via Santa Maria Del Piano Di Sotto 58,47854,amministrazione.ugolini@gmail.com,gabriellaugolini@pec.it,https//gabriellaugoliniinfanzia.it/,Paritaria,ok,analysis_results/RN1E4B500R_PTOF_analysis.json,0.0,0.0,2.0,2.0,2.0,3.0,2.0,2.0,2.0,2.0,3.0,2.0,2.0,2.0,2.0,3.0,3.0,3.0,2.0,3.0,3.0,3.0,2.0,2.0,2.0,2.2,2.25,2.2,2.75,2.4,3,1,2.36,0,,
GEEE853029,Sc.Elem.S. Paolo,Genova,Genova,Liguria,Nord Ovest,Primaria,ND,Metropolitano,Primaria,Via Cabrini 2,16125,geic853006@istruzione.it,mtis01700x@pec.istruzione.it,www.iccastelletto.edu.it,Statale,ok,analysis_results/GEEE853029_PTOF_analysis.json,1.0,3.0,4.0,4.0,4.0,4.0,4.0,4.0,4.0,4.0,4.0,4.0,4.0,4.0,4.0,4.0,1.0,3.0,1.0,1.0,3.0,3.0,3.0,3.0,3.0,4.0,4.0,4.0,1.5,3.0,17,22,3.3,0,44.41149314,8.9326992
RMPC29000G,Marco Tullio Cicerone,Frascati,Roma,Lazio,Centro,Liceo,Liceo Classico,Metropolitano,II Grado,Via Fontana Vecchia 2,00044,rmpc29000g@istruzione.it,rmpc29000g@pec.istruzione.it,www.liceocicerone.edu.it,Statale,ok,analysis_results/RMPC29000G_PTOF_analysis.json,0.0,2.0,4.0,3.0,2.0,4.0,3.0,3.0,5.0,1.0,4.0,2.0,3.0,3.0,1.0,4.0,5.0,6.0,3.0,5.0,3.0,3.0,1.0,3.0,3.0,3.2,3.25,2.6,4.75,2.6,9,2,3.28,0,41.80598978,12.68079241
KR1M00100A,"Scuola Secondaria Di Primo Grado Paritaria""Antonio Rosmini""",Isola Di Capo Rizzuto,Crotone,Calabria,Sud,I Grado,Scuola Sec. Primo Grado Non Statale,Non Metropolitano,I Grado,Via G. Scalzi,88841,scuoleparrocchiali.isolacr@gmail.com,formareeducandocoop@pec.it,scuoleparitarieisolacr.it,Paritaria,ok,analysis_results/KR1M00100A_PTOF_analysis.json,0.0,2.0,3.0,3.0,2.0,4.0,3.0,3.0,4.0,3.0,3.0,3.0,3.0,4.0,2.0,4.0,3.0,3.0,2.0,4.0,4.0,5.0,2.0,3.0,3.0,3.0,3.25,3.2,3.0,3.4,11,3,3.17,0,38.95903336,17.09565075
TAPS02500A,"Lic. Sc. ""J. Maritain""",Taranto,Taranto,Puglia,Sud,"Liceo, Professionale, Tecnico",ND,Non Metropolitano,II Grado,Via Lago Di Como 65,74100,info@istitutoplateja.it,ND,www.istitutoplateja.it,Paritaria,ok,analysis_results/TAPS02500A_PTOF_analysis.json,1.0,7.0,4.0,4.0,5.0,3.0,4.0,5.0,5.0,3.0,4.0,5.0,4.0,5.0,4.0,4.0,4.0,3.0,4.0,4.0,3.0,3.0,1.0,2.0,3.0,4.0,4.25,4.4,3.75,2.4,21,21,3.76,0,40.47354719,17.23237621
VITB15500E,Istituto San Filippo Neri - Istituto Tecnico Aeronautico Cond. Del Mezzo Aereo.,Vicenza,Vicenza,Veneto,Nord Est,"I Grado, Infanzia, Professionale",ND,Non Metropolitano,II Grado,Via Mora N.53,36100,info@istitutisfn.it,sepavicenzasrl@pec.it,www.istitutisfn.it,Paritaria,ok,analysis_results/VITB15500E_PTOF_analysis.json,0.0,2.0,2.0,2.0,2.0,3.0,2.0,2.0,2.0,2.0,3.0,2.0,2.0,2.0,1.0,3.0,2.0,3.0,2.0,2.0,2.0,2.0,2.0,2.0,2.0,2.2,2.25,2.0,2.25,2.0,3,1,2.14,0,45.54749699,11.54597109
NAIS11400X,"I.S. ""Leone-Nobile""",Nola,Napoli,Campania,Sud,"I Grado, Primaria, Professionale, Tecnico",ND,Metropolitano,II Grado,Via Dei Mille 40,80035,nais11400x@istruzione.it,nais11400x@pec.istruzione.it,www.leonenobile.edu.it,Statale,ok,analysis_results/NAIS11400X_PTOF_analysis.json,1.0,2.0,4.0,4.0,4.0,4.0,4.0,5.0,4.0,3.0,4.0,4.0,4.0,4.0,4.0,4.0,4.0,3.0,4.0,4.0,3.0,3.0,2.0,3.0,2.0,4.0,4.0,4.0,3.75,2.6,14,11,3.67,0,40.92632842,14.52683267
CSEE81902A,Belmonte C. - Marina,Belmonte Calabro,Cosenza,Calabria,Sud,Primaria,ND,Non Metropolitano,Primaria,Via Marina S.N.C,87030,csic819007@istruzione.it,ND,www.istitutocomprensivobelmontecalabro.it,Statale,ok,analysis_results/CSEE81902A_PTOF_analysis.json,0.0,0.0,2.0,2.0,2.0,3.0,2.0,2.0,2.0,2.0,3.0,2.0,2.0,2.0,2.0,3.0,2.0,3.0,2.0,3.0,3.0,3.0,2.0,2.0,2.0,2.2,2.25,2.2,2.5,2.4,3,1,2.31,0,39.16056055,16.07789547
CBMM849015,Francesco D'Ovidio,Campobasso,Campobasso,Molise,Sud,I Grado,ND,Non Metropolitano,I Grado,P-Zza Della Repubblica,86100,cbic849004@istruzione.it,ND,www.icdovidiocb.gov.it,Statale,ok,analysis_results/CBMM849015_PTOF_analysis.json,0.0,2.0,5.0,5.0,5.0,5.0,5.0,1.0,5.0,5.0,4.0,5.0,5.0,5.0,4.0,5.0,5.0,3.0,4.0,5.0,5.0,5.0,1.0,1.0,5.0,5.0,3.75,4.8,4.25,3.4,21,0,4.24,0,41.55774753,14.65916084
NAAA834022,Afragola Iv-Rione Salicelle -,Afragola,Napoli,Campania,Sud,Infanzia,ND,Metropolitano,Infanzia,Viale Europa - Rione Salicelle,80021,naic834004@istruzione.it,mtis01700x@pec.istruzione.it,www.iceuropaunita-afragola.gov.it,Statale,ok,analysis_results/NAAA834022_PTOF_analysis.json,1.0,1.0,4.0,4.0,4.0,4.0,4.0,3.0,3.0,3.0,3.0,3.0,3.0,3.0,3.0,3.0,4.0,2.0,4.0,4.0,3.0,4.0,3.0,3.0,3.0,4.0,3.0,3.0,3.5,3.2,15,22,3.34,0,40.92236049,14.30986619
AQEE84002X,"""G.Mazzini""",Avezzano,L'Aquila,Abruzzo,Sud,Primaria,ND,Non Metropolitano,Primaria,Via Puglie 3/B,67051,aqic84000r@istruzione.it,ND,https//www.istitutomazzinifermi.edu.it,Statale,ok,analysis_results/AQEE84002X_PTOF_analysis.json,1.0,3.0,6.0,6.0,6.0,5.0,5.0,5.0,5.0,3.0,5.0,4.0,5.0,5.0,4.0,4.0,6.0,6.0,5.0,6.0,6.0,6.0,5.0,5.0,6.0,5.6,4.5,4.4,5.75,5.6,32,15,5.17,1,42.03068032,13.4267507
NAPS032013,L.Sc.E.Majorana-Pozzuoli-,Pozzuoli,Napoli,Campania,Sud,Liceo,ND,Metropolitano,II Grado,Via Alfonso Gatto 6 Monteruscello,80078,nais03200l@istruzione.it,ND,www.ismajorana.it,Statale,ok,analysis_results/NAPS032013_PTOF_analysis.json,0.0,0.0,5.0,5.0,5.0,4.0,5.0,3.0,5.0,5.0,4.0,5.0,5.0,5.0,4.0,5.0,5.0,5.0,5.0,5.0,0.0,0.0,0.0,0.0,0.0,4.8,4.25,4.8,5.0,0.0,20,108,4.71,0,40.84681848,14.0908948
CS1A12500T,"S.M.Non S. Roggiano Gravina ""Padre Minozzi""",Roggiano Gravina,Cosenza,Calabria,Sud,Infanzia,ND,Non Metropolitano,Infanzia,Via Vittorio Emanuele,87017,ilsentiero.2004@libero.it,ND,ND,Paritaria,ok,analysis_results/CS1A12500T_PTOF_analysis.json,0.0,2.0,2.0,2.0,2.0,3.0,2.0,2.0,2.0,2.0,3.0,2.0,2.0,2.0,2.0,3.0,2.0,2.0,2.0,2.0,3.0,3.0,2.0,2.0,2.0,2.2,2.25,2.2,2.0,2.4,3,1,2.21,0,39.6164758,16.15813054
BAPM05001C,"Ls ""Da Vinci""-Lc ""Platone"" Sede Ass.",Cassano Delle Murge,Bari,Puglia,Sud,"I Grado, Infanzia, Professionale",ND,Metropolitano,"I Grado, II Grado, Infanzia",Via Padre Angelo Cetrullo S.C.,70020,ND,ND,orianitandoi.gov.it,Statale,ok,analysis_results/BAPM05001C_PTOF_analysis.json,0.0,2.0,3.0,3.0,2.0,2.0,2.0,2.0,3.0,2.0,3.0,3.0,3.0,3.0,2.0,4.0,4.0,3.0,3.0,4.0,4.0,5.0,2.0,2.0,2.0,2.4,2.5,3.0,3.5,3.0,2,2,2.88,0,40.88972597,16.77174521
NARC118016,"I.S.""D'Este-Caracciolo""",Napoli,Napoli,Campania,Sud,"Professionale, Tecnico",ND,Metropolitano,II Grado,Via Giacomo Savarese 60,80142,nais118007@istruzione.it,nais118007@pec.istruzione.it,www.isabelladestecaracciolo.it,Statale,ok,analysis_results/NARC118016_PTOF_analysis.json,1.0,1.0,5.0,5.0,5.0,4.0,5.0,5.0,5.0,3.0,5.0,5.0,5.0,5.0,5.0,5.0,5.0,3.0,5.0,5.0,4.0,4.0,1.0,1.0,1.0,4.8,4.5,5.0,4.5,2.2,12,24,4.2,0,40.83956554,14.25085002
MIIS09700T,A. Bernocchi,Legnano,Milano,Lombardia,Nord Ovest,"Infanzia, Primaria",Istituto Superiore,Metropolitano,II Grado,Via Diaz 2,20025,miis09700t@istruzione.it,miis09700t@pec.istruzione.it,www.isisbernocchi.edu.it,Statale,ok,analysis_results/MIIS09700T_PTOF_analysis.json,0.0,2.0,3.0,4.0,2.0,5.0,3.0,1.0,4.0,1.0,4.0,4.0,4.0,5.0,3.0,6.0,5.0,6.0,5.0,4.0,5.0,5.0,3.0,1.0,5.0,3.4,2.5,4.4,5.0,3.8,6,4,3.82,0,45.59413716,8.91854994
FRTF06000C,"I.T.I.S.""M.O.V.M.Don Morosini"" Ferentino",Ferentino,Frosinone,Lazio,Centro,Tecnico,ND,Non Metropolitano,II Grado,Via Casilina,03013,frtf06000c@istruzione.it,frtf06000c@pec.istruzione.it,www.itismorosini.it,Statale,ok,analysis_results/FRTF06000C_PTOF_analysis.json,1.0,7.0,6.0,6.0,6.0,6.0,6.0,6.0,5.0,4.0,5.0,6.0,6.0,6.0,5.0,5.0,6.0,5.0,5.0,6.0,4.0,4.0,4.0,4.0,4.0,6.0,5.0,5.6,5.5,4.0,18,30,5.22,1,41.69231575,13.25284809
IMIC813007,I.C. San Remo Centro Levante,Sanremo,Imperia,Liguria,Nord Ovest,"I Grado, Infanzia, Primaria",ND,Non Metropolitano,"Comprensivo, I Grado, Infanzia, Primaria",Via Volta 101,18138,imic813007@istruzione.it,imic813007@pec.istruzione.it,www.icsanremocentrolevante.edu.it,Statale,ok,analysis_results/IMIC813007_PTOF_analysis.json,1.0,3.0,5.0,5.0,5.0,5.0,5.0,5.0,5.0,5.0,5.0,5.0,5.0,5.0,5.0,5.0,6.0,3.0,5.0,5.0,5.0,5.0,5.0,5.0,5.0,5.0,5.0,5.0,4.75,5.0,19,28,4.95,0,43.82100004,7.78463261
PO1M02000G,Conservatorio San Niccolo',Prato,Prato,Toscana,Centro,I Grado,ND,Non Metropolitano,I Grado,Piazza Cardinale Niccolo' 6,59100,info@sniccolo.it,scuolaconservatoriosanniccolo@pec-mail.it,www.sniccolo.it,Paritaria,ok,analysis_results/PO1M02000G_PTOF_analysis.json,0.0,2.0,3.0,3.0,2.0,2.0,2.0,4.0,4.0,2.0,3.0,2.0,3.0,3.0,1.0,3.0,3.0,3.0,3.0,3.0,1.0,1.0,1.0,1.0,1.0,2.4,3.25,2.4,3.0,1.0,1,1,2.41,0,43.88062274,11.09703315
BOPS080005,Liceo Leonardo Da Vinci,Casalecchio Di Reno,Bologna,Emilia Romagna,Nord Est,Liceo,ND,Metropolitano,II Grado,Via Cavour 6,40033,bops080005@istruzione.it,bops080005@pec.istruzione.it,www.liceovinci.edu.it,Statale,ok,analysis_results/BOPS080005_PTOF_analysis.json,1.0,1.0,4.0,4.0,4.0,4.0,4.0,3.0,3.0,3.0,3.0,4.0,4.0,4.0,3.0,5.0,4.0,2.0,4.0,4.0,1.0,3.0,3.0,3.0,3.0,4.0,3.0,4.0,3.5,2.6,17,27,3.42,0,44.48119825,11.28246876
SVPS01000V,"Liceo ""Orazio Grassi"" - Savona",Savona,Savona,Liguria,Nord Ovest,Liceo,ND,Non Metropolitano,II Grado,Via F.Corridoni 2R,17100,svps01000v@istruzione.it,svps01000v@pec.istruzione.it,www.liceograssi.edu.it,Statale,ok,analysis_results/SVPS01000V_PTOF_analysis.json,0.0,1.0,2.0,2.0,2.0,2.0,2.0,2.0,2.0,2.0,2.0,2.0,2.0,2.0,2.0,2.0,2.0,3.0,2.0,2.0,2.0,2.0,2.0,2.0,2.0,2.0,2.0,2.0,2.25,2.0,3,1,2.05,0,44.30750461,8.48110865
SRTL02951B,"Iis ""L.Einaudi""-Itg C. Serale",Siracusa,Siracusa,Sicilia,Isole,Tecnico,ND,Non Metropolitano,II Grado,Via C.N.Agnello 17,96100,sris029009@istruzione.it,ND,http//www.istitutoraelinoto.gov.it/,Statale,ok,analysis_results/SRTL02951B_PTOF_analysis.json,0.0,2.0,3.0,3.0,1.0,2.0,2.0,4.0,5.0,1.0,2.0,2.0,2.0,2.0,1.0,3.0,3.0,4.0,1.0,1.0,1.0,1.0,1.0,2.0,1.0,2.2,3.0,2.0,2.25,1.2,6,2,2.13,0,37.05991685,15.2933324
CSMM848018,Sm Longobucco,Longobucco,Cosenza,Calabria,Sud,I Grado,ND,Non Metropolitano,I Grado,Via Manna N.1,87066,csic848007@istruzione.it,mtis01700x@pec.istruzione.it,www.ioslongobucco.it,Statale,ok,analysis_results/CSMM848018_PTOF_analysis.json,1.0,3.0,4.0,4.0,4.0,4.0,4.0,3.0,3.0,2.0,1.0,3.0,3.0,3.0,3.0,3.0,4.0,2.0,4.0,4.0,3.0,4.0,3.0,3.0,3.0,4.0,2.25,3.0,3.5,3.2,15,20,3.19,0,39.44871877,16.60949425
RM1AUT500V,Scuola Cattolica,Roma,Roma,Lazio,Centro,Infanzia,ND,Metropolitano,Infanzia,Via Cola Di Rienzo 140,00192,info@istitutoparini.it,scuolacattolicasrl@arubapec.it,www.scuolacattolicaroma.com,Paritaria,ok,analysis_results/RM1AUT500V_PTOF_analysis.json,0.0,1.0,5.0,5.0,5.0,5.0,5.0,1.0,5.0,1.0,3.0,4.0,4.0,4.0,1.0,5.0,4.0,2.0,3.0,4.0,4.0,4.0,1.0,1.0,1.0,5.0,2.5,3.6,3.25,2.2,19,39,3.31,0,41.89277044,12.48366723
MB1E03400Q,"Scuola Elem. Par.""Collegio Bianconi""",Monza,Monza E Della Brianza,Lombardia,Nord Ovest,Primaria,ND,Non Metropolitano,Primaria,Via Torneamento5,20900,segreteria@collegio-bianconi.it,collegio.bianconi@pec.it,www.collegio-bianconi.it,Paritaria,ok,analysis_results/MB1E03400Q_PTOF_analysis.json,1.0,2.0,1.0,3.0,3.0,3.0,3.0,2.0,2.0,2.0,2.0,2.0,2.0,2.0,2.0,2.0,2.0,1.0,2.0,2.0,2.0,2.0,2.0,2.0,2.0,2.6,2.0,2.0,1.75,2.0,4,0,2.07,0,45.58439043,9.27358247
KRTD002013,Istituto Tecnico,Cotronei,Crotone,Calabria,Sud,Tecnico,ND,Non Metropolitano,II Grado,Via Laghi Silani 13,88836,kris00200r@istruzione.it,csnicolocopernico@pec.it,https//iismargheritahackcotronei.edu.it/,Statale,ok,analysis_results/KRTD002013_PTOF_analysis.json,0.0,2.0,3.0,3.0,2.0,2.0,2.0,5.0,4.0,2.0,3.0,2.0,3.0,3.0,2.0,4.0,3.0,4.0,4.0,3.0,1.0,1.0,1.0,1.0,1.0,2.4,3.5,2.8,3.5,1.0,3,1,2.64,0,39.18958882,16.69678105
PZTF006507,"I.T.T. Corso Serale ""Miraglia"" Lauria",Lauria,Potenza,Basilicata,Sud,Tecnico,ND,Non Metropolitano,II Grado,Via Cerse Dello Speziale,85045,pzis00600a@istruzione.it,pzis00600a@pec.istruzione.it,www.isislauria.gov.it,Statale,ok,analysis_results/PZTF006507_PTOF_analysis.json,1.0,3.0,5.0,5.0,5.0,5.0,5.0,5.0,5.0,5.0,5.0,5.0,5.0,5.0,5.0,5.0,6.0,6.0,6.0,6.0,5.0,5.0,5.0,5.0,5.0,5.0,5.0,5.0,6.0,5.0,20,44,5.2,1,40.04728639,15.83691374
AQIS002006,"Istituto Istruz. Sup.""Patini-Liberatore""",Castel Di Sangro,L'Aquila,Abruzzo,Sud,"Infanzia, Primaria",ND,Non Metropolitano,II Grado,Via Dei Caraceni. 8,67031,aqis002006@istruzione.it,aqis002006@pec.istruzione.it,www.patiniliberatore.edu.it,Statale,ok,analysis_results/AQIS002006_PTOF_analysis.json,0.0,0.0,3.0,3.0,1.0,5.0,3.0,0.0,5.0,1.0,1.0,5.0,3.0,5.0,3.0,4.0,5.0,3.0,4.0,5.0,3.0,5.0,3.0,1.0,3.0,3.0,2.33,4.0,4.25,3.0,6,8,3.32,0,41.78521078,14.10848588
RMIC8C600P,Ic Anzio V,Anzio,Roma,Lazio,Centro,"I Grado, Infanzia, Primaria",Istituto Comprensivo,Metropolitano,"Comprensivo, I Grado, Infanzia, Primaria",Via Goldoni 12,00042,rmic8c600p@istruzione.it,rmic8c600p@pec.istruzione.it,ND,Statale,ok,analysis_results/RMIC8C600P_PTOF_analysis.json,0.0,0.0,3.0,3.0,2.0,4.0,2.0,4.0,5.0,1.0,2.0,4.0,2.0,3.0,2.0,4.0,2.0,4.0,2.0,3.0,2.0,3.0,2.0,2.0,2.0,2.8,3.0,3.0,2.75,2.2,3,2,2.75,0,41.44805488,12.62871796
MI1A464008,"Scuola Dell'Infanzia ""Parrocchiale"" -Parabiago",Parabiago,Milano,Lombardia,Nord Ovest,Infanzia,Scuola Infanzia Non Statale,Metropolitano,Infanzia,Via San Sebastiano8,20010,smlavi00@scuolamaternaparrocchiale.191.it,ND,ND,Paritaria,ok,analysis_results/MI1A464008_PTOF_analysis.json,0.0,2.0,3.0,4.0,2.0,4.0,2.0,1.0,3.0,1.0,3.0,3.0,4.0,5.0,2.0,4.0,5.0,4.0,6.0,4.0,2.0,4.0,4.0,1.0,3.0,3.0,2.0,3.6,4.75,2.8,3,2,3.23,0,45.55801413,8.95238691
VEPL01500T,S.Caterina Da Siena,Venezia,Venezia,Veneto,Nord Est,"Liceo, Professionale, Tecnico",ND,Metropolitano,II Grado,V.Tassini 17,30173,scuolesantacaterina@fondazionegroggia.org,fondazionegroggia@pec.it,www.fondazionegroggia.org,Paritaria,ok,analysis_results/VEPL01500T_PTOF_analysis.json,0.0,2.0,4.0,4.0,3.0,5.0,4.0,3.0,5.0,3.0,4.0,4.0,5.0,5.0,4.0,4.0,4.0,3.0,3.0,4.0,3.0,4.0,3.0,3.0,4.0,4.0,3.75,4.4,3.5,3.4,17,31,3.81,0,45.43490484,12.33845214
CHTD035004,Frentano,Vasto,Chieti,Abruzzo,Sud,"I Grado, Liceo, Primaria, Tecnico",ND,Non Metropolitano,II Grado,Via Ciccarone 262,66054,centrostudifrentanosrl@hotmail.it,centrostudifrentanosrl@pec.it,centrostudifrentano.it,Paritaria,ok,analysis_results/CHTD035004_PTOF_analysis.json,0.0,3.0,5.0,5.0,5.0,5.0,5.0,0.0,5.0,3.0,5.0,5.0,5.0,5.0,5.0,5.0,5.0,5.0,5.0,5.0,0.0,0.0,0.0,0.0,0.0,5.0,4.33,5.0,5.0,0.0,20,119,4.83,0,42.1122107,14.70791975
TPAA807022,"Scuola Infanzia ""Montessori""",Santa Ninfa,Trapani,Sicilia,Isole,Infanzia,Scuola Infanzia,Non Metropolitano,Infanzia,Piazza Colaianni S.N.C.,91029,tpic807004@istruzione.it,tpic807004@pec.istruzione.it,www.icluigicapuana.edu.it,Statale,ok,analysis_results/TPAA807022_PTOF_analysis.json,0.0,1.0,3.0,3.0,4.0,4.0,4.0,4.0,5.0,3.0,3.0,4.0,4.0,5.0,3.0,5.0,4.0,5.0,3.0,4.0,3.0,3.0,4.0,3.0,3.0,3.6,3.75,4.2,4.0,3.2,9,10,3.75,0,37.77382222,12.88021819
TS1E00500D,Scuola Primaria Paritaria Collegio Dimesse,Trieste,Trieste,Friuli-Venezia G.,Nord Est,Primaria,ND,Non Metropolitano,Primaria,Via Pendice Scoglietto 7,34127,dimessetrieste@outlook.it,segreteria@dimessetrieste.it,dimessetrieste.it,Paritaria,ok,analysis_results/TS1E00500D_PTOF_analysis.json,1.0,1.0,3.0,3.0,1.0,1.0,1.0,3.0,3.0,3.0,3.0,3.0,3.0,3.0,3.0,3.0,3.0,1.0,3.0,3.0,3.0,3.0,3.0,3.0,3.0,1.8,3.0,3.0,2.5,3.0,3,10,2.66,0,45.6494354,13.7681366
CA1A13000Q,"Nido D'Infanzia E Scuola Materna Privata ""Qui Quo Qua""Di Besedgnack Maria Lorede",Cagliari,Cagliari,Sardegna,Isole,Infanzia,ND,Metropolitano,Infanzia,Via Koch 5,09121,emanuelapinna@hotmail.com,scuolaquiquoqua@pecdittaindividuale.it,www.istitutoparini.it,Paritaria,ok,analysis_results/CA1A13000Q_PTOF_analysis.json,1.0,0.0,3.0,3.0,3.0,3.0,3.0,2.0,4.0,2.0,2.0,4.0,4.0,4.0,4.0,4.0,4.0,3.0,3.0,4.0,5.0,5.0,2.0,4.0,4.0,3.0,2.5,4.0,3.5,4.0,17,36,3.4,0,39.21531191,9.11061631
CSPSVN500O,Liceo Scientifico Paritario Sez. Indir. Sportivo - Centro Studi Europa 2000,Frascineto,Cosenza,Calabria,Sud,"Liceo, Professionale, Tecnico",ND,Non Metropolitano,II Grado,Via Armando Diaz 13,87010,itc-europa2000@libero.it,ND,www.centrostudieuropa2000.net,Paritaria,ok,analysis_results/CSPSVN500O_PTOF_analysis.json,1.0,1.0,4.0,4.0,4.0,4.0,4.0,3.0,3.0,3.0,3.0,4.0,4.0,4.0,4.0,4.0,4.0,2.0,4.0,4.0,3.0,3.0,3.0,3.0,3.0,4.0,3.0,4.0,3.5,3.0,4,25,3.5,0,39.83697242,16.26281179
PZIS01100T,"I.I.S. ""G. Solimene"" Lavello",Lavello,Potenza,Basilicata,Sud,"I Grado, Liceo, Tecnico",ND,Non Metropolitano,II Grado,Via Aldo Moro N. 1,85024,pzis01100t@istruzione.it,pzis01100t@pec.istruzione.it,https://www.solimenelavello.it/,Statale,ok,analysis_results/PZIS01100T_PTOF_analysis.json,1.0,7.0,4.0,4.0,4.0,4.0,4.0,4.0,4.0,4.0,4.0,4.0,4.0,4.0,4.0,4.0,5.0,5.0,5.0,5.0,4.0,4.0,4.0,4.0,4.0,4.0,4.0,4.0,5.0,4.0,22,25,4.2,0,41.04995683,15.80105357
TRMM80401V,"Terni ""G. Marconi""",Terni,Terni,Umbria,Centro,I Grado,ND,Non Metropolitano,I Grado,Viale Rossini 87,05100,tric80400t@istruzione.it,ND,icmarconiterni.edu.it/,Statale,ok,analysis_results/TRMM80401V_PTOF_analysis.json,0.0,0.0,2.0,2.0,2.0,3.0,2.0,2.0,2.0,2.0,3.0,2.0,2.0,2.0,2.0,3.0,3.0,4.0,2.0,3.0,3.0,3.0,2.0,2.0,2.0,2.2,2.25,2.2,3.0,2.4,3,1,2.41,0,42.56071258,12.64668751
RMIC8CS00B,Ic Emma Castelnuovo,Roma,Roma,Lazio,Centro,"I Grado, Infanzia, Primaria, Professionale",ND,Metropolitano,"Comprensivo, I Grado, II Grado, Infanzia, Primaria",Via Don Primo Mazzolari 323,00132,rmic8cs00b@istruzione.it,rmic8cs00b@pec.istruzione.it,www.icemmacastelnuovo.edu.it,Statale,ok,analysis_results/RMIC8CS00B_PTOF_analysis.json,0.0,2.0,3.0,4.0,4.0,2.0,3.0,6.0,5.0,3.0,4.0,5.0,4.0,5.0,3.0,5.0,4.0,5.0,3.0,4.0,3.0,4.0,2.0,4.0,5.0,3.2,4.5,4.4,4.0,3.6,9,2,3.94,0,41.89277044,12.48366723
VEPS00500C,Istituto G.Parini - Liceo Scientifico,Venezia,Venezia,Veneto,Nord Est,"Liceo, Professionale, Tecnico",ND,Metropolitano,II Grado,Via Terraglio 30,30174,info@istitutoparini.it,istitutoparini@pec.it,www.istitutoparini.it,Paritaria,ok,analysis_results/VEPS00500C_PTOF_analysis.json,1.0,2.0,5.0,5.0,4.0,4.0,4.0,3.0,5.0,3.0,3.0,5.0,4.0,4.0,3.0,5.0,4.0,3.0,2.0,5.0,5.0,5.0,4.0,2.0,4.0,4.4,3.5,4.2,3.5,4.0,26,271,3.92,0,45.43490484,12.33845214
CZEE813038,Serrastretta -Cancello- I.C.,Serrastretta,Catanzaro,Calabria,Sud,Primaria,ND,Non Metropolitano,Primaria,Via San Giorgio,88040,czic813004@istruzione.it,czic813004@pec.istruzione.it,www.icserrastretta.edu.it,Statale,ok,analysis_results/CZEE813038_PTOF_analysis.json,1.0,5.0,4.0,4.0,5.0,5.0,4.0,3.0,4.0,2.0,3.0,4.0,4.0,4.0,3.0,4.0,4.0,4.0,4.0,4.0,4.0,4.0,3.0,3.0,3.0,4.4,3.0,3.8,4.0,3.4,11,38,3.72,0,39.01258872,16.41807486
MEMM869017,Paino,Messina,Messina,Sicilia,Isole,I Grado,Scuola Primo Grado,Metropolitano,I Grado,Via P. Castelli 198,98100,meic869006@istruzione.it,meic869006@pec.istruzione.it,www.comprensivogravitelli.it,Statale,ok,analysis_results/MEMM869017_PTOF_analysis.json,0.0,2.0,4.0,4.0,2.0,4.0,3.0,3.0,4.0,1.0,1.0,4.0,4.0,5.0,3.0,5.0,5.0,3.0,3.0,3.0,3.0,5.0,2.0,3.0,4.0,3.4,2.25,4.2,3.5,3.4,11,15,3.35,0,38.19395841,15.55572383
PERFNA5005,Pitagora,Pescara,Pescara,Abruzzo,Sud,"I Grado, Infanzia, Professionale",ND,Non Metropolitano,II Grado,Via S. Donato 9 - 11,65129,istpitag@tin.it,istitutipitagorasrl@arubapec.it,www.istitutipitagora.it,Paritaria,ok,analysis_results/PERFNA5005_PTOF_analysis.json,0.0,2.0,2.0,2.0,2.0,3.0,2.0,2.0,2.0,2.0,3.0,2.0,2.0,2.0,2.0,3.0,3.0,3.0,2.0,3.0,2.0,2.0,2.0,2.0,2.0,2.2,2.25,2.2,2.75,2.0,3,1,2.28,0,42.46458397,14.21364841
MIPL0Z500D,Liceo Linguistico Pomeridiano Marcelline Quadronno,Milano,Milano,Lombardia,Nord Ovest,"I Grado, Infanzia, Liceo, Primaria",ND,Metropolitano,II Grado,Via Quadronno 15,20122,liceolinguistico@marcellinequadronno.it,ND,www.marcellinequadronno.it,Paritaria,ok,analysis_results/MIPL0Z500D_PTOF_analysis.json,1.0,1.0,4.0,4.0,4.0,4.0,4.0,3.0,3.0,2.0,3.0,3.0,4.0,4.0,3.0,3.0,4.0,2.0,3.0,4.0,3.0,4.0,1.0,1.0,1.0,4.0,2.75,3.4,3.25,2.0,8,12,3.08,0,45.46679408,9.1903474
NASD04050R,"Isa ""De Chirico"" Serale Torre A.",Torre Annunziata,Napoli,Campania,Sud,"Infanzia, Primaria",ND,Metropolitano,"Infanzia, Primaria",ND,ND,nasd04000b@istruzione.it,ND,www.liceodechirico.it,Statale,ok,analysis_results/NASD04050R_PTOF_analysis.json,0.0,0.0,3.0,3.0,1.0,1.0,1.0,1.0,1.0,1.0,1.0,2.0,2.0,3.0,1.0,3.0,4.0,3.0,3.0,3.0,1.0,3.0,3.0,1.0,1.0,1.8,1.0,2.2,3.25,1.8,4,14,2.01,0,40.75817312,14.44758612
BA1A20600V,Fiorilandia,Mola Di Bari,Bari,Puglia,Sud,Infanzia,ND,Metropolitano,Infanzia,Via A. Mangini 18/20/22,70042,fiorilandia@virgilio.it,fiorilandia@pec.it,ND,Paritaria,ok,analysis_results/BA1A20600V_PTOF_analysis.json,0.0,2.0,2.0,2.0,2.0,3.0,2.0,2.0,2.0,2.0,3.0,2.0,2.0,2.0,2.0,2.0,3.0,3.0,2.0,3.0,2.0,2.0,2.0,2.0,2.0,2.2,2.25,2.0,2.75,2.0,3,1,2.24,0,41.06092712,17.08171739
TEAA825069,Infanzia Bellante Capoluogo,Bellante,Teramo,Abruzzo,Sud,Infanzia,ND,Non Metropolitano,Infanzia,Borgo Martini Alfonso,64020,teic825007@istruzione.it,ND,http//www.moscianoscuola.it/,Statale,ok,analysis_results/TEAA825069_PTOF_analysis.json,0.0,0.0,3.0,3.0,3.0,4.0,1.0,1.0,4.0,1.0,1.0,4.0,2.0,4.0,3.0,4.0,4.0,4.0,4.0,4.0,2.0,4.0,4.0,1.0,3.0,2.8,1.75,3.4,4.0,2.8,6,8,2.95,0,42.74460127,13.80535903
TV1M002001,"Scuola Secondaria Di I Grado ""Immacolata""",Conegliano,Treviso,Veneto,Nord Est,I Grado,Scuola Sec. Primo Grado Non Statale,Non Metropolitano,I Grado,Via Madonna 20,31015,segreteriasc@collegioimmacolata.it,segreteria@pec.immacolataitv.it,www.collegioimmacolata.it,Paritaria,ok,analysis_results/TV1M002001_PTOF_analysis.json,0.0,2.0,3.0,4.0,2.0,3.0,1.0,1.0,3.0,1.0,2.0,3.0,4.0,5.0,2.0,4.0,5.0,5.0,6.0,4.0,2.0,4.0,3.0,1.0,3.0,2.6,1.75,3.6,5.0,2.6,3,2,3.11,0,45.88717298,12.29772652
BG1M01800G,"Scuola Sec. 1° Grado Paritaria""Maria Immacolata-Imiberg""",Bergamo,Bergamo,Lombardia,Nord Ovest,I Grado,Scuola Sec. Primo Grado Non Statale,Non Metropolitano,I Grado,Via S. Lucia N. 14,24128,segreteria@imiberg.it,ND,www.imiberg.it,Paritaria,ok,analysis_results/BG1M01800G_PTOF_analysis.json,0.0,1.0,3.0,4.0,2.0,3.0,1.0,1.0,3.0,1.0,3.0,4.0,5.0,5.0,3.0,5.0,6.0,5.0,6.0,4.0,1.0,4.0,4.0,1.0,4.0,2.6,2.0,4.4,5.25,2.8,5,2,3.41,0,45.69441368,9.66842453
PI1M001001,Istituto Arcivescovile Santa Caterina,Pisa,Pisa,Toscana,Centro,I Grado,Scuola Sec. Primo Grado Non Statale,Non Metropolitano,I Grado,Piazza Santa Caterina N. 4,56100,info@scaterina-pisa.it,segamm@pec.scaterina-pisa.it,www.scaterina-pisa.it,Paritaria,ok,analysis_results/PI1M001001_PTOF_analysis.json,0.0,2.0,3.0,3.0,2.0,1.0,2.0,1.0,3.0,1.0,3.0,2.0,4.0,5.0,1.0,4.0,4.0,5.0,2.0,3.0,2.0,4.0,3.0,1.0,4.0,2.2,2.0,3.2,3.5,2.8,6,8,2.74,0,43.71553206,10.40127259
FIMM85301A,Compagni/Carducci,Firenze,Firenze,Toscana,Centro,I Grado,ND,Metropolitano,I Grado,Via Sirtori 58,50137,fiic853009@istruzione.it,ND,www.istitutocomprensivocompagnicarducci.it,Statale,ok,analysis_results/FIMM85301A_PTOF_analysis.json,1.0,3.0,4.0,5.0,3.0,4.0,4.0,3.0,4.0,2.0,5.0,4.0,5.0,4.0,3.0,4.0,5.0,6.0,3.0,4.0,5.0,6.0,2.0,4.0,3.0,4.0,3.5,4.0,4.5,4.0,0,2,4.0,0,43.76923077,11.25588885
RG1E0O5005,Istituto Next School,Ragusa,Ragusa,Sicilia,Isole,Primaria,Scuola Primaria Non Statale,Non Metropolitano,Primaria,Via Psaumida 15/A,97100,info@nextschool.it,ND,www.nextschool.it,Paritaria,ok,analysis_results/RG1E0O5005_PTOF_analysis.json,0.0,2.0,3.0,3.0,2.0,2.0,3.0,2.0,3.0,1.0,4.0,2.0,3.0,3.0,1.0,3.0,5.0,5.0,4.0,2.0,3.0,4.0,5.0,2.0,3.0,2.6,2.5,2.4,4.0,3.4,1,1,2.98,0,36.92509197,14.7306992
GE1A09600E,Santo Stefano Del Ponte,Sestri Levante,Genova,Liguria,Nord Ovest,Infanzia,ND,Metropolitano,Infanzia,Piazza Ponte Santo Stefano 8,16039,smsanste@gmail.com,santostefanodelponte@pec.it,scuolamaterna.santostefanodelponte.it,Paritaria,ok,analysis_results/GE1A09600E_PTOF_analysis.json,1.0,3.0,4.0,4.0,4.0,4.0,4.0,3.0,4.0,3.0,3.0,4.0,4.0,4.0,4.0,5.0,4.0,5.0,4.0,4.0,5.0,5.0,4.0,4.0,4.0,4.0,3.25,4.2,4.25,4.4,19,25,4.02,0,44.26990054,9.39316235
BOMM81501D,Panzini - 4 Bologna,Bologna,Bologna,Emilia Romagna,Nord Est,I Grado,ND,Metropolitano,I Grado,Via Giulio Verne 19,40128,boic81500c@istruzione.it,ND,www.ic4bologna.edu.it,Statale,ok,analysis_results/BOMM81501D_PTOF_analysis.json,0.0,1.0,3.0,3.0,2.0,1.0,1.0,1.0,1.0,1.0,1.0,2.0,2.0,3.0,1.0,3.0,4.0,3.0,3.0,3.0,1.0,3.0,3.0,1.0,1.0,2.0,1.0,2.2,3.25,1.8,4,13,2.05,0,44.4943668,11.3417208
RMIC8B5008,Tullio De Mauro,Roma,Roma,Lazio,Centro,"Infanzia, Primaria",ND,Metropolitano,"Infanzia, Primaria",Via F. Santi 65,00155,rmic8b5008@istruzione.it,rmic8b5008@pec.istruzione.it,www.ictulliodemauro.edu.it/,Statale,ok,analysis_results/RMIC8B5008_PTOF_analysis.json,0.0,0.0,3.0,3.0,1.0,1.0,1.0,1.0,1.0,1.0,1.0,2.0,2.0,3.0,1.0,3.0,4.0,3.0,3.0,3.0,1.0,2.0,2.0,1.0,1.0,1.8,1.0,2.2,3.25,1.4,5,13,1.93,0,41.89277044,12.48366723
GEIS012004,B.Marsano,Genova,Genova,Liguria,Nord Ovest,"I Grado, Infanzia, Professionale",Istituto Superiore,Metropolitano,II Grado,Via Alla Scuola Di Agricoltura 9,16167,geis012004@istruzione.it,geis012004@pec.istruzione.it,ND,Statale,ok,analysis_results/GEIS012004_PTOF_analysis.json,0.0,2.0,2.0,2.0,2.0,3.0,2.0,2.0,2.0,2.0,3.0,2.0,2.0,2.0,1.0,3.0,2.0,3.0,2.0,2.0,2.0,2.0,2.0,2.0,2.0,2.2,2.25,2.0,2.25,2.0,3,1,2.14,0,44.41149314,8.9326992
BOAA817022,Scuola Materna Giordani,Bologna,Bologna,Emilia Romagna,Nord Est,Infanzia,ND,Metropolitano,Infanzia,Via Libia 57,40138,boic817004@istruzione.it,ND,http//www.ic6bologna.com/,Statale,ok,analysis_results/BOAA817022_PTOF_analysis.json,0.0,2.0,3.0,3.0,2.0,1.0,2.0,1.0,3.0,1.0,4.0,4.0,2.0,5.0,3.0,4.0,2.0,4.0,2.0,3.0,5.0,5.0,4.0,2.0,5.0,2.2,2.25,3.6,2.75,4.2,6,3,3.0,0,44.4943668,11.3417208
PCMM819037,"""G. Anguissola""",Travo,Piacenza,Emilia Romagna,Nord Est,I Grado,ND,Non Metropolitano,I Grado,Piazza Trento,29020,pcic819004@istruzione.it,ND,iobobbio.edu.it,Statale,ok,analysis_results/PCMM819037_PTOF_analysis.json,0.0,3.0,5.0,5.0,5.0,5.0,5.0,1.0,5.0,0.0,5.0,5.0,5.0,5.0,4.0,5.0,5.0,5.0,5.0,5.0,5.0,5.0,2.0,0.0,1.0,5.0,3.67,4.8,5.0,3.25,13,0,4.34,0,44.86103734,9.54283789
GEMM862012,I.C. San Martino-Boccanegra,Genova,Genova,Liguria,Nord Ovest,I Grado,ND,Metropolitano,I Grado,Piazza Remondini 2,16131,geic862001@istruzione.it,ND,https//www.icsmb.edu.it/,Statale,ok,analysis_results/GEMM862012_PTOF_analysis.json,0.0,2.0,2.0,2.0,2.0,3.0,2.0,2.0,2.0,2.0,3.0,2.0,2.0,2.0,2.0,3.0,3.0,3.0,2.0,3.0,2.0,2.0,2.0,2.0,2.0,2.2,2.25,2.2,2.75,2.0,3,1,2.28,0,44.41149314,8.9326992
CETD43500Q,"Istituto Paritario ""Normanno""",Aversa,Caserta,Campania,Sud,"I Grado, Infanzia, Primaria",ND,Non Metropolitano,II Grado,Via Vito Di Jasi 49,81031,segreteria@istitutonormanno.it,istitutoparitarionormannosrl@arubapec.it,www.icprimomontesarchio.edu.it,Paritaria,ok,analysis_results/CETD43500Q_PTOF_analysis.json,1.0,5.0,4.0,4.0,4.0,3.0,4.0,4.0,4.0,2.0,5.0,4.0,4.0,4.0,3.0,4.0,4.0,3.0,4.0,4.0,5.0,5.0,3.0,4.0,4.0,3.8,3.75,3.8,3.75,4.2,6,15,3.86,0,40.9730782,14.20627126
REMM85201Q,Don Andreoli - Correggio,Correggio,Reggio Emilia,Emilia Romagna,Nord Est,I Grado,ND,Non Metropolitano,I Grado,Via Conte Ippolito 16,42015,reic85200p@istruzione.it,ND,www.iccorreggio2.edu.it,Statale,ok,analysis_results/REMM85201Q_PTOF_analysis.json,0.0,2.0,2.0,2.0,2.0,3.0,2.0,2.0,2.0,2.0,3.0,2.0,2.0,2.0,2.0,3.0,2.0,3.0,2.0,2.0,2.0,2.0,2.0,2.0,2.0,2.2,2.25,2.2,2.25,2.0,3,1,2.18,0,44.7713424,10.78121506
MOAA811021,"H.C. Andersen"" Montefiorino",Montefiorino,Modena,Emilia Romagna,Nord Est,Infanzia,ND,Non Metropolitano,Infanzia,Via Provinciale 22,41045,moic811003@istruzione.it,ND,www.icmontefiorino.gov.it,Statale,ok,analysis_results/MOAA811021_PTOF_analysis.json,1.0,3.0,4.0,4.0,4.0,4.0,4.0,5.0,4.0,3.0,3.0,4.0,4.0,4.0,4.0,4.0,4.0,3.0,3.0,5.0,1.0,4.0,1.0,1.0,1.0,4.0,3.75,4.0,3.75,1.6,23,32,3.42,0,44.3594493,10.62532596
REEE842016,Villa Minozzo Cap.,Villa Minozzo,Reggio Emilia,Emilia Romagna,Nord Est,Primaria,ND,Non Metropolitano,Primaria,Corso Prampa18,42030,reic842004@istruzione.it,ND,https//icvillaminozzo-re.edu.it/,Statale,ok,analysis_results/REEE842016_PTOF_analysis.json,0.0,2.0,2.0,2.0,2.0,3.0,2.0,2.0,2.0,2.0,3.0,2.0,2.0,2.0,2.0,2.0,3.0,3.0,2.0,3.0,2.0,2.0,2.0,2.0,2.0,2.2,2.25,2.0,2.75,2.0,0,1,2.24,0,44.36521328,10.4671925
CRPC02000A,"""Daniele Manin""",Cremona,Cremona,Lombardia,Nord Ovest,Liceo,Liceo Classico,Non Metropolitano,II Grado,Via Cavallotti 2,26100,crpc02000a@istruzione.it,crpc02000a@pec.istruzione.it,www.liceomanin-cr.edu.it/,Statale,ok,analysis_results/CRPC02000A_PTOF_analysis.json,1.0,4.0,3.0,3.0,2.0,3.0,3.0,3.0,4.0,3.0,3.0,3.0,3.0,4.0,2.0,3.0,2.0,3.0,2.0,3.0,3.0,3.0,2.0,3.0,3.0,2.8,3.25,3.0,2.5,2.8,8,0,2.87,0,45.13336675,10.02420865
MIEE8FA033,Primaria M.Luther King,San Donato Milanese,Milano,Lombardia,Nord Ovest,Primaria,Scuola Primaria,Metropolitano,Primaria,Via Di Vittorio 48,20097,miic8fa00v@istruzione.it,ND,www.icvialiberta.edu.it,Statale,ok,analysis_results/MIEE8FA033_PTOF_analysis.json,1.0,4.0,3.0,3.0,3.0,2.0,2.0,1.0,2.0,1.0,3.0,2.0,3.0,3.0,1.0,4.0,4.0,5.0,2.0,4.0,5.0,5.0,3.0,4.0,4.0,2.6,1.75,2.6,3.75,4.2,9,3,2.98,0,45.4169621,9.26614911
RCIC85800C,Scopelliti- Green,Rosarno,Reggio Calabria,Calabria,Sud,"Infanzia, Primaria",ND,Metropolitano,"Infanzia, Primaria",Via Nazionale Nord 44,89025,rcic85800c@istruzione.it,rcic85800c@pec.istruzione.it,ND,Statale,ok,analysis_results/RCIC85800C_PTOF_analysis.json,0.0,1.0,3.0,3.0,2.0,1.0,1.0,1.0,1.0,1.0,1.0,2.0,2.0,3.0,1.0,3.0,4.0,3.0,3.0,3.0,1.0,3.0,3.0,1.0,1.0,2.0,1.0,2.2,3.25,1.8,4,13,2.05,0,38.487612,15.98283216
PAEE85903D,Collegio Di Maria,Monreale,Palermo,Sicilia,Isole,Primaria,Scuola Primaria,Metropolitano,Primaria,Via Roma 46,90046,paic859009@istruzione.it,ND,www.icsvenezianonovelli.edu.it,Statale,ok,analysis_results/PAEE85903D_PTOF_analysis.json,0.0,0.0,4.0,4.0,2.0,5.0,4.0,3.0,5.0,0.0,3.0,4.0,5.0,4.0,4.0,3.0,4.0,1.0,3.0,4.0,3.0,4.0,0.0,3.0,3.0,3.8,3.67,4.0,3.0,3.25,3,1,3.54,0,38.0823269,13.29170019
RMIC8B1001,Marta Russo,Roma,Roma,Lazio,Centro,"I Grado, Infanzia, Primaria",Istituto Comprensivo,Metropolitano,"Comprensivo, I Grado, Infanzia, Primaria",Via Italo Torsiello 57,00128,rmic8b1001@istruzione.it,rmic8b1001@pec.istruzione.it,www.icmartarusso.edu.it,Statale,ok,analysis_results/RMIC8B1001_PTOF_analysis.json,1.0,5.0,5.0,5.0,3.0,4.0,4.0,3.0,5.0,1.0,4.0,4.0,4.0,5.0,3.0,5.0,3.0,3.0,2.0,3.0,3.0,4.0,2.0,3.0,3.0,4.2,3.25,4.2,2.75,3.0,17,7,3.48,0,41.89277044,12.48366723
CHIC83600E,I. C. Chieti N.3,Chieti,Chieti,Abruzzo,Sud,"I Grado, Infanzia, Primaria",ND,Non Metropolitano,"Comprensivo, I Grado, Infanzia, Primaria",Via Amiterno150,66100,chic83600e@istruzione.it,chic83600e@pec.istruzione.it,comprensivo3chieti.edu.it,Statale,ok,analysis_results/CHIC83600E_PTOF_analysis.json,1.0,3.0,5.0,5.0,5.0,5.0,5.0,5.0,5.0,5.0,5.0,5.0,5.0,5.0,5.0,5.0,5.0,5.0,5.0,5.0,5.0,5.0,5.0,5.0,5.0,5.0,5.0,5.0,5.0,5.0,13,31,5.0,1,42.35103166,14.16754591
RCEE81209D,Scuola Primaria S.Elia,Motta San Giovanni,Reggio Calabria,Calabria,Sud,Primaria,Scuola Primaria,Metropolitano,Primaria,Via S. Cipriano N. 15,89065,rcic812003@istruzione.it,ND,www.icmontebellomotta.edu.it,Statale,ok,analysis_results/RCEE81209D_PTOF_analysis.json,0.0,0.0,2.0,2.0,1.0,4.0,2.0,3.0,5.0,1.0,2.0,2.0,1.0,3.0,2.0,4.0,2.0,3.0,1.0,3.0,1.0,1.0,1.0,1.0,1.0,2.2,2.75,2.4,2.25,1.0,3,0,2.12,0,38.00175728,15.6973174
UDPS012011,Liceo Sc. San Daniele,San Daniele Del Friuli,Udine,Friuli-Venezia G.,Nord Est,Liceo,ND,Non Metropolitano,II Grado,Via 4 Novembre,33038,udis01200e@istruzione.it,mtis01700x@pec.istruzione.it,www.isismanzini.edu.it,Statale,ok,analysis_results/UDPS012011_PTOF_analysis.json,1.0,1.0,4.0,4.0,4.0,4.0,4.0,3.0,3.0,2.0,2.0,3.0,3.0,3.0,3.0,3.0,4.0,3.0,4.0,4.0,4.0,4.0,2.0,3.0,3.0,4.0,2.5,3.0,3.75,3.2,14,18,3.29,0,46.16097487,13.01132516
CTIC86100R,Ic M.Purrello - S.Gregorio,San Gregorio Di Catania,Catania,Sicilia,Isole,"I Grado, Infanzia, Primaria",Istituto Comprensivo,Metropolitano,"Comprensivo, I Grado, Infanzia, Primaria",Via Fondo Di Gullo,95027,ctic86100r@istruzione.it,ctic86100r@pec.istruzione.it,www.purrello.edu.it,Statale,ok,analysis_results/CTIC86100R_PTOF_analysis.json,0.0,0.0,5.0,6.0,6.0,5.0,5.0,4.0,6.0,3.0,5.0,5.0,6.0,5.0,4.0,5.0,6.0,2.0,4.0,5.0,5.0,6.0,3.0,4.0,4.0,5.4,4.5,5.0,4.25,4.4,0,7,4.71,0,37.56488406,15.10845966
TV1M007004,"Scuola Media Paritaria ""Enrico Di Sardagna""",Castello Di Godego,Treviso,Veneto,Nord Est,I Grado,Scuola Sec. Primo Grado Non Statale,Non Metropolitano,I Grado,V.Roma 33,31030,preside@salesianigodego.it,salesiani.sardagna@pec.it,www.salesianigodego.it,Paritaria,ok,analysis_results/TV1M007004_PTOF_analysis.json,1.0,2.0,3.0,3.0,4.0,3.0,3.0,3.0,3.0,1.0,3.0,3.0,4.0,4.0,2.0,3.0,3.0,5.0,2.0,3.0,4.0,5.0,3.0,3.0,4.0,3.2,2.5,3.2,3.25,3.8,13,7,3.19,0,45.6921393,11.88101881
PAPLE05003,Seneca,Palermo,Palermo,Sicilia,Isole,"I Grado, Liceo, Primaria, Tecnico",ND,Metropolitano,II Grado,Viale Regione Siciliana 3414,90145,info@istitutoseneca.it,ND,www.ldavinci.org,Paritaria,ok,analysis_results/PAPLE05003_PTOF_analysis.json,1.0,2.0,5.0,5.0,5.0,5.0,5.0,3.0,5.0,5.0,5.0,5.0,5.0,5.0,4.0,5.0,5.0,5.0,5.0,5.0,5.0,5.0,1.0,5.0,4.0,5.0,4.5,4.8,5.0,4.0,22,110,4.66,0,38.11569725,13.36235675
RCTF03050N,"Iti - Serale -""M.M.Milano"" Polistena",Polistena,Reggio Calabria,Calabria,Sud,Tecnico,ND,Metropolitano,II Grado,Via Dello Sport 25,89024,rctf030008@istruzione.it,ND,www.itispolistena.edu.it,Statale,ok,analysis_results/RCTF03050N_PTOF_analysis.json,1.0,1.0,4.0,4.0,4.0,3.0,3.0,3.0,3.0,1.0,1.0,3.0,4.0,4.0,3.0,3.0,3.0,3.0,3.0,3.0,2.0,4.0,3.0,1.0,3.0,3.6,2.0,3.4,3.0,2.6,3,6,2.92,0,38.40797361,16.07617637
AQIS01700X,I.P.A.A. Serpieri,Avezzano,L'Aquila,Abruzzo,Sud,"Infanzia, Primaria",ND,Non Metropolitano,II Grado,Via Buonarroti 1,67051,aqis01700x@istruzione.it,aqis01700x@pec.istruzione.it,www.agrarioavezzano.edu.it,Statale,ok,analysis_results/AQIS01700X_PTOF_analysis.json,0.0,0.0,3.0,3.0,1.0,1.0,1.0,1.0,1.0,1.0,1.0,2.0,2.0,3.0,1.0,3.0,4.0,3.0,3.0,3.0,1.0,3.0,3.0,1.0,1.0,1.8,1.0,2.2,3.25,1.8,5,14,2.01,0,42.03068032,13.4267507
SAEE83006E,Bellosguardo Cap. P.P.,Bellosguardo,Salerno,Campania,Sud,Primaria,Scuola Primaria,Non Metropolitano,Primaria,Via Carlo Marmo S.N.C.,84020,ND,ND,wwwistitutocomprensivocastelsanlorenzo.gov.it,Statale,ok,analysis_results/SAEE83006E_PTOF_analysis.json,0.0,2.0,2.0,2.0,2.0,3.0,2.0,2.0,2.0,2.0,3.0,2.0,2.0,2.0,1.0,3.0,2.0,3.0,2.0,2.0,2.0,2.0,2.0,2.0,2.0,2.2,2.25,2.0,2.25,2.0,3,1,2.14,0,40.42181689,15.31021488
RMIS127001,F.De Pinedo- M. Colonna,Roma,Roma,Lazio,Centro,"Liceo, Professionale, Tecnico",ND,Metropolitano,II Grado,Via Francesco Morandini 30,00142,rmis126005@istruzione.it,rmis126005@pec.istruzione.it,www.iismatteucci.edu.it,Statale,ok,analysis_results/RMIS127001_PTOF_analysis.json,1.0,5.0,7.0,7.0,7.0,7.0,7.0,7.0,7.0,7.0,7.0,7.0,7.0,7.0,7.0,7.0,7.0,5.0,7.0,7.0,3.0,5.0,5.0,5.0,5.0,7.0,7.0,7.0,6.5,4.6,33,60,6.42,1,41.89277044,12.48366723
MO1A12200R,Le Chiocciole,Carpi,Modena,Emilia Romagna,Nord Est,Infanzia,ND,Non Metropolitano,Infanzia,Via Tonelli 19,41012,ND,ND,https://www.istruzione.it/ri-generazione-scuola/,Paritaria,ok,analysis_results/MO1A12200R_PTOF_analysis.json,1.0,4.0,5.0,5.0,5.0,2.0,4.0,4.0,4.0,1.0,4.0,4.0,4.0,4.0,4.0,4.0,5.0,3.0,4.0,6.0,3.0,4.0,3.0,3.0,4.0,4.2,3.25,4.0,4.5,3.4,9,19,3.87,0,44.78247939,10.88526276
TPIC81800E,"I.C.""L. Pirandello - S.G.Bosco""",Campobello Di Mazara,Trapani,Sicilia,Isole,"I Grado, Infanzia, Primaria",Istituto Comprensivo,Non Metropolitano,"Comprensivo, I Grado, Infanzia, Primaria",Piazza Addolorata N.1,91021,tpic81800e@istruzione.it,tpic81800e@pec.istruzione.it,www.iccampobellodimazara.edu.it,Statale,ok,analysis_results/TPIC81800E_PTOF_analysis.json,0.0,5.0,3.0,3.0,4.0,4.0,4.0,5.0,5.0,2.0,4.0,5.0,5.0,5.0,3.0,5.0,5.0,6.0,4.0,5.0,5.0,6.0,4.0,4.0,4.0,3.6,4.0,4.6,5.0,4.6,24,17,4.36,0,37.63458999,12.74409014
RAAA81302G,"""Il Grillo Parlante""",Cotignola,Ravenna,Emilia Romagna,Nord Est,Infanzia,ND,Non Metropolitano,Infanzia,Via Nettore Neri 1,48033,raic81300n@istruzione.it,toic8b600g@pec.istruzione.it,iccotignola.it,Statale,ok,analysis_results/RAAA81302G_PTOF_analysis.json,1.0,1.0,4.0,4.0,4.0,4.0,4.0,4.0,4.0,1.0,3.0,5.0,4.0,5.0,3.0,5.0,4.0,3.0,4.0,4.0,3.0,5.0,4.0,3.0,5.0,4.0,3.0,4.4,3.75,4.0,19,18,3.83,0,44.38439045,11.94221614
RMAA8D501A,C.U. Via Fontana Delle Rose,Velletri,Roma,Lazio,Centro,Infanzia,ND,Metropolitano,Infanzia,Via Fontana Delle Rose 153A,00049,rmic8d500d@istruzione.it,ND,www.ic_velletrinordo.gov.it,Statale,ok,analysis_results/RMAA8D501A_PTOF_analysis.json,0.0,2.0,3.0,3.0,2.0,2.0,2.0,3.0,4.0,1.0,3.0,3.0,3.0,4.0,2.0,4.0,2.0,4.0,2.0,3.0,2.0,3.0,2.0,1.0,3.0,2.4,2.75,3.2,2.75,2.2,7,3,2.66,0,41.68638171,12.77719681
NAMM8EV016,Palizzi -Casoria-,Casoria,Napoli,Campania,Sud,I Grado,Scuola Primo Grado,Metropolitano,I Grado,Piazza Dante Snc,80026,naic8ev005@istruzione.it,ND,www.palizzicasoria.edu.it,Statale,ok,analysis_results/NAMM8EV016_PTOF_analysis.json,0.0,2.0,2.0,2.0,2.0,3.0,1.0,5.0,4.0,1.0,2.0,3.0,2.0,3.0,1.0,4.0,2.0,4.0,2.0,3.0,2.0,4.0,2.0,3.0,4.0,2.0,3.0,2.6,2.75,3.0,4,3,2.67,0,40.90566059,14.29026011
RCAA84804T,Feroleto Plaesano,Feroleto Della Chiesa,Reggio Calabria,Calabria,Sud,Infanzia,ND,Metropolitano,Infanzia,Via Asilo Nido,89050,rcic84800t@istruzione.it,rcic84800t@pec.istruzione.it,www.iclaureana.edu.it,Statale,ok,analysis_results/RCAA84804T_PTOF_analysis.json,0.0,5.0,5.0,5.0,5.0,5.0,5.0,5.0,5.0,3.0,5.0,5.0,5.0,5.0,5.0,5.0,5.0,4.0,5.0,5.0,4.0,5.0,3.0,3.0,3.0,5.0,4.5,5.0,4.75,3.6,28,31,4.57,0,38.46609357,16.07012309
GE1A01100E,Maria Luigia,Chiavari,Genova,Liguria,Nord Ovest,Infanzia,Scuola Infanzia Non Statale,Metropolitano,Infanzia,Via Santa Chiara 20,16043,segreteria@scuolamarialuigia.it,mluigia@pec.confcooperative.it,www.scuolamarialuigia.it,Paritaria,ok,analysis_results/GE1A01100E_PTOF_analysis.json,0.0,1.0,3.0,3.0,4.0,4.0,3.0,2.0,3.0,1.0,3.0,5.0,3.0,6.0,3.0,5.0,4.0,4.0,4.0,3.0,3.0,4.0,4.0,3.0,4.0,3.4,2.25,4.4,3.75,3.6,12,6,3.48,0,44.31671072,9.32401708
PZAA88907N,Infanzia Ginestra,Ginestra,Potenza,Basilicata,Sud,Infanzia,ND,Non Metropolitano,Infanzia,Via Ripacandida,85020,ND,ND,www.icvenosa.edu.it,Statale,ok,analysis_results/PZAA88907N_PTOF_analysis.json,0.0,2.0,3.0,3.0,2.0,2.0,3.0,4.0,4.0,1.0,3.0,5.0,3.0,5.0,3.0,6.0,2.0,3.0,3.0,3.0,1.0,2.0,1.0,2.0,1.0,2.6,3.0,4.4,2.75,1.4,5,1,2.83,0,40.93048625,15.73408091
CAEE870066,San Michele (Cagliari),Cagliari,Cagliari,Sardegna,Isole,Primaria,Scuola Primaria,Metropolitano,Primaria,Via Redipuglia,09121,ND,ND,www.icdevinu.edu.it,Statale,ok,analysis_results/CAEE870066_PTOF_analysis.json,0.0,5.0,5.0,4.0,4.0,5.0,4.0,6.0,5.0,3.0,5.0,5.0,4.0,6.0,3.0,6.0,4.0,5.0,5.0,4.0,3.0,5.0,3.0,2.0,4.0,4.4,4.75,4.8,4.5,3.4,4,6,4.37,0,39.21531191,9.11061631
MOAA83003B,"""Peter Pan"" Braida",Sassuolo,Modena,Emilia Romagna,Nord Est,Infanzia,ND,Non Metropolitano,Infanzia,Via Strada Comunale Braida 314,41049,moic83000c@istruzione.it,moic83000c@pec.istruzione.it,http//www.icsassuolo1centroest.gov.it,Statale,ok,analysis_results/MOAA83003B_PTOF_analysis.json,1.0,3.0,4.0,4.0,4.0,4.0,4.0,5.0,5.0,3.0,4.0,5.0,4.0,5.0,4.0,5.0,4.0,5.0,4.0,4.0,4.0,4.0,3.0,3.0,4.0,4.0,4.25,4.6,4.25,3.6,17,35,4.14,0,44.54032551,10.78270189
PEEE83502A,Via Del Concilio-I.C. Pescara 8,Pescara,Pescara,Abruzzo,Sud,Primaria,ND,Non Metropolitano,Primaria,Via Del Concilio 3,65121,peic835007@istruzione.it,ND,www.icpescara8.edu.it,Statale,ok,analysis_results/PEEE83502A_PTOF_analysis.json,0.0,2.0,3.0,3.0,2.0,3.0,1.0,2.0,2.0,1.0,3.0,3.0,3.0,4.0,1.0,4.0,4.0,4.0,2.0,4.0,4.0,4.0,3.0,4.0,5.0,2.4,2.0,3.0,3.5,4.0,8,3,2.98,0,42.46458397,14.21364841
NAAA8DJ036,C.Mmare I.C. 5Karol Wojtyla,Castellammare Di Stabia,Napoli,Campania,Sud,Infanzia,ND,Metropolitano,Infanzia,Via Cottrau N.9,80053,naic8dj007@istruzione.it,ND,www.icwojtyla.it,Statale,ok,analysis_results/NAAA8DJ036_PTOF_analysis.json,1.0,1.0,3.0,3.0,3.0,3.0,3.0,3.0,3.0,3.0,3.0,3.0,3.0,3.0,3.0,3.0,3.0,2.0,3.0,3.0,2.0,3.0,3.0,3.0,3.0,3.0,3.0,3.0,2.75,2.8,9,13,2.91,0,40.69452529,14.48032413
RMPC31000G,Lc Immanuel Kant,Roma,Roma,Lazio,Centro,Liceo,ND,Metropolitano,II Grado,Piazza Zambeccari 19,00177,rmpc31000g@istruzione.it,rmpc31000g@pec.istruzione.it,www.liceokant.edu.it,Statale,ok,analysis_results/RMPC31000G_PTOF_analysis.json,0.0,0.0,5.0,5.0,4.0,5.0,5.0,4.0,5.0,0.0,4.0,3.0,4.0,5.0,3.0,5.0,5.0,5.0,5.0,5.0,5.0,5.0,3.0,0.0,3.0,4.8,4.33,4.0,5.0,4.0,10,111,4.43,0,41.89277044,12.48366723
TOPMP2500E,Liceo Savoia - Scienze Umane Op.Economico Sociale,Torino,Torino,Piemonte,Nord Ovest,Liceo,Scuola Sec. Secondo Grado Non Statale,Metropolitano,II Grado,Piazza Solferino9,10121,info@liceosavoia.it,ND,www.liceosavoia.it,Paritaria,ok,analysis_results/TOPMP2500E_PTOF_analysis.json,1.0,3.0,3.0,3.0,2.0,2.0,2.0,2.0,3.0,1.0,3.0,1.0,3.0,3.0,1.0,3.0,2.0,2.0,2.0,3.0,2.0,2.0,2.0,2.0,2.0,2.4,2.25,2.2,2.25,2.0,0,3,2.22,0,45.0732745,7.68068748
MIPC10500T,Liceo Classico Istituto Leone Xiii,Milano,Milano,Lombardia,Nord Ovest,"I Grado, Infanzia, Liceo, Primaria, Professionale",Scuola Sec. Secondo Grado Non Statale,Metropolitano,II Grado,V.Leone Xiii 12,20145,segreteria.didattica@leonexiii.it,leonexiii@arubapec.it,www.leonexiii.it,Paritaria,ok,analysis_results/MIPC10500T_PTOF_analysis.json,0.0,1.0,6.0,6.0,6.0,5.0,5.0,4.0,3.0,4.0,2.0,5.0,2.0,5.0,6.0,5.0,2.0,3.0,4.0,5.0,2.0,2.0,6.0,5.0,5.0,5.6,3.25,4.6,3.5,4.0,20,0,4.19,0,45.46679408,9.1903474
MIEE8EU01T,Primaria M.Galli,Sesto San Giovanni,Milano,Lombardia,Nord Ovest,Primaria,Scuola Primaria,Metropolitano,Primaria,Via Podgora 161,20099,miic8eu00q@istruzione.it,miic8eu00q@pec.istruzione.it,www.icbredasesto.edu.it,Statale,ok,analysis_results/MIEE8EU01T_PTOF_analysis.json,1.0,5.0,4.0,4.0,5.0,5.0,4.0,3.0,5.0,1.0,3.0,5.0,4.0,4.0,3.0,3.0,4.0,5.0,5.0,4.0,4.0,5.0,3.0,3.0,4.0,4.4,3.0,3.8,4.5,3.8,10,10,3.9,0,45.53352962,9.23651246
TO1A137009,Principessa Di Piemonte,Torino,Torino,Piemonte,Nord Ovest,Infanzia,ND,Metropolitano,Infanzia,Via Paisiello 1,10154,smmpaisiello@comune.torino.it,servizi.educativi@cert.comune.torino.it,www.comune.torino.it/servizieducativi,Paritaria,ok,analysis_results/TO1A137009_PTOF_analysis.json,0.0,0.0,5.0,5.0,4.0,5.0,4.0,0.0,5.0,0.0,1.0,5.0,2.0,5.0,0.0,3.0,5.0,3.0,3.0,4.0,1.0,5.0,5.0,1.0,4.0,4.6,3.0,3.75,3.75,3.2,18,12,3.66,0,45.0732745,7.68068748
RM1M09300C,Scuola Media Sacro Cuore Sorelle Della Misericordia,Roma,Roma,Lazio,Centro,I Grado,Scuola Sec. Primo Grado Non Statale,Metropolitano,I Grado,V.A.Da Giussano 89,00176,segreteria@sacrocuoregiussano.it,sacrocuoregiussano@certificazioneposta.it,www.sacrocuoregiussano.it,Paritaria,ok,analysis_results/RM1M09300C_PTOF_analysis.json,1.0,2.0,3.0,4.0,2.0,3.0,2.0,1.0,3.0,1.0,3.0,3.0,4.0,5.0,2.0,4.0,5.0,5.0,6.0,4.0,2.0,4.0,4.0,1.0,3.0,2.8,2.0,3.6,5.0,2.8,3,2,3.24,0,41.89277044,12.48366723
METD03751E,"Ist. Tec. Economico "" A.M. Jaci""",Messina,Messina,Sicilia,Isole,Tecnico,Istituto Tecnico Commerciale,Metropolitano,II Grado,Via Cesare Battisti 88,98122,ND,ND,jaci.edu.it,Statale,ok,analysis_results/METD03751E_PTOF_analysis.json,0.0,5.0,3.0,3.0,4.0,4.0,4.0,5.0,4.0,4.0,4.0,4.0,3.0,4.0,3.0,5.0,4.0,3.0,3.0,4.0,5.0,4.0,3.0,3.0,5.0,3.6,4.25,3.8,3.5,4.0,7,8,3.83,0,38.19395841,15.55572383
VTPS00601G,""" G. Colasanti"" - Civita Castellana",Civita Castellana,Viterbo,Lazio,Centro,Liceo,ND,Non Metropolitano,II Grado,Via Petrarca S.N.C.,01033,vtis006005@istruzione.it,toic8b600g@pec.istruzione.it,www.iiscolasanti.it,Statale,ok,analysis_results/VTPS00601G_PTOF_analysis.json,1.0,1.0,4.0,4.0,4.0,4.0,4.0,4.0,4.0,0.0,3.0,5.0,4.0,5.0,3.0,5.0,4.0,3.0,3.0,4.0,3.0,4.0,3.0,2.0,4.0,4.0,3.67,4.4,3.5,3.2,19,17,3.75,0,42.28917672,12.41176641
PV1M00200A,"Scuola Sec 1° Grado""S. Giuseppe"" Soc. Coop. Soc. Santa Caterina Da Siena A R.L.",Vigevano,Pavia,Lombardia,Nord Ovest,I Grado,Scuola Sec. Primo Grado Non Statale,Non Metropolitano,I Grado,Via Deomini 10,27029,segreteria@sangiuseppevigevano.eu,s.caterinadasiena@legalmail.it,www.sangiuseppevigevano.eu,Paritaria,ok,analysis_results/PV1M00200A_PTOF_analysis.json,0.0,1.0,4.0,4.0,4.0,4.0,4.0,3.0,4.0,3.0,4.0,4.0,4.0,5.0,3.0,5.0,4.0,3.0,4.0,4.0,4.0,5.0,3.0,4.0,4.0,4.0,3.5,4.2,3.75,4.0,34,15,3.89,0,45.31761391,8.85987557
MB1E04100V,"Scuola Prim.Par.""Collegio Sant'Antonio""",Busnago,Monza E Della Brianza,Lombardia,Nord Ovest,Primaria,ND,Non Metropolitano,Primaria,Via Manzoni,20874,segreteria@collegiosantantonio.com,segreteria@pec.collegiosantantonio.com,www.collegiosantantonio.com,Paritaria,ok,analysis_results/MB1E04100V_PTOF_analysis.json,1.0,3.0,4.0,4.0,4.0,4.0,4.0,3.0,4.0,3.0,4.0,4.0,4.0,4.0,4.0,4.0,5.0,3.0,4.0,4.0,4.0,4.0,4.0,4.0,4.0,4.0,3.5,4.0,4.0,4.0,32,26,3.9,0,45.617173,9.46619248
NARC11850E,Is D'Este - Caracciolo Serale,Napoli,Napoli,Campania,Sud,"Professionale, Tecnico",ND,Metropolitano,II Grado,"Via Giacomo Savarese, 60 Napoli 80142",ND,nais118007@istruzione.it,nais118007@pec.istruzione.it,www.isabelladestecaracciolo.it,Statale,ok,analysis_results/NARC11850E_PTOF_analysis.json,1.0,1.0,5.0,5.0,5.0,4.0,5.0,5.0,5.0,3.0,5.0,5.0,5.0,5.0,5.0,5.0,5.0,5.0,5.0,5.0,3.0,4.0,1.0,3.0,3.0,4.8,4.5,5.0,5.0,2.8,13,22,4.42,0,40.83956554,14.25085002
MOMM803026,Papini - Polinago,Polinago,Modena,Emilia Romagna,Nord Est,I Grado,ND,Non Metropolitano,I Grado,Via A.Sorbelli 2,41040,moic803004@istruzione.it,ND,http//www.comprensivolama.it/,Statale,ok,analysis_results/MOMM803026_PTOF_analysis.json,0.0,2.0,2.0,2.0,2.0,3.0,2.0,2.0,2.0,2.0,3.0,2.0,2.0,2.0,2.0,3.0,3.0,3.0,2.0,3.0,2.0,2.0,2.0,2.0,2.0,2.2,2.25,2.2,2.75,2.0,3,1,2.28,0,44.34435962,10.72311171
CT1E054002,S.Francesco,Misterbianco,Catania,Sicilia,Isole,Primaria,Scuola Primaria Non Statale,Metropolitano,Primaria,Via Marchese,95045,sanfrancescoassisi@tiscali.it,ND,www.istitutocomprensivofracassetticapodarco.edu.it,Paritaria,ok,analysis_results/CT1E054002_PTOF_analysis.json,0.0,2.0,3.0,3.0,3.0,4.0,3.0,3.0,5.0,2.0,3.0,5.0,3.0,4.0,2.0,5.0,3.0,5.0,3.0,4.0,3.0,5.0,4.0,3.0,4.0,3.2,3.25,3.8,3.75,3.8,21,7,3.56,0,37.52084469,15.00637221
RCEE83203C,"Varapodio Capol. ""Villiva'""",Varapodio,Reggio Calabria,Calabria,Sud,Primaria,ND,Metropolitano,Primaria,Via Ognissanti 33,89010,rcic832008@istruzione.it,istitutisantamaria@legalmail.it,www.istitutocomprensivooppido.gov.it,Statale,ok,analysis_results/RCEE83203C_PTOF_analysis.json,1.0,4.0,6.0,6.0,7.0,5.0,6.0,6.0,5.0,5.0,7.0,5.0,6.0,6.0,5.0,5.0,7.0,4.0,5.0,6.0,5.0,5.0,3.0,5.0,3.0,6.0,5.75,5.4,5.5,4.2,4,20,5.37,1,38.3146494,15.98322935
PEIS00300X,"Iis ""E.Alessandrini"" Montesilvano",Montesilvano,Pescara,Abruzzo,Sud,Liceo,ND,Non Metropolitano,II Grado,Via D'Agnese Snc,65015,peis00300x@istruzione.it,peis00300x@pec.istruzione.it,ND,Statale,ok,analysis_results/PEIS00300X_PTOF_analysis.json,0.0,0.0,2.0,2.0,3.0,3.0,2.0,5.0,5.0,2.0,3.0,3.0,2.0,4.0,2.0,3.0,3.0,4.0,5.0,3.0,2.0,2.0,2.0,2.0,5.0,2.4,3.75,2.8,3.75,2.6,3,1,3.06,0,42.51412705,14.14938288
MIRF6M5002,Odontotecnico Casati,Milano,Milano,Lombardia,Nord Ovest,"Professionale, Tecnico",Scuola Sec. Secondo Grado Non Statale,Metropolitano,II Grado,Via Montecuccoli 44,20147,segreteria.odontotecnico@clerici.lombardia.it,clerici@pec.clerici.lombardia.it,www.odontotecnicicasati.it,Paritaria,ok,analysis_results/MIRF6M5002_PTOF_analysis.json,1.0,5.0,4.0,4.0,4.0,5.0,4.0,3.0,5.0,2.0,5.0,5.0,5.0,5.0,4.0,6.0,5.0,6.0,3.0,4.0,4.0,5.0,2.0,4.0,3.0,4.2,3.75,5.0,4.5,3.6,10,6,4.21,0,45.46679408,9.1903474
CASL013016,Iglesias,Iglesias,Sud Sardegna,Sardegna,Isole,Liceo,Liceo Artistico,Non Metropolitano,II Grado,Iglesias,09016,cais01300v@istruzione.it,ND,www.liceoasproni.it,Statale,ok,analysis_results/CASL013016_PTOF_analysis.json,0.0,2.0,3.0,3.0,2.0,2.0,2.0,5.0,5.0,2.0,3.0,3.0,2.0,3.0,2.0,4.0,3.0,2.0,2.0,3.0,3.0,3.0,2.0,2.0,3.0,2.4,3.75,2.8,2.5,2.6,4,0,2.81,0,39.30993485,8.53146719
CSTF086514,Corso Serale Iti Di Corigliano Calabro,Corigliano-Rossano,Cosenza,Calabria,Sud,Tecnico,ND,Non Metropolitano,II Grado,ND,ND,ND,ND,www.csis03900l.gov.it/,Statale,ok,analysis_results/CSTF086514_PTOF_analysis.json,0.0,0.0,2.0,2.0,2.0,3.0,2.0,2.0,2.0,2.0,3.0,2.0,2.0,2.0,2.0,3.0,2.0,3.0,2.0,2.0,3.0,3.0,2.0,2.0,2.0,2.2,2.25,2.2,2.25,2.4,3,1,2.26,0,,
FREE86103R,"Veroli Capoluogo""A. Valente""",Veroli,Frosinone,Lazio,Centro,Primaria,ND,Non Metropolitano,Primaria,Viale Della Repubblica N.87/A,03029,fric86100l@istruzione.it,ND,icveroliprimo.edu.it,Statale,ok,analysis_results/FREE86103R_PTOF_analysis.json,1.0,5.0,6.0,6.0,6.0,4.0,6.0,5.0,6.0,5.0,5.0,5.0,6.0,7.0,6.0,5.0,6.0,3.0,5.0,5.0,5.0,5.0,5.0,5.0,5.0,5.6,5.25,5.8,4.75,5.0,32,25,5.28,1,41.69100425,13.41787776
BAIS06400V,"I.I.S.S. ""Galileo Ferraris""",Molfetta,Bari,Puglia,Sud,"Liceo, Professionale, Tecnico",Istituto Superiore,Metropolitano,II Grado,Via P. Togliatti 4,70056,bais06400v@istruzione.it,bais06400v@pec.istruzione.it,www.ferrarismolfetta.edu.it,Statale,ok,analysis_results/BAIS06400V_PTOF_analysis.json,0.0,2.0,5.0,5.0,4.0,5.0,5.0,5.0,5.0,3.0,5.0,4.0,6.0,4.0,4.0,5.0,5.0,3.0,4.0,5.0,5.0,6.0,2.0,4.0,4.0,4.8,4.5,4.6,4.25,4.2,24,9,4.47,0,41.20503057,16.60063235
PNMM701014,Sede Carceraria (I Grado),Pordenone,Pordenone,Friuli-Venezia G.,Nord Est,I Grado,ND,Non Metropolitano,I Grado,C/O Casa Circ. Piazza Della Motta 10,33170,rmmm67400q@istruzione.it,ND,www.cpiapordenone.edu.it,Statale,ok,analysis_results/PNMM701014_PTOF_analysis.json,1.0,1.0,4.0,4.0,4.0,4.0,4.0,3.0,4.0,3.0,5.0,4.0,4.0,3.0,3.0,4.0,4.0,2.0,4.0,3.0,4.0,4.0,3.0,3.0,3.0,4.0,3.75,3.6,3.25,3.4,17,14,3.6,0,45.95443546,12.66002911
RMRH040503,Vespucci - Percorso Ii Livello,Roma,Roma,Lazio,Centro,"I Grado, Infanzia, Primaria, Professionale, Tecnico",ND,Metropolitano,"Comprensivo, I Grado, II Grado, Infanzia, Primaria",Via Facchinetti 42,00159,vvic82600r@istruzione.it,vvic82600r@pec.istruzione.it,https//www.amerigovespucci.edu.it,Statale,ok,analysis_results/RMRH040503_PTOF_analysis.json,1.0,5.0,5.0,5.0,6.0,5.0,5.0,5.0,6.0,3.0,5.0,5.0,5.0,5.0,5.0,5.0,5.0,3.0,4.0,5.0,4.0,5.0,1.0,1.0,1.0,5.2,4.75,5.0,4.25,2.4,15,41,4.32,0,41.89277044,12.48366723
NAEE8DZ043,Bacoli Ic Di Tarso Stufe Nerone,Bacoli,Napoli,Campania,Sud,Primaria,ND,Metropolitano,Primaria,Via G. Temporini 53,80070,naic8dz00t@istruzione.it,ND,www.icpaoloditarso.gov.it,Statale,ok,analysis_results/NAEE8DZ043_PTOF_analysis.json,0.0,2.0,3.0,3.0,2.0,2.0,2.0,4.0,5.0,1.0,2.0,4.0,3.0,5.0,2.0,5.0,2.0,3.0,2.0,3.0,4.0,4.0,3.0,3.0,4.0,2.4,3.0,3.8,2.5,3.6,8,1,3.06,0,40.79708543,14.07840386
CRTF00401P,"""J. Torriani""",Cremona,Cremona,Lombardia,Nord Ovest,Tecnico,ND,Non Metropolitano,II Grado,Via Lea Garofalo 3/5,26100,cris004006@istruzione.it,ND,www.iistorriani.it,Statale,ok,analysis_results/CRTF00401P_PTOF_analysis.json,0.0,4.0,3.0,3.0,2.0,4.0,3.0,2.0,3.0,2.0,3.0,4.0,3.0,3.0,2.0,3.0,5.0,4.0,3.0,4.0,4.0,5.0,2.0,2.0,2.0,3.0,2.5,3.0,4.0,3.0,2,2,3.1,0,45.13336675,10.02420865
SSIC84400P,Istituto Comprensivo N.1Alghero,Alghero,Sassari,Sardegna,Isole,"I Grado, Infanzia, Primaria, Professionale",Istituto Comprensivo,Non Metropolitano,"Comprensivo, I Grado, II Grado, Infanzia, Primaria",Via Xx Settembre N. 231,07041,ssic84400p@istruzione.it,ssic84400p@pec.istruzione.it,www.istitutocomprensivo1alghero.edu.it/,Statale,ok,analysis_results/SSIC84400P_PTOF_analysis.json,0.0,2.0,3.0,3.0,3.0,3.0,3.0,3.0,4.0,2.0,3.0,5.0,3.0,4.0,3.0,5.0,4.0,4.0,3.0,4.0,3.0,4.0,3.0,3.0,5.0,3.0,3.0,4.0,3.75,3.6,23,13,3.47,0,40.54843552,8.32608134
NAMM8EJ01V,Card. G.Prisco Boscotrecase,Boscotrecase,Napoli,Campania,Sud,I Grado,ND,Metropolitano,I Grado,Piazza Municipio,80042,naic8ej00t@istruzione.it,ND,www.comprensivoboscotrecase.edu.it,Statale,ok,analysis_results/NAMM8EJ01V_PTOF_analysis.json,1.0,3.0,4.0,4.0,5.0,4.0,4.0,4.0,5.0,2.0,5.0,5.0,4.0,5.0,4.0,5.0,4.0,5.0,4.0,5.0,4.0,4.0,3.0,3.0,3.0,4.2,4.0,4.6,4.5,3.4,15,16,4.14,0,40.77626907,14.46107403
RG1E00300C,"""Regina Margherita""",Modica,Ragusa,Sicilia,Isole,Primaria,Scuola Primaria Non Statale,Non Metropolitano,Primaria,C.Da Torre Cannata 7E/1,97015,segreteriascuolasalesiana@gmail.com,ND,www.scuolareginamargheritamodica.it,Paritaria,ok,analysis_results/RG1E00300C_PTOF_analysis.json,0.0,2.0,3.0,3.0,2.0,1.0,1.0,2.0,3.0,1.0,2.0,2.0,3.0,4.0,1.0,3.0,3.0,4.0,2.0,3.0,2.0,3.0,3.0,2.0,3.0,2.0,2.0,2.6,3.0,2.6,3,1,2.44,0,36.85884699,14.76136035
CSAA87405R,Parenti - Centro,Parenti,Cosenza,Calabria,Sud,Infanzia,Scuola Infanzia,Non Metropolitano,Infanzia,Via Silana,87040,csic87400q@istruzione.it,ND,istitutocomprensivorogliano.gov.it,Statale,ok,analysis_results/CSAA87405R_PTOF_analysis.json,0.0,2.0,3.0,4.0,2.0,3.0,2.0,2.0,3.0,2.0,3.0,3.0,4.0,5.0,3.0,4.0,5.0,3.0,2.0,4.0,3.0,4.0,4.0,2.0,3.0,2.8,2.5,3.8,3.5,3.2,3,2,3.16,0,39.16280163,16.41276477
BNPC008014,"""A.Lombardi"" Airola",Airola,Benevento,Campania,Sud,Liceo,ND,Non Metropolitano,II Grado,Largo R. Capone,82011,bnis00800r@istruzione.it,bnis00800r@pec.istruzione.it,www.iislombardi.edu.it,Statale,ok,analysis_results/BNPC008014_PTOF_analysis.json,1.0,7.0,4.0,4.0,4.0,4.0,4.0,5.0,4.0,3.0,4.0,4.0,5.0,4.0,4.0,5.0,4.0,4.0,4.0,4.0,5.0,5.0,4.0,4.0,4.0,4.0,4.0,4.4,4.0,4.4,12,49,4.16,0,41.06632744,14.56140691
NAMM8BE01A,Sms Pacinotti Marigliano,Marigliano,Napoli,Campania,Sud,I Grado,ND,Metropolitano,I Grado,Via San Luca,80034,naic8be009@istruzione.it,ctee04600r@pec.istruzione.it,www.scuolapacinotti.gov.it,Statale,ok,analysis_results/NAMM8BE01A_PTOF_analysis.json,1.0,3.0,3.0,3.0,3.0,3.0,3.0,3.0,3.0,2.0,2.0,4.0,3.0,4.0,3.0,4.0,4.0,2.0,3.0,3.0,3.0,3.0,3.0,3.0,3.0,3.0,2.5,3.6,3.0,3.0,17,32,3.02,0,40.92523504,14.45701884
SSTD02500P,"Istituto Scolastico Superiore Paritario ""Kennedy""",Sassari,Sassari,Sardegna,Isole,"I Grado, Infanzia, Professionale",ND,Non Metropolitano,II Grado,Via Michele Coppino 1,07100,segreteria@kennedyss.it,kennedyss@arubapec.it,www.kennedyss.it,Paritaria,ok,analysis_results/SSTD02500P_PTOF_analysis.json,0.0,0.0,2.0,2.0,2.0,3.0,2.0,2.0,2.0,2.0,3.0,2.0,2.0,2.0,2.0,3.0,2.0,3.0,2.0,2.0,2.0,2.0,2.0,2.0,2.0,2.2,2.25,2.2,2.25,2.0,3,1,2.18,0,40.72667657,8.55966713
BS1E6L5004,Montessori Di Brescia,Brescia,Brescia,Lombardia,Nord Ovest,Primaria,ND,Non Metropolitano,Primaria,Via Prima N. 6 Q.Re La Famiglia,25100,info@istitutoparini.it,sorrisomontessori@pec.it,www.sorrisomontessori.it,Paritaria,ok,analysis_results/BS1E6L5004_PTOF_analysis.json,1.0,2.0,4.0,4.0,4.0,2.0,4.0,3.0,3.0,1.0,2.0,3.0,4.0,4.0,3.0,4.0,4.0,2.0,3.0,4.0,4.0,5.0,3.0,3.0,4.0,3.6,2.25,3.6,3.25,3.8,12,25,3.3,0,45.53993052,10.21910323
PS1A040008,I Tre Giardini,Pesaro,Pesaro E Urbino,Marche,Centro,Infanzia,ND,Non Metropolitano,Infanzia,Via Recchi,61100,maternenidi@comune.pesaro.ps.it,ND,www.comune.trieste.it,Paritaria,ok,analysis_results/PS1A040008_PTOF_analysis.json,0.0,0.0,2.0,2.0,1.0,1.0,1.0,1.0,3.0,1.0,3.0,3.0,1.0,4.0,1.0,3.0,1.0,3.0,1.0,2.0,4.0,4.0,4.0,1.0,4.0,1.4,2.0,2.4,1.75,3.4,6,2,2.19,0,43.91014021,12.91345991
SPIS01100V,"""Parentucelli-Arzela'""",Sarzana,La Spezia,Liguria,Nord Ovest,II Grado,ND,Non Metropolitano,II Grado,Piazza Ricchetti,19038,spis01100v@istruzione.it,spis01100v@pec.istruzione.it,www.parentucelli-arzela.edu.it,Statale,ok,analysis_results/SPIS01100V_PTOF_analysis.json,0.0,2.0,2.0,2.0,2.0,2.0,2.0,3.0,3.0,3.0,3.0,3.0,3.0,3.0,3.0,3.0,2.0,2.0,2.0,2.0,2.0,2.0,2.0,2.0,2.0,2.0,3.0,3.0,2.0,2.0,0,26,2.4,0,44.11292985,9.95967625
MOMM84801P,Marconi,Modena,Modena,Emilia Romagna,Nord Est,I Grado,ND,Non Metropolitano,I Grado,Largo Mario Alberto Pucci 45/A,41122,moic84800n@istruzione.it,sais04100t@pec.istruzione.it,https//ic10modena.edu.it/,Statale,ok,analysis_results/MOMM84801P_PTOF_analysis.json,1.0,1.0,5.0,5.0,5.0,5.0,5.0,6.0,5.0,5.0,5.0,6.0,6.0,6.0,6.0,7.0,6.0,3.0,6.0,6.0,1.0,3.0,3.0,3.0,3.0,5.0,5.25,6.2,5.25,2.6,16,34,4.86,0,44.64600008,10.92615487
FIPS15500B,Calasanzio,Empoli,Firenze,Toscana,Centro,"I Grado, Infanzia, Primaria",ND,Metropolitano,II Grado,Via Carrucci 23,50053,scuola@calasanzioempoli.it,ND,www.calasanzioempoli.com,Paritaria,ok,analysis_results/FIPS15500B_PTOF_analysis.json,1.0,1.0,4.0,4.0,4.0,4.0,4.0,4.0,4.0,1.0,3.0,4.0,4.0,5.0,4.0,4.0,3.0,4.0,3.0,3.0,3.0,3.0,3.0,3.0,3.0,4.0,3.0,4.2,3.25,3.0,10,8,3.49,0,43.71908066,10.94718391
AVIC85400E,I.Omn. Manzi Maffucci Calitri,Calitri,Avellino,Campania,Sud,"I Grado, Infanzia, Primaria",Istituto Comprensivo,Non Metropolitano,"Comprensivo, I Grado, Infanzia, Primaria",Via Pietro Nenni,83045,avic85400e@istruzione.it,avic85400e@pec.istruzione.it,www.istitutocomprensivocalitri.edu.it/,Statale,ok,analysis_results/AVIC85400E_PTOF_analysis.json,1.0,2.0,3.0,3.0,3.0,3.0,1.0,3.0,4.0,0.0,3.0,5.0,3.0,4.0,3.0,5.0,4.0,3.0,3.0,4.0,3.0,3.0,2.0,2.0,4.0,2.6,3.33,4.0,3.5,2.8,14,9,3.25,0,40.90045423,15.43866059
CEVC020002,Convitto Nazionale A. Nifo,Sessa Aurunca,Caserta,Campania,Sud,"I Grado, Liceo, Primaria, Tecnico",ND,Non Metropolitano,"I Grado, II Grado, Primaria",Piazzetta Nifo 1,81037,cevc020002@istruzione.it,cevc020002@pec.istruzione.it,www.convittonifo.edu.it,Statale,ok,analysis_results/CEVC020002_PTOF_analysis.json,0.0,0.0,3.0,3.0,3.0,3.0,3.0,3.0,3.0,3.0,3.0,3.0,3.0,3.0,3.0,3.0,3.0,2.0,3.0,3.0,3.0,3.0,3.0,3.0,3.0,3.0,3.0,3.0,2.75,3.0,9,18,2.95,0,41.24311381,13.93278984
BORH022065,"Istituto Penale Minorile -""P. Siciliani""",Bologna,Bologna,Emilia Romagna,Nord Est,Liceo,ND,Metropolitano,II Grado,Via De? Marchi 5/2,40122,bois02200q@istruzione.it,ND,www.iav.it,Statale,ok,analysis_results/BORH022065_PTOF_analysis.json,0.0,0.0,2.0,2.0,3.0,3.0,2.0,5.0,4.0,2.0,3.0,3.0,2.0,4.0,2.0,3.0,3.0,3.0,4.0,3.0,2.0,2.0,2.0,2.0,5.0,2.4,3.5,2.8,3.25,2.6,3,1,2.91,0,44.4943668,11.3417208
UD1M00600L,Scuola Secondaria I Grado Paritaria G. Bearzi,Udine,Udine,Friuli-Venezia G.,Nord Est,I Grado,Scuola Sec. Primo Grado Non Statale,Non Metropolitano,I Grado,Via Don Bosco 2,33100,scuola.secondaria@bearzi.it,pec@pec.bearzi.it,www.bearzi.it,Paritaria,ok,analysis_results/UD1M00600L_PTOF_analysis.json,1.0,4.0,4.0,4.0,5.0,3.0,4.0,3.0,4.0,3.0,4.0,4.0,5.0,6.0,3.0,5.0,4.0,5.0,3.0,4.0,5.0,6.0,4.0,4.0,5.0,4.0,3.5,4.6,4.0,4.8,5,8,4.18,0,46.06255516,13.23483835
RCMM846039,Scuola Media F.A.Alvaro Giffone,Giffone,Reggio Calabria,Calabria,Sud,I Grado,ND,Metropolitano,I Grado,Via Zagarella,89020,rcic846006@istruzione.it,ND,http//iccinquefrondi.it/,Statale,ok,analysis_results/RCMM846039_PTOF_analysis.json,0.0,2.0,2.0,2.0,2.0,3.0,2.0,2.0,2.0,2.0,3.0,2.0,2.0,2.0,2.0,3.0,3.0,3.0,2.0,3.0,2.0,2.0,2.0,2.0,2.0,2.2,2.25,2.2,2.75,2.0,3,1,2.28,0,38.43887002,16.14999572
RC1M00300T,Scuola Media S. Vincenzo De' Paoli,Reggio Di Calabria,Reggio Calabria,Calabria,Sud,I Grado,ND,Metropolitano,I Grado,Via Arcovito 1,89127,vincdepaoli@tiscali.it,paritariasanvincenzo@pec.it,www.paritariasanvincenzo.it,Paritaria,ok,analysis_results/RC1M00300T_PTOF_analysis.json,0.0,1.0,5.0,5.0,5.0,5.0,5.0,4.0,5.0,0.0,5.0,5.0,5.0,5.0,4.0,5.0,5.0,4.0,5.0,5.0,5.0,5.0,4.0,0.0,3.0,5.0,4.67,4.8,4.75,4.25,11,97,4.69,0,38.10922766,15.64345359
CEMM815063,"Sez.St.""Cittadino""S.Gregorio M.",San Gregorio Matese,Caserta,Campania,Sud,I Grado,ND,Non Metropolitano,I Grado,Via Nazionale,81010,ND,ND,icalife.edu.it,Statale,ok,analysis_results/CEMM815063_PTOF_analysis.json,0.0,2.0,2.0,2.0,2.0,3.0,2.0,2.0,2.0,2.0,3.0,2.0,2.0,2.0,2.0,3.0,3.0,3.0,2.0,3.0,3.0,3.0,2.0,2.0,2.0,2.2,2.25,2.2,2.75,2.4,3,1,2.36,0,41.38555981,14.37217206
TSEE800025,Dante Alighieri,Duino-Aurisina,Trieste,Friuli-Venezia G.,Nord Est,Primaria,ND,Non Metropolitano,Primaria,Duino 77/C,34011,tsic800002@istruzione.it,ND,www.icrilke.gov.it,Statale,ok,analysis_results/TSEE800025_PTOF_analysis.json,0.0,2.0,2.0,2.0,1.0,2.0,1.0,1.0,3.0,1.0,1.0,4.0,2.0,4.0,1.0,3.0,2.0,3.0,1.0,2.0,3.0,4.0,2.0,2.0,3.0,1.6,1.5,2.8,2.0,2.8,6,2,2.14,0,45.75423105,13.65969344
GEIS00700L,Is Firpo-Buonarroti,Genova,Genova,Liguria,Nord Ovest,"Professionale, Tecnico",ND,Metropolitano,II Grado,Via Canevari 51,16137,geis00700l@istruzione.it,geis00700l@pec.istruzione.it,https//www.firpobuonarroti.edu.it,Statale,ok,analysis_results/GEIS00700L_PTOF_analysis.json,1.0,4.0,2.0,2.0,2.0,2.0,2.0,2.0,2.0,2.0,2.0,2.0,2.0,2.0,2.0,2.0,2.0,2.0,2.0,2.0,2.0,2.0,2.0,2.0,2.0,2.0,2.0,2.0,2.0,2.0,3,0,2.0,0,44.41149314,8.9326992
BTTD05601V,"I.T.E.S ""Ettore Carafa""",Andria,Barletta-Andria-Trani,Puglia,Sud,Tecnico,ND,Non Metropolitano,II Grado,Via Bisceglie S.N.C.,76123,cisl.scuola@cisl.it,ND,www.giuntiscuola.it,Statale,ok,analysis_results/BTTD05601V_PTOF_analysis.json,0.0,2.0,3.0,3.0,3.0,4.0,3.0,3.0,4.0,2.0,3.0,3.0,4.0,4.0,3.0,4.0,3.0,4.0,3.0,3.0,3.0,3.0,2.0,2.0,2.0,3.2,3.0,3.6,3.25,2.4,7,1,3.09,0,41.22705031,16.29520624
RM1A36000L,R. Bonghi,Roma,Roma,Lazio,Centro,Infanzia,ND,Metropolitano,Infanzia,Via Guicciardini 8,00184,marina.diamanti@comune.roma.it,ND,ND,Paritaria,ok,analysis_results/RM1A36000L_PTOF_analysis.json,0.0,0.0,0.0,0.0,0.0,0.0,3.0,0.0,0.0,0.0,0.0,0.0,0.0,0.0,0.0,0.0,0.0,0.0,0.0,6.0,6.0,6.0,0.0,0.0,4.0,3.0,0.0,0.0,6.0,5.33,0,15,4.78,0,41.89277044,12.48366723
RMAA8AW04D,Nerola,Nerola,Roma,Lazio,Centro,Infanzia,ND,Metropolitano,Infanzia,Via Dei Lavatoi,00017,ND,ND,icmontelibretti.gov.it,Statale,ok,analysis_results/RMAA8AW04D_PTOF_analysis.json,0.0,2.0,3.0,3.0,2.0,3.0,2.0,3.0,4.0,1.0,3.0,3.0,3.0,4.0,2.0,4.0,2.0,3.0,2.0,3.0,2.0,4.0,2.0,1.0,4.0,2.6,2.75,3.2,2.5,2.6,5,3,2.73,0,42.16202285,12.78665137
BOEE86602C,Via Nasica,Castenaso,Bologna,Emilia Romagna,Nord Est,Primaria,ND,Metropolitano,Primaria,Via Nasica 2,40055,boic866009@istruzione.it,moic84700t@pec.istruzione.it,www.iccastenaso.gov.it,Statale,ok,analysis_results/BOEE86602C_PTOF_analysis.json,1.0,5.0,4.0,4.0,5.0,3.0,4.0,5.0,5.0,3.0,3.0,5.0,5.0,5.0,4.0,5.0,3.0,3.0,3.0,4.0,3.0,3.0,3.0,3.0,2.0,4.0,4.0,4.8,3.25,2.8,10,25,3.77,0,44.50891745,11.46878718
KRAA82701T,Gianni Rodari,Mesoraca,Crotone,Calabria,Sud,Infanzia,ND,Non Metropolitano,Infanzia,Via S.Paolo,88838,kric827001@istruzione.it,ND,www.icmorolamanna.edu.it,Statale,ok,analysis_results/KRAA82701T_PTOF_analysis.json,1.0,1.0,4.0,4.0,4.0,4.0,4.0,0.0,2.0,0.0,1.0,3.0,3.0,5.0,0.0,3.0,4.0,2.0,4.0,5.0,4.0,4.0,3.0,3.0,4.0,4.0,1.5,3.5,3.75,3.6,5,16,3.27,0,39.08252434,16.79386451
VI1M00400X,Scuola Media -Ist.Padri Giuseppini,Thiene,Vicenza,Veneto,Nord Est,I Grado,Scuola Sec. Primo Grado Non Statale,Non Metropolitano,I Grado,Via Santa Maria Maddalena 94,36016,segreteria@scuolagiuseppinithiene.edu.it,cgpstsg-thiene@overpec.it,www.patronatosangaetano.it,Paritaria,ok,analysis_results/VI1M00400X_PTOF_analysis.json,0.0,2.0,3.0,3.0,4.0,4.0,3.0,3.0,3.0,2.0,3.0,3.0,3.0,5.0,3.0,3.0,3.0,3.0,3.0,3.0,5.0,5.0,3.0,3.0,5.0,3.4,2.75,3.4,3.0,4.2,5,5,3.35,0,45.70731095,11.47834926
RM1E02600C,Scuola Primaria Paritaria Anna Micheli,Roma,Roma,Lazio,Centro,Primaria,Scuola Primaria Non Statale,Metropolitano,Primaria,Via Ludovica Albertoni 41,00152,segreteria@annamicheli.it,ND,www.annamicheli.it,Paritaria,ok,analysis_results/RM1E02600C_PTOF_analysis.json,1.0,3.0,3.0,3.0,3.0,2.0,2.0,3.0,1.0,1.0,3.0,3.0,4.0,4.0,1.0,5.0,4.0,5.0,3.0,4.0,4.0,4.0,3.0,4.0,5.0,2.6,2.0,3.4,4.0,4.0,10,3,3.2,0,41.89277044,12.48366723
CAAA8AM02C,Via Parigi,Cagliari,Cagliari,Sardegna,Isole,Infanzia,ND,Metropolitano,Infanzia,Via Parigi,09100,ND,ND,capoterra2.edu.it,Statale,ok,analysis_results/CAAA8AM02C_PTOF_analysis.json,0.0,2.0,2.0,2.0,2.0,2.0,2.0,2.0,2.0,2.0,2.0,2.0,2.0,2.0,2.0,2.0,2.0,3.0,2.0,2.0,2.0,2.0,2.0,2.0,2.0,2.0,2.0,2.0,2.25,2.0,3,1,2.05,0,39.21531191,9.11061631
TO1M00900B,Don Bosco,Cumiana,Torino,Piemonte,Nord Ovest,I Grado,Scuola Sec. Primo Grado Non Statale,Metropolitano,I Grado,Borgata Cascine Nuove 2,10040,segreteria@donboscocumiana.it,cumiana@pec.salesianipiemonte.it,www.donboscocumiana.it,Paritaria,ok,analysis_results/TO1M00900B_PTOF_analysis.json,1.0,5.0,5.0,6.0,4.0,5.0,5.0,4.0,6.0,5.0,5.0,5.0,6.0,5.0,4.0,5.0,5.0,6.0,4.0,5.0,4.0,5.0,3.0,5.0,4.0,5.0,5.0,5.0,5.0,4.2,4,3,4.84,0,44.98279566,7.37437677
PG1A00300R,"Sc.Inf. Paritaria""Ss.Regina Delle Rose""",Assisi,Perugia,Umbria,Centro,Infanzia,ND,Non Metropolitano,Infanzia,Via S. Vitale 4,06080,reginadellerose.sm@libero.it,reginadellerose.sm@pec.it,ND,Paritaria,ok,analysis_results/PG1A00300R_PTOF_analysis.json,1.0,1.0,5.0,5.0,5.0,1.0,4.0,3.0,4.0,0.0,2.0,3.0,4.0,4.0,3.0,3.0,4.0,2.0,3.0,4.0,2.0,3.0,3.0,1.0,3.0,4.0,3.0,3.4,3.25,2.4,3,6,3.21,0,43.07082764,12.61540396
MOIC84800N,10 I.C. Modena,Modena,Modena,Emilia Romagna,Nord Est,"I Grado, Infanzia, Primaria",Istituto Comprensivo,Non Metropolitano,"Comprensivo, I Grado, Infanzia, Primaria",Strada Albareto 93,41122,moic84800n@istruzione.it,moic84800n@pec.istruzione.it,https//ic10modena.edu.it/,Statale,ok,analysis_results/MOIC84800N_PTOF_analysis.json,0.0,2.0,4.0,4.0,2.0,4.0,1.0,3.0,3.0,2.0,3.0,4.0,5.0,4.0,3.0,3.0,4.0,3.0,3.0,4.0,4.0,5.0,5.0,4.0,4.0,3.0,2.75,3.8,3.5,4.4,14,5,3.49,0,44.64600008,10.92615487
RCIS034004,Polo Tecnico Prof. Righi-Boccioni/Fermi,Reggio Di Calabria,Reggio Calabria,Calabria,Sud,"I Grado, Infanzia, Primaria, Tecnico",ND,Metropolitano,II Grado,Via Trabocchetto Ii Tronco,89126,rcis034004@istruzione.it,rcis034004@pec.istruzione.it,www.iisrighi.edu.it,Statale,ok,analysis_results/RCIS034004_PTOF_analysis.json,1.0,3.0,5.0,5.0,5.0,4.0,4.0,1.0,3.0,1.0,3.0,3.0,4.0,5.0,2.0,3.0,5.0,3.0,3.0,5.0,3.0,3.0,3.0,3.0,3.0,4.6,2.0,3.4,4.0,3.0,5,18,3.4,0,38.10922766,15.64345359
VT1A01300E,Istituto Suore Francescane,Civita Castellana,Viterbo,Lazio,Centro,Infanzia,ND,Non Metropolitano,Infanzia,Via Ferretti 126,01033,info@istitutoparini.it,sc.suorefrancescane@pec.it,www.scuolasuorefrancescane.it,Paritaria,ok,analysis_results/VT1A01300E_PTOF_analysis.json,1.0,5.0,4.0,4.0,4.0,4.0,4.0,3.0,4.0,3.0,3.0,4.0,4.0,4.0,4.0,5.0,4.0,3.0,4.0,4.0,5.0,5.0,3.0,3.0,4.0,4.0,3.25,4.2,3.75,4.0,21,35,3.84,0,42.28917672,12.41176641
PT1E00300A,Paritaria Casa Degli Angeli Custodi,Agliana,Pistoia,Toscana,Centro,Primaria,Scuola Primaria Non Statale,Non Metropolitano,Primaria,Via Calice 66,51031,angeli_custodi@virgilio.it,donferrucciobianchi@pec.confcooperative.it,www.scuolaitaliana.edu.uy,Paritaria,ok,analysis_results/PT1E00300A_PTOF_analysis.json,1.0,5.0,4.0,4.0,4.0,3.0,4.0,4.0,4.0,1.0,4.0,2.0,4.0,4.0,1.0,4.0,5.0,3.0,2.0,4.0,5.0,4.0,3.0,4.0,5.0,3.8,3.25,3.0,3.5,4.2,8,3,3.55,0,43.90278508,11.00653402
AVIC864005,"I.C. ""A. Manzoni""",Mugnano Del Cardinale,Avellino,Campania,Sud,"I Grado, Infanzia, Primaria",ND,Non Metropolitano,"I Grado, Infanzia, Primaria",Via Montevergine N. 22,83027,avic864005@istruzione.it,avic864005@pec.istruzione.it,https//www.istitutocomprensivomanzoni.edu.it/,Statale,ok,analysis_results/AVIC864005_PTOF_analysis.json,1.0,0.0,4.0,4.0,5.0,4.0,4.0,5.0,5.0,1.0,5.0,5.0,5.0,5.0,5.0,5.0,5.0,3.0,4.0,4.0,1.0,1.0,1.0,1.0,1.0,4.2,4.0,5.0,4.0,1.0,8,2,3.64,0,40.93962605,14.64256166
CNAA832017,Scuola Dell'Infanzia E.Pasquet,Bagnolo Piemonte,Cuneo,Piemonte,Nord Ovest,Infanzia,ND,Non Metropolitano,Infanzia,Via A. De Gasperi 3,12031,cnic83200a@istruzione.it,ND,www.ics-bagnolopiemonte.edu.it,Statale,ok,analysis_results/CNAA832017_PTOF_analysis.json,0.0,2.0,3.0,3.0,2.0,3.0,2.0,1.0,4.0,1.0,2.0,4.0,2.0,5.0,2.0,5.0,5.0,6.0,3.0,4.0,1.0,5.0,3.0,1.0,3.0,2.6,2.0,3.6,4.5,2.6,9,5,3.06,0,44.7599027,7.31548217
NAIS10200N,"I. S ."" Nitti"" Portici",Portici,Napoli,Campania,Sud,"Liceo, Tecnico",ND,Metropolitano,II Grado,Corso Garibaldi 254 - Ingresso Via Scalea 30,80055,nais10200n@istruzione.it,nais10200n@pec.istruzione.it,www.nittiportici.edu.it,Statale,ok,analysis_results/NAIS10200N_PTOF_analysis.json,0.0,0.0,0.0,0.0,0.0,0.0,0.0,0.0,0.0,0.0,0.0,0.0,0.0,0.0,0.0,0.0,0.0,5.0,0.0,0.0,0.0,5.0,0.0,0.0,4.0,0.0,0.0,0.0,5.0,4.5,0,0,4.75,0,40.82375707,14.35421459
GEEE817026,S.El.-Giovanni Xxiii-Campora,Campomorone,Genova,Liguria,Nord Ovest,Primaria,ND,Metropolitano,Primaria,Via Bianchini,16014,geic817003@istruzione.it,mtis01700x@pec.istruzione.it,www.iccampomoroneceranesi.gov.it,Statale,ok,analysis_results/GEEE817026_PTOF_analysis.json,1.0,2.0,4.0,4.0,4.0,4.0,4.0,3.0,3.0,1.0,2.0,3.0,3.0,3.0,3.0,3.0,4.0,2.0,4.0,4.0,3.0,4.0,1.0,3.0,3.0,4.0,2.25,3.0,3.5,2.8,16,31,3.11,0,44.5066955,8.89267577
RNIC80100N,Ic S. Giovanni In Marignano,San Giovanni In Marignano,Rimini,Emilia Romagna,Nord Est,"I Grado, Infanzia, Primaria",ND,Non Metropolitano,"Comprensivo, I Grado, Infanzia, Primaria",Via Ferrara 30,47842,rnic80100n@istruzione.it,rnic80100n@pec.istruzione.it,www.icmarignano.edu.it,Statale,ok,analysis_results/RNIC80100N_PTOF_analysis.json,1.0,3.0,4.0,4.0,5.0,4.0,4.0,4.0,4.0,4.0,3.0,4.0,4.0,5.0,3.0,5.0,4.0,3.0,4.0,4.0,3.0,4.0,2.0,3.0,4.0,4.2,3.75,4.2,3.75,3.2,16,30,3.82,0,43.93898654,12.71245963
PC1MIV500Z,Scuola Secondaria I Grado Sant'Orsola,Piacenza,Piacenza,Emilia Romagna,Nord Est,I Grado,Scuola Sec. Primo Grado Non Statale,Non Metropolitano,I Grado,Via Campo Della Fiera N. 8,29121,segreteria@istitutosantorsola.it,ND,www.istitutosantorsola.com,Paritaria,ok,analysis_results/PC1MIV500Z_PTOF_analysis.json,0.0,0.0,3.0,3.0,2.0,4.0,2.0,1.0,2.0,1.0,3.0,3.0,2.0,4.0,2.0,2.0,4.0,3.0,2.0,3.0,3.0,5.0,3.0,2.0,5.0,2.8,1.75,2.6,3.0,3.6,15,8,2.75,0,45.05193461,9.6926326
BOEE80702L,Loris Casarini,Monte San Pietro,Bologna,Emilia Romagna,Nord Est,Primaria,ND,Metropolitano,Primaria,Via Lavino 317/2,40050,boic80700d@istruzione.it,ND,www.comprensivomontesanpietro.info/sito2013/,Statale,ok,analysis_results/BOEE80702L_PTOF_analysis.json,0.0,2.0,2.0,2.0,2.0,3.0,2.0,2.0,2.0,2.0,3.0,2.0,2.0,2.0,2.0,2.0,3.0,3.0,2.0,3.0,2.0,2.0,2.0,2.0,2.0,2.2,2.25,2.0,2.75,2.0,1,1,2.24,0,44.45776182,11.1996852
UDAA855037,Pozzuolo Fraz Terenzano,Pozzuolo Del Friuli,Udine,Friuli-Venezia G.,Nord Est,Infanzia,ND,Non Metropolitano,Infanzia,Via G. Vieris,33050,udic855008@istruzione.it,toic8b600g@pec.istruzione.it,www.istitutocomprensivopozzuolodelfriuli.gov.it,Statale,ok,analysis_results/UDAA855037_PTOF_analysis.json,1.0,1.0,3.0,3.0,3.0,3.0,3.0,3.0,3.0,2.0,3.0,3.0,3.0,3.0,3.0,3.0,3.0,3.0,3.0,3.0,2.0,2.0,2.0,2.0,2.0,3.0,2.75,3.0,3.0,2.0,4,7,2.75,0,45.98408187,13.19656731
RCIC86500G,M.Bello-Pedulla'-Agnana,Siderno,Reggio Calabria,Calabria,Sud,"Infanzia, Primaria",ND,Metropolitano,"Infanzia, Primaria",Via Turati 4,89048,rcic86500g@istruzione.it,rcic86500g@pec.istruzione.it,www.icsiderno.gov.it/,Statale,ok,analysis_results/RCIC86500G_PTOF_analysis.json,0.0,0.0,3.0,3.0,1.0,1.0,1.0,1.0,1.0,1.0,1.0,2.0,2.0,3.0,1.0,3.0,4.0,2.0,3.0,3.0,1.0,3.0,3.0,1.0,1.0,1.8,1.0,2.2,3.0,1.8,4,14,1.96,0,38.26870019,16.29758961
CNAA81303X,Ceva-Capoluogo,Ceva,Cuneo,Piemonte,Nord Ovest,Infanzia,Scuola Infanzia,Non Metropolitano,Infanzia,Via Bocca,12073,cnic813001@istruzione.it,ND,www.icmomigliano.edu.it,Statale,ok,analysis_results/CNAA81303X_PTOF_analysis.json,0.0,2.0,3.0,3.0,2.0,5.0,3.0,1.0,5.0,1.0,3.0,4.0,3.0,6.0,3.0,3.0,5.0,6.0,4.0,3.0,3.0,6.0,3.0,1.0,4.0,3.2,2.5,3.8,4.5,3.4,5,3,3.48,0,44.38623533,8.03521716
NAEE21400P,Somma Ves. 2 - Don Minzoni,Somma Vesuviana,Napoli,Campania,Sud,Primaria,ND,Metropolitano,Primaria,Via Don Minzoni16,80049,naee21400p@istruzione.it,naee21400p@pec.istruzione.it,www.sommadue.edu.it,Statale,ok,analysis_results/NAEE21400P_PTOF_analysis.json,0.0,0.0,3.0,3.0,1.0,0.0,0.0,1.0,1.0,1.0,1.0,2.0,2.0,3.0,1.0,3.0,4.0,3.0,3.0,3.0,1.0,2.0,2.0,1.0,1.0,2.33,1.0,2.2,3.25,1.4,4,12,2.04,0,40.86831181,14.4397519
MTAA83403C,Colobraro-Valsinni,Colobraro,Matera,Basilicata,Sud,Infanzia,ND,Non Metropolitano,Infanzia,Via Ss. Di Anglona,75021,mtic83400d@istruzione.it,ND,www.icmorra.eu,Statale,ok,analysis_results/MTAA83403C_PTOF_analysis.json,1.0,5.0,3.0,3.0,3.0,3.0,3.0,3.0,3.0,3.0,3.0,3.0,3.0,3.0,3.0,3.0,3.0,1.0,3.0,3.0,3.0,3.0,3.0,3.0,3.0,3.0,3.0,3.0,2.5,3.0,0,0,2.9,0,40.18797719,16.42339518
PEMM822027,S.M. Croce - Civitella Casanova,Civitella Casanova,Pescara,Abruzzo,Sud,I Grado,ND,Non Metropolitano,I Grado,Via G.Marconi 50,65010,amministrazione@ldavinci.org,ND,http//www.istitutocomprensivodiloretoaprutino.edu.it/wordpre,Statale,ok,analysis_results/PEMM822027_PTOF_analysis.json,0.0,3.0,5.0,5.0,4.0,5.0,5.0,3.0,3.0,1.0,5.0,4.0,4.0,5.0,4.0,5.0,5.0,3.0,3.0,5.0,5.0,5.0,2.0,5.0,4.0,4.8,3.0,4.4,4.0,4.2,21,0,4.08,0,42.36472189,13.88894505
BOPM02601E,Linguistico Ettore Majorana,San Lazzaro Di Savena,Bologna,Emilia Romagna,Nord Est,"Infanzia, Primaria",ND,Metropolitano,"Infanzia, Primaria",Via Caselle 26,40068,bois026003@istruzione.it,ND,www.majoranasanlazzaro.edu.it,Statale,ok,analysis_results/BOPM02601E_PTOF_analysis.json,0.0,0.0,3.0,3.0,2.0,2.0,2.0,1.0,1.0,1.0,1.0,2.0,2.0,3.0,1.0,3.0,4.0,3.0,3.0,3.0,1.0,3.0,3.0,1.0,1.0,2.4,1.0,2.2,3.25,1.8,4,13,2.13,0,44.47047676,11.40805744
BATD071018,Ite Sandro Pertini-Pinto,Turi,Bari,Puglia,Sud,Tecnico,ND,Metropolitano,II Grado,Via Delle Ginestre 5,70010,bais071002@istruzione.it,ND,www.pertinianelli.edu.it,Statale,ok,analysis_results/BATD071018_PTOF_analysis.json,0.0,3.0,5.0,5.0,5.0,5.0,5.0,2.0,5.0,1.0,5.0,5.0,5.0,5.0,5.0,5.0,0.0,0.0,0.0,0.0,5.0,5.0,3.0,3.0,5.0,5.0,3.25,5.0,0.0,4.2,21,0,4.36,0,40.91562236,17.01911065
CRAA81306V,Solarolo Rainerio Cap.,Solarolo Rainerio,Cremona,Lombardia,Nord Ovest,Infanzia,ND,Non Metropolitano,Infanzia,Via Giuseppina,26030,cric81300r@istruzione.it,ND,www.dedalo2000.it,Statale,ok,analysis_results/CRAA81306V_PTOF_analysis.json,0.0,2.0,2.0,2.0,2.0,2.0,2.0,2.0,2.0,2.0,2.0,2.0,2.0,2.0,2.0,2.0,2.0,3.0,2.0,2.0,2.0,2.0,2.0,2.0,2.0,2.0,2.0,2.0,2.25,2.0,3,1,2.05,0,45.08126027,10.3570868
NA1E19600L,La Maiuscola S.R.L. Impresa Sociale,Sant'Antimo,Napoli,Campania,Sud,Primaria,ND,Metropolitano,Primaria,Via P. Giannangeli N. 15,80029,lamaiuscola@tiscali.it,ND,www.lamaiuscola.it,Paritaria,ok,analysis_results/NA1E19600L_PTOF_analysis.json,1.0,7.0,5.0,5.0,5.0,5.0,5.0,5.0,4.0,3.0,4.0,5.0,5.0,5.0,4.0,5.0,5.0,3.0,5.0,7.0,4.0,4.0,1.0,1.0,4.0,5.0,4.0,4.8,5.0,2.8,10,22,4.32,0,40.93327136,14.23602873
PASD005001,Liceo Artistico Regionale,Bagheria,Palermo,Sicilia,Isole,"I Grado, Infanzia, Professionale",ND,Metropolitano,II Grado,V. Piersanti Mattarella,90011,preside@liceoartisticobagheria.it,ND,www.liceoartisticobagheria.it,Paritaria,ok,analysis_results/PASD005001_PTOF_analysis.json,0.0,0.0,2.0,2.0,2.0,3.0,2.0,2.0,2.0,2.0,3.0,2.0,2.0,2.0,2.0,3.0,2.0,3.0,2.0,3.0,3.0,3.0,2.0,2.0,2.0,2.2,2.25,2.2,2.5,2.4,3,1,2.31,0,38.07888292,13.51098444
MI1A067008,Scuola Dell'Infanzia Comunale Via Ghini8,Milano,Milano,Lombardia,Nord Ovest,Infanzia,ND,Metropolitano,Infanzia,Via Ghini8,20141,ed.ue30@comune.milano.it,ed.infanziaue36@comune.milano.it,ND,Paritaria,ok,analysis_results/MI1A067008_PTOF_analysis.json,0.0,0.0,3.0,3.0,3.0,0.0,0.0,1.0,3.0,1.0,1.0,3.0,2.0,3.0,1.0,2.0,3.0,3.0,2.0,3.0,1.0,2.0,1.0,1.0,1.0,3.0,1.5,2.2,2.75,1.2,0,7,2.13,0,45.46679408,9.1903474
RCAA85204D,Condofuri Fraz. Lugara',Condofuri,Reggio Calabria,Calabria,Sud,Infanzia,ND,Metropolitano,Infanzia,ND,89030,rcic85200d@istruzione.it,ND,www.icbovamarinacondofuri.gov.it,Statale,ok,analysis_results/RCAA85204D_PTOF_analysis.json,1.0,4.0,2.0,2.0,0.0,2.0,2.0,2.0,2.0,0.0,2.0,2.0,2.0,2.0,0.0,2.0,2.0,0.0,2.0,2.0,2.0,2.0,0.0,2.0,2.0,2.0,2.0,2.0,2.0,2.0,3,0,2.0,0,38.00426486,15.85901179
RMMM8GC01P,Sms Via Amulio 4,Roma,Roma,Lazio,Centro,I Grado,ND,Metropolitano,I Grado,Via Amulio 4,00181,rmic8gc00n@istruzione.it,ND,https//icgcagliero.edu.it/,Statale,ok,analysis_results/RMMM8GC01P_PTOF_analysis.json,0.0,2.0,5.0,5.0,5.0,3.0,5.0,4.0,4.0,1.0,4.0,2.0,4.0,5.0,3.0,4.0,3.0,4.0,3.0,3.0,4.0,4.0,0.0,0.0,1.0,4.6,3.25,3.6,3.25,3.0,3,0,3.54,0,41.89277044,12.48366723
RCRA034014,Ipa Sez. Ass. I.I.S. Boccioni-Fermi,Reggio Di Calabria,Reggio Calabria,Calabria,Sud,Liceo,ND,Metropolitano,II Grado,Via Itria Angolo Via Messina Snc,89129,ceps02000t@istruzione.it,ceps02000t@pec.istruzione.it,www.isoppido.edu.it,Statale,ok,analysis_results/RCRA034014_PTOF_analysis.json,1.0,5.0,5.0,5.0,5.0,5.0,5.0,5.0,5.0,5.0,5.0,5.0,5.0,5.0,5.0,5.0,5.0,3.0,5.0,5.0,1.0,3.0,3.0,3.0,3.0,5.0,5.0,5.0,4.5,2.6,21,16,4.42,0,38.10922766,15.64345359
PA1A32200Q,Il Piccolo Principe,Palermo,Palermo,Sicilia,Isole,Infanzia,ND,Metropolitano,Infanzia,Via U. La Malfa91,90100,ilpiccolo.principe@alice.it,moic84700t@pec.istruzione.it,www.ic9modena.edu.it,Paritaria,ok,analysis_results/PA1A32200Q_PTOF_analysis.json,1.0,5.0,3.0,4.0,5.0,4.0,4.0,4.0,4.0,2.0,3.0,4.0,4.0,5.0,3.0,4.0,4.0,2.0,2.0,4.0,1.0,3.0,1.0,2.0,3.0,4.0,3.25,4.0,3.0,2.0,15,25,3.25,0,38.11569725,13.36235675
NOAA814082,"Sc Materna ""Landiona""",Landiona,Novara,Piemonte,Nord Ovest,Infanzia,ND,Non Metropolitano,Infanzia,Via 11Febbraio 6,28060,noic81400t@istruzione.it,ND,www.icbiandrate.gov.it,Statale,ok,analysis_results/NOAA814082_PTOF_analysis.json,0.0,2.0,3.0,3.0,3.0,4.0,2.0,3.0,3.0,2.0,4.0,2.0,2.0,3.0,1.0,3.0,3.0,3.0,2.0,3.0,3.0,3.0,2.0,2.0,2.0,3.0,3.0,2.2,2.75,2.4,3,1,2.67,0,45.49690699,8.42216872
PZMM878015,"""Don Bosco"" I.C. Francavilla",Francavilla In Sinni,Potenza,Basilicata,Sud,I Grado,ND,Non Metropolitano,I Grado,Via M. Cosentino 190,85034,pzic878004@istruzione.it,ND,www.icfrancavillainsinni.it,Statale,ok,analysis_results/PZMM878015_PTOF_analysis.json,1.0,5.0,5.0,5.0,5.0,5.0,5.0,3.0,4.0,3.0,3.0,5.0,5.0,5.0,5.0,5.0,5.0,3.0,5.0,5.0,4.0,4.0,3.0,4.0,3.0,5.0,3.25,5.0,4.5,3.6,20,56,4.27,0,40.08167877,16.20324151
ALAA838041,"""A. Ed E. Menada"" - Pecetto",Pecetto Di Valenza,Alessandria,Piemonte,Nord Ovest,Infanzia,ND,Non Metropolitano,Infanzia,Via Roma 2/A,15040,ND,ND,http//www.icvalenza.edu.it,Statale,ok,analysis_results/ALAA838041_PTOF_analysis.json,0.0,0.0,2.0,2.0,2.0,3.0,2.0,2.0,2.0,2.0,3.0,2.0,2.0,2.0,2.0,3.0,2.0,3.0,2.0,2.0,3.0,3.0,2.0,2.0,2.0,2.2,2.25,2.2,2.25,2.4,3,1,2.26,0,44.98971739,8.6704681
AL1M00800P,S.Giovanni Bosco,Alessandria,Alessandria,Piemonte,Nord Ovest,I Grado,Scuola Sec. Primo Grado Non Statale,Non Metropolitano,I Grado,V.Galvani 3,15121,segreteriaac@fma-ipi.it,alessandriaac@pec.fma-ipi.it,www.scuolangelocustode.it,Paritaria,ok,analysis_results/AL1M00800P_PTOF_analysis.json,0.0,1.0,3.0,3.0,3.0,5.0,1.0,0.0,2.0,1.0,3.0,1.0,3.0,3.0,1.0,3.0,2.0,2.0,2.0,1.0,3.0,4.0,1.0,1.0,3.0,3.0,2.0,2.2,1.75,2.4,3,2,2.27,0,44.91297351,8.61540116
CHIC80600P,"I.C. Casoli ""G. De Petra""",Casoli,Chieti,Abruzzo,Sud,Infanzia,ND,Non Metropolitano,ND,Via San Nicola 34,66043,chic80600p@istruzione.it,chic80600p@pec.istruzione.it,www.icdepetra.edu.it,Statale,ok,analysis_results/CHIC80600P_PTOF_analysis.json,1.0,1.0,3.0,3.0,3.0,3.0,3.0,3.0,3.0,3.0,3.0,3.0,3.0,3.0,3.0,3.0,3.0,1.0,3.0,3.0,3.0,3.0,3.0,3.0,3.0,3.0,3.0,3.0,2.5,3.0,0,0,2.9,0,42.1150425,14.29043913
NO1A008001,Scuola Materna Antonio Rosmini,Borgomanero,Novara,Piemonte,Nord Ovest,Infanzia,ND,Non Metropolitano,Infanzia,Via Fornari 1,28021,ND,scuolerosmini@legalmail.it,www.rosmini-borgomanero.it,Paritaria,ok,analysis_results/NO1A008001_PTOF_analysis.json,0.0,0.0,2.0,2.0,2.0,3.0,2.0,2.0,2.0,2.0,3.0,2.0,2.0,2.0,2.0,3.0,2.0,3.0,2.0,2.0,2.0,2.0,2.0,2.0,2.0,2.2,2.25,2.2,2.25,2.0,3,1,2.18,0,45.6988743,8.46298661
BO1M01200E,M. Malpighi,Bologna,Bologna,Emilia Romagna,Nord Est,I Grado,ND,Metropolitano,I Grado,Via Audinot 43,40134,info@istitutoparini.it,medie@pec.liceomalpighi.it,www.scuolemalpighi.it,Paritaria,ok,analysis_results/BO1M01200E_PTOF_analysis.json,0.0,1.0,5.0,5.0,5.0,5.0,5.0,3.0,5.0,3.0,5.0,5.0,5.0,5.0,5.0,4.0,5.0,7.0,5.0,5.0,5.0,6.0,4.0,2.0,7.0,5.0,4.0,4.8,5.5,4.8,33,0,4.82,0,44.4943668,11.3417208
RCIC86600B,Pascoli Alvaro,Siderno,Reggio Calabria,Calabria,Sud,"I Grado, Infanzia, Liceo, Primaria",ND,Metropolitano,"Comprensivo, I Grado, II Grado, Infanzia, Primaria",Corso Garibaldi 122,89040,rcic86600b@istruzione.it,rcic86600b@pec.istruzione.it,www.icpascolialvaro.edu.it,Statale,ok,analysis_results/RCIC86600B_PTOF_analysis.json,1.0,3.0,5.0,5.0,3.0,6.0,6.0,4.0,5.0,3.0,4.0,6.0,5.0,6.0,4.0,5.0,4.0,3.0,4.0,4.0,4.0,6.0,3.0,4.0,3.0,5.0,4.0,5.2,3.75,4.0,22,26,4.39,0,38.26870019,16.29758961
MIIC81700R,Ic Simona Giorgi,Milano,Milano,Lombardia,Nord Ovest,"Infanzia, Primaria",Istituto Comprensivo,Metropolitano,"Infanzia, Primaria",Viale Brianza 18,20127,miic81700r@istruzione.it,miic81700r@pec.istruzione.it,www.icsgiorgi.edu.it,Statale,ok,analysis_results/MIIC81700R_PTOF_analysis.json,0.0,2.0,3.0,4.0,2.0,4.0,2.0,1.0,3.0,1.0,3.0,3.0,4.0,5.0,2.0,4.0,5.0,5.0,6.0,4.0,2.0,4.0,3.0,1.0,3.0,3.0,2.0,3.6,5.0,2.6,3,2,3.24,0,45.46679408,9.1903474
FIMM85601T,Rosai,Firenze,Firenze,Toscana,Centro,I Grado,ND,Metropolitano,I Grado,Via Arcovata 4/6,50127,fiic85600r@istruzione.it,ND,www.comprensivorosai.it,Statale,ok,analysis_results/FIMM85601T_PTOF_analysis.json,0.0,2.0,3.0,4.0,2.0,3.0,3.0,1.0,3.0,1.0,4.0,3.0,4.0,5.0,3.0,5.0,5.0,4.0,5.0,4.0,3.0,5.0,4.0,1.0,4.0,3.0,2.25,4.0,4.5,3.4,6,7,3.43,0,43.76923077,11.25588885
CEPS04802Q,"Liceo Sci.Stat."" Galilei"" Mondragone",Mondragone,Caserta,Campania,Sud,Liceo,ND,Non Metropolitano,II Grado,Via Duchi Carafa,81034,ND,ND,https//www.liceopiedimontematese.edu.it/,Statale,ok,analysis_results/CEPS04802Q_PTOF_analysis.json,0.0,2.0,3.0,3.0,2.0,4.0,4.0,5.0,6.0,2.0,4.0,3.0,5.0,4.0,3.0,3.0,4.0,3.0,5.0,4.0,4.0,5.0,3.0,4.0,4.0,3.2,4.25,3.6,4.0,4.0,5,3,3.81,0,41.11293737,13.88716123
CSTF063012,Iti Trebisacce,Trebisacce,Cosenza,Calabria,Sud,Tecnico,ND,Non Metropolitano,II Grado,Via Spalato,87075,csis06300d@istruzione.it,ND,www.istitutoaletti.gov.it,Statale,ok,analysis_results/CSTF063012_PTOF_analysis.json,0.0,2.0,2.0,2.0,2.0,3.0,2.0,2.0,2.0,2.0,3.0,2.0,2.0,2.0,2.0,3.0,2.0,3.0,2.0,2.0,2.0,2.0,2.0,2.0,2.0,2.2,2.25,2.2,2.25,2.0,3,1,2.18,0,39.86679844,16.53046229
VT1A00600B,Nostra Signora Di Lourdes,Soriano Nel Cimino,Viterbo,Lazio,Centro,Infanzia,ND,Non Metropolitano,Infanzia,Via S.Giorgio41,01038,casab.montessori@gmail.com,infanzia.nsl@pec.libero.it,ND,Paritaria,ok,analysis_results/VT1A00600B_PTOF_analysis.json,0.0,1.0,3.0,3.0,2.0,1.0,1.0,1.0,1.0,1.0,1.0,2.0,2.0,3.0,1.0,3.0,4.0,3.0,3.0,3.0,1.0,3.0,3.0,1.0,1.0,2.0,1.0,2.2,3.25,1.8,3,14,2.05,0,42.41892819,12.23472232
RM1A9H500O,Casa Nazarena,San Cesareo,Roma,Lazio,Centro,Infanzia,ND,Metropolitano,Infanzia,Via Della Chiesetta 7,00030,info@istitutoparini.it,casanazarena@pec.it,www.istitutoparini.it,Paritaria,ok,analysis_results/RM1A9H500O_PTOF_analysis.json,1.0,5.0,4.0,4.0,4.0,3.0,4.0,3.0,3.0,2.0,3.0,3.0,4.0,4.0,3.0,4.0,4.0,3.0,3.0,4.0,4.0,4.0,3.0,3.0,4.0,3.8,2.75,3.6,3.5,3.6,20,14,3.45,0,41.8214659,12.80070668
AGTA012016,"Ist. Tecnico Agrario ""C. Amato Vetrano""",Sciacca,Agrigento,Sicilia,Isole,Tecnico,Istituto Tecnico Agrario,Non Metropolitano,II Grado,C/Da Marchesa,92019,agis01200a@istruzione.it,ND,http//www.amatovetranosciacca.edu.it,Statale,ok,analysis_results/AGTA012016_PTOF_analysis.json,0.0,2.0,2.0,2.0,2.0,3.0,2.0,2.0,2.0,2.0,3.0,2.0,2.0,2.0,2.0,3.0,2.0,3.0,2.0,2.0,2.0,2.0,2.0,2.0,2.0,2.2,2.25,2.2,2.25,2.0,3,1,2.18,0,37.50777148,13.08292613
CZMM835012,"Sms ""G.Bianco"" Sersale I.C.",Sersale,Catanzaro,Calabria,Sud,I Grado,ND,Non Metropolitano,I Grado,Piazza Casolini115,88054,czic835001@istruzione.it,ND,www.icsersale.edu.it,Statale,ok,analysis_results/CZMM835012_PTOF_analysis.json,0.0,0.0,2.0,2.0,3.0,3.0,2.0,5.0,5.0,2.0,3.0,3.0,2.0,4.0,2.0,3.0,3.0,4.0,4.0,3.0,2.0,2.0,2.0,2.0,5.0,2.4,3.75,2.8,3.5,2.6,3,1,3.01,0,39.01215179,16.72561316
RGMM81301Q,Elio Vittorini,Scicli,Ragusa,Sicilia,Isole,I Grado,ND,Non Metropolitano,I Grado,Via Allende,ND,rgic81300p@istruzione.it,ND,www.comprensivovittorini.eu,Statale,ok,analysis_results/RGMM81301Q_PTOF_analysis.json,0.0,0.0,5.0,5.0,5.0,5.0,5.0,0.0,5.0,0.0,5.0,3.0,5.0,5.0,5.0,5.0,5.0,4.0,5.0,4.0,5.0,5.0,5.0,3.0,5.0,5.0,5.0,4.6,4.5,4.6,74,141,4.74,0,36.79359171,14.70590362
BLPSMD500A,"Liceo Scientifico ""A. Lollino""",Belluno,Belluno,Veneto,Nord Est,"Liceo, Primaria, Professionale",ND,Non Metropolitano,II Grado,Via San Pietro 19,32100,liceolollino@diocesi.it,ND,www.liceolollino.it,Paritaria,ok,analysis_results/BLPSMD500A_PTOF_analysis.json,1.0,3.0,5.0,5.0,6.0,5.0,6.0,4.0,5.0,4.0,5.0,5.0,6.0,6.0,4.0,4.0,5.0,2.0,5.0,5.0,5.0,5.0,4.0,6.0,4.0,5.4,4.5,5.0,4.25,4.8,10,6,4.79,0,46.13837528,12.21704167
SVEE820034,Savona I - Santuario,Savona,Savona,Liguria,Nord Ovest,Primaria,ND,Non Metropolitano,Primaria,Via Cimavalle 1,17040,svic82000x@istruzione.it,ND,www.icsavonaprimo.it,Statale,ok,analysis_results/SVEE820034_PTOF_analysis.json,1.0,3.0,5.0,5.0,5.0,5.0,5.0,5.0,4.0,5.0,5.0,6.0,6.0,6.0,6.0,7.0,5.0,3.0,5.0,5.0,4.0,4.0,1.0,1.0,1.0,5.0,4.75,6.2,4.5,2.2,7,18,4.53,0,44.30750461,8.48110865
CZEE873052,Sorbo S.Basile -I.C.Taverna,Sorbo San Basile,Catanzaro,Calabria,Sud,Primaria,ND,Non Metropolitano,Primaria,Piazza Margherita,88050,czic87300q@istruzione.it,ND,www.ictaverna.it,Statale,ok,analysis_results/CZEE873052_PTOF_analysis.json,0.0,2.0,2.0,2.0,2.0,2.0,2.0,2.0,2.0,2.0,2.0,2.0,2.0,2.0,2.0,2.0,2.0,3.0,2.0,2.0,2.0,2.0,2.0,2.0,2.0,2.0,2.0,2.0,2.25,2.0,3,1,2.05,0,39.01940302,16.56936887
SAIS073009,"""A. Galizia"" - Nocera Inferiore",Nocera Inferiore,Salerno,Campania,Sud,"Liceo, Professionale",ND,Non Metropolitano,II Grado,Piazza Maestri Del Lavoro D'Italia,84014,sais073009@istruzione.it,sais073009@pec.istruzione.it,www.isgalizia.edu.it,Statale,ok,analysis_results/SAIS073009_PTOF_analysis.json,1.0,7.0,6.0,7.0,6.0,7.0,6.0,5.0,5.0,5.0,5.0,5.0,5.0,5.0,5.0,5.0,6.0,5.0,5.0,7.0,5.0,4.0,5.0,3.0,4.0,6.4,5.0,5.0,5.75,4.2,41,24,5.27,1,40.74358321,14.64142303
SVIS00100P,"I. I. S. S. ""G. Falcone"" - Loano",Loano,Savona,Liguria,Nord Ovest,"Liceo, Tecnico",ND,Non Metropolitano,II Grado,Via Aurelia 297,17025,svis00100p@istruzione.it,svis00100p@pec.istruzione.it,www.isfalcone.edu.it,Statale,ok,analysis_results/SVIS00100P_PTOF_analysis.json,0.0,3.0,5.0,5.0,5.0,5.0,5.0,5.0,5.0,4.0,5.0,5.0,5.0,5.0,4.0,5.0,5.0,5.0,4.0,5.0,5.0,5.0,4.0,3.0,5.0,5.0,4.75,4.8,4.75,4.4,36,448,4.74,0,44.12917319,8.25977713
TOPQ475003,Flora,Torino,Torino,Piemonte,Nord Ovest,"Liceo, Professionale",ND,Metropolitano,II Grado,V.S.Francesco Da Paola 42,10123,info@istituto-flora.edu.it,istitutoflora@pec.it,www.istituto-flora.edu.it,Paritaria,ok,analysis_results/TOPQ475003_PTOF_analysis.json,0.0,6.0,3.0,3.0,4.0,5.0,5.0,3.0,2.0,0.0,3.0,5.0,4.0,5.0,3.0,5.0,4.0,3.0,3.0,4.0,5.0,5.0,3.0,3.0,4.0,4.0,2.67,4.4,3.5,4.0,12,13,3.71,0,45.0732745,7.68068748
RMIC8CR006,Ic Giuseppe Impastato,Roma,Roma,Lazio,Centro,"I Grado, Infanzia, Primaria, Professionale",Istituto Comprensivo,Metropolitano,"Comprensivo, I Grado, II Grado, Infanzia, Primaria",Via Luigi Gastinelli 58,00132,rmic8cr006@istruzione.it,rmic8cr006@pec.istruzione.it,www.icgiuseppeimpastato.edu.it,Statale,ok,analysis_results/RMIC8CR006_PTOF_analysis.json,0.0,3.0,3.0,3.0,2.0,1.0,2.0,5.0,4.0,1.0,3.0,4.0,2.0,5.0,2.0,5.0,3.0,5.0,3.0,4.0,3.0,5.0,2.0,4.0,5.0,2.2,3.25,3.6,3.75,3.8,16,2,3.32,0,41.89277044,12.48366723
RCMM809018,Spano' Bolani,Reggio Di Calabria,Reggio Calabria,Calabria,Sud,I Grado,ND,Metropolitano,I Grado,Via Lemos 2,89127,rcic809007@istruzione.it,ND,www.icdeamicisbolani.edu.it,Statale,ok,analysis_results/RCMM809018_PTOF_analysis.json,1.0,3.0,5.0,5.0,5.0,5.0,5.0,4.0,5.0,1.0,5.0,4.0,5.0,4.0,1.0,3.0,5.0,3.0,4.0,5.0,5.0,6.0,4.0,5.0,5.0,5.0,3.75,3.4,4.25,5.0,20,25,4.28,0,38.10922766,15.64345359
CHEE034089,Liscia Cap.,Liscia,Chieti,Abruzzo,Sud,Primaria,ND,Non Metropolitano,Primaria,Via Calvario,66050,chee034001@istruzione.it,nais09700b@pec.istruzione.it,www.omnicomprensivospataro.gov.it,Statale,ok,analysis_results/CHEE034089_PTOF_analysis.json,0.0,7.0,4.0,4.0,5.0,4.0,5.0,5.0,5.0,3.0,5.0,4.0,5.0,4.0,4.0,3.0,5.0,4.0,4.0,4.0,4.0,4.0,4.0,4.0,4.0,4.4,4.5,4.0,4.25,4.0,10,13,4.23,0,41.95546155,14.55501307
CTPC08500Q,S.Giuseppe,Catania,Catania,Sicilia,Isole,"I Grado, Infanzia, Liceo, Primaria, Professionale, Tecnico",Scuola Sec. Secondo Grado Non Statale,Metropolitano,II Grado,V.G.B.De La Salle 7,95125,segreteria@istitutoparitariosangiuseppe.org,segreteriasangiuseppe@pec-legal.it,www.istitutoparitariosangiuseppe.it,Paritaria,ok,analysis_results/CTPC08500Q_PTOF_analysis.json,0.0,5.0,3.0,3.0,3.0,3.0,3.0,5.0,4.0,4.0,4.0,4.0,3.0,4.0,2.0,4.0,5.0,5.0,4.0,4.0,4.0,4.0,3.0,3.0,4.0,3.0,4.25,3.4,4.5,3.6,6,26,3.75,0,37.50287801,15.08704738
VRTF00701V,Anti - Liceo Scienze Applicate - Itis,Villafranca Di Verona,Verona,Veneto,Nord Est,Tecnico,ND,Non Metropolitano,II Grado,Via Magenta 7B,37069,vris00700a@istruzione.it,ND,www.carloanti.net,Statale,ok,analysis_results/VRTF00701V_PTOF_analysis.json,0.0,3.0,4.0,5.0,4.0,5.0,5.0,2.0,5.0,3.0,5.0,5.0,3.0,5.0,5.0,5.0,5.0,4.0,5.0,5.0,5.0,5.0,2.0,3.0,5.0,4.6,3.75,4.6,4.75,4.0,21,112,4.34,0,45.35080445,10.8467368
NARFA35009,Santa Rita (Servizi Per La Sanità E L?Assistenza Sociale),Saviano,Napoli,Campania,Sud,"I Grado, Liceo, Primaria, Tecnico",ND,Metropolitano,II Grado,Via Torre 57/59,80039,istitutosantarita@libero.it,centro_scolastico@arubapec.it,www.ldavinci.org,Paritaria,ok,analysis_results/NARFA35009_PTOF_analysis.json,1.0,1.0,5.0,5.0,5.0,5.0,5.0,1.0,5.0,3.0,5.0,5.0,5.0,5.0,4.0,5.0,5.0,5.0,3.0,5.0,5.0,5.0,2.0,5.0,4.0,5.0,3.5,4.8,4.5,4.2,18,105,4.4,0,40.91112824,14.50962223
AQPS050001,Carsoli,Carsoli,L'Aquila,Abruzzo,Sud,Liceo,ND,Non Metropolitano,II Grado,P.Zza Della Liberta' Snc,67061,aqps050001@istruzione.it,aqmm02400x@pec.istruzione.it,www.omnicomprensivocarsoli.gov.it,Statale,ok,analysis_results/AQPS050001_PTOF_analysis.json,0.0,5.0,3.0,3.0,3.0,3.0,3.0,3.0,3.0,3.0,3.0,3.0,3.0,3.0,3.0,3.0,1.0,1.0,1.0,1.0,3.0,3.0,3.0,3.0,3.0,3.0,3.0,3.0,1.0,3.0,0,0,2.6,0,42.09641669,13.08268758
MI1A479002,"Scuola Dell'Infanzia ""San Paolo"" - Pogliano Milanese",Pogliano Milanese,Milano,Lombardia,Nord Ovest,Infanzia,ND,Metropolitano,Infanzia,Via Rosmini5,20010,ND,ND,ND,Paritaria,ok,analysis_results/MI1A479002_PTOF_analysis.json,0.0,0.0,5.0,5.0,2.0,4.0,4.0,3.0,5.0,1.0,4.0,4.0,5.0,5.0,3.0,4.0,4.0,3.0,4.0,5.0,3.0,4.0,3.0,2.0,3.0,4.0,3.25,4.2,4.0,3.0,10,6,3.69,0,45.53725726,8.99355069
BA1A4N500G,Oooh....Issa Crescere Nella Gioia,Conversano,Bari,Puglia,Sud,Infanzia,ND,Metropolitano,Infanzia,Traversa Via Padre Semeraria N. C.,70016,info@istitutoparini.it,ooohissa@pec.it,www.istitutoparini.it,Paritaria,ok,analysis_results/BA1A4N500G_PTOF_analysis.json,1.0,3.0,4.0,4.0,4.0,4.0,4.0,3.0,3.0,2.0,3.0,3.0,4.0,4.0,3.0,4.0,4.0,4.0,3.0,4.0,4.0,4.0,3.0,3.0,3.0,4.0,2.75,3.6,3.75,3.4,13,20,3.5,0,40.96608891,17.11524325
BSIC84100G,Ii I.C. Di Palazzolo Sull'Oglio,Palazzolo Sull'Oglio,Brescia,Lombardia,Nord Ovest,"Liceo, Professionale, Tecnico",Istituto Comprensivo,Non Metropolitano,II Grado,Via Dogane N.8,25036,bsic84100g@istruzione.it,bsic84100g@pec.istruzione.it,www.istitutoparini.it,Statale,ok,analysis_results/BSIC84100G_PTOF_analysis.json,0.0,2.0,5.0,5.0,3.0,3.0,3.0,3.0,4.0,2.0,4.0,3.0,4.0,4.0,3.0,5.0,5.0,5.0,3.0,5.0,5.0,4.0,3.0,3.0,5.0,3.8,3.25,3.8,4.5,4.0,23,8,3.87,0,45.59847763,9.88582148
CNTF01050E,"Cuneo""M.Delpozzo""Serale",Cuneo,Cuneo,Piemonte,Nord Ovest,Tecnico,ND,Non Metropolitano,II Grado,Corso A. De Gasperi 30,12100,cntf010005@istruzione.it,ND,www.itiscuneo.edu.it,Statale,ok,analysis_results/CNTF01050E_PTOF_analysis.json,0.0,2.0,2.0,2.0,2.0,3.0,2.0,2.0,2.0,2.0,3.0,2.0,2.0,2.0,2.0,3.0,2.0,3.0,2.0,2.0,2.0,2.0,2.0,2.0,2.0,2.2,2.25,2.2,2.25,2.0,3,1,2.18,0,44.39329624,7.55117163
IMIS007004,"""C.Colombo""",Sanremo,Imperia,Liguria,Nord Ovest,"Liceo, Professionale, Tecnico",ND,Non Metropolitano,II Grado,Piazza Vincenzo Muccioli 3,18038,imis007004@istruzione.it,imis007004@pec.istruzione.it,www.iiscolombo.edu.it,Statale,ok,analysis_results/IMIS007004_PTOF_analysis.json,0.0,2.0,3.0,3.0,2.0,3.0,3.0,2.0,4.0,1.0,3.0,2.0,3.0,3.0,1.0,4.0,2.0,5.0,2.0,3.0,2.0,3.0,1.0,2.0,4.0,2.8,2.5,2.6,3.0,2.4,21,2,2.66,0,43.82100004,7.78463261
GE1E03700L,Conserv.Figlie S.Giuseppe,Genova,Genova,Liguria,Nord Ovest,Primaria,ND,Metropolitano,Primaria,Salita Inferiore San Rocchino15,16122,scuolaprimariafsg@gmail.com,conservatoriofsg@legalmail.it,www.scuolafsg.it,Paritaria,ok,analysis_results/GE1E03700L_PTOF_analysis.json,0.0,0.0,3.0,3.0,1.0,0.0,0.0,1.0,1.0,1.0,1.0,2.0,2.0,3.0,1.0,3.0,4.0,2.0,4.0,3.0,1.0,3.0,3.0,1.0,1.0,2.33,1.0,2.2,3.25,1.8,4,14,2.12,0,44.41149314,8.9326992
CHIC812002,I.C. S.Vito Chiet.G.D'Annunzio,San Vito Chietino,Chieti,Abruzzo,Sud,"I Grado, Infanzia, Primaria",ND,Non Metropolitano,"Comprensivo, I Grado, Infanzia, Primaria",Via Michelangelo 1,66038,chic812002@istruzione.it,chic812002@pec.istruzione.it,www.icsanvito.edu.it,Statale,ok,analysis_results/CHIC812002_PTOF_analysis.json,1.0,3.0,4.0,4.0,4.0,4.0,4.0,4.0,4.0,4.0,4.0,4.0,4.0,4.0,4.0,4.0,4.0,2.0,4.0,4.0,3.0,3.0,3.0,3.0,3.0,4.0,4.0,4.0,3.5,3.0,4,3,3.7,0,42.30260547,14.44571588
AVMM87504Q,""" A. Moro """,Morra De Sanctis,Avellino,Campania,Sud,I Grado,ND,Non Metropolitano,I Grado,Via Settembrini,83040,avic87500g@istruzione.it,ND,www.iccriscuoli.eu,Statale,ok,analysis_results/AVMM87504Q_PTOF_analysis.json,1.0,3.0,4.0,4.0,4.0,4.0,4.0,3.0,4.0,3.0,4.0,4.0,4.0,4.0,3.0,4.0,4.0,5.0,3.0,4.0,3.0,3.0,3.0,3.0,3.0,4.0,3.5,3.8,4.0,3.0,7,20,3.66,0,40.92311991,15.24396648
AVIC81000R,I.C. A.Di Meo,Volturara Irpina,Avellino,Campania,Sud,"I Grado, Infanzia, Primaria",ND,Non Metropolitano,"Comprensivo, I Grado, Infanzia, Primaria",Viale Rimembranza - Voltura Irp.,83050,avic81000r@istruzione.it,avic81000r@pec.istruzione.it,www.icvolturara.edu.it,Statale,ok,analysis_results/AVIC81000R_PTOF_analysis.json,1.0,2.0,4.0,4.0,5.0,2.0,4.0,5.0,5.0,3.0,4.0,4.0,4.0,5.0,4.0,5.0,4.0,5.0,5.0,5.0,4.0,5.0,1.0,3.0,3.0,3.8,4.25,4.4,4.75,3.2,10,19,4.08,0,40.87882068,14.91716971
RMIC805003,"""Elsa Morante""",Roma,Roma,Lazio,Centro,"I Grado, Infanzia, Professionale",ND,Metropolitano,"I Grado, II Grado, Infanzia",Via A. Volta 41,00153,rmic805003@istruzione.it,rmic805003@pec.istruzione.it,www.icelsamorante.edu.it,Statale,ok,analysis_results/RMIC805003_PTOF_analysis.json,0.0,0.0,2.0,2.0,2.0,3.0,2.0,2.0,2.0,2.0,3.0,2.0,2.0,2.0,2.0,3.0,3.0,3.0,2.0,3.0,3.0,3.0,2.0,2.0,2.0,2.2,2.25,2.2,2.75,2.4,3,1,2.36,0,41.89277044,12.48366723
BOIC85500V,I.C. N. 12 Bologna V. Bartolini,Bologna,Bologna,Emilia Romagna,Nord Est,"I Grado, Infanzia, Primaria",ND,Metropolitano,"Comprensivo, I Grado, Infanzia, Primaria",Via Lorenzo Bartolini 2,40139,boic85500v@istruzione.it,boic85500v@pec.istruzione.it,www.ic12bo.it,Statale,ok,analysis_results/BOIC85500V_PTOF_analysis.json,1.0,3.0,4.0,4.0,4.0,4.0,4.0,3.0,4.0,2.0,3.0,4.0,3.0,4.0,3.0,4.0,3.0,5.0,3.0,4.0,3.0,5.0,3.0,3.0,3.0,4.0,3.0,3.6,3.75,3.4,27,17,3.55,0,44.4943668,11.3417208
AQAA82301X,Capestrano,Capestrano,L'Aquila,Abruzzo,Sud,Infanzia,ND,Non Metropolitano,Infanzia,Via P. Capponi,67022,aqic823003@istruzione.it,ND,www.icnavelli.edu.it,Statale,ok,analysis_results/AQAA82301X_PTOF_analysis.json,1.0,3.0,4.0,4.0,4.0,4.0,4.0,5.0,4.0,3.0,4.0,4.0,4.0,4.0,4.0,4.0,5.0,5.0,5.0,5.0,3.0,3.0,3.0,3.0,3.0,4.0,4.0,4.0,5.0,3.0,18,8,4.0,0,42.2674233,13.76827562
FREE803071,Coreno Ausonio Capoluogo,Coreno Ausonio,Frosinone,Lazio,Centro,Primaria,ND,Non Metropolitano,Primaria,Via Iv Novembre,03040,fric80300l@istruzione.it,pvps05000q@pec.istruzione.it,www.icesperia.it,Statale,ok,analysis_results/FREE803071_PTOF_analysis.json,1.0,7.0,5.0,5.0,5.0,5.0,5.0,4.0,4.0,4.0,4.0,5.0,5.0,5.0,5.0,5.0,5.0,3.0,5.0,5.0,4.0,4.0,4.0,4.0,4.0,5.0,4.0,5.0,4.5,4.0,13,46,4.5,0,41.34629044,13.77731912
FI1A11700D,"Sc.Mat.Non Stat.""G.Alfani""",Sesto Fiorentino,Firenze,Toscana,Centro,Infanzia,Scuola Infanzia Non Statale,Metropolitano,Infanzia,Via Galilei 43,50019,ND,alfani@pec.istitutoalfani.it,www.istitutoalfani.it,Paritaria,ok,analysis_results/FI1A11700D_PTOF_analysis.json,0.0,2.0,2.0,2.0,2.0,3.0,2.0,2.0,2.0,2.0,3.0,2.0,2.0,2.0,2.0,3.0,2.0,4.0,2.0,3.0,3.0,3.0,2.0,2.0,2.0,2.2,2.25,2.2,2.75,2.4,3,1,2.36,0,43.83219044,11.19842773
UDIS00200X,Convitto Nazionale,Cividale Del Friuli,Udine,Friuli-Venezia G.,Nord Est,"Infanzia, Primaria",ND,Non Metropolitano,II Grado,P.Tta Chiarottini N. 8,33043,udis00200x@istruzione.it,udvc01000c@pec.istruzione.it,ND,Statale,ok,analysis_results/UDIS00200X_PTOF_analysis.json,0.0,0.0,3.0,3.0,1.0,0.0,1.0,0.0,0.0,0.0,0.0,2.0,2.0,3.0,0.0,0.0,2.0,3.0,3.0,2.0,1.0,2.0,1.0,1.0,1.0,2.0,0.0,2.33,2.5,1.2,4,13,2.01,0,46.09357444,13.43202825
NARHRH500P,San Michele Arcangelo,Ottaviano,Napoli,Campania,Sud,"I Grado, Infanzia, Primaria",ND,Metropolitano,II Grado,Via Pentelete S.N.C.,80044,bnic85400a@istruzione.it,trainingejob@pec.it,https//www.trainingejob.it/,Paritaria,ok,analysis_results/NARHRH500P_PTOF_analysis.json,1.0,2.0,4.0,4.0,5.0,4.0,4.0,4.0,5.0,3.0,5.0,5.0,4.0,5.0,4.0,5.0,4.0,3.0,4.0,4.0,4.0,4.0,1.0,3.0,3.0,4.2,4.25,4.6,3.75,3.0,18,26,3.96,0,40.84936031,14.47744172
BA1E01000P,Sacro Cuore,Bitonto,Bari,Puglia,Sud,Primaria,Scuola Primaria Non Statale,Metropolitano,Primaria,Via S.Lucia Filippini 23,70032,sacrocuorebitonto@libero.it,ND,ND,Paritaria,ok,analysis_results/BA1E01000P_PTOF_analysis.json,0.0,2.0,3.0,4.0,2.0,4.0,2.0,1.0,3.0,1.0,3.0,4.0,5.0,5.0,3.0,5.0,6.0,5.0,6.0,4.0,2.0,4.0,4.0,1.0,3.0,3.0,2.0,4.4,5.25,2.8,5,2,3.49,0,41.1100182,16.69431895
BO1A13000T,Benedetto Xv,Bologna,Bologna,Emilia Romagna,Nord Est,Infanzia,Scuola Infanzia Non Statale,Metropolitano,Infanzia,Via Bertalia 49,40131,disano12@scuolamterna1.191.it,scuolainfanziabenedettoxv@pec.it,www.scuolainfanziabenedettoxv.it,Paritaria,ok,analysis_results/BO1A13000T_PTOF_analysis.json,0.0,1.0,3.0,3.0,2.0,2.0,1.0,1.0,2.0,1.0,2.0,4.0,3.0,5.0,3.0,4.0,4.0,5.0,3.0,4.0,3.0,5.0,3.0,1.0,3.0,2.2,1.5,3.8,4.0,3.0,8,8,2.9,0,44.4943668,11.3417208
ISEE81507C,Rocchetta A Volturnocapoluogo,Rocchetta A Volturno,Isernia,Molise,Sud,Primaria,ND,Non Metropolitano,Primaria,Piazza San Domenico,86070,isic815004@istruzione.it,istitutisantamaria@legalmail.it,www.scuolacolliavolturno.edu.it,Statale,ok,analysis_results/ISEE81507C_PTOF_analysis.json,0.0,3.0,6.0,6.0,5.0,5.0,6.0,4.0,4.0,4.0,6.0,5.0,6.0,5.0,4.0,5.0,6.0,3.0,5.0,6.0,5.0,6.0,3.0,4.0,4.0,5.6,4.5,5.0,5.0,4.4,11,7,4.9,0,41.62429524,14.08588727
CA1A14300T,"Fondazione Asilo ""Giovanni Battista Dessi""",Quartu Sant'Elena,Cagliari,Sardegna,Isole,Infanzia,Scuola Infanzia Non Statale,Metropolitano,Infanzia,Piazza Gb Dessi 1,09045,asilodessi@alice.it,gbdessi@pec.cgn.it,https//www.asilodessi.com,Paritaria,ok,analysis_results/CA1A14300T_PTOF_analysis.json,0.0,2.0,3.0,3.0,2.0,4.0,2.0,1.0,4.0,1.0,3.0,5.0,2.0,5.0,3.0,5.0,3.0,5.0,3.0,4.0,2.0,5.0,3.0,1.0,3.0,2.8,2.25,4.0,3.75,2.8,4,3,3.12,0,39.24108358,9.18534391
PR1M00900X,"Scuola Secondaria Di I Gradoparitaria ""S.Agostino""",Salsomaggiore Terme,Parma,Emilia Romagna,Nord Est,I Grado,ND,Non Metropolitano,I Grado,V.Pascoli 23,43039,info@scuolasantagostino.it,scuolasantagostino@cgn.legailmail.it,www.scuolasantagostino.it,Paritaria,ok,analysis_results/PR1M00900X_PTOF_analysis.json,0.0,0.0,5.0,5.0,5.0,5.0,5.0,0.0,5.0,0.0,5.0,5.0,5.0,5.0,5.0,5.0,5.0,5.0,5.0,3.0,2.0,5.0,2.0,1.0,5.0,5.0,5.0,5.0,4.5,3.0,19,0,4.5,0,44.81568328,9.97809444
COIC84900C,I.C. Della Tremezzina,Tremezzina,Como,Lombardia,Nord Ovest,"I Grado, Infanzia, Primaria, Tecnico",Istituto Comprensivo,Non Metropolitano,"Comprensivo, I Grado, II Grado, Infanzia, Primaria",Via Provinciale - Loc. Ossuccio,22016,coic84900c@istruzione.it,coic84900c@pec.istruzione.it,www.ictremezzina.edu.it,Statale,ok,analysis_results/COIC84900C_PTOF_analysis.json,0.0,2.0,4.0,3.0,2.0,4.0,3.0,4.0,5.0,1.0,3.0,4.0,3.0,4.0,1.0,4.0,3.0,5.0,2.0,4.0,4.0,5.0,3.0,3.0,5.0,3.2,3.25,3.2,3.5,4.0,21,13,3.43,0,45.98231,9.2135
UDIC819005,Basiliano - Sedegliano,Sedegliano,Udine,Friuli-Venezia G.,Nord Est,"Liceo, Tecnico",ND,Non Metropolitano,II Grado,Via Martiri Della Liberta 19,33039,udic819005@istruzione.it,udic819005@pec.istruzione.it,https//www.icbasiliano-sedegliano.edu.it/,Statale,ok,analysis_results/UDIC819005_PTOF_analysis.json,1.0,3.0,4.0,4.0,4.0,4.0,4.0,3.0,4.0,3.0,3.0,3.0,4.0,4.0,3.0,3.0,4.0,2.0,4.0,4.0,4.0,4.0,1.0,3.0,3.0,4.0,3.25,3.4,3.5,3.0,16,30,3.43,0,46.0134924,12.97606963
UDIC81600N,G.Carducci - Lignano Sabbiadoro,Lignano Sabbiadoro,Udine,Friuli-Venezia G.,Nord Est,"I Grado, Professionale, Tecnico",ND,Non Metropolitano,"I Grado, II Grado",Viale Europa 98,33054,udic81600n@istruzione.it,udic81600n@pec.istruzione.it,https//iclignano.edu.it/,Statale,ok,analysis_results/UDIC81600N_PTOF_analysis.json,1.0,5.0,3.0,3.0,3.0,3.0,3.0,2.0,5.0,1.0,2.0,3.0,3.0,3.0,3.0,1.0,3.0,3.0,3.0,3.0,1.0,1.0,1.0,1.0,1.0,3.0,2.5,2.6,3.0,1.0,12,3,2.42,0,45.68825007,13.12981973
CAIC84700T,I.C. Settimo S. Pietro,Settimo San Pietro,Cagliari,Sardegna,Isole,"I Grado, Infanzia, Primaria, Professionale",Istituto Comprensivo,Metropolitano,"Comprensivo, I Grado, II Grado, Infanzia, Primaria",Via Carducci 1,09060,caic84700t@istruzione.it,caic84700t@pec.istruzione.it,scuolasettimo.edu.it/,Statale,ok,analysis_results/CAIC84700T_PTOF_analysis.json,0.0,0.0,3.0,3.0,2.0,4.0,3.0,5.0,5.0,2.0,1.0,4.0,3.0,4.0,2.0,5.0,3.0,3.0,2.0,3.0,3.0,5.0,3.0,4.0,4.0,3.0,3.25,3.6,2.75,3.8,12,13,3.28,0,39.29178454,9.18402554
PA1EDC5004,Istituto Petrarca 3,Palermo,Palermo,Sicilia,Isole,Primaria,ND,Metropolitano,Primaria,Via G.Peralta 15,90142,nannianello@gmail.com,istitutopetrarca3@gmail.com,www.istitutopetrarca3.it,Paritaria,ok,analysis_results/PA1EDC5004_PTOF_analysis.json,0.0,2.0,2.0,2.0,2.0,3.0,2.0,2.0,2.0,2.0,3.0,2.0,2.0,2.0,2.0,3.0,2.0,3.0,2.0,2.0,2.0,2.0,2.0,2.0,2.0,2.2,2.25,2.2,2.25,2.0,3,1,2.18,0,38.11569725,13.36235675
CSAA83106X,Corigliano - Torricella S,Corigliano-Rossano,Cosenza,Calabria,Sud,Infanzia,ND,Non Metropolitano,Infanzia,Torricella Sup.,87064,csic83100t@istruzione.it,csic8ah00b@pec.istruzione.it,www.cantinellascuole.it,Statale,ok,analysis_results/CSAA83106X_PTOF_analysis.json,1.0,3.0,4.0,4.0,5.0,4.0,4.0,5.0,4.0,2.0,4.0,4.0,4.0,5.0,3.0,5.0,4.0,3.0,3.0,4.0,3.0,3.0,2.0,2.0,3.0,4.2,3.75,4.2,3.5,2.6,16,34,3.65,0,,
REMM842015,"Villa Minozzo ""Galilei""",Villa Minozzo,Reggio Emilia,Emilia Romagna,Nord Est,I Grado,ND,Non Metropolitano,I Grado,Corso Prampa 7,42030,reic842004@istruzione.it,ND,https//icvillaminozzo-re.edu.it/,Statale,ok,analysis_results/REMM842015_PTOF_analysis.json,1.0,7.0,5.0,5.0,3.0,4.0,5.0,3.0,3.0,2.0,3.0,6.0,6.0,6.0,5.0,6.0,4.0,3.0,5.0,5.0,5.0,5.0,4.0,5.0,5.0,4.4,2.75,5.8,4.25,4.8,18,17,4.4,0,44.36521328,10.4671925
PIIC838002,I.C.Curt. E Montanara Pontedera,Pontedera,Pisa,Toscana,Centro,"I Grado, Infanzia, Primaria",ND,Non Metropolitano,"Comprensivo, I Grado, Infanzia, Primaria",Via Vinicio Modesti 4,56025,piic838002@istruzione.it,piic838002@pec.istruzione.it,www.iccurtatonemontanara.edu.it,Statale,ok,analysis_results/PIIC838002_PTOF_analysis.json,0.0,2.0,3.0,3.0,3.0,4.0,3.0,5.0,5.0,1.0,1.0,5.0,4.0,5.0,2.0,5.0,5.0,3.0,3.0,4.0,5.0,5.0,5.0,3.0,5.0,3.2,3.0,4.2,3.75,4.6,29,12,3.75,0,43.66392507,10.63600988
NAEE85101X,Na Ic Vittorino Da Feltre,Napoli,Napoli,Campania,Sud,Primaria,ND,Metropolitano,Primaria,Via Sorrento 1 Rione Nuova Villa,80146,naic85100t@istruzione.it,ND,www.icvittorinodafeltre-sarriamonti.edu.it,Statale,ok,analysis_results/NAEE85101X_PTOF_analysis.json,1.0,5.0,7.0,7.0,7.0,7.0,7.0,7.0,7.0,7.0,7.0,7.0,7.0,7.0,7.0,7.0,7.0,5.0,7.0,7.0,3.0,7.0,2.0,3.0,2.0,7.0,7.0,7.0,6.5,3.4,32,29,6.18,1,40.83956554,14.25085002
TO1M05700R,Ss.Natale,Torino,Torino,Piemonte,Nord Ovest,I Grado,ND,Metropolitano,I Grado,V.Piedicavallo 5,10145,info@ssnatale.it,ND,www.ssnatale.it,Paritaria,ok,analysis_results/TO1M05700R_PTOF_analysis.json,1.0,3.0,5.0,5.0,5.0,5.0,5.0,5.0,4.0,4.0,5.0,5.0,5.0,5.0,5.0,5.0,5.0,5.0,5.0,5.0,5.0,5.0,5.0,3.0,5.0,5.0,4.5,5.0,5.0,4.6,38,258,4.82,0,45.0732745,7.68068748
RMEE8DX04A,Giovanni Paolo Ii,Ladispoli,Roma,Lazio,Centro,Primaria,ND,Metropolitano,Primaria,Via Caltagirone S.N.C.,00055,rmic8dx005@istruzione.it,ND,https//www.icladispoli1.edu.it,Statale,ok,analysis_results/RMEE8DX04A_PTOF_analysis.json,0.0,1.0,3.0,3.0,1.0,1.0,1.0,1.0,1.0,1.0,1.0,2.0,2.0,3.0,1.0,3.0,4.0,3.0,3.0,3.0,1.0,3.0,3.0,1.0,1.0,1.8,1.0,2.2,3.25,1.8,4,12,2.01,0,41.95487983,12.0699859
PEIC83700V,I.C. Pescara 9,Pescara,Pescara,Abruzzo,Sud,Liceo,ND,Non Metropolitano,II Grado,Via Di Sotto 56,65125,peic83700v@istruzione.it,peic83700v@pec.istruzione.it,www.ic9pescara.edu.it,Statale,ok,analysis_results/PEIC83700V_PTOF_analysis.json,0.0,0.0,2.0,2.0,3.0,3.0,2.0,5.0,5.0,2.0,3.0,3.0,2.0,4.0,2.0,3.0,3.0,4.0,5.0,3.0,2.0,2.0,2.0,2.0,5.0,2.4,3.75,2.8,3.75,2.6,3,1,3.06,0,42.46458397,14.21364841
FR1E001009,Scuola Primaria Paritaria S. Benedetto,Cassino,Frosinone,Lazio,Centro,Primaria,ND,Non Metropolitano,Primaria,Via S. Bertario N. 1,03043,sanbenedetto.scuola@libero.it,ND,www.istitutosanbenedetto.net,Paritaria,ok,analysis_results/FR1E001009_PTOF_analysis.json,0.0,2.0,3.0,3.0,1.0,5.0,2.0,1.0,3.0,1.0,2.0,1.0,2.0,3.0,1.0,3.0,2.0,5.0,2.0,2.0,3.0,5.0,5.0,1.0,5.0,2.8,1.75,2.0,2.75,3.8,3,5,2.62,0,41.49267611,13.83012821
LOIS00300P,I.I.S. Cesaris Di Casalpusterlengo,Casalpusterlengo,Lodi,Lombardia,Nord Ovest,"I Grado, Liceo, Professionale, Tecnico",Istituto Superiore,Non Metropolitano,II Grado,Viale Cadorna,26841,lois00300p@istruzione.it,lois00300p@pec.istruzione.it,www.cesaris.edu.it,Statale,ok,analysis_results/LOIS00300P_PTOF_analysis.json,0.0,2.0,5.0,5.0,4.0,4.0,4.0,5.0,6.0,3.0,5.0,4.0,4.0,4.0,4.0,5.0,6.0,4.0,5.0,5.0,4.0,4.0,3.0,4.0,4.0,4.4,4.75,4.2,5.0,3.8,19,7,4.43,0,45.17779667,9.65107115
RCAA869072,Scuola Infanzia Arangea,Reggio Di Calabria,Reggio Calabria,Calabria,Sud,Infanzia,ND,Metropolitano,Infanzia,Via Arangea Trav. Genoese,89061,tsic80300d@istruzione.it,tsic80300d@pec.istruzione.it,nossidepythagoras.it,Statale,ok,analysis_results/RCAA869072_PTOF_analysis.json,1.0,0.0,4.0,4.0,4.0,5.0,4.0,5.0,4.0,0.0,0.0,4.0,4.0,5.0,0.0,0.0,1.0,2.0,1.0,1.0,0.0,0.0,0.0,0.0,0.0,4.2,4.5,4.33,1.25,0.0,16,19,3.57,0,38.10922766,15.64345359
PVPM025004,"Liceo Scienze Umane ""San Giuseppe"" Soc. Coop. Soc. Santa Caterina Da Siena A R.L",Vigevano,Pavia,Lombardia,Nord Ovest,"I Grado, Infanzia, Liceo, Primaria",Scuola Sec. Secondo Grado Non Statale,Non Metropolitano,II Grado,Via Deomini 10,27029,segreteria@sangiuseppevigevano.eu,s.caterinadasiena@legalmail.it,www.sangiuseppevigevano.eu,Paritaria,ok,analysis_results/PVPM025004_PTOF_analysis.json,0.0,5.0,4.0,4.0,4.0,4.0,4.0,3.0,5.0,3.0,5.0,4.0,4.0,5.0,3.0,5.0,4.0,3.0,5.0,5.0,4.0,5.0,4.0,4.0,5.0,4.0,4.0,4.2,4.25,4.4,34,10,4.17,0,45.31761391,8.85987557
CH1A019007,Cesare Caso,Francavilla Al Mare,Chieti,Abruzzo,Sud,Infanzia,ND,Non Metropolitano,Infanzia,Via Cetti 20,66023,materna.cesarecaso@libero.it,scuolainfanziacesarecaso@pec.it,www.giuntiscuola.it,Paritaria,ok,analysis_results/CH1A019007_PTOF_analysis.json,1.0,5.0,3.0,3.0,1.0,3.0,3.0,2.0,2.0,2.0,1.0,2.0,2.0,2.0,2.0,2.0,2.0,1.0,2.0,2.0,2.0,2.0,2.0,2.0,2.0,2.6,1.75,2.0,1.75,2.0,2,0,2.02,0,42.4176665,14.29181707
NA1E081002,Montessori School,Pozzuoli,Napoli,Campania,Sud,Primaria,Scuola Primaria Non Statale,Metropolitano,Primaria,Via Montenuovo L/P 105D,80078,montessorischoolpozzuoli@gmail.com,montessorischoolpozzuoli@pec.it,www.montessoripozzuoli.it,Paritaria,ok,analysis_results/NA1E081002_PTOF_analysis.json,1.0,2.0,3.0,2.0,1.0,4.0,2.0,2.0,4.0,1.0,2.0,4.0,3.0,4.0,2.0,5.0,2.0,3.0,3.0,3.0,3.0,5.0,4.0,1.0,3.0,2.4,2.25,3.6,2.75,3.2,9,5,2.84,0,40.84681848,14.0908948
NAEE8FA01E,Melito 1 - Ten. L. Mauriello,Melito Di Napoli,Napoli,Campania,Sud,Primaria,ND,Metropolitano,Primaria,Via Mugnano 3,80017,naic8fa00c@istruzione.it,tsic80300d@pec.istruzione.it,www.icmauriello.gov.it,Statale,ok,analysis_results/NAEE8FA01E_PTOF_analysis.json,1.0,3.0,3.0,3.0,4.0,4.0,3.0,4.0,4.0,2.0,3.0,4.0,3.0,4.0,3.0,4.0,3.0,3.0,3.0,3.0,3.0,3.0,3.0,2.0,3.0,3.4,3.25,3.6,3.0,2.8,16,17,3.21,0,40.92402544,14.23270068
NAMM8E0013,Sc.Sec.1Gr.Ex S.Caterina,Forio,Napoli,Campania,Sud,I Grado,Scuola Primo Grado,Metropolitano,I Grado,Localita' Monticchio,80075,naic8e0002@istruzione.it,ND,www.icforio1.edu.it,Statale,ok,analysis_results/NAMM8E0013_PTOF_analysis.json,0.0,2.0,3.0,3.0,1.0,4.0,2.0,2.0,4.0,1.0,3.0,3.0,3.0,4.0,2.0,3.0,2.0,4.0,3.0,4.0,3.0,5.0,4.0,2.0,5.0,2.6,2.5,3.0,3.25,3.8,4,4,3.03,0,40.73778595,13.85726258
CSPS18000D,"Ls ""Pitagora"" Rende",Rende,Cosenza,Calabria,Sud,Liceo,ND,Non Metropolitano,II Grado,Via S.Pertini,87036,csps18000d@istruzione.it,csps18000d@pec.istruzione.it,www.ilpitagora.gov.it,Statale,ok,analysis_results/CSPS18000D_PTOF_analysis.json,0.0,2.0,2.0,2.0,2.0,3.0,2.0,2.0,2.0,2.0,3.0,2.0,2.0,2.0,2.0,3.0,3.0,3.0,2.0,3.0,3.0,3.0,2.0,2.0,2.0,2.2,2.25,2.2,2.75,2.4,3,2,2.36,0,39.3315362,16.18041387
CE1E002003,Santa Caterina Da Siena,Aversa,Caserta,Campania,Sud,Primaria,ND,Non Metropolitano,Primaria,Via Kennedy 113,81031,santacateri@tiscali.it,ce1e002003@pec.it,https//santacaterinaaversa.it/,Paritaria,ok,analysis_results/CE1E002003_PTOF_analysis.json,1.0,1.0,4.0,4.0,4.0,3.0,3.0,3.0,3.0,1.0,1.0,3.0,4.0,4.0,3.0,3.0,3.0,3.0,2.0,3.0,2.0,3.0,3.0,1.0,3.0,3.6,2.0,3.4,2.75,2.4,3,6,2.83,0,40.9730782,14.20627126
MOMM825012,Guglielmo Marconi,Castelfranco Emilia,Modena,Emilia Romagna,Nord Est,I Grado,ND,Non Metropolitano,I Grado,Via Marconi 1,41013,moic825001@istruzione.it,ND,www.scuolemarconi.edu.it,Statale,ok,analysis_results/MOMM825012_PTOF_analysis.json,1.0,3.0,5.0,5.0,5.0,5.0,5.0,5.0,5.0,5.0,5.0,5.0,5.0,5.0,5.0,5.0,5.0,3.0,5.0,5.0,5.0,5.0,5.0,5.0,5.0,5.0,5.0,5.0,4.5,5.0,19,23,4.9,0,44.59636639,11.05298979
BOIC816008,I.C. N.5 Bologna V. Di Vincenzo,Bologna,Bologna,Emilia Romagna,Nord Est,"I Grado, Infanzia, Primaria",ND,Metropolitano,"Comprensivo, I Grado, Infanzia, Primaria",Via Antonio Di Vincenzo 55,40129,boic816008@istruzione.it,boic816008@pec.istruzione.it,www.ic5bologna.edu.it,Statale,ok,analysis_results/BOIC816008_PTOF_analysis.json,1.0,0.0,3.0,3.0,4.0,1.0,3.0,4.0,4.0,0.0,1.0,4.0,2.0,4.0,0.0,3.0,2.0,2.0,1.0,3.0,2.0,3.0,0.0,2.0,2.0,2.8,3.0,3.25,2.0,2.25,10,4,2.66,0,44.4943668,11.3417208
TOIC880008,I.C. Susa,Susa,Torino,Piemonte,Nord Ovest,"I Grado, Infanzia, Professionale",ND,Metropolitano,"I Grado, II Grado, Infanzia",Piazza Savoia 21,10059,toic880008@istruzione.it,toic880008@pec.istruzione.it,www.istitutocomprensivosusa.edu.it,Statale,ok,analysis_results/TOIC880008_PTOF_analysis.json,1.0,1.0,2.0,2.0,2.0,3.0,2.0,2.0,2.0,2.0,3.0,2.0,2.0,2.0,1.0,3.0,3.0,4.0,2.0,3.0,3.0,3.0,2.0,2.0,2.0,2.2,2.25,2.0,3.0,2.4,3,1,2.37,0,45.13525075,7.04641962
MEIC89100B,I.C. N. 1 Tortorici,Tortorici,Messina,Sicilia,Isole,"I Grado, Infanzia, Primaria, Tecnico",Istituto Comprensivo,Metropolitano,"Comprensivo, I Grado, II Grado, Infanzia, Primaria",Via Zappulla 88,98078,meic89100b@istruzione.it,meic89100b@pec.istruzione.it,www.ic1tortorici.edu.it,Statale,ok,analysis_results/MEIC89100B_PTOF_analysis.json,1.0,5.0,3.0,3.0,4.0,5.0,3.0,5.0,5.0,1.0,3.0,4.0,3.0,5.0,3.0,5.0,4.0,5.0,3.0,4.0,3.0,5.0,3.0,4.0,5.0,3.6,3.5,4.0,4.0,4.0,10,25,3.82,0,38.03054087,14.82486377
VRPM00801N,Guarino Veronese,San Bonifacio,Verona,Veneto,Nord Est,"I Grado, Infanzia, Primaria",Istituto Magistrale,Non Metropolitano,"I Grado, Infanzia, Primaria",Via Cav.Di Vittorio Veneto 28,37047,vris008006@istruzione.it,ND,www.guarinoveronese.it,Statale,ok,analysis_results/VRPM00801N_PTOF_analysis.json,0.0,2.0,3.0,3.0,1.0,4.0,2.0,1.0,5.0,1.0,3.0,3.0,4.0,5.0,2.0,5.0,5.0,2.0,3.0,5.0,3.0,2.0,5.0,4.0,5.0,2.6,2.5,3.8,3.75,3.8,11,3,3.29,0,45.39592296,11.2699234
VA1E011004,Scuola Primaria Paritaria Don Luigi Monza,Cislago,Varese,Lombardia,Nord Ovest,Primaria,Scuola Primaria Non Statale,Non Metropolitano,Primaria,Via San Giulio 289,21040,segreteria.dlm@istitutotirinnanzi.it,la.carovana@pec.it,www.istitutotirinnanzi.it,Paritaria,ok,analysis_results/VA1E011004_PTOF_analysis.json,1.0,2.0,3.0,3.0,2.0,1.0,1.0,1.0,2.0,1.0,2.0,1.0,2.0,3.0,1.0,3.0,1.0,3.0,2.0,2.0,1.0,5.0,4.0,1.0,4.0,2.0,1.5,2.0,2.0,3.0,2,4,2.1,0,45.66174873,8.97062131
LT1E00400C,Istituto Bambin Gesu',Sezze,Latina,Lazio,Centro,Primaria,Scuola Primaria Non Statale,Non Metropolitano,Primaria,Via Corradini,04018,scuola.bgesusezze@tiscali.it,ND,www.scuolainfanziasolagna.it,Paritaria,ok,analysis_results/LT1E00400C_PTOF_analysis.json,0.0,1.0,3.0,3.0,3.0,4.0,2.0,1.0,4.0,1.0,2.0,3.0,3.0,5.0,2.0,4.0,4.0,5.0,3.0,4.0,3.0,5.0,4.0,3.0,4.0,3.0,2.0,3.4,4.0,3.8,8,3,3.24,0,41.49794258,13.05876813
CAIC840003,"Villasor ""E.Puxeddu""",Villasor,Sud Sardegna,Sardegna,Isole,"I Grado, Infanzia, Professionale",Istituto Comprensivo,Non Metropolitano,"I Grado, II Grado, Infanzia",Via Porrino 12,09034,caic840003@istruzione.it,caic840003@pec.istruzione.it,https//www.istitutocomprensivovillasor.edu.it,Statale,ok,analysis_results/CAIC840003_PTOF_analysis.json,0.0,2.0,2.0,2.0,2.0,3.0,2.0,2.0,2.0,2.0,3.0,2.0,2.0,2.0,2.0,3.0,2.0,4.0,2.0,3.0,2.0,2.0,2.0,2.0,2.0,2.2,2.25,2.2,2.75,2.0,2,1,2.28,0,39.38068871,8.94065031
TPIS002005,"I.I.S.S. ""F. D'Aguirre - D. Alighieri""",Salemi,Trapani,Sicilia,Isole,"I Grado, Infanzia, Liceo, Primaria, Professionale, Tecnico",Istituto Superiore,Non Metropolitano,II Grado,Via Baviera - N. 1,91018,tpis002005@istruzione.it,tpis002005@pec.istruzione.it,www.istitutodaguirre.edu.it,Statale,ok,analysis_results/TPIS002005_PTOF_analysis.json,0.0,0.0,3.0,3.0,3.0,4.0,3.0,3.0,3.0,2.0,3.0,2.0,3.0,3.0,2.0,2.0,2.0,3.0,2.0,3.0,3.0,3.0,2.0,3.0,3.0,3.2,2.75,2.4,2.5,2.8,11,8,2.73,0,37.81600398,12.80150907
RMEE839029,Via Carlo Fadda,Roma,Roma,Lazio,Centro,Primaria,ND,Metropolitano,Primaria,Via Carlo Fadda 91/93,00173,rmic839006@istruzione.it,ND,www.icviagmessina.gov.it/,Statale,ok,analysis_results/RMEE839029_PTOF_analysis.json,1.0,7.0,5.0,5.0,5.0,4.0,5.0,4.0,4.0,3.0,4.0,4.0,4.0,4.0,4.0,4.0,5.0,4.0,4.0,6.0,4.0,4.0,3.0,3.0,4.0,4.8,3.75,4.0,4.75,3.6,9,21,4.18,0,41.89277044,12.48366723
RCRH100012,Ipalb Tur Sezione Staccata,Reggio Di Calabria,Reggio Calabria,Calabria,Sud,"Infanzia, Primaria",ND,Metropolitano,"Infanzia, Primaria",ND,ND,rcrh100001@istruzione.it,ND,www.ipalbturvillasg.gov.it,Statale,ok,analysis_results/RCRH100012_PTOF_analysis.json,0.0,0.0,3.0,3.0,1.0,5.0,3.0,1.0,5.0,0.0,1.0,4.0,3.0,5.0,3.0,4.0,5.0,3.0,4.0,4.0,3.0,5.0,3.0,1.0,3.0,3.0,2.33,3.8,4.0,3.0,6,8,3.23,0,38.10922766,15.64345359
SAAA8CC05Q,"Mercato S.Severino -""E.Coppola""",Mercato San Severino,Salerno,Campania,Sud,Infanzia,Scuola Infanzia,Non Metropolitano,Infanzia,Via Rimembranza,84085,info@istitutoparini.it,ND,https//www.icsenatoremdu.it/,Statale,ok,analysis_results/SAAA8CC05Q_PTOF_analysis.json,0.0,2.0,5.0,5.0,3.0,3.0,4.0,2.0,4.0,1.0,4.0,2.0,5.0,4.0,2.0,5.0,4.0,5.0,3.0,4.0,6.0,6.0,3.0,4.0,5.0,4.0,2.75,3.6,4.0,4.8,23,8,3.83,0,40.7862946,14.75357737
GEIC83000D,I.C. Montaldo,Genova,Genova,Liguria,Nord Ovest,"Infanzia, Primaria",ND,Metropolitano,"Infanzia, Primaria",Via Montaldo 8,16137,geic83000d@istruzione.it,geic83000d@pec.istruzione.it,https//www.icmontaldo-genova.edu.it/,Statale,ok,analysis_results/GEIC83000D_PTOF_analysis.json,0.0,1.0,3.0,3.0,2.0,1.0,1.0,1.0,1.0,1.0,1.0,2.0,2.0,3.0,1.0,3.0,4.0,3.0,3.0,3.0,1.0,3.0,3.0,1.0,1.0,2.0,1.0,2.2,3.25,1.8,3,13,2.05,0,44.41149314,8.9326992
NAPS27000E,L.Sc.C.Miranda-F/Maggiore-,Frattamaggiore,Napoli,Campania,Sud,Liceo,Liceo Scientifico,Metropolitano,II Grado,Prol. Via F.A. Giordano 91,80027,naps27000e@istruzione.it,naps27000e@pec.istruzione.it,www.liceocarlomiranda.it,Statale,ok,analysis_results/NAPS27000E_PTOF_analysis.json,0.0,5.0,5.0,2.0,2.0,5.0,4.0,3.0,5.0,3.0,4.0,4.0,3.0,5.0,2.0,5.0,4.0,5.0,3.0,3.0,5.0,4.0,3.0,4.0,5.0,3.6,3.75,3.8,3.75,4.2,10,26,3.82,0,40.94120241,14.27258035
CEEE86803D,Dragoni Maiorano Di Monte-Alv-,Dragoni,Caserta,Campania,Sud,Primaria,ND,Non Metropolitano,Primaria,Via Annunziata,81010,ceic868009@istruzione.it,ND,www.icalvignano.edu.it,Statale,ok,analysis_results/CEEE86803D_PTOF_analysis.json,0.0,0.0,3.0,3.0,2.0,1.0,1.0,1.0,1.0,1.0,1.0,2.0,2.0,3.0,1.0,3.0,4.0,3.0,3.0,3.0,1.0,3.0,3.0,1.0,1.0,2.0,1.0,2.2,3.25,1.8,4,14,2.05,0,41.27339687,14.30845696
UD1A00600D,Scuola Infanzia Paritaria Paola Di Rosa,Arta Terme,Udine,Friuli-Venezia G.,Nord Est,Infanzia,ND,Non Metropolitano,Infanzia,Via Fontana 23,33022,infanziapaoladirosa@gmail.com,congregazionesuorecarita@legalmail.it,www.comune.trieste.it,Paritaria,ok,analysis_results/UD1A00600D_PTOF_analysis.json,0.0,2.0,3.0,3.0,2.0,1.0,1.0,1.0,3.0,1.0,3.0,3.0,1.0,5.0,2.0,3.0,2.0,1.0,2.0,3.0,5.0,5.0,4.0,2.0,5.0,2.0,2.0,2.8,2.0,4.2,9,3,2.6,0,46.47288214,13.02486016
PEAA81003T,San Valentino C.U.,San Valentino In Abruzzo Citer,Pescara,Abruzzo,Sud,Infanzia,Scuola Infanzia,Non Metropolitano,Infanzia,Via Matteotti 17,65020,peic81000v@istruzione.it,ND,www.icsanvalentino.it/wp-login.php,Statale,ok,analysis_results/PEAA81003T_PTOF_analysis.json,0.0,2.0,3.0,3.0,2.0,5.0,1.0,1.0,5.0,1.0,1.0,3.0,4.0,6.0,1.0,3.0,5.0,6.0,4.0,4.0,1.0,3.0,3.0,2.0,2.0,2.8,2.0,3.4,4.75,2.2,13,11,3.03,0,,
KR1A01800L,Associazione Arcobaleno Scuola Materna Onlus,Roccabernarda,Crotone,Calabria,Sud,Infanzia,ND,Non Metropolitano,Infanzia,Via Trieste54,88835,arcobalenov@libero.it,ND,ND,Paritaria,ok,analysis_results/KR1A01800L_PTOF_analysis.json,1.0,4.0,6.0,6.0,5.0,6.0,6.0,4.0,6.0,3.0,5.0,4.0,6.0,4.0,3.0,4.0,6.0,4.0,4.0,5.0,5.0,6.0,3.0,5.0,5.0,5.8,4.5,4.2,4.75,4.8,14,29,4.81,0,39.13395116,16.87173066
CEAA88702L,Scuola Maternastatale,Falciano Del Massico,Caserta,Campania,Sud,Infanzia,ND,Non Metropolitano,Infanzia,Via Ponticello,81030,ceic88700p@istruzione.it,ND,www.carinola-falcianodelmassico.it,Statale,ok,analysis_results/CEAA88702L_PTOF_analysis.json,0.0,2.0,3.0,3.0,2.0,3.0,2.0,1.0,4.0,1.0,4.0,4.0,2.0,5.0,3.0,4.0,2.0,2.0,2.0,3.0,5.0,5.0,4.0,2.0,5.0,2.6,2.5,3.6,2.25,4.2,7,3,3.03,0,41.16754649,13.9488624
PNEE830023,"Pn-Vallenoncello ""L.Da Vinci""",Pordenone,Pordenone,Friuli-Venezia G.,Nord Est,Primaria,ND,Non Metropolitano,Primaria,Via Valle 2,33170,pnic83000x@istruzione.it,mtis01700x@pec.istruzione.it,www.icpordenonesud.edu.it,Statale,ok,analysis_results/PNEE830023_PTOF_analysis.json,1.0,1.0,4.0,4.0,4.0,4.0,4.0,3.0,3.0,3.0,3.0,3.0,4.0,3.0,3.0,3.0,4.0,3.0,4.0,4.0,4.0,4.0,1.0,3.0,3.0,4.0,3.0,3.2,3.75,3.0,15,22,3.39,0,45.95443546,12.66002911
NAEE23602N,Quarto 2 - Falcone,Quarto,Napoli,Campania,Sud,Primaria,ND,Metropolitano,Primaria,Via Campana 356,80010,naee23600g@istruzione.it,ctic81600v@pec.istruzione.it,www.direzionedidatticaquarto2.edu.it,Statale,ok,analysis_results/NAEE23602N_PTOF_analysis.json,1.0,3.0,4.0,4.0,3.0,3.0,4.0,4.0,3.0,2.0,3.0,4.0,4.0,4.0,3.0,4.0,3.0,3.0,3.0,4.0,4.0,5.0,3.0,3.0,4.0,3.6,3.0,3.8,3.25,3.8,22,35,3.49,0,40.87770075,14.14350978
FIMM86901X,Leonardo Da Vinci,Lastra A Signa,Firenze,Toscana,Centro,I Grado,ND,Metropolitano,I Grado,Via Di Sotto 1,50055,fiic86900v@istruzione.it,ND,www.iclastraasigna.edu.it,Statale,ok,analysis_results/FIMM86901X_PTOF_analysis.json,0.0,2.0,3.0,3.0,3.0,3.0,3.0,3.0,3.0,3.0,3.0,4.0,4.0,4.0,3.0,4.0,4.0,3.0,3.0,4.0,4.0,4.0,3.0,3.0,3.0,3.0,3.0,3.8,3.5,3.4,2,2,3.34,0,43.77012377,11.10606378
CS1A137004,"S.M.Non S. Cosenza ""Petite Ecole 2000""",Cosenza,Cosenza,Calabria,Sud,Infanzia,Scuola Infanzia Non Statale,Non Metropolitano,Infanzia,Via Calabria 16,87100,petiteecole2000@tiscali.it,petiteecole2000@pec.it,ND,Paritaria,ok,analysis_results/CS1A137004_PTOF_analysis.json,0.0,1.0,3.0,4.0,1.0,4.0,1.0,1.0,3.0,1.0,3.0,4.0,4.0,5.0,3.0,5.0,5.0,5.0,2.0,4.0,3.0,4.0,4.0,1.0,3.0,2.6,2.0,4.2,4.0,3.0,5,2,3.16,0,39.29308673,16.25609864
NATHE15007,A. Vespucci (Sett. Tec. - Op. Cond. Mezzo Nav. E App. Imp. Maritt.),Frattamaggiore,Napoli,Campania,Sud,"I Grado, Infanzia, Primaria, Professionale",Scuola Sec. Secondo Grado Non Statale,Metropolitano,II Grado,Via Bartolomeo Capasso 17/19,80027,istitutoamerigovespucci@hotmail.it,istitutoamerigovespucci@pec.it,www.kindergarten.it,Paritaria,ok,analysis_results/NATHE15007_PTOF_analysis.json,0.0,1.0,3.0,3.0,3.0,3.0,2.0,2.0,3.0,1.0,3.0,4.0,3.0,4.0,3.0,5.0,4.0,4.0,3.0,5.0,4.0,4.0,3.0,2.0,4.0,2.8,2.25,3.8,4.0,3.4,11,5,3.25,0,40.94120241,14.27258035
LETF006016,Casarano,Casarano,Lecce,Puglia,Sud,Tecnico,ND,Non Metropolitano,II Grado,Viale Francesco Ferrari,73042,leis00600n@istruzione.it,ND,www.iisameucci.edu.it,Statale,ok,analysis_results/LETF006016_PTOF_analysis.json,0.0,0.0,2.0,2.0,2.0,3.0,2.0,2.0,2.0,2.0,3.0,2.0,2.0,2.0,2.0,3.0,2.0,3.0,2.0,2.0,2.0,2.0,2.0,2.0,2.0,2.2,2.25,2.2,2.25,2.0,3,1,2.18,0,40.00917327,18.16107134
PAMM8AP018,Garibaldi G. - Rapisardi,Palermo,Palermo,Sicilia,Isole,I Grado,Scuola Primo Grado,Metropolitano,I Grado,Via Delle Croci 5,90139,paic8ap007@istruzione.it,paic8ap007@pec.istruzione.it,www.rapisardigaribaldi.it,Statale,ok,analysis_results/PAMM8AP018_PTOF_analysis.json,0.0,2.0,3.0,3.0,3.0,3.0,2.0,2.0,3.0,2.0,2.0,4.0,3.0,4.0,2.0,5.0,2.0,3.0,2.0,3.0,2.0,2.0,2.0,2.0,2.0,2.8,2.25,3.6,2.5,2.0,6,1,2.63,0,38.11569725,13.36235675
FREE80304T,Ausonia Capoluogo,Ausonia,Frosinone,Lazio,Centro,Primaria,ND,Non Metropolitano,Primaria,Via Alighieri,03040,fric80300l@istruzione.it,pvps05000q@pec.istruzione.it,www.icesperia.it,Statale,ok,analysis_results/FREE80304T_PTOF_analysis.json,1.0,7.0,4.0,4.0,4.0,4.0,4.0,3.0,4.0,2.0,2.0,3.0,3.0,3.0,3.0,3.0,4.0,3.0,3.0,4.0,3.0,3.0,3.0,3.0,3.0,4.0,2.75,3.0,3.5,3.0,13,48,3.25,0,41.35424556,13.74885639
VEPC050007,Xxv Aprile,Portogruaro,Venezia,Veneto,Nord Est,Liceo,ND,Metropolitano,II Grado,Via Martiri N. 13,30026,vepc050007@istruzione.it,vepc050007@pec.istruzione.it,www.liceoxxv.edu.it,Statale,ok,analysis_results/VEPC050007_PTOF_analysis.json,0.0,3.0,5.0,5.0,5.0,5.0,5.0,5.0,5.0,5.0,5.0,5.0,5.0,5.0,5.0,5.0,5.0,4.0,5.0,5.0,5.0,5.0,4.0,5.0,4.0,5.0,5.0,5.0,4.75,4.6,23,0,4.87,0,45.77576572,12.83740983
BNIS02300V,Faicchio,Faicchio,Benevento,Campania,Sud,"Professionale, Tecnico",Istituto Superiore,Non Metropolitano,II Grado,Via Raffaele Delcogliano,82030,bnis02300v@istruzione.it,bnis02300v@pec.istruzione.it,www.ittfaicchio.it,Statale,ok,analysis_results/BNIS02300V_PTOF_analysis.json,0.0,5.0,4.0,4.0,4.0,5.0,4.0,5.0,5.0,2.0,4.0,4.0,4.0,4.0,3.0,5.0,5.0,4.0,2.0,5.0,5.0,6.0,3.0,4.0,4.0,4.2,4.0,4.0,4.0,4.4,15,10,4.12,0,41.27840301,14.47948684
PDEE84401D,Ponte S.Nicolo'- Loc.Rio,Ponte San Nicolo',Padova,Veneto,Nord Est,Primaria,ND,Non Metropolitano,Primaria,Via Gasparini 4,35020,pdic84400b@istruzione.it,pdic84400b@pec.istruzione.it,www.icpontesannicolo.it,Statale,ok,analysis_results/PDEE84401D_PTOF_analysis.json,1.0,2.0,3.0,3.0,3.0,5.0,1.0,3.0,4.0,1.0,2.0,4.0,3.0,3.0,3.0,3.0,3.0,2.0,2.0,3.0,3.0,3.0,3.0,3.0,3.0,3.0,2.5,3.2,2.5,3.0,15,16,2.84,0,,
VCIC815008,Di Baraggia Arborio E Gattinara,Gattinara,Vercelli,Piemonte,Nord Ovest,"I Grado, Infanzia, Professionale",ND,Non Metropolitano,"I Grado, II Grado, Infanzia",Via San Rocco 1,13045,vcic815008@istruzione.it,vcic815008@pec.istruzione.it,https//comprensivogattinara.edu.it/,Statale,ok,analysis_results/VCIC815008_PTOF_analysis.json,0.0,2.0,2.0,2.0,2.0,3.0,2.0,2.0,2.0,2.0,3.0,2.0,2.0,2.0,2.0,3.0,2.0,3.0,2.0,2.0,2.0,2.0,2.0,2.0,2.0,2.2,2.25,2.2,2.25,2.0,3,1,2.18,0,45.61734452,8.37128081
KREE80305P,Pizzuta (Crotone),Crotone,Crotone,Calabria,Sud,Primaria,ND,Non Metropolitano,Primaria,Via San Giuseppe,88900,kric80300c@istruzione.it,istitutisantamaria@legalmail.it,https//www.icpapanice.edu.it,Statale,ok,analysis_results/KREE80305P_PTOF_analysis.json,1.0,5.0,6.0,6.0,7.0,5.0,6.0,6.0,5.0,5.0,7.0,5.0,6.0,6.0,5.0,5.0,7.0,5.0,6.0,6.0,5.0,5.0,3.0,3.0,3.0,6.0,5.75,5.4,6.0,3.8,9,19,5.39,1,39.08036861,17.12539245
BOPMNL500M,Liceo Delle Scienze Umane Opzione Economico Sociale Beata Vergine Di San Luca,Bologna,Bologna,Emilia Romagna,Nord Est,"I Grado, Liceo, Professionale, Tecnico",ND,Metropolitano,II Grado,Via Jacopo Della Quercia1,40128,ND,segreteria.isbvsl@pec.it,https//www.salesianibologna.net/,Paritaria,ok,analysis_results/BOPMNL500M_PTOF_analysis.json,1.0,2.0,5.0,4.0,5.0,4.0,4.0,3.0,4.0,3.0,3.0,4.0,4.0,4.0,3.0,3.0,4.0,3.0,3.0,3.0,4.0,5.0,3.0,3.0,3.0,4.4,3.25,3.6,3.25,3.6,8,20,3.62,0,44.4943668,11.3417208
MEPS045007,"Liceo Scientifico ""Empedocle"" Societa' Ibis S.R.L.",Messina,Messina,Sicilia,Isole,"I Grado, Infanzia, Professionale",Scuola Sec. Secondo Grado Non Statale,Metropolitano,II Grado,Via Felice Bisazza 89,98122,messina@scuolaempedocle.com,scuolaempedocle@legalmail.it,www.scuolaempedocle.it,Paritaria,ok,analysis_results/MEPS045007_PTOF_analysis.json,0.0,2.0,2.0,2.0,2.0,3.0,2.0,2.0,2.0,2.0,3.0,2.0,2.0,2.0,2.0,3.0,3.0,3.0,2.0,3.0,3.0,3.0,2.0,2.0,2.0,2.2,2.25,2.2,2.75,2.4,3,1,2.36,0,38.19395841,15.55572383
PVAA800067,Scuola Infanzia Di Colli Verdi,Colli Verdi,Pavia,Lombardia,Nord Ovest,Infanzia,ND,Non Metropolitano,Infanzia,Via Municipio N.8,27061,pvic800005@istruzione.it,ND,www.icvalleversa.it,Statale,ok,analysis_results/PVAA800067_PTOF_analysis.json,0.0,2.0,2.0,2.0,2.0,3.0,1.0,2.0,3.0,1.0,2.0,2.0,2.0,3.0,2.0,3.0,1.0,3.0,2.0,3.0,2.0,3.0,2.0,3.0,2.0,2.0,2.0,2.4,2.25,2.4,3,3,2.21,0,,
SV1A01100G,Scuola Materna Carlotta Garroni,Quiliano,Savona,Liguria,Nord Ovest,Infanzia,ND,Non Metropolitano,Infanzia,Via San Pietro 31- F.Ne Valleggia,17047,maternagarroni@virgilio.it,maternagarroni@pec.it,www.carminepd.it,Paritaria,ok,analysis_results/SV1A01100G_PTOF_analysis.json,0.0,0.0,3.0,3.0,1.0,4.0,1.0,1.0,4.0,1.0,1.0,4.0,2.0,5.0,2.0,5.0,3.0,2.0,3.0,3.0,2.0,4.0,3.0,1.0,3.0,2.4,1.75,3.6,2.75,2.6,15,10,2.62,0,44.29342208,8.41137969
PCTD015006,G.Marconi,Piacenza,Piacenza,Emilia Romagna,Nord Est,"I Grado, Infanzia, Professionale",ND,Non Metropolitano,II Grado,Via Cortesi 20,29100,infoscuola@istitutomarconi.com,ND,ND,Paritaria,ok,analysis_results/PCTD015006_PTOF_analysis.json,0.0,2.0,2.0,2.0,2.0,3.0,2.0,2.0,2.0,2.0,3.0,2.0,2.0,2.0,2.0,3.0,2.0,3.0,2.0,2.0,2.0,2.0,2.0,2.0,2.0,2.2,2.25,2.2,2.25,2.0,3,1,2.18,0,45.05193461,9.6926326
RMIC8F9002,I.C. Velletri Centro,Velletri,Roma,Lazio,Centro,"I Grado, Infanzia, Primaria, Professionale",Istituto Comprensivo,Metropolitano,"Comprensivo, I Grado, II Grado, Infanzia, Primaria",Viale Oberdan 1,00049,rmic8f9002@istruzione.it,rmic8f9002@pec.istruzione.it,www.icvelletricentro.edu.it,Statale,ok,analysis_results/RMIC8F9002_PTOF_analysis.json,0.0,1.0,6.0,6.0,4.0,5.0,5.0,4.0,6.0,1.0,5.0,5.0,6.0,5.0,4.0,5.0,5.0,3.0,4.0,5.0,5.0,6.0,4.0,4.0,4.0,5.2,4.0,5.0,4.25,4.6,10,9,4.61,0,41.68638171,12.77719681
BOTD00901G,Caduti Della Direttissima - Tecnico,Castiglione Dei Pepoli,Bologna,Emilia Romagna,Nord Est,Tecnico,ND,Metropolitano,II Grado,Via Toscana 21,40035,bois009009@istruzione.it,toic8b600g@pec.istruzione.it,https//isicast.edu.it/,Statale,ok,analysis_results/BOTD00901G_PTOF_analysis.json,1.0,1.0,1.0,1.0,1.0,1.0,1.0,3.0,3.0,2.0,3.0,3.0,3.0,3.0,3.0,3.0,3.0,1.0,3.0,3.0,2.0,2.0,2.0,2.0,2.0,1.0,2.75,3.0,2.5,2.0,4,7,2.25,0,44.14165584,11.15391212
SS1A5D500E,"Scuola Comunale ""Francesco Ledda""",Ala' Dei Sardi,Sassari,Sardegna,Isole,Infanzia,ND,Non Metropolitano,Infanzia,Via Rinascita 19,07020,info@istitutoparini.it,congregazionefdc@pec.it,www.istitutoparini.it,Paritaria,ok,analysis_results/SS1A5D500E_PTOF_analysis.json,1.0,3.0,5.0,5.0,5.0,5.0,5.0,3.0,5.0,3.0,5.0,4.0,5.0,4.0,4.0,4.0,4.0,4.0,4.0,4.0,5.0,5.0,5.0,5.0,5.0,5.0,4.0,4.2,4.0,5.0,15,26,4.44,0,,
CSIS01800G,Iis Acri Lc Ls Julia- Itcg Fal-Ipsia Iti,Acri,Cosenza,Calabria,Sud,"I Grado, Infanzia, Primaria, Professionale, Tecnico",ND,Non Metropolitano,II Grado,Via Alcide De Gaspari - Snc,87041,csis01800g@istruzione.it,csis01800g@pec.istruzione.it,www.liceojulia.gov.it,Statale,ok,analysis_results/CSIS01800G_PTOF_analysis.json,1.0,1.0,3.0,3.0,1.0,3.0,3.0,3.0,3.0,2.0,2.0,3.0,3.0,3.0,3.0,3.0,3.0,1.0,3.0,3.0,2.0,2.0,2.0,2.0,2.0,2.6,2.5,3.0,2.5,2.0,4,6,2.52,0,39.48835683,16.38155051
RCIC80500X,"""Falcomata' - Archi""",Reggio Di Calabria,Reggio Calabria,Calabria,Sud,"I Grado, Infanzia, Primaria, Professionale",Istituto Comprensivo,Metropolitano,"Comprensivo, I Grado, II Grado, Infanzia, Primaria",Via Montello N. 7,89122,rcic80500x@istruzione.it,rcic80500x@pec.istruzione.it,www.icfalcomatarchi.edu.it,Statale,ok,analysis_results/RCIC80500X_PTOF_analysis.json,0.0,2.0,3.0,3.0,2.0,2.0,2.0,3.0,2.0,1.0,4.0,1.0,2.0,2.0,2.0,3.0,3.0,4.0,2.0,4.0,1.0,3.0,1.0,1.0,1.0,2.4,2.5,2.0,3.25,1.4,0,2,2.31,0,38.10922766,15.64345359
TA1E00700G,Santa Teresa,Martina Franca,Taranto,Puglia,Sud,Primaria,ND,Non Metropolitano,Primaria,Via S.M. Mazzarello 4,74015,scuolaprimariaparitsantateresa@gmail.com,segretmart@pec.it,www.istitutomariausiliatrice.com,Paritaria,ok,analysis_results/TA1E00700G_PTOF_analysis.json,0.0,1.0,3.0,3.0,1.0,2.0,1.0,1.0,1.0,1.0,1.0,2.0,2.0,3.0,1.0,3.0,4.0,3.0,3.0,3.0,1.0,3.0,3.0,1.0,1.0,2.0,1.0,2.2,3.25,1.8,4,13,2.05,0,40.70492676,17.33897058
CTCT71000R,C.T. N. 2 (Distr. 12 Ist. Alb. Ct),Catania,Catania,Sicilia,Isole,"Professionale, Tecnico",Centro Territoriale,Metropolitano,II Grado,Via Vittime Civile Di Guerra 8,95123,ctmm150008@istruzione.it,ND,cpiacataniauno.it,Statale,ok,analysis_results/CTCT71000R_PTOF_analysis.json,0.0,2.0,4.0,4.0,4.0,4.0,4.0,5.0,4.0,5.0,5.0,4.0,4.0,4.0,3.0,5.0,4.0,3.0,5.0,4.0,4.0,5.0,3.0,3.0,3.0,4.0,4.75,4.0,4.0,3.6,21,16,4.07,0,37.50287801,15.08704738
RCRI03152P,Ipsia Siderno - Corso Serale,Siderno,Reggio Calabria,Calabria,Sud,"Professionale, Tecnico",ND,Metropolitano,II Grado,Via Mazzini 2,89048,piri02000g@istruzione.it,piri02000g@pec.istruzione.it,https//www.iismarconisiderno.edu.it/,Statale,ok,analysis_results/RCRI03152P_PTOF_analysis.json,1.0,2.0,3.0,3.0,3.0,3.0,3.0,3.0,4.0,3.0,3.0,4.0,3.0,3.0,3.0,3.0,3.0,3.0,3.0,4.0,3.0,3.0,3.0,3.0,3.0,3.0,3.25,3.2,3.25,3.0,16,23,3.14,0,38.26870019,16.29758961
RMMM8EH01L,Sms Via Cecco Angiolieri,Roma,Roma,Lazio,Centro,I Grado,ND,Metropolitano,I Grado,Via Cecco Angiolieri 15,00137,rmic8eh00g@istruzione.it,ND,www.icsavinio.gov.it,Statale,ok,analysis_results/RMMM8EH01L_PTOF_analysis.json,0.0,0.0,3.0,3.0,2.0,1.0,1.0,1.0,1.0,1.0,1.0,2.0,2.0,3.0,1.0,3.0,4.0,3.0,3.0,3.0,1.0,2.0,2.0,1.0,1.0,2.0,1.0,2.2,3.25,1.4,3,14,1.97,0,41.89277044,12.48366723
SATFIP5005,"""Giuseppe Nasta"" Tecnico Tecnologico Sistema Moda Art Tessile Abbigliamento Moda",Corbara,Salerno,Campania,Sud,"I Grado, Liceo, Primaria, Tecnico",ND,Non Metropolitano,II Grado,Via Tenente Lignola 20,84010,amministrazione@ldavinci.org,helios2020@pec.it,www.ldavinci.org,Paritaria,ok,analysis_results/SATFIP5005_PTOF_analysis.json,0.0,2.0,5.0,5.0,4.0,5.0,5.0,5.0,3.0,2.0,5.0,5.0,5.0,5.0,5.0,5.0,5.0,3.0,3.0,3.0,5.0,4.0,1.0,3.0,4.0,4.8,3.75,5.0,3.5,3.4,20,0,4.09,0,40.72278294,14.59252635
TSPM004011,Giosue' Carducci,Trieste,Trieste,Friuli-Venezia G.,Nord Est,"I Grado, Infanzia, Primaria",ND,Non Metropolitano,"I Grado, Infanzia, Primaria",Via Giustiniano 3,34133,tsis00400d@istruzione.it,ND,www.carduccidante.edu.it,Statale,ok,analysis_results/TSPM004011_PTOF_analysis.json,0.0,0.0,3.0,3.0,1.0,4.0,1.0,1.0,2.0,1.0,2.0,1.0,2.0,2.0,1.0,3.0,3.0,4.0,2.0,3.0,1.0,4.0,3.0,1.0,1.0,2.4,1.5,1.8,3.0,2.0,1,3,2.14,0,45.6494354,13.7681366
AGEE85805T,Gaetano Guarino,Favara,Agrigento,Sicilia,Isole,Primaria,ND,Non Metropolitano,Primaria,Via Capitano Emanuele Basile S.N.,92026,ND,ND,www.icbersagliereurso.it,Statale,ok,analysis_results/AGEE85805T_PTOF_analysis.json,0.0,2.0,2.0,2.0,2.0,3.0,2.0,2.0,2.0,2.0,3.0,2.0,2.0,2.0,2.0,3.0,3.0,3.0,2.0,3.0,3.0,3.0,2.0,2.0,2.0,2.2,2.25,2.2,2.75,2.4,3,2,2.36,0,37.31070969,13.65646307
RMPS0O500Z,Liceo Scientifico Sportivo Leonardo Murialdo,Albano Laziale,Roma,Lazio,Centro,"I Grado, Liceo, Primaria",ND,Metropolitano,II Grado,V. Anfiteatro Romano 30,00041,info@murialdoalbano.it,cgpstsg-albano@verpec.it,www.murialdoalbano.it,Paritaria,ok,analysis_results/RMPS0O500Z_PTOF_analysis.json,0.0,5.0,3.0,3.0,4.0,5.0,3.0,2.0,3.0,1.0,3.0,2.0,3.0,3.0,2.0,3.0,2.0,4.0,2.0,3.0,5.0,3.0,1.0,2.0,3.0,3.6,2.25,2.6,2.75,2.8,5,3,2.8,0,41.72911179,12.65870332
SATNOI500S,Intelligentia Istituti I.T. Sett. Econ. Ind. Turismo,Bracigliano,Salerno,Campania,Sud,Professionale,ND,Non Metropolitano,II Grado,Via Vittorio Emanuele 8,84123,intelligentiabracigliano@gmail.com,sangiovanni7.0@pec.it,ND,Paritaria,ok,analysis_results/SATNOI500S_PTOF_analysis.json,0.0,0.0,2.0,2.0,3.0,2.0,2.0,3.0,2.0,1.0,3.0,2.0,2.0,2.0,1.0,3.0,3.0,4.0,2.0,3.0,3.0,3.0,2.0,3.0,3.0,2.2,2.25,2.0,3.0,2.8,0,1,2.45,0,40.82473827,14.7110483
LUPM019011,"Liceo ""G.Chini""",Camaiore,Lucca,Toscana,Centro,"Liceo, Professionale",Istituto Magistrale,Non Metropolitano,II Grado,Via Beata 40,55041,luis01900d@istruzione.it,luis01900d@pec.istruzione.it,www.liceochinimichelangelo.edu.it,Statale,ok,analysis_results/LUPM019011_PTOF_analysis.json,1.0,2.0,4.0,4.0,4.0,5.0,4.0,4.0,5.0,2.0,4.0,4.0,4.0,4.0,3.0,5.0,5.0,3.0,1.0,4.0,5.0,5.0,3.0,5.0,4.0,4.2,3.75,4.0,3.25,4.4,35,7,3.92,0,43.93859723,10.30417448
SVAA81402E,Savona Iii - Astengo,Savona,Savona,Liguria,Nord Ovest,Infanzia,ND,Non Metropolitano,Infanzia,Via Migliardi E Vene',17100,svic81400l@istruzione.it,ND,www.icsavona3.edu.it,Statale,ok,analysis_results/SVAA81402E_PTOF_analysis.json,1.0,3.0,5.0,5.0,5.0,5.0,5.0,3.0,4.0,3.0,3.0,7.0,4.0,3.0,3.0,3.0,4.0,4.0,3.0,4.0,3.0,3.0,3.0,3.0,3.0,5.0,3.25,4.0,3.75,3.0,7,21,3.8,0,44.30750461,8.48110865
RCRH016503,Ipsar Condofuri - Corso Serale,Condofuri,Reggio Calabria,Calabria,Sud,"Liceo, Professionale, Tecnico",ND,Metropolitano,II Grado,Contrada Monoscalco Snc,89035,rcis01600e@istruzione.it,ND,wwwiseuclide.gov.it,Statale,ok,analysis_results/RCRH016503_PTOF_analysis.json,1.0,1.0,6.0,6.0,5.0,6.0,6.0,3.0,6.0,3.0,5.0,4.0,6.0,4.0,3.0,3.0,6.0,3.0,5.0,5.0,6.0,7.0,1.0,5.0,5.0,5.8,4.25,4.0,4.75,4.8,12,20,4.72,0,38.00426486,15.85901179
TP1A0E5005,Scuola Inf. Il Paese Delle Meraviglie,Mazara Del Vallo,Trapani,Sicilia,Isole,Infanzia,ND,Non Metropolitano,Infanzia,Via Castelvetrano 69,91026,elisalongo1984@libero.it,ilpiccoloprincipemanfredi@pec.it,ND,Paritaria,ok,analysis_results/TP1A0E5005_PTOF_analysis.json,0.0,2.0,2.0,3.0,1.0,2.0,1.0,1.0,3.0,1.0,2.0,3.0,4.0,4.0,1.0,3.0,4.0,5.0,3.0,2.0,1.0,4.0,5.0,1.0,1.0,1.8,1.75,3.0,3.5,2.4,1,3,2.49,0,37.65134848,12.58972014
SAMM8AH01N,"Roccadaspide ""D.Alighieri""",Roccadaspide,Salerno,Campania,Sud,I Grado,Scuola Primo Grado,Non Metropolitano,I Grado,Piazzale Della Civilta',84069,saic8ah00l@istruzione.it,ND,http//www.istitutocomprensivoroccadaspide.gov.it,Statale,ok,analysis_results/SAMM8AH01N_PTOF_analysis.json,0.0,1.0,3.0,3.0,2.0,3.0,2.0,2.0,2.0,1.0,3.0,2.0,2.0,2.0,1.0,3.0,3.0,4.0,2.0,3.0,3.0,3.0,2.0,2.0,2.0,2.6,2.0,2.0,3.0,2.4,3,1,2.4,0,40.42604608,15.19428476
TO1A16300T,Umberto Primo,Carmagnola,Torino,Piemonte,Nord Ovest,Infanzia,ND,Metropolitano,Infanzia,V.S.Giovanni 14,10022,marina@cirr.it,ND,ND,Paritaria,ok,analysis_results/TO1A16300T_PTOF_analysis.json,1.0,5.0,5.0,5.0,4.0,4.0,4.0,3.0,5.0,0.0,5.0,4.0,5.0,5.0,2.0,4.0,6.0,6.0,4.0,5.0,5.0,6.0,4.0,3.0,5.0,4.4,4.33,4.0,5.25,4.6,15,20,4.52,0,44.84654865,7.71815745
BOAA87202E,Il Flauto Magico,Bologna,Bologna,Emilia Romagna,Nord Est,Infanzia,ND,Metropolitano,Infanzia,Via Lombardi 42,40128,moic847007@istruzione.it,moic84700t@pec.istruzione.it,https//www.istituto15bologna.edu.it/,Statale,ok,analysis_results/BOAA87202E_PTOF_analysis.json,1.0,2.0,3.0,3.0,5.0,4.0,3.0,4.0,4.0,2.0,3.0,4.0,4.0,5.0,3.0,4.0,3.0,3.0,2.0,3.0,2.0,3.0,1.0,2.0,3.0,3.6,3.25,4.0,2.75,2.2,2,33,3.16,0,44.4943668,11.3417208
RMIS01600N,Via Delle Sette Chiese 259,Roma,Roma,Lazio,Centro,"I Grado, Liceo",Istituto Superiore,Metropolitano,II Grado,Via Delle Sette Chiese 259,00147,rmis01600n@istruzione.it,rmis01600n@pec.istruzione.it,www.ist7chiese.edu.it,Statale,ok,analysis_results/RMIS01600N_PTOF_analysis.json,1.0,5.0,5.0,5.0,5.0,5.0,5.0,5.0,3.0,3.0,5.0,5.0,5.0,5.0,0.0,5.0,5.0,5.0,5.0,5.0,5.0,5.0,4.0,3.0,5.0,5.0,4.0,5.0,5.0,4.4,15,4,4.68,0,41.89277044,12.48366723
CEMM8A4034,Scuola Media - Camigliano,Camigliano,Caserta,Campania,Sud,I Grado,ND,Non Metropolitano,I Grado,Via San Pio 1,81040,ceic8a4001@istruzione.it,ND,www.icpignatarocamigliano.edu.it,Statale,ok,analysis_results/CEMM8A4034_PTOF_analysis.json,1.0,5.0,5.0,5.0,4.0,5.0,4.0,5.0,4.0,4.0,5.0,3.0,5.0,5.0,2.0,3.0,4.0,4.0,3.0,4.0,3.0,4.0,2.0,2.0,2.0,4.6,4.5,3.6,3.75,2.6,2,3,3.81,0,41.18289425,14.21035628
SARH032017,Ipseoa Castelnuovo Cilento,Castelnuovo Cilento,Salerno,Campania,Sud,"I Grado, Liceo, Primaria, Tecnico",ND,Non Metropolitano,"I Grado, II Grado, Primaria",Via Nazionale Loc. Pantana,84040,sais032003@istruzione.it,ND,www.iisancelkeys.edu.it,Statale,ok,analysis_results/SARH032017_PTOF_analysis.json,1.0,5.0,3.0,3.0,3.0,3.0,2.0,2.0,2.0,1.0,2.0,4.0,4.0,4.0,4.0,4.0,3.0,2.0,3.0,3.0,3.0,3.0,0.0,1.0,1.0,2.8,1.75,4.0,2.75,2.0,16,13,2.66,0,40.21846064,15.17802281
RMEE884038,"Monterotondo ""O. Scardelletti""",Monterotondo,Roma,Lazio,Centro,Primaria,ND,Metropolitano,Primaria,Via Salaria Km 259,00015,rmic884004@istruzione.it,ND,www.istitutogiovagnoli.edu.it,Statale,ok,analysis_results/RMEE884038_PTOF_analysis.json,1.0,7.0,5.0,5.0,5.0,5.0,5.0,5.0,3.0,5.0,5.0,5.0,5.0,5.0,5.0,5.0,5.0,3.0,5.0,5.0,3.0,3.0,3.0,3.0,3.0,5.0,4.5,5.0,4.5,3.0,9,38,4.4,0,42.05132067,12.61624809
PZEE86902C,Banzi,Banzi,Potenza,Basilicata,Sud,Primaria,ND,Non Metropolitano,Primaria,Piazza Gianturco,85010,pzic869009@istruzione.it,ND,www.icgenzanodilucania.gov.it,Statale,ok,analysis_results/PZEE86902C_PTOF_analysis.json,0.0,1.0,2.0,2.0,2.0,2.0,2.0,3.0,3.0,2.0,3.0,3.0,2.0,2.0,2.0,2.0,4.0,3.0,3.0,4.0,3.0,4.0,2.0,2.0,5.0,2.0,2.75,2.2,3.5,3.2,4,2,2.73,0,40.86033582,16.01328897
SVTF007016,"Ist. Tecn. Ind. ""Galilei"" - Albenga",Albenga,Savona,Liguria,Nord Ovest,Tecnico,ND,Non Metropolitano,II Grado,Reg. Rapalline 32,17031,svis00700n@istruzione.it,ND,www.giancardigalileiaicardi.edu.it,Statale,ok,analysis_results/SVTF007016_PTOF_analysis.json,0.0,2.0,2.0,2.0,2.0,3.0,2.0,2.0,2.0,2.0,3.0,2.0,2.0,2.0,2.0,3.0,2.0,3.0,2.0,2.0,2.0,2.0,2.0,2.0,2.0,2.2,2.25,2.2,2.25,2.0,3,1,2.18,0,44.04910721,8.21294718
CZEE83901A,Borgia - Roccelletta - I.C.,Borgia,Catanzaro,Calabria,Sud,Primaria,ND,Non Metropolitano,Primaria,Via Martiri Di Melissa 4,88021,czic839008@istruzione.it,czic839008@pec.istruzione.it,www.icsabatiniborgia.it,Statale,ok,analysis_results/CZEE83901A_PTOF_analysis.json,1.0,3.0,5.0,5.0,4.0,4.0,4.0,4.0,4.0,3.0,4.0,4.0,5.0,5.0,4.0,4.0,5.0,5.0,4.0,5.0,5.0,5.0,3.0,3.0,3.0,4.4,3.75,4.4,4.75,3.8,26,28,4.22,0,38.82732561,16.51425094
RMPM3G5002,San Benedetto,Pomezia,Roma,Lazio,Centro,"I Grado, Infanzia, Primaria",ND,Metropolitano,II Grado,Via Costarica 14,00071,ND,isb_srl@legalmail.it,www.istitutosanbenedettopomezia.it,Paritaria,ok,analysis_results/RMPM3G5002_PTOF_analysis.json,1.0,3.0,5.0,5.0,5.0,5.0,5.0,4.0,4.0,4.0,4.0,5.0,5.0,5.0,4.0,5.0,5.0,5.0,5.0,5.0,4.0,4.0,3.0,3.0,4.0,5.0,4.0,4.8,5.0,3.6,10,19,4.48,0,41.67003149,12.50163468
TEPS01401B,Liceo Scientifico Dello Sport,Atri,Teramo,Abruzzo,Sud,Liceo,ND,Non Metropolitano,II Grado,Via C.Cicada 3,64032,teis014001@istruzione.it,ND,iisadonezoli.edu.it,Statale,ok,analysis_results/TEPS01401B_PTOF_analysis.json,1.0,1.0,3.0,3.0,3.0,3.0,3.0,3.0,3.0,3.0,3.0,3.0,3.0,3.0,3.0,3.0,3.0,3.0,3.0,3.0,3.0,3.0,3.0,3.0,3.0,3.0,3.0,3.0,3.0,3.0,0,0,3.0,0,42.57971067,13.97541817
RCTD03201P,I.T.E. Ass. I.I.S. Einaudi Alvaro Palmi,Palmi,Reggio Calabria,Calabria,Sud,Tecnico,ND,Metropolitano,II Grado,Via G. Guerrera,89015,rcis03200c@istruzione.it,rcis03200c@pec.istruzione.it,https//www.iiseinaudialvaropalmi.edu.it/,Statale,ok,analysis_results/RCTD03201P_PTOF_analysis.json,1.0,7.0,5.0,5.0,5.0,5.0,5.0,5.0,5.0,5.0,5.0,5.0,5.0,5.0,5.0,5.0,7.0,5.0,5.0,5.0,5.0,5.0,5.0,5.0,5.0,5.0,5.0,5.0,5.5,5.0,26,43,5.1,1,38.35738161,15.84981529
RGIC832004,Cap. Puglisi,Acate,Ragusa,Sicilia,Isole,"I Grado, Infanzia, Primaria",Istituto Comprensivo,Non Metropolitano,"I Grado, Infanzia, Primaria",Via Duca D'Aosta 91,97011,rgic832004@istruzione.it,rgic832004@pec.istruzione.it,www.icpuglisiacate.it,Statale,ok,analysis_results/RGIC832004_PTOF_analysis.json,0.0,2.0,3.0,3.0,4.0,2.0,2.0,3.0,4.0,1.0,3.0,4.0,3.0,5.0,3.0,5.0,2.0,3.0,3.0,3.0,2.0,3.0,2.0,3.0,2.0,2.8,2.75,4.0,2.75,2.4,7,1,2.94,0,37.02640029,14.49372908
CZIC85800N,Iccz Materdomini-Nordestmanzoni,Catanzaro,Catanzaro,Calabria,Sud,"Infanzia, Primaria",ND,Non Metropolitano,"Infanzia, Primaria",Via Tommaso Campanella125,88100,czic85800n@istruzione.it,czic85800n@pec.istruzione.it,www.icmaterdominicz.gov.it,Statale,ok,analysis_results/CZIC85800N_PTOF_analysis.json,0.0,0.0,3.0,3.0,1.0,0.0,1.0,1.0,1.0,1.0,1.0,2.0,2.0,3.0,1.0,3.0,4.0,3.0,3.0,3.0,1.0,3.0,2.0,1.0,1.0,2.0,1.0,2.2,3.25,1.6,4,12,2.01,0,38.90597588,16.59440429
AGMM841017,A.Manzoni,Ravanusa,Agrigento,Sicilia,Isole,I Grado,Scuola Primo Grado,Non Metropolitano,I Grado,Via Po',92029,agic841006@istruzione.it,ND,icmanzoniravanusa.edu.it,Statale,ok,analysis_results/AGMM841017_PTOF_analysis.json,0.0,2.0,3.0,2.0,2.0,3.0,3.0,4.0,4.0,1.0,2.0,3.0,2.0,3.0,3.0,4.0,2.0,3.0,2.0,3.0,2.0,3.0,1.0,1.0,2.0,2.6,2.75,3.0,2.5,1.8,4,0,2.53,0,37.26823623,13.97248171
AGMM818016,M.Martorana,San Giovanni Gemini,Agrigento,Sicilia,Isole,I Grado,Scuola Primo Grado,Non Metropolitano,I Grado,Via Sacramento 106,92020,agic818005@istruzione.it,ND,http//www.ic-phlippone.it,Statale,ok,analysis_results/AGMM818016_PTOF_analysis.json,0.0,1.0,3.0,3.0,4.0,3.0,2.0,2.0,3.0,1.0,2.0,3.0,3.0,4.0,2.0,4.0,3.0,4.0,3.0,3.0,2.0,4.0,3.0,2.0,3.0,3.0,2.0,3.2,3.25,2.8,15,3,2.85,0,37.62994447,13.6412019
MI1E12600R,Scuola Primaria Istituto Leone Xiii,Milano,Milano,Lombardia,Nord Ovest,Primaria,Scuola Primaria Non Statale,Metropolitano,Primaria,Via Leone Xiii12,20145,segreteria.didattica@leonexiii.it,leonexiii@arubapec.it,www.leonexiii.it,Paritaria,ok,analysis_results/MI1E12600R_PTOF_analysis.json,0.0,5.0,5.0,6.0,5.0,5.0,5.0,4.0,4.0,1.0,5.0,5.0,6.0,5.0,4.0,5.0,5.0,3.0,4.0,5.0,5.0,6.0,3.0,5.0,4.0,5.2,3.5,5.0,4.25,4.6,24,4,4.51,0,45.46679408,9.1903474
NAPC7C5006,Luigi Stefanini,Casalnuovo Di Napoli,Napoli,Campania,Sud,"Liceo, Professionale, Tecnico",Scuola Sec. Secondo Grado Non Statale,Metropolitano,II Grado,Via Padre Carmine Fico N. 26/28,80013,istituto.stefanini@alice.it,centroscolasticostefaninisrl@pec.it,www.istitutostefanini.it,Paritaria,ok,analysis_results/NAPC7C5006_PTOF_analysis.json,0.0,1.0,3.0,3.0,3.0,3.0,4.0,3.0,4.0,2.0,3.0,3.0,4.0,4.0,2.0,4.0,3.0,4.0,3.0,3.0,3.0,3.0,2.0,3.0,4.0,3.2,3.0,3.4,3.25,3.0,0,0,3.17,0,40.91481074,14.3511862
AQEE84303C,Scuola Primaria Antonio Gandin,Avezzano,L'Aquila,Abruzzo,Sud,Primaria,ND,Non Metropolitano,Primaria,Via Pertini Snc,67051,aqic843008@istruzione.it,ND,https//www.istitutocomprensivocollodimarini.it/,Statale,ok,analysis_results/AQEE84303C_PTOF_analysis.json,1.0,5.0,3.0,3.0,3.0,3.0,3.0,3.0,3.0,3.0,3.0,3.0,3.0,3.0,3.0,3.0,3.0,1.0,3.0,3.0,3.0,3.0,3.0,3.0,3.0,3.0,3.0,3.0,2.5,3.0,0,0,2.9,0,42.03068032,13.4267507
AQIS01400C,Istituto Superiore Ettore Majorana,Avezzano,L'Aquila,Abruzzo,Sud,"Professionale, Tecnico",Istituto Superiore,Non Metropolitano,II Grado,Via A. Moro 1,67051,aqis01400c@istruzione.it,aqis01400c@pec.istruzione.it,www.iisavezzanomajorana.it,Statale,ok,analysis_results/AQIS01400C_PTOF_analysis.json,0.0,2.0,4.0,4.0,0.0,5.0,4.0,3.0,4.0,3.0,5.0,3.0,4.0,4.0,3.0,2.0,4.0,3.0,3.0,5.0,3.0,4.0,2.0,3.0,2.0,4.25,3.75,3.2,3.75,2.8,3,2,3.55,0,42.03068032,13.4267507
NA1A95500L,Centro Arcobaleno - Societa' Cooperativa Sociale,Napoli,Napoli,Campania,Sud,Infanzia,ND,Metropolitano,Infanzia,Via Cumana 48,80125,bnic85400a@istruzione.it,ND,www.centroarcobaleno.edu.it,Paritaria,ok,analysis_results/NA1A95500L_PTOF_analysis.json,1.0,5.0,4.0,4.0,5.0,4.0,4.0,4.0,5.0,3.0,5.0,5.0,4.0,5.0,4.0,5.0,4.0,3.0,4.0,4.0,4.0,4.0,3.0,3.0,3.0,4.2,4.25,4.6,3.75,3.4,15,14,4.04,0,40.83956554,14.25085002
ISIS003002,"Istituto Omnicomprensivo ""A. Giordano""",Venafro,Isernia,Molise,Sud,"Professionale, Tecnico",Istituto Superiore,Non Metropolitano,II Grado,Via Maiella N. 41/43,86079,isis003002@istruzione.it,isis003002@pec.istruzione.it,https//www.isissgiordano.edu.it/,Statale,ok,analysis_results/ISIS003002_PTOF_analysis.json,0.0,4.0,3.0,3.0,2.0,3.0,3.0,3.0,4.0,2.0,3.0,2.0,3.0,3.0,2.0,2.0,2.0,3.0,2.0,2.0,3.0,3.0,2.0,2.0,2.0,2.8,3.0,2.4,2.25,2.4,8,0,2.57,0,41.4861914,14.04510944
GE1A05700X,Rivarolo,Genova,Genova,Liguria,Nord Ovest,Infanzia,ND,Metropolitano,Infanzia,Passo Torbella 12A,16159,casab.montessori@gmail.com,ND,ND,Paritaria,ok,analysis_results/GE1A05700X_PTOF_analysis.json,0.0,0.0,3.0,3.0,1.0,1.0,2.0,1.0,1.0,1.0,1.0,2.0,2.0,3.0,1.0,3.0,4.0,2.0,3.0,3.0,1.0,2.0,2.0,1.0,1.0,2.0,1.0,2.2,3.0,1.4,4,13,1.92,0,44.41149314,8.9326992
TVPSIL5006,Galilei-Lic.Scientifico-Ind. Sportivo,San Biagio Di Callalta,Treviso,Veneto,Nord Est,"Liceo, Professionale, Tecnico",Scuola Sec. Secondo Grado Non Statale,Non Metropolitano,II Grado,Via Milano 1/B,31048,segreteria@istitutoparitariogalilei.it,istitutoparitariogalilei@pec.it,www.istitutoparitariogalilei.it,Paritaria,ok,analysis_results/TVPSIL5006_PTOF_analysis.json,1.0,5.0,5.0,6.0,4.0,5.0,5.0,4.0,4.0,5.0,5.0,5.0,5.0,5.0,5.0,5.0,5.0,3.0,5.0,5.0,3.0,5.0,3.0,5.0,3.0,5.0,4.5,5.0,4.5,3.8,12,10,4.56,0,45.68476004,12.37749251
TEEE84506Q,Casanova,Cortino,Teramo,Abruzzo,Sud,Primaria,ND,Non Metropolitano,Primaria,Loc. Casanova,64040,casab.montessori@gmail.com,ND,www.zippillinoelucidi.gov.it,Statale,ok,analysis_results/TEEE84506Q_PTOF_analysis.json,0.0,0.0,5.0,5.0,5.0,5.0,5.0,0.0,3.0,0.0,5.0,4.0,5.0,5.0,4.0,5.0,5.0,5.0,5.0,5.0,5.0,5.0,5.0,0.0,0.0,5.0,4.0,4.6,5.0,5.0,13,105,4.72,0,42.62169309,13.50772388
MITN05101L,I.T. Economico - C. Varalli,Milano,Milano,Lombardia,Nord Ovest,Tecnico,Istituto Tecnico Per Il Turismo,Metropolitano,II Grado,Via U. Dini 7,20142,miis05100c@istruzione.it,ND,www.iisvaralli.edu.it,Statale,ok,analysis_results/MITN05101L_PTOF_analysis.json,0.0,6.0,5.0,5.0,6.0,6.0,5.0,5.0,6.0,3.0,5.0,5.0,6.0,5.0,4.0,5.0,6.0,3.0,2.0,4.0,5.0,5.0,3.0,5.0,4.0,5.4,4.75,5.0,3.75,4.4,12,15,4.66,0,45.46679408,9.1903474
CBMM851015,"Trivento ""Scarano""",Trivento,Campobasso,Molise,Sud,I Grado,ND,Non Metropolitano,I Grado,Via Acquasantianni Snc,86029,cbic851004@istruzione.it,ND,www.istitutocomprensivotrivento.it/,Statale,ok,analysis_results/CBMM851015_PTOF_analysis.json,0.0,3.0,5.0,5.0,5.0,4.0,4.0,3.0,5.0,3.0,4.0,5.0,4.0,5.0,4.0,5.0,5.0,4.0,3.0,5.0,5.0,5.0,0.0,3.0,3.0,4.6,3.75,4.6,4.25,4.0,16,107,4.24,0,41.78409543,14.55096703
TP1A00600P,Scuola Materna Paritaria Giuseppe Fontana,Buseto Palizzolo,Trapani,Sicilia,Isole,Infanzia,ND,Non Metropolitano,Infanzia,Via Palermo 48,91012,maurizio.de.blasio@comune.trieste.it,sosc@legalmail.it,www.comune.trieste.it,Paritaria,ok,analysis_results/TP1A00600P_PTOF_analysis.json,0.0,2.0,3.0,3.0,2.0,1.0,2.0,1.0,3.0,1.0,4.0,4.0,2.0,5.0,3.0,4.0,2.0,2.0,2.0,3.0,5.0,5.0,4.0,2.0,5.0,2.2,2.25,3.6,2.25,4.2,7,3,2.9,0,38.01217232,12.71132304
FIPM69500H,Santa Marta,Firenze,Firenze,Toscana,Centro,"I Grado, Infanzia, Primaria",ND,Metropolitano,II Grado,Via Gabriele D'Annunzio 209,50100,paritario.bergamo@clerici.lombardia.it,ND,ND,Paritaria,ok,analysis_results/FIPM69500H_PTOF_analysis.json,0.0,2.0,4.0,0.0,0.0,0.0,0.0,0.0,0.0,0.0,0.0,0.0,0.0,0.0,0.0,0.0,0.0,0.0,0.0,0.0,0.0,0.0,0.0,0.0,0.0,4.0,0.0,0.0,0.0,0.0,19,0,4.0,0,43.76923077,11.25588885
RNEE80602X,S.Fortunato Grazie(Ic Marvelli),Rimini,Rimini,Emilia Romagna,Nord Est,Primaria,ND,Non Metropolitano,Primaria,Via Castellaccio 22,47923,rnic80600r@istruzione.it,ND,https//www.icmarvelli.edu.it/,Statale,ok,analysis_results/RNEE80602X_PTOF_analysis.json,1.0,7.0,5.0,5.0,5.0,4.0,5.0,4.0,4.0,3.0,4.0,4.0,4.0,4.0,3.0,4.0,5.0,4.0,4.0,6.0,4.0,4.0,4.0,3.0,4.0,4.8,3.75,3.8,4.75,3.8,10,21,4.18,0,44.06090086,12.56562951
SAEE81505B,Caselle In Pittari Cap.P.P.,Caselle In Pittari,Salerno,Campania,Sud,Primaria,ND,Non Metropolitano,Primaria,V.Le Roma,84030,saic815005@istruzione.it,ND,https//www.icteodorogaza.edu.it/,Statale,ok,analysis_results/SAEE81505B_PTOF_analysis.json,0.0,2.0,2.0,2.0,2.0,3.0,2.0,2.0,2.0,2.0,3.0,2.0,2.0,2.0,2.0,3.0,3.0,3.0,2.0,3.0,2.0,2.0,2.0,2.0,2.0,2.2,2.25,2.2,2.75,2.0,3,1,2.28,0,40.17243756,15.54391906
ORAA82202B,Ghilarza - Via 16 Marzo,Ghilarza,Oristano,Sardegna,Isole,Infanzia,Scuola Infanzia,Non Metropolitano,Infanzia,Via 16 Marzo,09074,oric82200d@istruzione.it,ND,http//www.istitutocomprensivoghilarza.edupa.it,Statale,ok,analysis_results/ORAA82202B_PTOF_analysis.json,0.0,2.0,3.0,3.0,2.0,1.0,2.0,1.0,3.0,1.0,3.0,2.0,3.0,3.0,2.0,4.0,2.0,5.0,3.0,4.0,3.0,5.0,5.0,2.0,5.0,2.2,2.0,2.8,3.5,4.0,6,5,2.9,0,40.1214624,8.8346932
NAIC8FE00Q,S. Giorgio I.C. 2 - Massaia,San Giorgio A Cremano,Napoli,Campania,Sud,"I Grado, Infanzia, Primaria, Professionale",ND,Metropolitano,"Comprensivo, I Grado, II Grado, Infanzia, Primaria",Corso Umberto,80046,naic8fe00q@istruzione.it,naic8fe00q@pec.istruzione.it,www.ic2massaia.edu.it,Statale,ok,analysis_results/NAIC8FE00Q_PTOF_analysis.json,1.0,1.0,4.0,4.0,4.0,4.0,4.0,4.0,4.0,3.0,4.0,4.0,4.0,4.0,4.0,4.0,4.0,3.0,4.0,4.0,1.0,3.0,1.0,3.0,3.0,4.0,3.75,4.0,3.75,2.2,6,10,3.54,0,40.82921168,14.33392579
CHMM812024,Rocca San Giovanni-Ic San Vito,Rocca San Giovanni,Chieti,Abruzzo,Sud,I Grado,ND,Non Metropolitano,I Grado,Via R. Paolucci,66020,chic812002@istruzione.it,ND,www.icsanvito.edu.it,Statale,ok,analysis_results/CHMM812024_PTOF_analysis.json,0.0,2.0,5.0,5.0,4.0,5.0,3.0,1.0,5.0,3.0,5.0,5.0,3.0,5.0,4.0,5.0,5.0,5.0,4.0,5.0,5.0,5.0,4.0,5.0,5.0,4.4,3.5,4.4,4.75,4.8,18,0,4.37,0,42.25110384,14.4649516
BGPS02000G,"""Filippo Lussana""",Bergamo,Bergamo,Lombardia,Nord Ovest,Liceo,Liceo Scientifico,Non Metropolitano,II Grado,Via Angelo May1,24121,bgps02000g@istruzione.it,bgps02000g@pec.istruzione.it,www.liceolussana.edu.it,Statale,ok,analysis_results/BGPS02000G_PTOF_analysis.json,1.0,4.0,4.0,4.0,5.0,5.0,4.0,4.0,5.0,3.0,4.0,5.0,5.0,5.0,4.0,4.0,5.0,4.0,3.0,4.0,5.0,5.0,3.0,5.0,5.0,4.4,4.0,4.6,4.0,4.6,22,8,4.32,0,45.69441368,9.66842453
BTSL046019,I.I.S.S. Leontine E Giuseppe De Nittis,Barletta,Barletta-Andria-Trani,Puglia,Sud,Liceo,ND,Non Metropolitano,II Grado,Via M. Cassandro 2,76121,ND,ND,www.iissdenittis.edu.it,Statale,ok,analysis_results/BTSL046019_PTOF_analysis.json,0.0,2.0,3.0,3.0,2.0,4.0,3.0,4.0,5.0,4.0,3.0,3.0,4.0,4.0,2.0,5.0,3.0,3.0,2.0,3.0,3.0,5.0,2.0,3.0,4.0,3.0,4.0,3.6,2.75,3.4,4,3,3.35,0,41.31955658,16.27717589
RMAA8GF023,Via Del Calice,Roma,Roma,Lazio,Centro,Infanzia,ND,Metropolitano,Infanzia,Via Del Calice 34/I,00178,rmic8gf005@istruzione.it,ND,http//www.viadelcalice.gov.it/,Statale,ok,analysis_results/RMAA8GF023_PTOF_analysis.json,0.0,0.0,3.0,3.0,2.0,2.0,2.0,3.0,4.0,1.0,3.0,3.0,3.0,4.0,2.0,4.0,2.0,4.0,2.0,3.0,2.0,3.0,2.0,1.0,3.0,2.4,2.75,3.2,2.75,2.2,7,2,2.66,0,41.89277044,12.48366723
FGIC877005,"I.C. ""S.Chiara-Pascoli-Altamura",Foggia,Foggia,Puglia,Sud,"I Grado, Infanzia, Professionale",Istituto Comprensivo,Non Metropolitano,"I Grado, II Grado, Infanzia",Piazza S.Chiara N.9,71121,fgic877005@istruzione.it,fgic877005@pec.istruzione.it,www.scuolasantachiara.edu.it,Statale,ok,analysis_results/FGIC877005_PTOF_analysis.json,0.0,2.0,2.0,2.0,2.0,3.0,2.0,2.0,2.0,2.0,3.0,2.0,2.0,2.0,2.0,3.0,2.0,3.0,2.0,3.0,2.0,2.0,2.0,2.0,2.0,2.2,2.25,2.2,2.5,2.0,3,1,2.23,0,41.46226862,15.54305185
BOIC83500N,I.C. Di Borgonuovo,Sasso Marconi,Bologna,Emilia Romagna,Nord Est,"I Grado, Infanzia, Professionale",ND,Metropolitano,"I Grado, II Grado, Infanzia",Giovanni Xxiii 11,40037,boic83500n@istruzione.it,boic83500n@pec.istruzione.it,https//icborgonuovo.edu.it/,Statale,ok,analysis_results/BOIC83500N_PTOF_analysis.json,0.0,2.0,2.0,2.0,2.0,3.0,2.0,2.0,2.0,2.0,3.0,2.0,2.0,2.0,2.0,3.0,3.0,3.0,2.0,3.0,2.0,2.0,2.0,2.0,2.0,2.2,2.25,2.2,2.75,2.0,3,2,2.28,0,44.39437522,11.24491727
RCRH04251L,Corso Serale I.P.S.S.A.R. Dea Persefone,Locri,Reggio Calabria,Calabria,Sud,"Liceo, Professionale, Tecnico",ND,Metropolitano,II Grado,Via I? Maggio88,89044,tois038002@istruzione.it,ND,www.ipssalocri.edu.it,Statale,ok,analysis_results/RCRH04251L_PTOF_analysis.json,1.0,3.0,5.0,5.0,5.0,3.0,5.0,6.0,6.0,3.0,6.0,5.0,5.0,5.0,5.0,5.0,6.0,3.0,5.0,5.0,5.0,6.0,5.0,5.0,5.0,4.6,5.25,5.0,4.75,5.2,19,21,4.96,0,38.2367479,16.26402974
SV1E00300E,"Paritaria ""N.S. Della Neve""",Savona,Savona,Liguria,Nord Ovest,Primaria,ND,Non Metropolitano,Primaria,Via Manzoni 7,17100,scuolanevesavona@gmail.com,scuolanevesavona@pec.nives.it,https//nivesprimariasavona.it/,Paritaria,ok,analysis_results/SV1E00300E_PTOF_analysis.json,1.0,5.0,4.0,4.0,4.0,4.0,4.0,3.0,4.0,3.0,3.0,4.0,4.0,4.0,4.0,4.0,4.0,3.0,3.0,4.0,5.0,5.0,4.0,4.0,4.0,4.0,3.25,4.0,3.5,4.4,19,33,3.83,0,44.30750461,8.48110865
MBSL062013,Liceo Artistico E. Majorana,Cesano Maderno,Monza E Della Brianza,Lombardia,Nord Ovest,Liceo,Liceo Artistico,Non Metropolitano,II Grado,Via De Gasperi6,20031,mbis06200q@istruzione.it,ND,www.iismajorana.edu.it,Statale,ok,analysis_results/MBSL062013_PTOF_analysis.json,0.0,1.0,3.0,3.0,2.0,4.0,1.0,1.0,3.0,1.0,2.0,3.0,3.0,4.0,1.0,4.0,5.0,4.0,3.0,4.0,1.0,5.0,4.0,1.0,3.0,2.6,1.75,3.0,4.0,2.8,14,5,2.83,0,45.62648006,9.14802853
RMPSII500C,G. D'Annunzio,Roma,Roma,Lazio,Centro,Liceo,Scuola Sec. Secondo Grado Non Statale,Metropolitano,II Grado,Via O. Panvinio 11/13,00162,info@istitutogabrieledannunzio.it,ND,www.istitutogabrieledannunzio.it,Paritaria,ok,analysis_results/RMPSII500C_PTOF_analysis.json,0.0,2.0,3.0,3.0,2.0,2.0,2.0,5.0,3.0,1.0,3.0,3.0,3.0,3.0,3.0,3.0,3.0,4.0,2.0,3.0,3.0,3.0,2.0,2.0,3.0,2.4,3.0,3.0,3.0,2.6,5,3,2.8,0,41.89277044,12.48366723
BAIC82100R,"I.C. ""San G. Bosco - T. Fiore""",Altamura,Bari,Puglia,Sud,"I Grado, Infanzia, Primaria",Istituto Comprensivo,Metropolitano,"Comprensivo, I Grado, Infanzia, Primaria",P.Zza De Napoli 2,70022,baic82100r@istruzione.it,baic82100r@pec.istruzione.it,www.icboscofiorealtamura.edu.it,Statale,ok,analysis_results/BAIC82100R_PTOF_analysis.json,0.0,0.0,3.0,2.0,2.0,3.0,2.0,3.0,3.0,1.0,2.0,4.0,2.0,4.0,3.0,5.0,2.0,4.0,3.0,3.0,2.0,3.0,2.0,1.0,2.0,2.4,2.25,3.6,3.0,2.0,13,1,2.65,0,40.82794435,16.55231244
BAIC89800T,"I.C. ""De Gasperi - Pende""",Noicattaro,Bari,Puglia,Sud,"I Grado, Infanzia, Primaria",Istituto Comprensivo,Metropolitano,"Comprensivo, I Grado, Infanzia, Primaria",Via De Gasperi13,70016,baic89800t@istruzione.it,baic89800t@pec.istruzione.it,www.icdegasperipende.edu.it,Statale,ok,analysis_results/BAIC89800T_PTOF_analysis.json,1.0,5.0,3.0,3.0,4.0,5.0,3.0,3.0,5.0,1.0,3.0,5.0,3.0,4.0,3.0,4.0,3.0,4.0,2.0,4.0,3.0,4.0,2.0,3.0,4.0,3.6,3.0,3.8,3.25,3.2,13,6,3.37,0,41.03390073,16.98483633
RMIC8AP00T,D. Cambellotti - Sede Centrale,Rocca Priora,Roma,Lazio,Centro,"I Grado, Infanzia, Primaria, Professionale",Istituto Comprensivo,Metropolitano,"Comprensivo, I Grado, II Grado, Infanzia, Primaria",Via Della Pineta 2,00079,rmic8ap00t@istruzione.it,rmic8ap00t@pec.istruzione.it,www.icroccapriora.edu.it,Statale,ok,analysis_results/RMIC8AP00T_PTOF_analysis.json,0.0,1.0,3.0,3.0,3.0,3.0,3.0,5.0,4.0,2.0,3.0,3.0,3.0,4.0,3.0,5.0,3.0,4.0,3.0,4.0,3.0,4.0,3.0,3.0,4.0,3.0,3.5,3.6,3.5,3.4,5,2,3.4,0,41.79422359,12.76324846
PZEE874053,Primaria San Chirico Raparo,San Chirico Raparo,Potenza,Basilicata,Sud,Primaria,ND,Non Metropolitano,Primaria,Via Roma,85030,pzic87400r@istruzione.it,ND,www.icsarcangelomusicale.it,Statale,ok,analysis_results/PZEE874053_PTOF_analysis.json,1.0,1.0,3.0,3.0,3.0,3.0,3.0,1.0,2.0,1.0,2.0,2.0,2.0,3.0,2.0,3.0,2.0,1.0,2.0,2.0,3.0,4.0,3.0,2.0,4.0,3.0,1.5,2.4,1.75,3.2,10,9,2.37,0,40.19058465,16.0764212
MNAA824019,Scuola Dell'Infanzia Arcobalena,Suzzara,Mantova,Lombardia,Nord Ovest,Infanzia,ND,Non Metropolitano,Infanzia,Via Carretta 14,46029,mnic82400c@istruzione.it,ND,http//www.icsilmilione-suzzara.edu.it,Statale,ok,analysis_results/MNAA824019_PTOF_analysis.json,0.0,2.0,3.0,3.0,1.0,2.0,1.0,1.0,4.0,1.0,4.0,4.0,2.0,5.0,2.0,4.0,3.0,2.0,2.0,3.0,5.0,5.0,4.0,2.0,5.0,2.0,2.5,3.4,2.5,4.2,9,3,2.92,0,44.99023318,10.74561894
VVEE82602X,S. Teresa Di Lisieux,Vibo Valentia,Vibo Valentia,Calabria,Sud,Primaria,ND,Non Metropolitano,Primaria,Via Roma,89811,vvic82600r@istruzione.it,vvic82600r@pec.istruzione.it,www.icsamerigovespuccivibo.edu.it/,Statale,ok,analysis_results/VVEE82602X_PTOF_analysis.json,1.0,5.0,5.0,5.0,5.0,3.0,5.0,4.0,4.0,2.0,5.0,5.0,5.0,5.0,4.0,5.0,5.0,3.0,5.0,5.0,4.0,5.0,4.0,2.0,5.0,4.6,3.75,4.8,4.5,4.0,24,51,4.33,0,38.67624141,16.10157559
RM1A148008,Scuola Materna Sant'Anna,Roma,Roma,Lazio,Centro,Infanzia,ND,Metropolitano,Infanzia,V.Le G. Marconi 700,00146,r.novi@madonnadelsoccorsoets.it,santannamarconi@pec.it,www.santannafalletti.it,Paritaria,ok,analysis_results/RM1A148008_PTOF_analysis.json,0.0,0.0,3.0,3.0,3.0,1.0,2.0,0.0,4.0,1.0,1.0,4.0,2.0,4.0,3.0,1.0,4.0,4.0,3.0,3.0,2.0,4.0,3.0,1.0,3.0,2.4,2.0,2.8,3.5,2.6,16,15,2.66,0,41.89277044,12.48366723
CZAA85801E,Giorgio Gaber Icmaterdomi,Catanzaro,Catanzaro,Calabria,Sud,Infanzia,ND,Non Metropolitano,Infanzia,Via V. Telesio,88100,czic85800n@istruzione.it,istitutisantamaria@legalmail.it,https//www.icmaterdominicz.edu.it/,Statale,ok,analysis_results/CZAA85801E_PTOF_analysis.json,1.0,4.0,6.0,6.0,7.0,5.0,6.0,6.0,5.0,5.0,7.0,5.0,6.0,6.0,5.0,5.0,7.0,5.0,6.0,6.0,4.0,4.0,3.0,4.0,3.0,6.0,5.75,5.4,6.0,3.6,9,17,5.35,1,38.90597588,16.59440429
GEPS17000A,Liceo Scient-Classico Marconi-Delpino,Chiavari,Genova,Liguria,Nord Ovest,Liceo,Liceo Scientifico,Metropolitano,II Grado,Piazza Caduti Di Nassiriya 14,16043,geps17000a@istruzione.it,geps17000a@pec.istruzione.it,www.marconidelpino.edu.it,Statale,ok,analysis_results/GEPS17000A_PTOF_analysis.json,1.0,5.0,3.0,3.0,4.0,5.0,3.0,4.0,5.0,2.0,3.0,5.0,4.0,5.0,2.0,5.0,3.0,5.0,2.0,4.0,5.0,5.0,2.0,5.0,5.0,3.6,3.5,4.2,3.5,4.4,17,12,3.84,0,44.31671072,9.32401708
BOMM824018,G.Marconi-Castiglione Pepoli Mm,Castiglione Dei Pepoli,Bologna,Emilia Romagna,Nord Est,I Grado,ND,Metropolitano,I Grado,Via Fiera 96,40035,boic824007@istruzione.it,sais04100t@pec.istruzione.it,www.iccast.edu.it,Statale,ok,analysis_results/BOMM824018_PTOF_analysis.json,1.0,0.0,4.0,4.0,4.0,4.0,4.0,5.0,4.0,3.0,4.0,4.0,4.0,4.0,4.0,5.0,4.0,3.0,4.0,4.0,3.0,5.0,3.0,3.0,3.0,4.0,4.0,4.2,3.75,3.4,20,44,3.87,0,44.14165584,11.15391212
RCIC839003,I.C. Gioiosa Ionica -Grotteria,Gioiosa Ionica,Reggio Calabria,Calabria,Sud,Infanzia,ND,Metropolitano,ND,Via Rubina,89042,rcic839003@istruzione.it,rcic839003@pec.istruzione.it,ND,Statale,ok,analysis_results/RCIC839003_PTOF_analysis.json,1.0,1.0,3.0,3.0,3.0,3.0,3.0,3.0,3.0,3.0,3.0,3.0,3.0,3.0,3.0,3.0,1.0,1.0,1.0,1.0,3.0,3.0,3.0,3.0,3.0,3.0,3.0,3.0,1.0,3.0,0,3,2.6,0,38.33631823,16.30252468
BOEE883026,Gian Paolo Costa,Bologna,Bologna,Emilia Romagna,Nord Est,Primaria,ND,Metropolitano,Primaria,Via Milano 13,40139,boic883003@istruzione.it,mtis01700x@pec.istruzione.it,https//www.ic22bo.edu.it/,Statale,ok,analysis_results/BOEE883026_PTOF_analysis.json,1.0,3.0,4.0,4.0,4.0,4.0,4.0,3.0,3.0,3.0,3.0,3.0,3.0,3.0,3.0,3.0,4.0,2.0,4.0,4.0,3.0,4.0,1.0,3.0,1.0,4.0,3.0,3.0,3.5,2.4,13,24,3.18,0,44.4943668,11.3417208
RMPS010004,Antonio Labriola,Roma,Roma,Lazio,Centro,Liceo,ND,Metropolitano,II Grado,Via Capo Sperone 50,00122,rmps010004@istruzione.it,rmps010004@pec.istruzione.it,www.liceolabriola.edu.it,Statale,ok,analysis_results/RMPS010004_PTOF_analysis.json,1.0,5.0,3.0,3.0,5.0,3.0,3.0,4.0,4.0,2.0,3.0,3.0,3.0,5.0,2.0,3.0,3.0,3.0,3.0,3.0,4.0,4.0,2.0,3.0,3.0,3.4,3.25,3.2,3.0,3.2,33,47,3.21,0,41.89277044,12.48366723
PT1E00200E,"""San Cipriano""",Pistoia,Pistoia,Toscana,Centro,Primaria,Scuola Primaria Non Statale,Non Metropolitano,Primaria,Via Del Nespolo 2,51100,san.cipriano@tin.it,ancelledelsignore@gigapec.it,http://www.iccrosiamirto.edu.it,Paritaria,ok,analysis_results/PT1E00200E_PTOF_analysis.json,0.0,6.0,5.0,5.0,4.0,6.0,5.0,5.0,6.0,0.0,5.0,5.0,6.0,6.0,4.0,5.0,5.0,4.0,3.0,4.0,5.0,6.0,4.0,4.0,5.0,5.0,5.33,5.2,4.0,4.8,22,11,4.87,0,43.933465,10.91734146
CEPS875001,Sacro Cuore Di Maria,Caserta,Caserta,Campania,Sud,"I Grado, Infanzia, Liceo, Primaria",Scuola Sec. Secondo Grado Non Statale,Non Metropolitano,II Grado,Via Don Bosco 34,81100,segreteria@salesianicaserta.org,ND,www.salesianicaserta.com,Paritaria,ok,analysis_results/CEPS875001_PTOF_analysis.json,0.0,0.0,3.0,3.0,2.0,2.0,0.0,1.0,3.0,1.0,3.0,3.0,3.0,3.0,2.0,4.0,4.0,3.0,0.0,3.0,3.0,4.0,3.0,3.0,4.0,2.5,2.0,3.0,3.33,3.4,6,7,2.85,0,41.07465878,14.33240485
ENIC82800C,"I.C. ""Fermi-Leopardi""",Centuripe,Enna,Sicilia,Isole,"Infanzia, Primaria",Istituto Comprensivo,Non Metropolitano,"Infanzia, Primaria",Via G. Leopardi 12,94010,enic82800c@istruzione.it,enic82800c@pec.istruzione.it,ND,Statale,ok,analysis_results/ENIC82800C_PTOF_analysis.json,0.0,2.0,3.0,4.0,2.0,3.0,1.0,1.0,3.0,1.0,2.0,3.0,4.0,5.0,2.0,4.0,5.0,5.0,6.0,4.0,1.0,3.0,3.0,1.0,1.0,2.6,1.75,3.6,5.0,1.8,3,2,2.95,0,37.62030983,14.7414306
PVAA80403B,Mede,Mede,Pavia,Lombardia,Nord Ovest,Infanzia,ND,Non Metropolitano,Infanzia,Via Grossi 8,27035,pvic80400c@istruzione.it,pvic80400c@pec.istruzione.it,www.icmede.edu.it,Statale,ok,analysis_results/PVAA80403B_PTOF_analysis.json,0.0,1.0,5.0,5.0,5.0,5.0,5.0,5.0,5.0,0.0,1.0,3.0,5.0,5.0,5.0,5.0,5.0,5.0,5.0,5.0,5.0,5.0,5.0,4.0,5.0,5.0,3.67,4.6,5.0,4.8,37,0,4.61,0,45.09693827,8.73661355
CATF009504,I.T.I. Serale - Serramanna,Serramanna,Sud Sardegna,Sardegna,Isole,Tecnico,Istituto Tecnico Industriale,Non Metropolitano,II Grado,Via Svezia 10 - Serramanna,09038,cais009007@istruzione.it,ND,www.iisbuonarroti.gov.it,Statale,ok,analysis_results/CATF009504_PTOF_analysis.json,0.0,2.0,3.0,3.0,2.0,3.0,2.0,3.0,2.0,1.0,3.0,2.0,2.0,2.0,1.0,3.0,3.0,3.0,2.0,3.0,3.0,3.0,2.0,2.0,2.0,2.6,2.25,2.0,2.75,2.4,3,1,2.4,0,39.42465473,8.92128497
BITD006518,E. Bona - Corso Serale,Biella,Biella,Piemonte,Nord Ovest,Tecnico,ND,Non Metropolitano,II Grado,Via Gramsci 22,13900,biis00600l@istruzione.it,ND,http//www.itis.biella.it/,Statale,ok,analysis_results/BITD006518_PTOF_analysis.json,0.0,5.0,4.0,4.0,5.0,5.0,4.0,2.0,4.0,3.0,3.0,4.0,4.0,4.0,3.0,5.0,5.0,4.0,5.0,5.0,4.0,5.0,3.0,4.0,3.0,4.4,3.0,4.0,4.75,3.8,22,8,3.99,0,45.5665112,8.05408217
CAAA82501T,Scuola Infanzia Villaperuccio,Villaperuccio,Sud Sardegna,Sardegna,Isole,Infanzia,ND,Non Metropolitano,Infanzia,Via Quintino Sella,09010,caic825001@istruzione.it,ND,http//www.icsantadi.edu.it/,Statale,ok,analysis_results/CAAA82501T_PTOF_analysis.json,0.0,0.0,2.0,2.0,2.0,3.0,2.0,2.0,2.0,2.0,3.0,2.0,2.0,2.0,2.0,3.0,2.0,3.0,2.0,2.0,2.0,2.0,2.0,2.0,2.0,2.2,2.25,2.2,2.25,2.0,3,1,2.18,0,39.11158249,8.6722357
CSMM86102Q,Sm Acquappesa,Acquappesa,Cosenza,Calabria,Sud,I Grado,ND,Non Metropolitano,I Grado,Via Marina,87020,csic86100n@istruzione.it,cnps010003@pec.istruzione.it,www.icguardiapiemontese.edu.it,Statale,ok,analysis_results/CSMM86102Q_PTOF_analysis.json,1.0,3.0,5.0,5.0,5.0,5.0,3.0,5.0,5.0,3.0,5.0,5.0,5.0,5.0,5.0,5.0,5.0,3.0,5.0,5.0,5.0,5.0,5.0,5.0,5.0,4.6,4.5,5.0,4.5,5.0,25,20,4.72,0,39.49462453,15.95403649
NUEE879021,Siniscola - La Caletta,Siniscola,Nuoro,Sardegna,Isole,Primaria,Scuola Primaria,Non Metropolitano,Primaria,Via Firenze,08020,nuic87900t@istruzione.it,ND,www.icsiniscola2.edu.it/,Statale,ok,analysis_results/NUEE879021_PTOF_analysis.json,0.0,2.0,3.0,3.0,2.0,3.0,3.0,5.0,4.0,1.0,3.0,4.0,3.0,4.0,2.0,5.0,3.0,5.0,2.0,4.0,3.0,3.0,2.0,3.0,3.0,2.8,3.25,3.6,3.5,2.8,12,0,3.19,0,40.57500849,9.69428347
PZPS00201D,"L.S. ""G. Fortunato"" Rionero In V.",Rionero In Vulture,Potenza,Basilicata,Sud,Liceo,ND,Non Metropolitano,II Grado,Ss 167 Via Monticchio 125 Campus,85028,pzis002003@istruzione.it,ND,liceirionero.gov.it,Statale,ok,analysis_results/PZPS00201D_PTOF_analysis.json,0.0,2.0,2.0,2.0,2.0,3.0,2.0,2.0,2.0,2.0,3.0,2.0,2.0,2.0,2.0,3.0,2.0,3.0,2.0,3.0,3.0,3.0,2.0,2.0,2.0,2.2,2.25,2.2,2.5,2.4,3,2,2.31,0,40.92699724,15.67379736
ME1EOF500O,S. Ignazio,Messina,Messina,Sicilia,Isole,Primaria,Scuola Primaria Non Statale,Metropolitano,Primaria,Via Ignatianum 23,98121,amministrazione@collegiosignazio.it,signazio@legalmail.it,www.collegiosignazio.it,Paritaria,ok,analysis_results/ME1EOF500O_PTOF_analysis.json,1.0,5.0,5.0,6.0,4.0,5.0,5.0,4.0,6.0,2.0,6.0,5.0,6.0,5.0,4.0,5.0,5.0,3.0,4.0,4.0,5.0,6.0,3.0,5.0,5.0,5.0,4.5,5.0,4.0,4.8,10,14,4.66,0,38.19395841,15.55572383
PGAA051081,S. Carlo - Montessori,Spoleto,Perugia,Umbria,Centro,Infanzia,Scuola Infanzia,Non Metropolitano,Infanzia,Via Martiri Della Resistenza 1,06049,pgee05100t@istruzione.it,ND,primocircolospoleto.it,Statale,ok,analysis_results/PGAA051081_PTOF_analysis.json,0.0,2.0,3.0,3.0,2.0,3.0,3.0,3.0,3.0,2.0,4.0,5.0,4.0,4.0,2.0,5.0,4.0,5.0,3.0,5.0,4.0,5.0,2.0,4.0,4.0,2.8,3.0,4.0,4.25,3.8,25,8,3.57,0,42.73448355,12.73830119
BOPM001016,Liceo M. Montessori,Alto Reno Terme,Bologna,Emilia Romagna,Nord Est,"I Grado, Infanzia, Primaria",ND,Metropolitano,"I Grado, Infanzia, Primaria",Via Della Repubblica 3,40046,bois00100p@istruzione.it,rmic8g900l@pec.istruzione.it,www.scuolamontessoridavinci.edu.it,Statale,ok,analysis_results/BOPM001016_PTOF_analysis.json,1.0,3.0,5.0,5.0,6.0,5.0,6.0,3.0,4.0,2.0,5.0,5.0,6.0,5.0,5.0,4.0,7.0,6.0,6.0,7.0,3.0,5.0,3.0,3.0,3.0,5.4,3.5,5.0,6.5,3.4,15,30,4.76,0,44.1601,10.9733
SS1E01300B,Istituto Delle Figlie Di Maria Scuola Primaria Parificata,Sassari,Sassari,Sardegna,Isole,Primaria,Scuola Primaria Non Statale,Non Metropolitano,Primaria,Via Rolando 3,07100,figliedimariasassari@gmail.com,figliedimaria.ss@pec.it,www.fdmsassari.it,Paritaria,ok,analysis_results/SS1E01300B_PTOF_analysis.json,0.0,2.0,2.0,2.0,2.0,3.0,2.0,2.0,2.0,2.0,3.0,2.0,2.0,2.0,2.0,3.0,2.0,4.0,2.0,2.0,3.0,3.0,2.0,2.0,2.0,2.2,2.25,2.2,2.5,2.4,3,1,2.31,0,40.72667657,8.55966713
VTTD01201P,"""Pietro Canonica"" - Vetralla",Vetralla,Viterbo,Lazio,Centro,Tecnico,ND,Non Metropolitano,II Grado,ND,01019,vtis01200c@istruzione.it,vtis01200c@pec.istruzione.it,www.iisfarnese.it,Statale,ok,analysis_results/VTTD01201P_PTOF_analysis.json,1.0,2.0,4.0,4.0,4.0,4.0,4.0,3.0,3.0,2.0,3.0,3.0,4.0,4.0,2.0,4.0,3.0,1.0,2.0,4.0,0.0,2.0,2.0,2.0,2.0,4.0,2.75,3.4,2.5,2.0,2,5,2.93,0,42.32081893,12.05352034
RMTN8V500Q,Aniene - Turismo,Roma,Roma,Lazio,Centro,"Liceo, Professionale, Tecnico",Scuola Sec. Secondo Grado Non Statale,Metropolitano,II Grado,Via Tiburtina 994,00156,direzione@istitutoaniene.it,istitutoanienesrl@legalmail.it,www.istitutoaniene.it,Paritaria,ok,analysis_results/RMTN8V500Q_PTOF_analysis.json,1.0,5.0,4.0,4.0,5.0,4.0,4.0,4.0,5.0,4.0,5.0,3.0,4.0,4.0,3.0,4.0,4.0,3.0,3.0,4.0,4.0,4.0,3.0,3.0,5.0,4.2,4.5,3.6,3.5,3.8,16,13,3.92,0,41.89277044,12.48366723
BSIC85300T,Istituto Comprensivo Di Nave,Nave,Brescia,Lombardia,Nord Ovest,"I Grado, Infanzia, Primaria, Professionale",Istituto Comprensivo,Non Metropolitano,"Comprensivo, I Grado, II Grado, Infanzia, Primaria",Via Don B. Giacomini 12,25075,bsic85300t@istruzione.it,bsic85300t@pec.istruzione.it,www.icnavebrescia.edu.it,Statale,ok,analysis_results/BSIC85300T_PTOF_analysis.json,0.0,5.0,3.0,3.0,4.0,5.0,3.0,5.0,5.0,2.0,4.0,4.0,4.0,5.0,3.0,5.0,3.0,4.0,2.0,3.0,2.0,2.0,2.0,3.0,3.0,3.6,4.0,4.2,3.0,2.4,17,4,3.44,0,45.58467547,10.2790453
FOIC821003,Ic N.4 Annalena Tonelli Forli',Forli',Forli'-Cesena,Emilia Romagna,Nord Est,"I Grado, Infanzia, Primaria",ND,Non Metropolitano,"Comprensivo, I Grado, Infanzia, Primaria",Viale Italia 56,47121,foic821003@istruzione.it,foic821003@pec.istruzione.it,https//www.icquattroforli.edu.it/,Statale,ok,analysis_results/FOIC821003_PTOF_analysis.json,0.0,5.0,3.0,3.0,3.0,3.0,3.0,4.0,4.0,1.0,3.0,4.0,3.0,4.0,2.0,4.0,3.0,3.0,2.0,3.0,2.0,3.0,2.0,2.0,2.0,3.0,3.0,3.4,2.75,2.2,20,29,2.87,0,,
PEPS004016,"L. Scientifico ""B.Spaventa"" Citta' S.A.",Citta' Sant'Angelo,Pescara,Abruzzo,Sud,Liceo,ND,Non Metropolitano,II Grado,Largo Mazzini 1,65013,peis00400q@istruzione.it,ND,https//www.omnicomprensivocsangelo.it/,Statale,ok,analysis_results/PEPS004016_PTOF_analysis.json,0.0,0.0,5.0,5.0,5.0,5.0,3.0,0.0,5.0,0.0,0.0,5.0,5.0,5.0,5.0,5.0,5.0,5.0,5.0,5.0,4.0,5.0,5.0,0.0,5.0,4.6,5.0,5.0,5.0,4.75,6,0,4.87,0,,
GEAA844029,S.Mat. - H.C.Andersen -,Sestri Levante,Genova,Liguria,Nord Ovest,Infanzia,ND,Metropolitano,Infanzia,Via Lombardia 27,16039,geic84400b@istruzione.it,ND,www.icsestrilevante.gov.it,Statale,ok,analysis_results/GEAA844029_PTOF_analysis.json,1.0,2.0,3.0,3.0,1.0,3.0,3.0,2.0,2.0,2.0,2.0,2.0,2.0,2.0,2.0,2.0,2.0,1.0,2.0,2.0,2.0,2.0,2.0,2.0,2.0,2.6,2.0,2.0,1.75,2.0,4,0,2.07,0,44.26990054,9.39316235
RITD09050G,Ites Corso Serale,Borgorose,Rieti,Lazio,Centro,Tecnico,Istituto Tecnico Commerciale,Non Metropolitano,II Grado,Via Delle Ville,02021,ritd090006@istruzione.it,ND,www.istitutoonnicomprensivoborgorose.it,Statale,ok,analysis_results/RITD09050G_PTOF_analysis.json,1.0,5.0,3.0,3.0,3.0,4.0,3.0,4.0,3.0,2.0,3.0,3.0,4.0,4.0,3.0,4.0,3.0,3.0,2.0,3.0,2.0,2.0,2.0,2.0,2.0,3.2,3.0,3.6,2.75,2.0,0,0,2.91,0,42.19338673,13.23257107
CHAA81306X,Orsogna - Capoluogo,Orsogna,Chieti,Abruzzo,Sud,Infanzia,ND,Non Metropolitano,Infanzia,Via Rosica 26,66036,ND,ND,www.istitutocomprensivotollo.it,Statale,ok,analysis_results/CHAA81306X_PTOF_analysis.json,1.0,5.0,3.0,3.0,3.0,3.0,3.0,3.0,3.0,3.0,3.0,3.0,3.0,3.0,3.0,3.0,3.0,1.0,3.0,3.0,3.0,3.0,3.0,3.0,3.0,3.0,3.0,3.0,2.5,3.0,0,0,2.9,0,42.21867175,14.28209955
RMAA8EJ01N,Via Albertazzi,Roma,Roma,Lazio,Centro,Infanzia,ND,Metropolitano,Infanzia,Via Albertazzi 34,00137,rmic8ej00r@istruzione.it,ND,www.icmatteobandello.it,Statale,ok,analysis_results/RMAA8EJ01N_PTOF_analysis.json,0.0,2.0,3.0,3.0,2.0,2.0,2.0,3.0,4.0,1.0,3.0,3.0,3.0,4.0,2.0,4.0,2.0,4.0,2.0,3.0,2.0,3.0,2.0,1.0,3.0,2.4,2.75,3.2,2.75,2.2,1,2,2.66,0,41.89277044,12.48366723
GEAA867011,S.Mat. Di Corso Buenos Aires,Chiavari,Genova,Liguria,Nord Ovest,Infanzia,ND,Metropolitano,Infanzia,Corso Buenos Aires 52,16043,geic867004@istruzione.it,mtis01700x@pec.istruzione.it,www.istitutocomprensivochiavari.gov.it,Statale,ok,analysis_results/GEAA867011_PTOF_analysis.json,1.0,1.0,4.0,4.0,2.0,4.0,4.0,2.0,3.0,3.0,3.0,3.0,3.0,3.0,3.0,3.0,4.0,2.0,4.0,4.0,3.0,3.0,3.0,3.0,3.0,3.6,2.75,3.0,3.5,3.0,14,23,3.17,0,44.31671072,9.32401708
PSIC830007,Fano - G.Padalino,Fano,Pesaro E Urbino,Marche,Centro,"I Grado, Primaria, Professionale",Istituto Comprensivo,Non Metropolitano,"I Grado, II Grado, Primaria",Via M. Lanci 2,61032,psic830007@istruzione.it,psic830007@pec.istruzione.it,www.icpadalinofano.edu.it,Statale,ok,analysis_results/PSIC830007_PTOF_analysis.json,0.0,5.0,4.0,4.0,3.0,5.0,4.0,3.0,5.0,2.0,4.0,4.0,5.0,5.0,4.0,5.0,4.0,5.0,3.0,4.0,3.0,4.0,2.0,3.0,4.0,4.0,3.5,4.6,4.0,3.2,2,2,3.86,0,43.84340093,13.01966068
SA1E01900R,Mariano Bianco,Amalfi,Salerno,Campania,Sud,Primaria,ND,Non Metropolitano,Primaria,Via R. Il Guiscardo N.1,84011,marianobianco@tiscali.it,scuolamarianobianco@pec.it,ND,Paritaria,ok,analysis_results/SA1E01900R_PTOF_analysis.json,1.0,1.0,4.0,4.0,4.0,1.0,3.0,3.0,3.0,0.0,1.0,3.0,4.0,4.0,3.0,3.0,3.0,1.0,2.0,3.0,2.0,3.0,3.0,1.0,3.0,3.2,2.33,3.4,2.25,2.4,3,6,2.72,0,40.63424015,14.60521014
BORF02750X,Servizi Sociali Sirani Serale,Bologna,Bologna,Emilia Romagna,Nord Est,"Professionale, Tecnico",ND,Metropolitano,II Grado,Saragozza 9,40123,bois02700v@istruzione.it,ND,www.scuolamontesoridavinci.it,Statale,ok,analysis_results/BORF02750X_PTOF_analysis.json,1.0,5.0,1.0,1.0,5.0,5.0,5.0,5.0,5.0,3.0,5.0,5.0,5.0,5.0,1.0,4.0,5.0,3.0,5.0,5.0,4.0,4.0,3.0,3.0,4.0,3.4,4.5,4.0,4.5,3.6,26,13,4.0,0,44.4943668,11.3417208
VVAA824045,Sc. Infanzia Nardodipace,Nardodipace,Vibo Valentia,Calabria,Sud,Infanzia,ND,Non Metropolitano,Infanzia,Via De Gasperi,89824,nicole.matteoni@comune.trireste.it,ND,www.ictedeschi.gov.it,Statale,ok,analysis_results/VVAA824045_PTOF_analysis.json,0.0,2.0,3.0,3.0,2.0,3.0,1.0,1.0,4.0,1.0,4.0,4.0,3.0,5.0,2.0,4.0,3.0,1.0,3.0,4.0,5.0,5.0,4.0,3.0,5.0,2.4,2.5,3.6,2.75,4.4,8,3,3.13,0,38.47418003,16.34295565
MCAA82901B,G. Rodari,Porto Recanati,Macerata,Marche,Centro,Infanzia,Scuola Infanzia,Non Metropolitano,Infanzia,Via Ancona,62017,mcic82900e@istruzione.it,ND,emedi.gov.it,Statale,ok,analysis_results/MCAA82901B_PTOF_analysis.json,0.0,0.0,3.0,3.0,2.0,5.0,2.0,1.0,4.0,1.0,3.0,3.0,4.0,5.0,3.0,5.0,5.0,4.0,5.0,3.0,3.0,5.0,3.0,1.0,4.0,3.0,2.25,4.0,4.25,3.2,6,7,3.34,0,43.42983471,13.6648944
GOAA80403C,Via Della Poma,Monfalcone,Gorizia,Friuli-Venezia G.,Nord Est,Infanzia,ND,Non Metropolitano,Infanzia,Via Della Poma,34074,goic80400d@istruzione.it,ctic81600v@pec.istruzione.it,www.icrandaccio.edu.it,Statale,ok,analysis_results/GOAA80403C_PTOF_analysis.json,1.0,5.0,4.0,4.0,3.0,3.0,4.0,4.0,3.0,4.0,3.0,4.0,3.0,4.0,3.0,5.0,4.0,3.0,3.0,4.0,3.0,5.0,3.0,2.0,4.0,3.6,3.5,3.8,3.5,3.4,23,34,3.56,0,45.8092332,13.53264669
SATFU9500P,"""A.Meucci"" Ist. Tecnico Sett. Tecnologico Ind. Inform. E Telec. Art. Informatica",Salerno,Salerno,Campania,Sud,"I Grado, Infanzia, Professionale",ND,Non Metropolitano,II Grado,Via Wenner 40,84131,info@itimeucci.it,formazione360@pec.it,www.itimeucci.it,Paritaria,ok,analysis_results/SATFU9500P_PTOF_analysis.json,0.0,0.0,2.0,2.0,2.0,3.0,2.0,2.0,2.0,2.0,3.0,2.0,2.0,2.0,2.0,3.0,2.0,3.0,2.0,3.0,2.0,2.0,2.0,2.0,2.0,2.2,2.25,2.2,2.5,2.0,3,1,2.23,0,40.67821959,14.75940296
MI1M08000T,Scuola Secondaria Di I Grado Istituto Leone Xiii,Milano,Milano,Lombardia,Nord Ovest,I Grado,Scuola Sec. Primo Grado Non Statale,Metropolitano,I Grado,V.Leone Xiii 12,20145,segreteria.didattica@leonexiii.it,leonexiii@arubapec.it,www.leonexiii.it,Paritaria,ok,analysis_results/MI1M08000T_PTOF_analysis.json,1.0,4.0,5.0,6.0,5.0,5.0,5.0,4.0,4.0,3.0,4.0,5.0,4.0,5.0,4.0,5.0,5.0,4.0,3.0,5.0,4.0,4.0,4.0,5.0,5.0,5.2,3.75,4.6,4.25,4.4,22,6,4.44,0,45.46679408,9.1903474
NA1E23700N,Ente Religioso Congregazione Suore Gerardine Mose' Mascolo,Sant'Antonio Abate,Napoli,Campania,Sud,Primaria,Scuola Primaria Non Statale,Metropolitano,Primaria,Via Casa D'Auria 40,80057,sgscuolamosemascolo@gmail.com,sgscuolamosemascolo@pec.it,https//linktr.ee/sgscuolamosemascolo,Paritaria,ok,analysis_results/NA1E23700N_PTOF_analysis.json,0.0,2.0,3.0,4.0,2.0,3.0,2.0,1.0,3.0,1.0,3.0,3.0,4.0,5.0,2.0,4.0,5.0,5.0,2.0,4.0,2.0,4.0,4.0,1.0,3.0,2.8,2.0,3.6,4.0,2.8,3,2,3.04,0,40.72247196,14.54695442
CSPS083015,"Ls ""Fermi"" Cosenza",Cosenza,Cosenza,Calabria,Sud,Liceo,ND,Non Metropolitano,II Grado,Via Molinella 30,87100,casab.montessori@gmail.com,ND,www.liceoscorza.edu.it,Statale,ok,analysis_results/CSPS083015_PTOF_analysis.json,0.0,2.0,3.0,4.0,1.0,5.0,3.0,1.0,5.0,1.0,4.0,5.0,5.0,5.0,3.0,5.0,5.0,4.0,5.0,4.0,3.0,5.0,4.0,0.0,4.0,3.2,2.75,4.6,4.5,4.0,6,6,3.81,0,39.29308673,16.25609864
CA1E013003,"Scuola Elementare ""Monumento Ai Caduti""",Monserrato,Cagliari,Sardegna,Isole,Primaria,Scuola Primaria Non Statale,Metropolitano,Primaria,Via Del Redentore205,09042,monserrato.iro@tiscali.it,istitutomadonnadibonaria@sicurezzapostale.it,www.monumentoaicaduti.it,Paritaria,ok,analysis_results/CA1E013003_PTOF_analysis.json,0.0,2.0,3.0,3.0,3.0,3.0,1.0,1.0,4.0,1.0,2.0,2.0,3.0,5.0,1.0,4.0,5.0,5.0,2.0,3.0,4.0,5.0,4.0,3.0,4.0,2.6,2.0,3.0,3.75,4.0,6,7,3.07,0,39.25407412,9.14343861
BNAA855024,"Montesarchio 2 - ""Tufara""",Montesarchio,Benevento,Campania,Sud,Infanzia,ND,Non Metropolitano,Infanzia,Via Appia,82016,bnic855006@istruzione.it,tsic80300d@pec.istruzione.it,www.icalpimontesarchio.edu.it,Statale,ok,analysis_results/BNAA855024_PTOF_analysis.json,1.0,3.0,4.0,4.0,4.0,4.0,4.0,5.0,4.0,3.0,3.0,4.0,4.0,5.0,3.0,4.0,3.0,2.0,3.0,3.0,3.0,3.0,3.0,1.0,3.0,4.0,3.75,4.0,2.75,2.6,15,22,3.42,0,41.06363722,14.64054086
PNTD007019,"Istituto Tecnico Economico ""P.Sarpi""",San Vito Al Tagliamento,Pordenone,Friuli-Venezia G.,Nord Est,Tecnico,ND,Non Metropolitano,II Grado,Via Brigata Osoppo N.9,33078,pnis007003@istruzione.it,ND,www.paolosarpi.edu.it,Statale,ok,analysis_results/PNTD007019_PTOF_analysis.json,0.0,2.0,2.0,2.0,2.0,3.0,2.0,2.0,2.0,2.0,3.0,2.0,2.0,2.0,2.0,3.0,2.0,3.0,2.0,3.0,3.0,3.0,2.0,2.0,2.0,2.2,2.25,2.2,2.5,2.4,3,1,2.31,0,45.91497245,12.85473667
PZ1A002009,"Scuola Materna Paritaria ""E. Gianturco""Avigliano",Avigliano,Potenza,Basilicata,Sud,Infanzia,ND,Non Metropolitano,Infanzia,Via Pacini 9,85021,asiloinfantileegianturco@virgilio.it,asiloinfantilegianturco@pec.basilicatanet.it,www.asiloinfantilegianturco.it,Paritaria,ok,analysis_results/PZ1A002009_PTOF_analysis.json,1.0,7.0,6.0,6.0,7.0,5.0,6.0,6.0,5.0,5.0,7.0,5.0,6.0,6.0,5.0,5.0,7.0,6.0,6.0,6.0,3.0,5.0,3.0,5.0,3.0,6.0,5.75,5.4,6.25,3.8,9,17,5.44,1,40.72977773,15.71780199
UDMM83102T,I. Nievo - Remanzacco,Remanzacco,Udine,Friuli-Venezia G.,Nord Est,I Grado,ND,Non Metropolitano,I Grado,Via Stringher 11,33047,udic83100q@istruzione.it,ND,www.icpremariacco.edu.it,Statale,ok,analysis_results/UDMM83102T_PTOF_analysis.json,0.0,2.0,2.0,2.0,2.0,3.0,2.0,2.0,2.0,2.0,3.0,2.0,2.0,2.0,2.0,3.0,3.0,3.0,2.0,3.0,2.0,2.0,2.0,2.0,2.0,2.2,2.25,2.2,2.75,2.0,3,2,2.28,0,46.08524186,13.32478658
GERI020503,I.P.S.I.A. - A.Odero /Serale,Genova,Genova,Liguria,Nord Ovest,"Infanzia, Primaria",Ist Prof Industria E Artigianato,Metropolitano,"Infanzia, Primaria",Via Briscata 4,16154,geri02000n@istruzione.it,ND,www.ipsiaodero.edu.it,Statale,ok,analysis_results/GERI020503_PTOF_analysis.json,0.0,2.0,3.0,4.0,2.0,5.0,3.0,1.0,4.0,1.0,4.0,4.0,4.0,5.0,3.0,6.0,5.0,6.0,6.0,4.0,3.0,5.0,3.0,1.0,4.0,3.4,2.5,4.4,5.25,3.2,6,4,3.75,0,44.41149314,8.9326992
VETF060003,Vito Volterra,San Dona' Di Piave,Venezia,Veneto,Nord Est,Tecnico,ND,Metropolitano,II Grado,Via Milano N. 9,30027,vetf060003@istruzione.it,vetf060003@pec.istruzione.it,www.istitutovolterra.edu.it,Statale,ok,analysis_results/VETF060003_PTOF_analysis.json,0.0,5.0,4.0,3.0,3.0,5.0,4.0,3.0,5.0,2.0,4.0,5.0,4.0,5.0,1.0,6.0,4.0,4.0,3.0,4.0,2.0,3.0,2.0,3.0,4.0,3.8,3.5,4.2,3.75,2.8,10,7,3.61,0,,
NAMM8FG01C,R. Stanziale - S.Giorgio,San Giorgio A Cremano,Napoli,Campania,Sud,I Grado,ND,Metropolitano,I Grado,Via Cappiello 47,80046,naic8fg00b@istruzione.it,naic8fg00b@pec.istruzione.it,www.icquartostanziale.edu.it,Statale,ok,analysis_results/NAMM8FG01C_PTOF_analysis.json,1.0,3.0,5.0,5.0,5.0,5.0,5.0,5.0,5.0,3.0,5.0,5.0,5.0,5.0,5.0,5.0,6.0,3.0,5.0,5.0,4.0,5.0,1.0,4.0,4.0,5.0,4.5,5.0,4.75,3.6,18,32,4.57,0,40.82921168,14.33392579
RMEE8FS03B,Pascoli,Roma,Roma,Lazio,Centro,Primaria,ND,Metropolitano,Primaria,Via Papareschi 22/A,00146,rmic8fs007@istruzione.it,ND,www.icbagnera.edu.it,Statale,ok,analysis_results/RMEE8FS03B_PTOF_analysis.json,0.0,2.0,3.0,3.0,2.0,2.0,2.0,3.0,4.0,1.0,3.0,3.0,3.0,4.0,2.0,4.0,2.0,4.0,2.0,3.0,2.0,3.0,2.0,1.0,3.0,2.4,2.75,3.2,2.75,2.2,7,3,2.66,0,41.89277044,12.48366723
TOIC8AL00D,I.C. Cirie' Ii,Cirie',Torino,Piemonte,Nord Ovest,"I Grado, Infanzia, Primaria, Professionale, Tecnico",Istituto Comprensivo,Metropolitano,"Comprensivo, I Grado, II Grado, Infanzia, Primaria",Via Roma 42,10073,toic8al00d@istruzione.it,toic8al00d@pec.istruzione.it,www.cirie2.edu.it,Statale,ok,analysis_results/TOIC8AL00D_PTOF_analysis.json,1.0,0.0,3.0,3.0,4.0,2.0,3.0,4.0,5.0,2.0,4.0,4.0,5.0,4.0,3.0,5.0,3.0,4.0,2.0,4.0,3.0,4.0,3.0,2.0,3.0,3.0,3.75,4.2,3.25,3.0,6,4,3.44,0,,
CBMM853051,San Felice Del Molise,San Felice Del Molise,Campobasso,Molise,Sud,I Grado,ND,Non Metropolitano,I Grado,"Via Nassa, 66 – 6900 - Lugano",86030,cbic85300q@istruzione.it,ND,www.icmontenero.it,Statale,ok,analysis_results/CBMM853051_PTOF_analysis.json,0.0,3.0,5.0,5.0,5.0,5.0,5.0,5.0,4.0,4.0,5.0,5.0,4.0,5.0,5.0,5.0,5.0,4.0,3.0,4.0,0.0,0.0,0.0,0.0,0.0,5.0,4.5,4.8,4.0,0.0,18,124,4.58,0,41.89079789,14.7006632
NA1A43500T,Ente Religioso Vittime Espiatrici Di Gesu'Sacramentato,Casoria,Napoli,Campania,Sud,Infanzia,ND,Metropolitano,Infanzia,Via A. Diaz 1,80026,scuolabrando@inwind.it,ND,ND,Paritaria,ok,analysis_results/NA1A43500T_PTOF_analysis.json,0.0,2.0,2.0,2.0,2.0,3.0,2.0,2.0,2.0,2.0,3.0,2.0,2.0,2.0,2.0,3.0,3.0,3.0,2.0,3.0,2.0,2.0,2.0,2.0,2.0,2.2,2.25,2.2,2.75,2.0,3,1,2.28,0,40.90566059,14.29026011
RMMM8D601A,S.M.S. Giuseppe Mazzini,Roma,Roma,Lazio,Centro,I Grado,ND,Metropolitano,I Grado,Via Delle Carine 2,00184,rmic8d6009@istruzione.it,rmic8d6009@pec.istruzione.it,https//istitutoviadellecarine.gov.it,Statale,ok,analysis_results/RMMM8D601A_PTOF_analysis.json,1.0,5.0,4.0,4.0,3.0,3.0,3.0,5.0,5.0,3.0,3.0,4.0,4.0,5.0,3.0,4.0,4.0,3.0,3.0,4.0,4.0,4.0,3.0,3.0,3.0,3.4,4.0,4.0,3.5,3.4,29,45,3.66,0,41.89277044,12.48366723
RCAA87406C,Infanzia S.Giovanni De'Rossi,Taurianova,Reggio Calabria,Calabria,Sud,Infanzia,ND,Metropolitano,Infanzia,Via Virgilio,89029,brtf02000p@istruzione.it,brtf02000p@pec.istruzione.it,https//www.icsofiaalessio-contestabile.edu.it/,Statale,ok,analysis_results/RCAA87406C_PTOF_analysis.json,1.0,5.0,4.0,3.0,5.0,5.0,5.0,5.0,5.0,4.0,5.0,5.0,5.0,5.0,4.0,5.0,5.0,3.0,4.0,4.0,2.0,4.0,3.0,3.0,4.0,4.4,4.75,4.8,4.0,3.2,33,16,4.23,0,38.35256099,16.01302264
ENIS01300V,"Ist. Omnicomprensivo ""Don Bosco-Majorana",Troina,Enna,Sicilia,Isole,"I Grado, Infanzia, Professionale",ND,Non Metropolitano,II Grado,Via Raffaello Sanzio 21,94018,enis01300v@istruzione.it,enis01300v@pec.istruzione.it,www.iissmajorana.edu.it,Statale,ok,analysis_results/ENIS01300V_PTOF_analysis.json,0.0,2.0,2.0,2.0,2.0,3.0,2.0,2.0,2.0,2.0,3.0,2.0,2.0,2.0,2.0,3.0,2.0,3.0,2.0,2.0,2.0,2.0,2.0,2.0,2.0,2.2,2.25,2.2,2.25,2.0,3,1,2.18,0,37.78501819,14.60044817
FR1A016005,Scuola Dell'Infanzia Paritaria Santa Chiara Fiuggi Citta',Fiuggi,Frosinone,Lazio,Centro,Infanzia,ND,Non Metropolitano,Infanzia,Corso Sorelle Faioli 5,03014,nicole.matteoni@comune.trireste.it,ND,www.comune.trieste.it,Paritaria,ok,analysis_results/FR1A016005_PTOF_analysis.json,0.0,0.0,3.0,3.0,1.0,2.0,1.0,1.0,4.0,1.0,4.0,4.0,2.0,5.0,2.0,4.0,3.0,5.0,2.0,3.0,5.0,5.0,5.0,3.0,5.0,2.0,2.5,3.4,3.25,4.6,8,3,3.15,0,41.80425759,13.22124822
GEIS018003,Istituto Majorana/Giorgi,Genova,Genova,Liguria,Nord Ovest,"Liceo, Professionale, Tecnico",Istituto Superiore,Metropolitano,II Grado,Via S.Allende 41,16138,geis018003@istruzione.it,geis018003@pec.istruzione.it,www.majorana-giorgi.edu.it/,Statale,ok,analysis_results/GEIS018003_PTOF_analysis.json,0.0,4.0,3.0,3.0,2.0,3.0,3.0,5.0,4.0,2.0,3.0,3.0,3.0,4.0,2.0,4.0,4.0,5.0,3.0,3.0,2.0,2.0,1.0,3.0,3.0,2.8,3.5,3.2,3.75,2.2,4,2,3.09,0,44.41149314,8.9326992
AVEE86104V,Mercogliano,Mercogliano,Avellino,Campania,Sud,Primaria,ND,Non Metropolitano,Primaria,Via Amatucci 5,ND,avic86100n@istruzione.it,avic86100n@pec.istruzione.it,http//www.icmercogliano.edu.it,Statale,ok,analysis_results/AVEE86104V_PTOF_analysis.json,1.0,2.0,3.0,3.0,3.0,4.0,4.0,2.0,4.0,1.0,2.0,4.0,3.0,4.0,2.0,3.0,3.0,3.0,3.0,3.0,3.0,3.0,2.0,2.0,3.0,3.4,2.25,3.2,3.0,2.6,20,32,2.89,0,40.92011509,14.7361319
NA1M03500D,Istituto Scuole Pie Napoletane,Napoli,Napoli,Campania,Sud,I Grado,Scuola Sec. Primo Grado Non Statale,Metropolitano,I Grado,Via Leopardi101,80125,scuolepie@scuolepie.it,lacompagniadeifigliuoli@pec.it,ND,Paritaria,ok,analysis_results/NA1M03500D_PTOF_analysis.json,0.0,2.0,3.0,4.0,2.0,4.0,2.0,1.0,3.0,1.0,3.0,4.0,5.0,5.0,3.0,5.0,6.0,5.0,6.0,4.0,2.0,4.0,4.0,1.0,3.0,3.0,2.0,4.4,5.25,2.8,6,2,3.49,0,40.83956554,14.25085002
CHAA817023,Scuola Infanzia Piane D'Archi,Archi,Chieti,Abruzzo,Sud,Infanzia,ND,Non Metropolitano,Infanzia,Via Degli Ulivi,66040,chic817005@istruzione.it,ND,www.ictornareccio.gov.it,Statale,ok,analysis_results/CHAA817023_PTOF_analysis.json,0.0,0.0,3.0,3.0,3.0,1.0,2.0,1.0,2.0,1.0,1.0,2.0,2.0,3.0,0.0,2.0,3.0,3.0,3.0,3.0,1.0,3.0,3.0,1.0,3.0,2.4,1.25,2.25,3.0,2.2,0,7,2.22,0,42.08914074,14.38157415
PZEE82101A,Primaria - I.C. Laurenzana,Laurenzana,Potenza,Basilicata,Sud,Primaria,ND,Non Metropolitano,Primaria,Via Prato,85014,pzic821008@istruzione.it,ND,www.icalfierilaurenzana.edu.it/,Statale,ok,analysis_results/PZEE82101A_PTOF_analysis.json,1.0,2.0,4.0,4.0,5.0,4.0,4.0,4.0,5.0,3.0,5.0,5.0,4.0,5.0,4.0,5.0,4.0,3.0,4.0,4.0,4.0,4.0,1.0,1.0,1.0,4.2,4.25,4.6,3.75,2.2,15,15,3.8,0,40.45946607,15.97216645
FGPC15000C,"Liceo ""Bonghi-Rosmini""",Lucera,Foggia,Puglia,Sud,Liceo,ND,Non Metropolitano,II Grado,Viale Ferrovia 19,71036,fgpc15000c@istruzione.it,fgpc15000c@pec.istruzione.it,www.liceobonghi-rosmini.edu.it,Statale,ok,analysis_results/FGPC15000C_PTOF_analysis.json,0.0,2.0,2.0,2.0,3.0,3.0,2.0,3.0,3.0,1.0,3.0,1.0,3.0,3.0,1.0,3.0,3.0,3.0,2.0,3.0,2.0,2.0,1.0,2.0,2.0,2.4,2.5,2.2,2.75,1.8,0,1,2.33,0,41.50614765,15.3329611
FRIC86000R,I.C. 3^ Frosinone,Frosinone,Frosinone,Lazio,Centro,"Infanzia, Primaria",ND,Non Metropolitano,"Infanzia, Primaria",Via Fosse Ardeatine 14,03100,fric86000r@istruzione.it,fric86000r@pec.istruzione.it,https//www.comprensivofrosinone3.edu.it/,Statale,ok,analysis_results/FRIC86000R_PTOF_analysis.json,0.0,0.0,3.0,3.0,1.0,1.0,1.0,1.0,1.0,1.0,1.0,2.0,2.0,3.0,1.0,3.0,4.0,3.0,3.0,3.0,1.0,3.0,3.0,1.0,1.0,1.8,1.0,2.2,3.25,1.8,5,13,2.01,0,41.63964569,13.35117166
BORC10500R,Istituto Salesiano Beata Vergine Di San Luca,Bologna,Bologna,Emilia Romagna,Nord Est,"I Grado, Liceo, Professionale, Tecnico",ND,Metropolitano,II Grado,V. Jacopo Della Quercia 1,40128,segreteria.bolognabv@salesiani.it,segreteria.isbvsl@pec.it,www.salesianibologna.it,Paritaria,ok,analysis_results/BORC10500R_PTOF_analysis.json,1.0,2.0,4.0,4.0,5.0,4.0,4.0,3.0,4.0,2.0,3.0,3.0,4.0,4.0,3.0,3.0,3.0,3.0,3.0,3.0,3.0,4.0,2.0,3.0,3.0,4.2,3.0,3.4,3.0,3.0,11,21,3.32,0,44.4943668,11.3417208
NA1M040001,Fondazione Opera Pia Casa Regina Coeli,Napoli,Napoli,Campania,Sud,I Grado,Scuola Sec. Primo Grado Non Statale,Metropolitano,I Grado,Vico San Gaudioso 2,80100,istreginacoelinapoli@tiscali.it,reginacoelinapoli@pec.it,www.icreginacoeli.it,Paritaria,ok,analysis_results/NA1M040001_PTOF_analysis.json,0.0,1.0,3.0,3.0,2.0,1.0,1.0,2.0,3.0,1.0,3.0,1.0,2.0,3.0,1.0,3.0,1.0,5.0,2.0,3.0,1.0,5.0,5.0,1.0,5.0,2.0,2.25,2.0,2.75,3.4,2,5,2.48,0,40.83956554,14.25085002
BAIC818001,"I.C. ""Massari Galilei""",Bari,Bari,Puglia,Sud,"I Grado, Infanzia, Primaria, Professionale",Istituto Comprensivo,Metropolitano,"Comprensivo, I Grado, II Grado, Infanzia, Primaria",Via Daniele Petrera 80,70124,baic818001@istruzione.it,baic818001@pec.istruzione.it,https//www.icmassarigalilei.edu.it,Statale,ok,analysis_results/BAIC818001_PTOF_analysis.json,0.0,5.0,4.0,4.0,3.0,5.0,4.0,5.0,6.0,2.0,4.0,5.0,4.0,5.0,3.0,6.0,4.0,3.0,2.0,4.0,4.0,5.0,3.0,4.0,4.0,4.0,4.25,4.6,3.25,4.0,18,9,4.02,0,41.12559562,16.86737016
CZIC839008,"Ic Borgia "" G. Sabatini""",Borgia,Catanzaro,Calabria,Sud,"I Grado, Infanzia, Primaria",ND,Non Metropolitano,"Comprensivo, I Grado, Infanzia, Primaria",Via A. Moro 10,88021,czic839008@istruzione.it,czic839008@pec.istruzione.it,ND,Statale,ok,analysis_results/CZIC839008_PTOF_analysis.json,1.0,5.0,5.0,5.0,5.0,5.0,5.0,5.0,5.0,5.0,5.0,5.0,5.0,5.0,5.0,5.0,5.0,3.0,5.0,5.0,5.0,5.0,5.0,5.0,5.0,5.0,5.0,5.0,4.5,5.0,25,43,4.9,0,38.82732561,16.51425094
ISPMFM500P,Istituto Scienze Umane Opz. Economico-Sociale Polo San Pietro Celestino,Isernia,Isernia,Molise,Sud,"I Grado, Infanzia, Professionale",ND,Non Metropolitano,II Grado,Via Farinacci,86170,mondoscuolasrl@gmail.com,mondoscuolasrl@legalmail.it,www.poloparitariosanpietro.it,Paritaria,ok,analysis_results/ISPMFM500P_PTOF_analysis.json,0.0,1.0,2.0,2.0,2.0,3.0,2.0,2.0,3.0,2.0,2.0,3.0,2.0,3.0,2.0,3.0,3.0,3.0,2.0,3.0,3.0,4.0,2.0,2.0,2.0,2.2,2.25,2.6,2.75,2.6,2,2,2.48,0,41.58800826,14.22575426
MO1EF4500G,"S.P.P. ""Toddlers Bilingual Primary School""",Formigine,Modena,Emilia Romagna,Nord Est,Primaria,ND,Non Metropolitano,Primaria,Via Landucci 7,41043,info@toddlers.it,toddysrl@pec.it,https//www.toddlers.it/,Paritaria,ok,analysis_results/MO1EF4500G_PTOF_analysis.json,0.0,0.0,3.0,3.0,3.0,3.0,3.0,1.0,3.0,1.0,3.0,2.0,3.0,3.0,1.0,3.0,3.0,3.0,3.0,4.0,1.0,4.0,3.0,3.0,3.0,3.0,2.0,2.4,3.25,2.8,7,18,2.69,0,44.57598268,10.84018896
LUMM84201B,"Sec. I Grado ""I. Calvino""",Montecarlo,Lucca,Toscana,Centro,I Grado,Scuola Primo Grado,Non Metropolitano,I Grado,Via Di S. Giuseppe 27,55015,luic84200a@istruzione.it,ND,www.icmontecarlo.edu.it,Statale,ok,analysis_results/LUMM84201B_PTOF_analysis.json,0.0,1.0,3.0,3.0,3.0,4.0,3.0,3.0,4.0,3.0,3.0,4.0,3.0,5.0,3.0,5.0,3.0,5.0,4.0,4.0,3.0,4.0,3.0,3.0,3.0,3.2,3.25,4.0,4.0,3.2,13,6,3.53,0,43.85036404,10.6685708
CEIC8AH008,"""F. Santagata"" Gricignano",Gricignano Di Aversa,Caserta,Campania,Sud,Professionale,ND,Non Metropolitano,II Grado,Via Fermi,81030,ceic8ah008@istruzione.it,ceic8ah008@pec.istruzione.it,www.icgricignanodiaversa.gov.it/,Statale,ok,analysis_results/CEIC8AH008_PTOF_analysis.json,1.0,3.0,5.0,5.0,5.0,4.0,4.0,3.0,4.0,3.0,3.0,7.0,5.0,4.0,3.0,4.0,5.0,5.0,3.0,4.0,4.0,4.0,2.0,3.0,3.0,4.6,3.25,4.6,4.25,3.2,6,20,3.98,0,40.98152228,14.23285595
AGPC010001,Liceo Classico - Empedocle,Agrigento,Agrigento,Sicilia,Isole,Liceo,Liceo Classico,Non Metropolitano,II Grado,Via Empedocle 169,92100,agpc010001@istruzione.it,agpc010001@pec.istruzione.it,www.liceoempedocle.edu.it,Statale,ok,analysis_results/AGPC010001_PTOF_analysis.json,1.0,4.0,5.0,4.0,4.0,5.0,5.0,6.0,5.0,0.0,6.0,4.0,5.0,4.0,4.0,5.0,6.0,4.0,4.0,4.0,6.0,6.0,4.0,4.0,4.0,4.6,5.67,4.4,4.5,4.8,27,6,4.79,0,37.30971088,13.58457496
NAAA8D7035,Pozzuoli I.C. 5 Artiaco Pisciar,Pozzuoli,Napoli,Campania,Sud,Infanzia,ND,Metropolitano,Infanzia,Via Pisciarelli,80078,naic8d7006@istruzione.it,ND,www.ic5artiaco.it,Statale,ok,analysis_results/NAAA8D7035_PTOF_analysis.json,0.0,1.0,3.0,3.0,2.0,2.0,1.0,1.0,1.0,1.0,1.0,2.0,2.0,3.0,1.0,3.0,4.0,3.0,3.0,3.0,1.0,3.0,3.0,1.0,1.0,2.2,1.0,2.2,3.25,1.8,3,14,2.09,0,40.84681848,14.0908948
NAMM8E301E,35 Scudillo - Carafa Salvemini,Napoli,Napoli,Campania,Sud,I Grado,ND,Metropolitano,I Grado,Via Saverio Gatto,80131,naic8e300d@istruzione.it,ND,www.icscudillosalvemini.gov.it,Statale,ok,analysis_results/NAMM8E301E_PTOF_analysis.json,0.0,3.0,5.0,5.0,5.0,5.0,5.0,4.0,5.0,4.0,4.0,5.0,4.0,5.0,5.0,5.0,5.0,5.0,5.0,5.0,5.0,5.0,4.0,4.0,5.0,5.0,4.25,4.8,5.0,4.6,33,0,4.73,0,40.83956554,14.25085002
CHTL31500X,Pitagora,Francavilla Al Mare,Chieti,Abruzzo,Sud,"I Grado, Infanzia, Professionale",ND,Non Metropolitano,II Grado,Via F.P. Tosti 38,66023,istpitag@tin.it,istitutopitagorasrl@pec.it,www.istitutipitagora.it,Paritaria,ok,analysis_results/CHTL31500X_PTOF_analysis.json,0.0,2.0,2.0,2.0,2.0,2.0,2.0,2.0,2.0,2.0,2.0,2.0,2.0,2.0,2.0,2.0,2.0,4.0,2.0,2.0,2.0,2.0,2.0,2.0,2.0,2.0,2.0,2.0,2.5,2.0,3,0,2.1,0,42.4176665,14.29181707
BGPS01301D,"""David Maria Turoldo""",Zogno,Bergamo,Lombardia,Nord Ovest,Liceo,Liceo Scientifico,Non Metropolitano,II Grado,Via Ronco 11,24019,bgis013003@istruzione.it,ND,www.istitutoturoldo.edu.it,Statale,ok,analysis_results/BGPS01301D_PTOF_analysis.json,0.0,1.0,5.0,5.0,4.0,5.0,5.0,5.0,5.0,3.0,4.0,2.0,5.0,5.0,4.0,2.0,5.0,1.0,3.0,5.0,5.0,5.0,3.0,5.0,5.0,4.8,4.25,3.6,3.5,4.6,13,14,4.15,0,45.7948216,9.66791865
VTIS014004,"""P. Savi"" - Viterbo",Viterbo,Viterbo,Lazio,Centro,"I Grado, Infanzia, Professionale",ND,Non Metropolitano,II Grado,V.Le R. Capocci 36,01100,vtis014004@istruzione.it,vtis014004@pec.istruzione.it,https//www.itcsavi.edu.it/,Statale,ok,analysis_results/VTIS014004_PTOF_analysis.json,0.0,0.0,2.0,2.0,2.0,3.0,2.0,2.0,2.0,2.0,3.0,2.0,2.0,2.0,2.0,3.0,2.0,3.0,2.0,2.0,2.0,2.0,2.0,2.0,2.0,2.2,2.25,2.2,2.25,2.0,3,1,2.18,0,42.41738279,12.10473417
SAAA89704N,Teggiano-Prato Perillo,Teggiano,Salerno,Campania,Sud,Infanzia,ND,Non Metropolitano,Infanzia,Via Facofano,84039,saic89700n@istruzione.it,ND,http//www.icteggiano.edu.it,Statale,ok,analysis_results/SAAA89704N_PTOF_analysis.json,0.0,2.0,2.0,2.0,2.0,3.0,2.0,2.0,2.0,2.0,3.0,2.0,2.0,2.0,2.0,3.0,3.0,3.0,2.0,3.0,3.0,3.0,2.0,2.0,2.0,2.2,2.25,2.2,2.75,2.4,3,1,2.36,0,40.3796533,15.54040859
FGIC85400C,"I.C. ""Giovanni Xxiii-G.Pascoli""",Margherita Di Savoia,Foggia,Puglia,Sud,"Infanzia, Primaria, I Grado",ND,Non Metropolitano,Comprensivo,ND,ND,fgic85400c@istruzione.it,fgic85400c@pec.istruzione.it,ND,Statale,ok,analysis_results/FGIC85400C_PTOF_analysis.json,0.0,2.0,3.0,3.0,3.0,4.0,3.0,4.0,4.0,1.0,3.0,4.0,3.0,4.0,3.0,4.0,4.0,4.0,3.0,4.0,3.0,4.0,3.0,3.0,3.0,3.2,3.0,3.6,3.75,3.2,6,20,3.35,0,41.37261604,16.14888919
PRMM834014,"""Don Cavalli""",Parma,Parma,Emilia Romagna,Nord Est,I Grado,ND,Non Metropolitano,I Grado,Piazzale Volta3,43123,pric834003@istruzione.it,ND,http//www.icmontebello.it,Statale,ok,analysis_results/PRMM834014_PTOF_analysis.json,1.0,2.0,3.0,3.0,3.0,2.0,2.0,2.0,2.0,1.0,1.0,2.0,3.0,3.0,2.0,2.0,2.0,2.0,2.0,2.0,1.0,4.0,4.0,1.0,4.0,2.6,1.5,2.4,2.0,2.8,3,6,2.26,0,44.80107394,10.32834985
GERA012036,Marsano/Arenzano,Arenzano,Genova,Liguria,Nord Ovest,"Infanzia, Professionale, Tecnico",ND,Metropolitano,"II Grado, Infanzia",Ex Scuola Terralba,16011,geis012004@istruzione.it,geis012004@pec.istruzione.it,www.iismarsano.edu.it,Statale,ok,analysis_results/GERA012036_PTOF_analysis.json,1.0,5.0,3.0,3.0,3.0,3.0,3.0,5.0,4.0,4.0,4.0,4.0,4.0,4.0,4.0,4.0,3.0,3.0,3.0,3.0,3.0,3.0,3.0,3.0,3.0,3.0,4.25,4.0,3.0,3.0,16,37,3.45,0,44.40179322,8.68226057
PAEE8AB016,I.C Atria-Pl. Turrisi Colonna,Palermo,Palermo,Sicilia,Isole,Primaria,Scuola Primaria,Metropolitano,Primaria,P.Zza Gran Cancelliere,90134,paic8ab004@istruzione.it,ND,www.icritaatria.it,Statale,ok,analysis_results/PAEE8AB016_PTOF_analysis.json,0.0,1.0,6.0,6.0,4.0,6.0,5.0,4.0,6.0,5.0,6.0,5.0,6.0,5.0,4.0,5.0,5.0,3.0,1.0,5.0,5.0,6.0,4.0,4.0,5.0,5.4,5.25,5.0,3.5,4.8,5,5,4.79,0,38.11569725,13.36235675
RCSL03901E,"L. Art. Cittanova - Ass. Iis ""V.Gerace""",Cittanova,Reggio Calabria,Calabria,Sud,Liceo,ND,Metropolitano,II Grado,Via Regina Elena,89022,info@istitutogaussasti.it,ND,https//pololicealeguerrisigerace.edu.it,Statale,ok,analysis_results/RCSL03901E_PTOF_analysis.json,1.0,3.0,5.0,5.0,5.0,5.0,5.0,3.0,4.0,3.0,3.0,7.0,4.0,3.0,3.0,7.0,5.0,5.0,3.0,4.0,3.0,4.0,2.0,3.0,1.0,5.0,3.25,4.8,4.25,2.6,7,22,3.98,0,38.35538079,16.08037793
CHIC80700E,"I.C. Fossacesia ""P.D.Pollidori""",Fossacesia,Chieti,Abruzzo,Sud,"I Grado, Infanzia, Primaria",Istituto Comprensivo,Non Metropolitano,"Comprensivo, I Grado, Infanzia, Primaria",Piazza Fantini N.1,66022,chic80700e@istruzione.it,chic80700e@pec.istruzione.it,www.icfossacesia.edu.it/site/,Statale,ok,analysis_results/CHIC80700E_PTOF_analysis.json,1.0,4.0,3.0,3.0,3.0,5.0,3.0,3.0,5.0,3.0,4.0,5.0,4.0,5.0,3.0,3.0,4.0,5.0,3.0,4.0,3.0,5.0,3.0,3.0,5.0,3.4,3.75,4.0,4.0,3.8,11,14,3.79,0,42.24537842,14.48006072
FRIC85200T,I.C. 2^ Pontecorvo,Pontecorvo,Frosinone,Lazio,Centro,"Professionale, Tecnico",ND,Non Metropolitano,II Grado,Via Aldo Moro S.N.C.,03037,fric85200t@istruzione.it,fric85200t@pec.istruzione.it,www.istitutocomprensivo2pontecorvo.gov.it/,Statale,ok,analysis_results/FRIC85200T_PTOF_analysis.json,1.0,3.0,2.0,2.0,1.0,2.0,2.0,2.0,2.0,2.0,2.0,2.0,2.0,2.0,2.0,2.0,2.0,1.0,2.0,2.0,2.0,2.0,2.0,2.0,2.0,1.8,2.0,2.0,1.75,2.0,3,0,1.91,0,41.45740222,13.66537138
MIPSEA5006,Liceo Scientifico Opzione Scienze Applicate Orsoline San Carlo,Milano,Milano,Lombardia,Nord Ovest,"I Grado, Infanzia, Liceo, Primaria, Professionale, Tecnico",Scuola Sec. Secondo Grado Non Statale,Metropolitano,II Grado,Via Lanzone 53,20123,segreteria@scientificorsoline.it,orsolinelanzone@pec.it,www.scientificorsoline.it,Paritaria,ok,analysis_results/MIPSEA5006_PTOF_analysis.json,0.0,2.0,3.0,3.0,4.0,4.0,3.0,3.0,4.0,2.0,4.0,3.0,4.0,4.0,4.0,5.0,4.0,5.0,3.0,5.0,4.0,3.0,2.0,4.0,4.0,3.4,3.25,4.0,4.25,3.4,11,5,3.66,0,45.46679408,9.1903474
MOMM82201E,"Sec. Di I Grado ""O.Focherini""",Carpi,Modena,Emilia Romagna,Nord Est,I Grado,ND,Non Metropolitano,I Grado,Via Magazzeno 17/A,41012,moic82200d@istruzione.it,ND,www.comprensivocarpinord.edu.it,Statale,ok,analysis_results/MOMM82201E_PTOF_analysis.json,1.0,3.0,4.0,4.0,4.0,4.0,4.0,3.0,4.0,3.0,3.0,3.0,4.0,4.0,3.0,4.0,4.0,5.0,3.0,4.0,3.0,4.0,2.0,3.0,2.0,4.0,3.25,3.6,4.0,2.8,6,20,3.53,0,44.78247939,10.88526276
RMAA8G902E,Via Dei Marsi,Roma,Roma,Lazio,Centro,Infanzia,ND,Metropolitano,Infanzia,Via Dei Marsi 58,00185,ND,ND,www.poppeasabina.weebly.com,Statale,ok,analysis_results/RMAA8G902E_PTOF_analysis.json,0.0,2.0,3.0,3.0,2.0,3.0,2.0,3.0,4.0,1.0,2.0,3.0,3.0,4.0,1.0,4.0,2.0,4.0,2.0,3.0,2.0,4.0,2.0,1.0,4.0,2.6,2.5,3.0,2.75,2.6,5,2,2.69,0,41.89277044,12.48366723
RM1A144001,Scuola Materna Patrocinio S. Giuseppe,Fonte Nuova,Roma,Lazio,Centro,Infanzia,Scuola Infanzia Non Statale,Metropolitano,Infanzia,Via I Maggio 43,00013,segreteria@patrociniosangiuseppe.it,istreden@legpec.it,www.patrociniosangiuseppe.com,Paritaria,ok,analysis_results/RM1A144001_PTOF_analysis.json,0.0,2.0,3.0,3.0,4.0,3.0,3.0,3.0,4.0,2.0,4.0,5.0,4.0,5.0,5.0,6.0,4.0,5.0,3.0,4.0,4.0,5.0,3.0,4.0,4.0,3.2,3.25,5.0,4.0,4.0,5,5,3.89,0,41.99627325,12.61887253
FIPM02000L,Giovanni Pascoli,Firenze,Firenze,Toscana,Centro,Professionale,ND,Metropolitano,II Grado,Viale Don Minzoni 58,50129,fipm02000l@istruzione.it,fipm02000l@pec.istruzione.it,www.liceopascoli.edu.it,Statale,ok,analysis_results/FIPM02000L_PTOF_analysis.json,0.0,3.0,4.0,5.0,6.0,5.0,4.0,6.0,5.0,4.0,3.0,5.0,6.0,4.0,5.0,4.0,6.0,3.0,5.0,6.0,5.0,6.0,3.0,4.0,3.0,4.8,4.5,4.8,5.0,4.2,5,2,4.66,0,43.76923077,11.25588885
CAEE8AE02D,S.Lucia (Selargius),Selargius,Cagliari,Sardegna,Isole,Primaria,Scuola Primaria,Metropolitano,Primaria,Via Parigi N. 2,09047,caic8ae00a@istruzione.it,ND,https//comprensivoselargius1.edu.it/,Statale,ok,analysis_results/CAEE8AE02D_PTOF_analysis.json,1.0,2.0,3.0,3.0,2.0,1.0,1.0,1.0,2.0,1.0,2.0,1.0,2.0,2.0,1.0,3.0,2.0,3.0,2.0,3.0,1.0,4.0,4.0,1.0,4.0,2.0,1.5,1.8,2.5,2.8,2,5,2.12,0,39.25370354,9.16555545
UDPS010008,"Liceo Scientifico ""G. Marinelli"" Udine",Udine,Udine,Friuli-Venezia G.,Nord Est,Liceo,ND,Non Metropolitano,II Grado,Viale Leonardo Da Vinci 4,33100,udps010008@istruzione.it,udps010008@pec.istruzione.it,www.liceomarinelli.edu.it,Statale,ok,analysis_results/UDPS010008_PTOF_analysis.json,1.0,5.0,3.0,4.0,4.0,4.0,4.0,4.0,3.0,3.0,3.0,3.0,4.0,4.0,3.0,3.0,4.0,3.0,4.0,4.0,4.0,4.0,2.0,3.0,3.0,3.8,3.25,3.4,3.75,3.2,16,28,3.48,0,46.06255516,13.23483835
BAPM02000G,"Liceo ""Vito Fornari""",Molfetta,Bari,Puglia,Sud,"I Grado, Liceo, Primaria, Tecnico",ND,Metropolitano,"I Grado, II Grado, Primaria",Via Generale Amato 37,70056,bapm02000g@istruzione.it,bapm02000g@pec.istruzione.it,www.liceofornari.edu.it,Statale,ok,analysis_results/BAPM02000G_PTOF_analysis.json,0.0,3.0,5.0,5.0,5.0,5.0,5.0,4.0,5.0,4.0,5.0,5.0,3.0,5.0,5.0,5.0,5.0,5.0,4.0,4.0,5.0,4.0,3.0,5.0,4.0,5.0,4.5,4.6,4.5,4.2,19,203,4.56,0,41.20503057,16.60063235
NAAA82801N,I.C. 80 - Berlinguer,Napoli,Napoli,Campania,Sud,Infanzia,ND,Metropolitano,Infanzia,Iv Traversa Cassano28,80144,naic82800r@istruzione.it,ND,naic82800r@istruzione.it,Statale,ok,analysis_results/NAAA82801N_PTOF_analysis.json,1.0,1.0,3.0,3.0,3.0,3.0,3.0,3.0,3.0,3.0,3.0,3.0,3.0,3.0,3.0,3.0,1.0,1.0,1.0,1.0,3.0,3.0,3.0,3.0,3.0,3.0,3.0,3.0,1.0,3.0,0,3,2.6,0,40.83956554,14.25085002
BOIC80500T,I.C. Di San Pietro In Casale,San Pietro In Casale,Bologna,Emilia Romagna,Nord Est,"Infanzia, Primaria",ND,Metropolitano,"Infanzia, Primaria",Via Massumatico 67,40018,boic80500t@istruzione.it,boic80500t@pec.istruzione.it,https//icsanpietroincasale.edu.it/,Statale,ok,analysis_results/BOIC80500T_PTOF_analysis.json,0.0,1.0,3.0,3.0,2.0,3.0,1.0,1.0,1.0,0.0,1.0,2.0,2.0,3.0,1.0,3.0,4.0,3.0,3.0,3.0,1.0,3.0,3.0,1.0,1.0,2.4,1.0,2.2,3.25,1.8,4,13,2.13,0,44.70262524,11.40619416
CHMM820012,"""I.C. Zimarino Casalbordino",Casalbordino,Chieti,Abruzzo,Sud,I Grado,ND,Non Metropolitano,I Grado,Via Del Sole 6,66021,chic820001@istruzione.it,ND,www.iczimarino.edu.it/,Statale,ok,analysis_results/CHMM820012_PTOF_analysis.json,1.0,6.0,5.0,5.0,4.0,6.0,5.0,5.0,6.0,3.0,5.0,5.0,5.0,4.0,3.0,4.0,5.0,6.0,4.0,5.0,5.0,5.0,3.0,4.0,3.0,5.0,4.75,4.2,5.0,4.0,11,7,4.59,0,42.1507226,14.58488508
MSVC01000G,"Convitto ""G. Minuto""",Massa,Massa-Carrara,Toscana,Centro,"Infanzia, Primaria",Convitto Annesso,Non Metropolitano,"Infanzia, Primaria",Via Casamicciola,54100,msvc01000g@istruzione.it,msrh010005@pec.istruzione.it,https://sacrocuorets.it/,Statale,ok,analysis_results/MSVC01000G_PTOF_analysis.json,0.0,2.0,3.0,3.0,2.0,2.0,2.0,3.0,4.0,1.0,3.0,3.0,3.0,4.0,2.0,4.0,5.0,5.0,3.0,4.0,5.0,5.0,3.0,2.0,5.0,2.4,2.75,3.2,4.25,4.0,21,17,3.32,0,44.03674425,10.14173829
AG1AB7500R,Scuola Dell'Infanzia L'Orsetto,Canicatti',Agrigento,Sicilia,Isole,Infanzia,ND,Non Metropolitano,Infanzia,Via Giudice Saetta N.10,92024,info@istitutoparini.it,ND,www.istitutoparini.it,Paritaria,ok,analysis_results/AG1AB7500R_PTOF_analysis.json,1.0,3.0,4.0,4.0,4.0,4.0,4.0,3.0,4.0,3.0,3.0,4.0,4.0,4.0,4.0,5.0,4.0,4.0,4.0,4.0,4.0,5.0,3.0,3.0,5.0,4.0,3.25,4.2,4.0,4.0,18,32,3.89,0,,
NA1A235004,Il Verde Giardino S.R.L. Impresa Sociale,Napoli,Napoli,Campania,Sud,Infanzia,ND,Metropolitano,Infanzia,Via Vittorio Veneto 20,80145,ilverdegiardino@fastwebnet.it,ND,https://www.istruzione.it/ri-generazione-scuola/,Paritaria,ok,analysis_results/NA1A235004_PTOF_analysis.json,1.0,3.0,5.0,5.0,2.0,4.0,5.0,4.0,4.0,1.0,4.0,5.0,4.0,5.0,3.0,5.0,5.0,3.0,4.0,6.0,4.0,4.0,3.0,4.0,4.0,4.2,3.25,4.4,4.5,3.8,9,20,4.03,0,40.83956554,14.25085002
MIPC05000V,L. Classico - G. Berchet,Milano,Milano,Lombardia,Nord Ovest,Liceo,ND,Metropolitano,II Grado,Via Della Commenda 26,20122,mipc05000v@istruzione.it,mipc05000v@pec.istruzione.it,https//liceoberchet.edu.it,Statale,ok,analysis_results/MIPC05000V_PTOF_analysis.json,0.0,5.0,3.0,4.0,2.0,3.0,4.0,3.0,4.0,2.0,3.0,5.0,4.0,5.0,3.0,4.0,5.0,3.0,3.0,4.0,4.0,5.0,2.0,2.0,3.0,3.2,3.0,4.2,3.75,3.2,3,2,3.47,0,45.46679408,9.1903474
BOAA07201E,A. Ercolani,Castel San Pietro Terme,Bologna,Emilia Romagna,Nord Est,Infanzia,ND,Metropolitano,Infanzia,Via Scania 281/A,40024,boee07200p@istruzione.it,ND,www.ddcastelsanpietro.gov.it,Statale,ok,analysis_results/BOAA07201E_PTOF_analysis.json,0.0,1.0,3.0,3.0,2.0,1.0,1.0,1.0,1.0,1.0,1.0,2.0,2.0,3.0,1.0,3.0,4.0,3.0,3.0,3.0,1.0,3.0,3.0,1.0,1.0,2.0,1.0,2.2,3.25,1.8,3,13,2.05,0,44.39812256,11.58917845
NATD2T5008,A. Manzoni,San Giorgio A Cremano,Napoli,Campania,Sud,"I Grado, Liceo, Tecnico",ND,Metropolitano,II Grado,Via Dalbono Picenna 57,80046,info@istitutoscolasticoamanzoni.it,istitutoscolasticoamanzoni@pec.it,www.scuolemanzoni.it,Paritaria,ok,analysis_results/NATD2T5008_PTOF_analysis.json,0.0,0.0,3.0,2.0,3.0,1.0,2.0,2.0,3.0,1.0,2.0,2.0,2.0,3.0,1.0,2.0,2.0,4.0,3.0,2.0,3.0,2.0,1.0,1.0,4.0,2.2,2.0,2.0,2.75,2.2,4,1,2.23,0,40.82921168,14.33392579
PDAA890012,La Giraffa,Padova,Padova,Veneto,Nord Est,Infanzia,ND,Non Metropolitano,Infanzia,Via Brunelli Bonetti 11,35136,pdic890005@istruzione.it,pdic890005@pec.istruzione.it,www.ics14padova.it,Statale,ok,analysis_results/PDAA890012_PTOF_analysis.json,0.0,1.0,1.0,1.0,1.0,1.0,1.0,0.0,0.0,0.0,0.0,0.0,5.0,5.0,5.0,0.0,2.0,2.0,1.0,2.0,0.0,1.0,0.0,0.0,0.0,1.0,0.0,5.0,1.75,1.0,0,52,2.19,0,45.40692987,11.87608719
NARA06350L,Ist. Agrario Serale Caravaggio,San Gennaro Vesuviano,Napoli,Campania,Sud,"I Grado, Infanzia, Professionale",Ist Prof Per L'Agricoltura E L'Ambiente,Metropolitano,"I Grado, II Grado, Infanzia",ND,ND,ND,ND,www.iscaravaggio.edu.it,Statale,ok,analysis_results/NARA06350L_PTOF_analysis.json,0.0,2.0,2.0,2.0,2.0,3.0,2.0,2.0,2.0,2.0,3.0,2.0,2.0,2.0,2.0,3.0,2.0,4.0,2.0,3.0,3.0,3.0,2.0,2.0,2.0,2.2,2.25,2.2,2.75,2.4,3,1,2.36,0,40.86118903,14.52929174
AGTD02701A,Itcg Galileo Galilei,Canicatti',Agrigento,Sicilia,Isole,"I Grado, Tecnico",ND,Non Metropolitano,"I Grado, II Grado",Via Pirandello 4,92024,agis027004@istruzione.it,ND,www.galileicanicatti.edu.it,Statale,ok,analysis_results/AGTD02701A_PTOF_analysis.json,0.0,2.0,3.0,3.0,2.0,4.0,4.0,4.0,5.0,2.0,5.0,4.0,4.0,3.0,2.0,3.0,3.0,3.0,5.0,4.0,4.0,5.0,3.0,4.0,4.0,3.2,4.0,3.2,3.75,4.0,6,3,3.63,0,,
GOIS01200L,Isis Galilei-Cossar,Gorizia,Gorizia,Friuli-Venezia G.,Nord Est,"Liceo, Professionale, Tecnico",ND,Non Metropolitano,II Grado,Via Puccini 22,34170,ND,ND,https//www.isispertini.edu.it/,Statale,ok,analysis_results/GOIS01200L_PTOF_analysis.json,1.0,1.0,4.0,4.0,4.0,2.0,4.0,2.0,3.0,3.0,3.0,4.0,4.0,4.0,4.0,4.0,4.0,2.0,4.0,4.0,3.0,3.0,3.0,3.0,3.0,3.6,2.75,4.0,3.5,3.0,4,20,3.37,0,45.94149817,13.62212511
BORI02451C,"I.P.I.A. ""Marcello"" - Serale",San Giovanni In Persiceto,Bologna,Emilia Romagna,Nord Est,"Infanzia, Primaria",ND,Metropolitano,"Infanzia, Primaria",Via Pio Ix 5,40017,bois02400b@istruzione.it,ND,www.istituto-malpighi.it,Statale,ok,analysis_results/BORI02451C_PTOF_analysis.json,0.0,0.0,3.0,3.0,1.0,0.0,0.0,1.0,1.0,1.0,1.0,2.0,2.0,3.0,2.0,1.0,2.0,3.0,3.0,2.0,1.0,2.0,1.0,1.0,1.0,2.33,1.0,2.0,2.5,1.2,4,13,1.81,0,44.63877152,11.18779855
BATD01500V,Nobel,Bari,Bari,Puglia,Sud,"I Grado, Infanzia, Professionale",ND,Metropolitano,II Grado,Via Dei Bersaglieri 11,70126,nobelbari@gmail.com,goldformazione@pec.it,www.itenobel.it,Paritaria,ok,analysis_results/BATD01500V_PTOF_analysis.json,0.0,2.0,3.0,3.0,4.0,4.0,3.0,3.0,4.0,3.0,3.0,3.0,3.0,4.0,2.0,3.0,4.0,4.0,3.0,4.0,4.0,5.0,2.0,2.0,2.0,3.4,3.25,3.0,3.75,3.0,2,2,3.28,0,41.12559562,16.86737016
BAAA83103A,C.Da Trito,Locorotondo,Bari,Puglia,Sud,Infanzia,Scuola Infanzia,Metropolitano,Infanzia,C.Da Trito,70010,baic83100b@istruzione.it,baic83100b@pec.istruzione.it,www.icmarconioliva.edu.it,Statale,ok,analysis_results/BAAA83103A_PTOF_analysis.json,0.0,3.0,5.0,5.0,4.0,4.0,5.0,4.0,5.0,2.0,4.0,4.0,5.0,5.0,4.0,5.0,5.0,5.0,4.0,5.0,4.0,5.0,3.0,4.0,5.0,4.6,3.75,4.6,4.75,4.2,10,16,4.38,0,40.75237666,17.32662454
RIAA828034,Don Bosco,Rieti,Rieti,Lazio,Centro,Infanzia,ND,Non Metropolitano,Infanzia,Via Amelotti,02100,riic828005@istruzione.it,ND,www.icaldamerini.edu.it,Statale,ok,analysis_results/RIAA828034_PTOF_analysis.json,1.0,5.0,5.0,5.0,5.0,5.0,5.0,4.0,4.0,4.0,4.0,5.0,5.0,5.0,5.0,5.0,5.0,3.0,5.0,5.0,4.0,4.0,4.0,4.0,4.0,5.0,4.0,5.0,4.5,4.0,23,53,4.5,0,42.40488444,12.86205941
PTAA82203A,Teresa Gambassi,Montecatini-Terme,Pistoia,Toscana,Centro,Infanzia,Scuola Infanzia,Non Metropolitano,Infanzia,Via Della Liberta' N. 7,51016,ptic82200b@istruzione.it,ND,www.statalemontecatiniterme.gov.it,Statale,ok,analysis_results/PTAA82203A_PTOF_analysis.json,0.0,2.0,3.0,3.0,2.0,2.0,2.0,2.0,2.0,1.0,3.0,2.0,3.0,3.0,2.0,4.0,4.0,3.0,2.0,4.0,4.0,4.0,3.0,4.0,4.0,2.4,2.0,2.8,3.25,3.8,11,3,2.85,0,43.88409638,10.77278426
AQCT701003,Centro Territoriale N.2 Avezzano,Avezzano,L'Aquila,Abruzzo,Sud,"I Grado, Infanzia, Primaria",ND,Non Metropolitano,"Comprensivo, I Grado, Infanzia, Primaria",Via Aldo Moro 1,67051,aqmm074001@istruzione.it,ND,www.icprimomontesarchio.edu.it,Statale,ok,analysis_results/AQCT701003_PTOF_analysis.json,1.0,0.0,4.0,4.0,5.0,4.0,4.0,4.0,5.0,2.0,5.0,5.0,4.0,5.0,4.0,5.0,4.0,3.0,4.0,4.0,4.0,4.0,3.0,3.0,3.0,4.2,4.0,4.6,3.75,3.4,14,24,3.99,0,42.03068032,13.4267507
AVTF070004,Itt Guido Dorso,Avellino,Avellino,Campania,Sud,Tecnico,Istituto Tecnico Industriale,Non Metropolitano,II Grado,Via Morelli E Silvati 19,83100,avtf070004@istruzione.it,avtf070004@pec.istruzione.it,www.itisguidodorso.edu.it,Statale,ok,analysis_results/AVTF070004_PTOF_analysis.json,0.0,2.0,3.0,3.0,3.0,4.0,4.0,5.0,6.0,3.0,4.0,3.0,4.0,4.0,3.0,5.0,4.0,5.0,3.0,5.0,3.0,3.0,2.0,3.0,3.0,3.4,4.5,3.8,4.25,2.8,8,2,3.75,0,40.91404698,14.79528841
MIAA8EL03V,Infanzia La Magnolia,Garbagnate Milanese,Milano,Lombardia,Nord Ovest,Infanzia,Scuola Infanzia,Metropolitano,Infanzia,Via Villoresi 55,20024,miic8el00x@istruzione.it,ND,www.icfutura.edu.it,Statale,ok,analysis_results/MIAA8EL03V_PTOF_analysis.json,1.0,5.0,3.0,3.0,2.0,5.0,3.0,5.0,5.0,3.0,4.0,4.0,4.0,5.0,3.0,5.0,4.0,5.0,4.0,3.0,3.0,5.0,3.0,3.0,4.0,3.2,4.25,4.2,4.0,3.6,13,6,3.85,0,45.57560674,9.07748677
ALPMQR5008,Alexandria Liceo Scienze Umane Paritario,Alessandria,Alessandria,Piemonte,Nord Ovest,"I Grado, Liceo, Primaria, Tecnico",ND,Non Metropolitano,II Grado,Viale Don Luigi Orione 1,15121,segreteria@alexandriainternationalschool.org,centrostudialexandria@pec.it,www.alexandriainternationalschool.org,Paritaria,ok,analysis_results/ALPMQR5008_PTOF_analysis.json,0.0,2.0,4.0,4.0,5.0,5.0,5.0,3.0,5.0,3.0,4.0,4.0,5.0,4.0,3.0,5.0,4.0,5.0,4.0,4.0,5.0,4.0,3.0,4.0,3.0,4.6,3.75,4.2,4.25,3.8,17,16,4.12,0,44.91297351,8.61540116
BGPL16500Q,"Liceo Linguistico Quadriennale ""La Traccia""",Calcinate,Bergamo,Lombardia,Nord Ovest,"I Grado, Liceo, Primaria",ND,Non Metropolitano,II Grado,Via San Paolo Della Croce N. 2,24050,segreteria@latracciabg.it,cpelatraccia@legalmail.it,www.latracciabg.it,Paritaria,ok,analysis_results/BGPL16500Q_PTOF_analysis.json,1.0,7.0,5.0,5.0,3.0,5.0,5.0,3.0,3.0,3.0,3.0,3.0,5.0,4.0,3.0,3.0,5.0,3.0,3.0,3.0,5.0,5.0,3.0,3.0,4.0,4.6,3.0,3.6,3.5,4.0,18,16,3.74,0,45.61977118,9.80155201
NAIC8D300V,Boscoreale Ic 2 - F. Dati,Boscoreale,Napoli,Campania,Sud,"Professionale, Tecnico",ND,Metropolitano,II Grado,Via Montessori 1,80041,naic8d300v@istruzione.it,naic8d300v@pec.istruzione.it,www.ic2datiboscoreale.edu.it/,Statale,ok,analysis_results/NAIC8D300V_PTOF_analysis.json,0.0,2.0,3.0,3.0,2.0,2.0,2.0,5.0,4.0,1.0,2.0,2.0,3.0,3.0,1.0,4.0,3.0,3.0,4.0,3.0,1.0,1.0,1.0,1.0,1.0,2.4,3.0,2.6,3.25,1.0,3,1,2.45,0,40.77531827,14.47527288
RM1E15400D,Scuola Elem.Parif. Maestre Pie Venerini,Velletri,Roma,Lazio,Centro,Primaria,ND,Metropolitano,Primaria,Via Guido Nati 19,00049,venerinivelletri@gmail.com,ND,www.venerinivelletri.it,Paritaria,ok,analysis_results/RM1E15400D_PTOF_analysis.json,1.0,3.0,5.0,5.0,5.0,5.0,5.0,5.0,5.0,3.0,3.0,4.0,4.0,4.0,4.0,5.0,4.0,3.0,3.0,4.0,5.0,5.0,4.0,4.0,4.0,5.0,4.0,4.2,3.5,4.4,21,26,4.22,0,41.68638171,12.77719681
SAMM8CJ036,Velina - Castelnuovo Cilento,Castelnuovo Cilento,Salerno,Campania,Sud,I Grado,ND,Non Metropolitano,I Grado,Via Spina Rete 15,84040,didattica@istitutocartesio.com,ND,https//www.isancelkeys.edu.it,Statale,ok,analysis_results/SAMM8CJ036_PTOF_analysis.json,1.0,3.0,5.0,3.0,3.0,4.0,5.0,2.0,5.0,3.0,5.0,5.0,3.0,3.0,5.0,5.0,5.0,5.0,3.0,5.0,5.0,5.0,5.0,3.0,5.0,4.0,3.75,4.2,4.5,4.6,18,103,4.21,0,40.21846064,15.17802281
PZIS001007,"I.I.S.""De Sarlo-De Lorenzo"" Lagonegro",Lagonegro,Potenza,Basilicata,Sud,"Liceo, Professionale, Tecnico",ND,Non Metropolitano,II Grado,Via S. Antuono 192,85042,pzis001007@istruzione.it,pzis001007@pec.istruzione.it,www.desarlolagonegro.edu.it,Statale,ok,analysis_results/PZIS001007_PTOF_analysis.json,1.0,3.0,5.0,5.0,6.0,5.0,5.0,5.0,5.0,5.0,5.0,5.0,5.0,5.0,5.0,5.0,5.0,3.0,5.0,5.0,5.0,7.0,5.0,5.0,5.0,5.2,5.0,5.0,4.5,5.4,28,35,5.02,1,40.12254692,15.76315029
CSAA8AQ04B,Scuola Dell'Infanzia Donnanna,Corigliano-Rossano,Cosenza,Calabria,Sud,Infanzia,ND,Non Metropolitano,Infanzia,Via Papa Zaccaria,87064,csic8aq00b@istruzione.it,ND,www.icamarellirossano.edu.it,Statale,ok,analysis_results/CSAA8AQ04B_PTOF_analysis.json,0.0,0.0,3.0,3.0,2.0,3.0,2.0,1.0,4.0,1.0,4.0,4.0,3.0,5.0,2.0,4.0,3.0,4.0,2.0,3.0,5.0,5.0,4.0,3.0,5.0,2.6,2.5,3.6,3.0,4.4,9,3,3.22,0,,
BG1M015004,"Scuola Sec. 1° Grado ""Sacra Famiglia""",Seriate,Bergamo,Lombardia,Nord Ovest,I Grado,Scuola Sec. Primo Grado Non Statale,Non Metropolitano,I Grado,Via Luigia Corti N. 6,24068,scuola@istitutosacrafamigliabg.it,ND,www.scuolasacrafamigliabg.it,Paritaria,ok,analysis_results/BG1M015004_PTOF_analysis.json,0.0,2.0,3.0,3.0,2.0,5.0,3.0,2.0,5.0,2.0,4.0,3.0,4.0,5.0,2.0,4.0,5.0,5.0,3.0,4.0,4.0,5.0,4.0,3.0,5.0,3.2,3.25,3.6,4.25,4.2,12,2,3.7,0,45.68353578,9.71764216
GOAA81203B,Scuola Dell'Infanzia Ringaraja,Gorizia,Gorizia,Friuli-Venezia G.,Nord Est,Infanzia,ND,Non Metropolitano,Infanzia,Via Del Brolo N. 37,34170,goic81200c@istruzione.it,goic81200c@pec.istruzione.it,www.icgorizia.net,Statale,ok,analysis_results/GOAA81203B_PTOF_analysis.json,1.0,5.0,5.0,5.0,5.0,5.0,5.0,6.0,5.0,5.0,5.0,5.0,5.0,5.0,5.0,5.0,5.0,5.0,5.0,5.0,5.0,5.0,5.0,5.0,5.0,5.0,5.25,5.0,5.0,5.0,58,21,5.05,1,45.94149817,13.62212511
CTMM01300C,Scuola Secondaria Di 1'Grado,Catania,Catania,Sicilia,Isole,I Grado,Scuola Primo Grado,Metropolitano,I Grado,Via Vittorio Emanuele 56,95131,ctmm01300c@istruzione.it,ctvc01000n@pec.istruzione.it,www.convittonazionalemariocutelli.edu.it,Statale,ok,analysis_results/CTMM01300C_PTOF_analysis.json,0.0,5.0,5.0,5.0,4.0,4.0,4.0,4.0,5.0,3.0,4.0,4.0,5.0,5.0,3.0,4.0,4.0,4.0,3.0,3.0,5.0,5.0,4.0,5.0,4.0,4.4,4.0,4.2,3.5,4.6,5,9,4.14,0,37.50287801,15.08704738
RIAA81601Q,Via Fassini,Rieti,Rieti,Lazio,Centro,Infanzia,ND,Non Metropolitano,Infanzia,Via Fassini,02100,riic81600v@istruzione.it,ctic81600v@pec.istruzione.it,http//www.icamricci.edu.it,Statale,ok,analysis_results/RIAA81601Q_PTOF_analysis.json,1.0,3.0,4.0,4.0,3.0,3.0,4.0,4.0,3.0,2.0,3.0,4.0,4.0,4.0,3.0,4.0,4.0,3.0,3.0,4.0,3.0,5.0,3.0,3.0,4.0,3.6,3.0,3.8,3.5,3.6,23,32,3.5,0,42.40488444,12.86205941
RMIC8CN00V,"Ic ""San Vittorino-Corcolle""",Roma,Roma,Lazio,Centro,"I Grado, Infanzia, Primaria",Istituto Comprensivo,Metropolitano,"Comprensivo, I Grado, Infanzia, Primaria",Via Spinetoli 96,00132,rmic8cn00v@istruzione.it,rmic8cn00v@pec.istruzione.it,www.icsanvittorinocorcolle.edu.it/,Statale,ok,analysis_results/RMIC8CN00V_PTOF_analysis.json,0.0,2.0,4.0,3.0,2.0,6.0,4.0,5.0,6.0,2.0,4.0,4.0,4.0,5.0,3.0,5.0,4.0,5.0,3.0,5.0,4.0,5.0,3.0,3.0,3.0,3.8,4.25,4.2,4.25,3.6,15,16,4.02,0,41.89277044,12.48366723
CS1M00100G,S.Caterina Da Siena,Paola,Cosenza,Calabria,Sud,I Grado,Scuola Sec. Primo Grado Non Statale,Non Metropolitano,I Grado,V.Le D.Giardini 1,87027,segreteriasuorepaola@virgilio.it,segreteriasuoredomenicane@pec.it,www.suoredomenicanepaola.it,Paritaria,ok,analysis_results/CS1M00100G_PTOF_analysis.json,0.0,5.0,3.0,3.0,4.0,3.0,4.0,3.0,3.0,2.0,4.0,3.0,4.0,4.0,3.0,4.0,5.0,4.0,4.0,5.0,3.0,4.0,2.0,4.0,3.0,3.4,3.0,3.6,4.5,3.2,8,6,3.54,0,39.35993586,16.04152008
REIS00400D,"""Silvio D'Arzo""",Montecchio Emilia,Reggio Emilia,Emilia Romagna,Nord Est,"I Grado, Liceo, Professionale, Tecnico",ND,Non Metropolitano,II Grado,Strada Per S.Ilario 28/C,42027,reis00400d@istruzione.it,reis00400d@pec.istruzione.it,www.istitutodarzo.edu.it,Statale,ok,analysis_results/REIS00400D_PTOF_analysis.json,1.0,5.0,6.0,6.0,7.0,6.0,6.0,5.0,6.0,5.0,5.0,6.0,7.0,7.0,7.0,7.0,6.0,5.0,5.0,6.0,5.0,7.0,5.0,5.0,5.0,6.2,5.25,6.8,5.5,5.4,28,27,5.83,1,44.70013955,10.44658013
VRAA8AB01E,"""G. Fiorio""",San Bonifacio,Verona,Veneto,Nord Est,Infanzia,ND,Non Metropolitano,Infanzia,Via Fiume 61/C,37047,vric8ab00n@istruzione.it,ND,www.ic1sanbonifacio.edu.it,Statale,ok,analysis_results/VRAA8AB01E_PTOF_analysis.json,0.0,1.0,3.0,3.0,2.0,1.0,1.0,1.0,1.0,1.0,1.0,2.0,2.0,3.0,1.0,3.0,4.0,3.0,3.0,3.0,1.0,3.0,3.0,1.0,1.0,2.0,1.0,2.2,3.25,1.8,4,13,2.05,0,45.39592296,11.2699234
NAIC80800G,Istituto Di Istruzione Superiore Marco Polo- Ruggero Bonghi,Bastia Umbra,Napoli,Campania,Sud,"Tecnico, Professionale",ND,Metropolitano,II Grado,ND,ND,pgis02900p@istruzione.it,ND,www.istitutopolo-bonghi.it,ND,ok,analysis_results/NAIC80800G_PTOF_analysis.json,0.0,2.0,3.0,3.0,2.0,4.0,3.0,4.0,2.0,3.0,3.0,4.0,4.0,3.0,3.0,4.0,5.0,6.0,4.0,5.0,3.0,4.0,2.0,3.0,4.0,3.0,3.0,3.6,5.0,3.2,12,7,3.56,0,43.06650647,12.5492598
PZVC050002,I.P. G.Fortunato - Sant'Arcangelo,Sant'Arcangelo,Potenza,Basilicata,Sud,"I Grado, Infanzia, Professionale",ND,Non Metropolitano,"I Grado, II Grado, Infanzia",ND,85037,pzvc050002@istruzione.it,pzra010001@pec.istruzione.it,ND,Statale,ok,analysis_results/PZVC050002_PTOF_analysis.json,0.0,2.0,2.0,2.0,2.0,2.0,2.0,2.0,2.0,2.0,2.0,2.0,2.0,2.0,2.0,2.0,3.0,3.0,2.0,2.0,2.0,2.0,2.0,2.0,2.0,2.0,2.0,2.0,2.5,2.0,0,1,2.1,0,40.24728624,16.27604824
RCEE84604B,Scuola Primaria Giffone,Giffone,Reggio Calabria,Calabria,Sud,Primaria,ND,Metropolitano,Primaria,Via Ugo Foscolo 2,89020,rcic846006@istruzione.it,istitutisantamaria@legalmail.it,http//iccinquefrondi.it/,Statale,ok,analysis_results/RCEE84604B_PTOF_analysis.json,1.0,4.0,6.0,6.0,6.0,4.0,6.0,5.0,4.0,3.0,6.0,4.0,5.0,5.0,4.0,4.0,6.0,6.0,5.0,6.0,3.0,3.0,3.0,3.0,3.0,5.6,4.5,4.4,5.75,3.0,9,18,4.65,0,38.43887002,16.14999572
BOEE86901V,Mezzolara - I.C. Budrio,Budrio,Bologna,Emilia Romagna,Nord Est,Primaria,ND,Metropolitano,Primaria,Via Schiassi 3,40054,boic86900r@istruzione.it,ND,www.icbudrio.edu.it,Statale,ok,analysis_results/BOEE86901V_PTOF_analysis.json,0.0,0.0,2.0,2.0,2.0,3.0,2.0,2.0,2.0,2.0,3.0,2.0,2.0,2.0,2.0,3.0,2.0,3.0,2.0,3.0,3.0,3.0,2.0,2.0,2.0,2.2,2.25,2.2,2.5,2.4,3,1,2.31,0,44.53751606,11.53563979
CZPM00500Q,Liceo Della Scienze Umane Maria Ausiliatrice,Soverato,Catanzaro,Calabria,Sud,"I Grado, Infanzia, Liceo, Primaria, Professionale",ND,Non Metropolitano,II Grado,Via S. Giovanni Bosco 7,88068,segreteria@scuolabonvesin.it,ND,www.ausiliatricesoverato.it,Paritaria,ok,analysis_results/CZPM00500Q_PTOF_analysis.json,1.0,7.0,5.0,5.0,7.0,5.0,5.0,5.0,5.0,5.0,5.0,5.0,5.0,5.0,5.0,5.0,5.0,3.0,5.0,5.0,5.0,5.0,5.0,5.0,5.0,5.4,5.0,5.0,4.5,5.0,13,26,4.98,0,38.68848067,16.54941142
NAPS5M500T,International School Of Lago Patria,Giugliano In Campania,Napoli,Campania,Sud,"I Grado, Infanzia, Professionale",ND,Metropolitano,II Grado,Via I Traversa Marenola 17,80014,info@internationalschool.it,ND,ND,Paritaria,ok,analysis_results/NAPS5M500T_PTOF_analysis.json,0.0,2.0,2.0,2.0,2.0,2.0,2.0,2.0,2.0,2.0,2.0,2.0,2.0,2.0,2.0,2.0,3.0,3.0,2.0,2.0,2.0,2.0,2.0,2.0,2.0,2.0,2.0,2.0,2.5,2.0,0,1,2.1,0,40.92833418,14.20108889
RMEE8FB019,Chico Mendez,Roma,Roma,Lazio,Centro,Primaria,ND,Metropolitano,Primaria,Via Poseidone 39,00133,rmic8fb007@istruzione.it,moic84700t@pec.istruzione.it,www.icviaposeidone.edu.it,Statale,ok,analysis_results/RMEE8FB019_PTOF_analysis.json,1.0,4.0,3.0,3.0,4.0,4.0,2.0,4.0,4.0,1.0,2.0,4.0,4.0,4.0,3.0,4.0,3.0,2.0,2.0,3.0,2.0,3.0,0.0,2.0,3.0,3.2,2.75,3.8,2.5,2.5,19,28,2.95,0,41.89277044,12.48366723
CZTL01901X,Polo Tecnologico,Lamezia Terme,Catanzaro,Calabria,Sud,Tecnico,ND,Non Metropolitano,II Grado,Via Salvatore Miceli,88046,czis019007@istruzione.it,ND,www.polotecnologico.edu.it,Statale,ok,analysis_results/CZTL01901X_PTOF_analysis.json,1.0,7.0,5.0,5.0,5.0,5.0,5.0,4.0,4.0,4.0,4.0,4.0,4.0,4.0,4.0,3.0,4.0,3.0,4.0,4.0,3.0,3.0,3.0,3.0,3.0,5.0,4.0,3.8,3.75,3.0,26,24,3.91,0,38.97522103,16.31939038
NATF05000N,Iti Giordani- Striano Napoli-,Napoli,Napoli,Campania,Sud,Tecnico,Istituto Tecnico Industriale,Metropolitano,II Grado,Via Caravaggio 184,80126,natf05000n@istruzione.it,natf05000n@pec.istruzione.it,www.ittgiordanistrianonapoli.edu.it,Statale,ok,analysis_results/NATF05000N_PTOF_analysis.json,0.0,2.0,3.0,3.0,2.0,4.0,3.0,5.0,4.0,3.0,2.0,3.0,4.0,4.0,3.0,5.0,3.0,5.0,4.0,3.0,4.0,4.0,2.0,3.0,3.0,3.0,3.5,3.8,3.75,3.2,3,2,3.45,0,40.83956554,14.25085002
FOPS00401X,"L.Scientifico ""Ferrari""",Cesenatico,Forli'-Cesena,Emilia Romagna,Nord Est,Liceo,Liceo Scientifico,Non Metropolitano,II Grado,Viale Dei Mille 158,47042,fois00400d@istruzione.it,ND,www.isiscesenatico.it,Statale,ok,analysis_results/FOPS00401X_PTOF_analysis.json,0.0,2.0,3.0,3.0,2.0,4.0,2.0,3.0,4.0,1.0,2.0,3.0,3.0,2.0,3.0,2.0,2.0,3.0,2.0,2.0,1.0,1.0,1.0,1.0,1.0,2.8,2.5,2.6,2.25,1.0,1,1,2.23,0,44.19953513,12.39544168
TO1ANB500N,Santa Maria,Torino,Torino,Piemonte,Nord Ovest,Infanzia,ND,Metropolitano,Infanzia,Via San Pio V11,10125,madremyriam12@gmail.com,infanziasmaria@gmail.com,http://www.majoranapa.gov.it/,Paritaria,ok,analysis_results/TO1ANB500N_PTOF_analysis.json,1.0,5.0,5.0,5.0,7.0,5.0,7.0,5.0,5.0,4.0,7.0,5.0,7.0,7.0,5.0,5.0,5.0,5.0,4.0,5.0,4.0,7.0,4.0,7.0,4.0,5.8,5.25,5.8,4.75,5.2,33,29,5.36,1,45.0732745,7.68068748
LTMM83101D,Scuola Media Zona Leda Aprilia,Aprilia,Latina,Lazio,Centro,I Grado,ND,Non Metropolitano,I Grado,Via Carano 4 D/E,04011,ltic83100c@istruzione.it,ND,www.icszonaleda.gov.it,Statale,ok,analysis_results/LTMM83101D_PTOF_analysis.json,1.0,3.0,5.0,5.0,5.0,4.0,4.0,3.0,4.0,3.0,3.0,7.0,4.0,4.0,2.0,4.0,5.0,5.0,3.0,4.0,4.0,4.0,2.0,3.0,2.0,4.6,3.25,4.2,4.25,3.0,7,20,3.86,0,41.59415376,12.64816922
RMPL355003,L.Ling. Mons. Tozzi,Roma,Roma,Lazio,Centro,Liceo,Scuola Sec. Secondo Grado Non Statale,Metropolitano,II Grado,V.Casaletto 35,00151,tozzist@tin.it,ND,www.istitutotozzi.it,Paritaria,ok,analysis_results/RMPL355003_PTOF_analysis.json,1.0,4.0,5.0,5.0,4.0,6.0,5.0,4.0,5.0,3.0,6.0,5.0,5.0,6.0,5.0,6.0,5.0,5.0,3.0,4.0,5.0,6.0,6.0,4.0,6.0,5.0,4.5,5.4,4.25,5.4,18,11,4.91,0,41.89277044,12.48366723
NUAA84104B,Posada - Infanzia,Posada,Nuoro,Sardegna,Isole,Infanzia,Scuola Infanzia,Non Metropolitano,Infanzia,Via Vittorio Veneto 1,08020,nuic84100b@istruzione.it,ND,www.ictorpe.it,Statale,ok,analysis_results/NUAA84104B_PTOF_analysis.json,1.0,5.0,4.0,4.0,4.0,2.0,4.0,4.0,3.0,2.0,3.0,3.0,4.0,4.0,2.0,3.0,4.0,4.0,3.0,4.0,4.0,4.0,3.0,4.0,4.0,3.6,3.0,3.2,3.75,3.8,8,3,3.47,0,40.63326084,9.71799746
NAIC85300D,I.C. Mascolo - De Curtis,Sant'Antonio Abate,Napoli,Campania,Sud,"I Grado, Infanzia, Primaria",ND,Metropolitano,"Comprensivo, I Grado, Infanzia, Primaria",Via Giovanni Xxiii 26/28,80057,naic85300d@istruzione.it,naic85300d@pec.istruzione.it,www.scuolamascolo.edu.it,Statale,ok,analysis_results/NAIC85300D_PTOF_analysis.json,0.0,5.0,3.0,3.0,3.0,3.0,3.0,5.0,3.0,3.0,3.0,4.0,3.0,4.0,3.0,4.0,4.0,3.0,3.0,4.0,3.0,4.0,3.0,3.0,3.0,3.0,3.5,3.6,3.5,3.2,22,39,3.36,0,40.72247196,14.54695442
SVTF00301V,"Itis ""G. Ferraris"" - Cairo Montenotte",Cairo Montenotte,Savona,Liguria,Nord Ovest,Tecnico,ND,Non Metropolitano,II Grado,Via Allende,17014,svis00300a@istruzione.it,ND,www.patettacairo.edu.it,Statale,ok,analysis_results/SVTF00301V_PTOF_analysis.json,0.0,0.0,5.0,5.0,5.0,5.0,5.0,5.0,5.0,0.0,5.0,5.0,5.0,5.0,5.0,5.0,5.0,4.0,5.0,5.0,5.0,5.0,4.0,5.0,5.0,5.0,5.0,5.0,4.75,4.8,71,0,4.91,0,44.39971795,8.27417261
RCEE841059,Padre G.Catanoso - Fraz.Chorio,San Lorenzo,Reggio Calabria,Calabria,Sud,Primaria,ND,Metropolitano,Primaria,Via Vitt. Emanuele Ii,89063,rcic841003@istruzione.it,ctic81600v@pec.istruzione.it,https//icbagaladisanlorenzomelito.gov.it,Statale,ok,analysis_results/RCEE841059_PTOF_analysis.json,1.0,4.0,5.0,5.0,4.0,4.0,5.0,5.0,4.0,3.0,4.0,5.0,5.0,5.0,4.0,5.0,4.0,4.0,4.0,5.0,5.0,5.0,4.0,3.0,5.0,4.6,4.0,4.8,4.25,4.4,22,35,4.41,0,38.01063508,15.83383671
BO1E005006,Maria Ausiliatrice E San Giovanni Bosco,Bologna,Bologna,Emilia Romagna,Nord Est,Primaria,ND,Metropolitano,Primaria,Via A. Costa155,40134,ND,fondazionemasgb@pec.it,www.mariaausiliatrice.edu.it,Paritaria,ok,analysis_results/BO1E005006_PTOF_analysis.json,0.0,2.0,2.0,2.0,2.0,3.0,2.0,2.0,2.0,2.0,3.0,2.0,2.0,2.0,2.0,3.0,2.0,3.0,2.0,3.0,3.0,3.0,2.0,2.0,2.0,2.2,2.25,2.2,2.5,2.4,3,1,2.31,0,44.4943668,11.3417208
RMPC220009,Tacito,Roma,Roma,Lazio,Centro,Liceo,Liceo Classico,Metropolitano,II Grado,Via Giordano Bruno 4,00195,rmpc220009@istruzione.it,rmpc220009@pec.istruzione.it,www.liceotacito.edu.it,Statale,ok,analysis_results/RMPC220009_PTOF_analysis.json,0.0,5.0,4.0,4.0,5.0,5.0,4.0,4.0,5.0,2.0,5.0,5.0,5.0,5.0,3.0,4.0,5.0,4.0,3.0,5.0,5.0,5.0,4.0,5.0,4.0,4.4,4.0,4.4,4.25,4.6,28,16,4.33,0,41.89277044,12.48366723
TEEE84402Q,Scuola Primaria Don Milani,Giulianova,Teramo,Abruzzo,Sud,Primaria,ND,Non Metropolitano,Primaria,Via Ippolito Nievo 51,64021,teic84400l@istruzione.it,ND,https//2comprensivogiulianova.edu.it/,Statale,ok,analysis_results/TEEE84402Q_PTOF_analysis.json,0.0,2.0,2.0,2.0,2.0,3.0,2.0,2.0,2.0,2.0,3.0,2.0,2.0,2.0,1.0,3.0,3.0,4.0,2.0,3.0,2.0,2.0,2.0,2.0,2.0,2.2,2.25,2.0,3.0,2.0,3,1,2.29,0,42.7526577,13.95671861
ALIC810005,Spigno Monf. - Ist. Compr.,Spigno Monferrato,Alessandria,Piemonte,Nord Ovest,"I Grado, Infanzia, Professionale",Istituto Comprensivo,Non Metropolitano,"I Grado, II Grado, Infanzia",V.Le Barosio1,15018,alic810005@istruzione.it,alic810005@pec.istruzione.it,www.istitutocomprensivospigno.edu.it,Statale,ok,analysis_results/ALIC810005_PTOF_analysis.json,0.0,2.0,3.0,3.0,2.0,3.0,2.0,3.0,2.0,1.0,3.0,2.0,2.0,2.0,1.0,3.0,3.0,3.0,2.0,3.0,3.0,3.0,2.0,2.0,2.0,2.6,2.25,2.0,2.75,2.4,3,1,2.4,0,44.54303249,8.33530262
SAEE87705P,Giffoni Sei Casali - Malche,Giffoni Sei Casali,Salerno,Campania,Sud,Primaria,ND,Non Metropolitano,Primaria,Via Provinciale,84090,ND,ND,www.icsanciprianopicentino.gov.it,Statale,ok,analysis_results/SAEE87705P_PTOF_analysis.json,1.0,3.0,5.0,5.0,5.0,4.0,4.0,5.0,4.0,3.0,4.0,5.0,5.0,5.0,4.0,5.0,5.0,3.0,4.0,6.0,1.0,4.0,1.0,1.0,4.0,4.6,4.0,4.8,4.5,2.2,9,19,4.02,0,40.71885055,14.90366253
NATD022018,Itc Nitti Di Napoli,Napoli,Napoli,Campania,Sud,Tecnico,ND,Metropolitano,II Grado,Via J.F.Kennedy140/142,80125,nais022002@istruzione.it,ND,www.isnitti.gov.it,Statale,ok,analysis_results/NATD022018_PTOF_analysis.json,0.0,3.0,5.0,5.0,5.0,5.0,5.0,0.0,5.0,2.0,4.0,5.0,4.0,5.0,4.0,5.0,5.0,5.0,5.0,5.0,5.0,5.0,0.0,4.0,5.0,5.0,3.67,4.6,5.0,4.75,21,108,4.6,0,40.83956554,14.25085002
CNAA85701G,"Scuola Infanzia ""A.Ruatta""",Cuneo,Cuneo,Piemonte,Nord Ovest,Infanzia,ND,Non Metropolitano,Infanzia,Via Xxviii Aprile 25,12100,cnic85700p@istruzione.it,ND,https//www.iccuneocorsosoleri.edu.it/,Statale,ok,analysis_results/CNAA85701G_PTOF_analysis.json,0.0,2.0,2.0,2.0,2.0,3.0,2.0,2.0,2.0,2.0,3.0,2.0,2.0,2.0,2.0,3.0,2.0,3.0,2.0,2.0,2.0,2.0,2.0,2.0,2.0,2.2,2.25,2.2,2.25,2.0,3,1,2.18,0,44.39329624,7.55117163
CHEE81608P,Celenza Sul Trigno Capoluogo,Celenza Sul Trigno,Chieti,Abruzzo,Sud,Primaria,ND,Non Metropolitano,Primaria,Via Carriera,66050,chic816009@istruzione.it,ND,www.iccastiglionemm.gov.it,Statale,ok,analysis_results/CHEE81608P_PTOF_analysis.json,0.0,1.0,3.0,3.0,2.0,1.0,1.0,1.0,1.0,1.0,1.0,2.0,2.0,3.0,1.0,3.0,4.0,3.0,4.0,3.0,1.0,3.0,3.0,1.0,1.0,2.0,1.0,2.2,3.5,1.8,3,13,2.1,0,41.87177294,14.58113433
VB1M02000P,"Scuola Media ""Antonio Rosmini""",Domodossola,Verbano-Cusio-Ossola,Piemonte,Nord Ovest,I Grado,ND,Non Metropolitano,I Grado,Via Mattarella N. 5,28845,liceorosmini.segreteria@gmail.com,scuolerosmini@legalmail.it,www.rosminiinternationalcampus.com,Paritaria,ok,analysis_results/VB1M02000P_PTOF_analysis.json,1.0,5.0,4.0,4.0,4.0,4.0,4.0,4.0,5.0,3.0,5.0,4.0,5.0,4.0,4.0,5.0,5.0,4.0,4.0,4.0,6.0,6.0,4.0,5.0,5.0,4.0,4.25,4.4,4.25,5.2,18,12,4.42,0,46.11529474,8.29204242
AVSD024504,I.S. P. De Luca,Avellino,Avellino,Campania,Sud,"Liceo, Professionale",Istituto D'Arte,Non Metropolitano,II Grado,Via Scandone 66,83100,avis02400v@istruzione.it,ND,www.isissdeluca.it,Statale,ok,analysis_results/AVSD024504_PTOF_analysis.json,0.0,2.0,3.0,3.0,4.0,2.0,2.0,3.0,4.0,1.0,5.0,5.0,3.0,4.0,3.0,5.0,2.0,4.0,2.0,3.0,1.0,3.0,1.0,2.0,1.0,2.8,3.25,4.0,2.75,1.6,4,1,2.88,0,40.91404698,14.79528841
MTTD01500D,Volta,Policoro,Matera,Basilicata,Sud,"I Grado, Infanzia, Professionale",ND,Non Metropolitano,II Grado,Via Siris 94,75025,itcvoltapolicoro@gmail.com,direzione@pec.isiaf.com,http//istitutovoltapolicoro.it/,Paritaria,ok,analysis_results/MTTD01500D_PTOF_analysis.json,0.0,1.0,2.0,2.0,2.0,3.0,2.0,3.0,3.0,2.0,3.0,3.0,2.0,3.0,2.0,3.0,4.0,3.0,3.0,4.0,3.0,4.0,2.0,2.0,2.0,2.2,2.75,2.6,3.5,2.6,2,2,2.73,0,40.20871929,16.66968702
PAMM862027,Giardinello - S.St. Montelepre,Giardinello,Palermo,Sicilia,Isole,I Grado,Scuola Primo Grado,Metropolitano,I Grado,Via G. Falcone,90040,paic862005@istruzione.it,ND,www.istitutocomprensivomanzonipa.gov.it,Statale,ok,analysis_results/PAMM862027_PTOF_analysis.json,1.0,2.0,2.0,2.0,2.0,3.0,2.0,2.0,2.0,2.0,3.0,2.0,2.0,2.0,2.0,3.0,2.0,2.0,2.0,2.0,2.0,2.0,2.0,2.0,2.0,2.2,2.25,2.2,2.0,2.0,3,1,2.13,0,38.08861222,13.1567837
CSAA8AQ029,Scuola Dell'Infanzia Piragineti,Corigliano-Rossano,Cosenza,Calabria,Sud,Infanzia,ND,Non Metropolitano,Infanzia,C.Da Piragineti,87064,csic8aq00b@istruzione.it,ND,www.icamarellirossano.edu.it,Statale,ok,analysis_results/CSAA8AQ029_PTOF_analysis.json,0.0,5.0,3.0,3.0,3.0,3.0,3.0,2.0,2.0,2.0,2.0,4.0,3.0,3.0,4.0,4.0,3.0,1.0,3.0,3.0,3.0,3.0,2.0,2.0,2.0,3.0,2.0,3.6,2.5,2.4,16,12,2.7,0,,
RMMM89402R,Mertel Allumiere,Allumiere,Roma,Lazio,Centro,I Grado,ND,Metropolitano,I Grado,Via Del Faggeto 1,00051,rmic89400p@istruzione.it,ND,www.comprensivotolfa.gov.it,Statale,ok,analysis_results/RMMM89402R_PTOF_analysis.json,0.0,0.0,3.0,3.0,3.0,2.0,2.0,1.0,2.0,1.0,1.0,2.0,2.0,3.0,1.0,1.0,3.0,2.0,2.0,3.0,1.0,3.0,1.0,1.0,1.0,2.6,1.25,1.8,2.5,1.4,12,19,1.91,0,42.15653936,11.90213898
FE1A00800E,Scuola D'Infanzia Comunale Cadore,Copparo,Ferrara,Emilia Romagna,Nord Est,Infanzia,Scuola Infanzia Non Statale,Non Metropolitano,Infanzia,Via Cadore 28/C,44034,pgilioli@comune.copparo.fe.it,ND,www.comune.copparo.fe.it,Paritaria,ok,analysis_results/FE1A00800E_PTOF_analysis.json,0.0,2.0,3.0,3.0,2.0,5.0,3.0,1.0,4.0,1.0,3.0,5.0,3.0,5.0,3.0,5.0,5.0,6.0,4.0,5.0,4.0,6.0,5.0,2.0,5.0,3.2,2.25,4.2,5.0,4.4,11,3,3.81,0,44.89547576,11.82871999
VBSLCH500S,"Liceo Artistico ""Antonio Rosmini""",Domodossola,Verbano-Cusio-Ossola,Piemonte,Nord Ovest,"I Grado, Infanzia, Liceo, Primaria, Tecnico",ND,Non Metropolitano,II Grado,Via Mattarella N. 5,28845,liceorosmini.segreteria@gmail.com,scuolerosmini@legalmail.it,www.rosminiinternationalcampus.com,Paritaria,ok,analysis_results/VBSLCH500S_PTOF_analysis.json,0.0,2.0,5.0,4.0,5.0,5.0,4.0,4.0,5.0,0.0,5.0,5.0,5.0,5.0,5.0,5.0,5.0,5.0,5.0,5.0,5.0,5.0,4.0,5.0,5.0,4.6,4.67,5.0,5.0,4.8,46,247,4.81,0,46.11529474,8.29204242
PD1M007002,Rogazionisti,Padova,Padova,Veneto,Nord Est,I Grado,Scuola Sec. Primo Grado Non Statale,Non Metropolitano,I Grado,V.Tiziano Minio 15,35100,info@scuolerogazionisti.it,rogazionistipadova@pec.it,www.scuolerogazionisti.it,Paritaria,ok,analysis_results/PD1M007002_PTOF_analysis.json,0.0,5.0,3.0,3.0,4.0,3.0,3.0,3.0,4.0,1.0,3.0,3.0,4.0,4.0,2.0,3.0,4.0,2.0,2.0,3.0,3.0,3.0,2.0,0.0,3.0,3.2,2.75,3.2,2.75,2.75,1,2,2.93,0,45.40692987,11.87608719
AVIS02100B,"Ist. Sup. ""Rinaldo D'Aquino""",Montella,Avellino,Campania,Sud,"I Grado, Professionale",ND,Non Metropolitano,II Grado,Via F. Scandone,83048,avis02100b@istruzione.it,avis02100b@pec.istruzione.it,https//www.iissrinaldodaquino.edu.it/,Statale,ok,analysis_results/AVIS02100B_PTOF_analysis.json,1.0,1.0,1.0,1.0,1.0,1.0,1.0,0.0,0.0,0.0,1.0,1.0,1.0,1.0,1.0,1.0,1.0,1.0,1.0,1.0,1.0,1.0,1.0,0.0,1.0,1.0,1.0,1.0,1.0,1.0,5,56,1.0,0,40.84228603,15.01665759
RCTN042017,Itt M. Di Gioiosa Ass. I.I.S. Zanotti Bi,Marina Di Gioiosa Ionica,Reggio Calabria,Calabria,Sud,Tecnico,ND,Metropolitano,II Grado,Via Giacomo Matteotti47,89046,amministrazione@ldavinci.org,ND,www.itgrighi.rc.it,Statale,ok,analysis_results/RCTN042017_PTOF_analysis.json,0.0,2.0,5.0,5.0,3.0,3.0,3.0,5.0,4.0,2.0,5.0,5.0,5.0,5.0,5.0,5.0,5.0,3.0,5.0,5.0,5.0,5.0,2.0,5.0,5.0,3.8,4.0,5.0,4.5,4.4,21,114,4.34,0,38.30332259,16.32907275
RAPC01101D,Liceo Linguistico Di Cervia,Cervia,Ravenna,Emilia Romagna,Nord Est,Liceo,ND,Non Metropolitano,II Grado,Piazzale Artusi 7,48015,ND,ND,https//www.iiscervia.it/,Statale,ok,analysis_results/RAPC01101D_PTOF_analysis.json,0.0,2.0,2.0,2.0,2.0,3.0,2.0,2.0,2.0,2.0,3.0,2.0,2.0,2.0,2.0,3.0,2.0,3.0,2.0,2.0,2.0,2.0,2.0,2.0,2.0,2.2,2.25,2.2,2.25,2.0,3,1,2.18,0,44.26092823,12.3498153
VVIS00200C,Ist D'Istruzione Superiore P.Galluppi,Tropea,Vibo Valentia,Calabria,Sud,"I Grado, Infanzia, Professionale",ND,Non Metropolitano,II Grado,Viale Coniugi Crigna,89861,vvis00200c@istruzione.it,vvis00200c@pec.istruzione.it,www.iistropea.edu.it,Statale,ok,analysis_results/VVIS00200C_PTOF_analysis.json,0.0,2.0,2.0,2.0,2.0,3.0,2.0,2.0,2.0,2.0,3.0,2.0,2.0,2.0,2.0,3.0,3.0,3.0,2.0,3.0,2.0,2.0,2.0,2.0,2.0,2.2,2.25,2.2,2.75,2.0,3,1,2.28,0,38.67862874,15.89789231
MI1E076001,"Scuola Elem.Parif.""G.Rossello""",Milano,Milano,Lombardia,Nord Ovest,Primaria,Scuola Primaria Non Statale,Metropolitano,Primaria,Via C.Goldoni 68,20129,rossello.mi@scuolarossello.it,ND,www.scuolarossello.it,Paritaria,ok,analysis_results/MI1E076001_PTOF_analysis.json,0.0,1.0,3.0,3.0,1.0,2.0,2.0,1.0,2.0,1.0,1.0,3.0,2.0,4.0,2.0,5.0,2.0,4.0,3.0,4.0,3.0,5.0,4.0,1.0,4.0,2.2,1.25,3.2,3.25,3.4,15,7,2.66,0,45.46679408,9.1903474
NAIS13700L,Istituto Superiore Guglielmo Marconi,Giugliano In Campania,Napoli,Campania,Sud,"I Grado, Professionale, Tecnico",ND,Metropolitano,II Grado,Via G.B. Basile,80014,nais13700l@istruzione.it,nais13700l@pec.istruzione.it,https//www.ismarconi.edu.it,Statale,ok,analysis_results/NAIS13700L_PTOF_analysis.json,0.0,7.0,5.0,5.0,5.0,5.0,5.0,6.0,5.0,5.0,5.0,5.0,5.0,5.0,5.0,5.0,5.0,5.0,5.0,5.0,5.0,7.0,5.0,5.0,5.0,5.0,5.25,5.0,5.0,5.4,19,42,5.13,1,40.92833418,14.20108889
RCMM817039,Sc. Sec. Di 1' Grado (Cosoleto),Cosoleto,Reggio Calabria,Calabria,Sud,I Grado,ND,Metropolitano,I Grado,Via Cesare Battisti,89050,rcic817006@istruzione.it,ND,icdelianuova.gov.it,Statale,ok,analysis_results/RCMM817039_PTOF_analysis.json,0.0,7.0,6.0,6.0,5.0,6.0,6.0,3.0,5.0,3.0,4.0,4.0,5.0,4.0,3.0,4.0,6.0,5.0,4.0,5.0,5.0,6.0,3.0,5.0,5.0,5.8,3.75,4.0,5.0,4.8,12,15,4.67,0,38.27458562,15.92922458
MORC016019,E. Morante- Sezione Professionale,Sassuolo,Modena,Emilia Romagna,Nord Est,Infanzia,ND,Non Metropolitano,ND,Via Selmi N. 16,41049,mois01600a@istruzione.it,ND,https//www.elsamorantesassuolo.edu.it/,Statale,ok,analysis_results/MORC016019_PTOF_analysis.json,1.0,1.0,3.0,3.0,3.0,3.0,3.0,3.0,3.0,3.0,3.0,3.0,3.0,3.0,3.0,3.0,3.0,1.0,3.0,3.0,3.0,3.0,3.0,3.0,3.0,3.0,3.0,3.0,2.5,3.0,0,1,2.9,0,44.54032551,10.78270189
NA1E22400G,Istituto Corsaro,Napoli,Napoli,Campania,Sud,Primaria,ND,Metropolitano,Primaria,Istituto Corsaro - Via Acate 48,80124,info@istitutocorsaro.it,ND,www.istitutocorsaro.it,Paritaria,ok,analysis_results/NA1E22400G_PTOF_analysis.json,1.0,0.0,5.0,5.0,5.0,5.0,5.0,5.0,5.0,5.0,5.0,5.0,5.0,5.0,5.0,5.0,5.0,2.0,5.0,5.0,5.0,5.0,5.0,5.0,5.0,5.0,5.0,5.0,4.25,5.0,0,1,4.85,0,40.83956554,14.25085002
FIMM86401R,"S.M.S. ""Garibaldi""",Campi Bisenzio,Firenze,Toscana,Centro,I Grado,ND,Metropolitano,I Grado,Via Garcia Lorca 15,50013,fiic86400q@istruzione.it,ND,www.iccampicentronord.gov.it,Statale,ok,analysis_results/FIMM86401R_PTOF_analysis.json,0.0,0.0,3.0,0.0,3.0,3.0,2.0,0.0,3.0,0.0,0.0,0.0,0.0,2.0,0.0,4.0,0.0,2.0,0.0,2.0,0.0,0.0,0.0,0.0,0.0,2.75,3.0,3.0,2.0,0.0,4,0,2.69,0,43.82056713,11.13783581
APPS9N5001,"Liceo Scientifico Ind. Sportivo ""Giovanni Paolo Ii""",Fermo,Fermo,Marche,Centro,"I Grado, Infanzia, Professionale",ND,Non Metropolitano,II Grado,Via F.Egidi 77,63900,info@poloscolasticogiovannipaolosecondo.it,m.i.a.srl2017@pec.it,ND,Paritaria,ok,analysis_results/APPS9N5001_PTOF_analysis.json,0.0,2.0,4.0,4.0,2.0,4.0,5.0,2.0,3.0,4.0,3.0,4.0,4.0,4.0,3.0,4.0,5.0,4.0,3.0,4.0,4.0,5.0,2.0,2.0,3.0,3.8,3.0,3.8,4.0,3.2,2,2,3.56,0,43.16058534,13.71839545
SAAA8AF01T,Minori Cap.,Minori,Salerno,Campania,Sud,Infanzia,ND,Non Metropolitano,Infanzia,Via Lama 35,84010,saic8af001@istruzione.it,ND,www.istitutocomprensivodimaiori.it,Statale,ok,analysis_results/SAAA8AF01T_PTOF_analysis.json,0.0,2.0,3.0,3.0,2.0,2.0,2.0,5.0,3.0,1.0,3.0,2.0,3.0,3.0,2.0,4.0,3.0,3.0,2.0,4.0,2.0,2.0,2.0,2.0,2.0,2.4,3.0,2.8,3.0,2.0,0,0,2.64,0,40.64966885,14.62615215
MOIC83400Q,"""Ing. Carlo Stradi"" Maranello",Maranello,Modena,Emilia Romagna,Nord Est,"I Grado, Infanzia, Primaria, Tecnico",ND,Non Metropolitano,"Comprensivo, I Grado, II Grado, Infanzia, Primaria",Via Arrigo Boito 27,41053,moic83400q@istruzione.it,moic83400q@pec.istruzione.it,www.icstradi.edu.it,Statale,ok,analysis_results/MOIC83400Q_PTOF_analysis.json,1.0,3.0,5.0,5.0,5.0,4.0,4.0,3.0,3.0,3.0,3.0,3.0,4.0,5.0,3.0,3.0,5.0,3.0,3.0,5.0,1.0,3.0,3.0,3.0,3.0,4.6,3.0,3.6,4.0,2.6,6,19,3.56,0,44.52512137,10.86744783
BTIS05600L,"I.I.S.S. ""Ettore Carafa""",Andria,Barletta-Andria-Trani,Puglia,Sud,II Grado,ND,Non Metropolitano,II Grado,Via Bisceglie S.N.C.,76123,btis05600l@istruzione.it,btis05600l@pec.istruzione.it,ND,Statale,ok,analysis_results/BTIS05600L_PTOF_analysis.json,0.0,1.0,3.0,3.0,3.0,3.0,3.0,3.0,3.0,3.0,3.0,3.0,2.0,2.0,3.0,3.0,3.0,3.0,2.0,3.0,3.0,3.0,1.0,2.0,1.0,3.0,3.0,2.6,2.75,2.0,0,24,2.67,0,41.22705031,16.29520624
RCAA80617A,Cataforio Via Borelli,Reggio Di Calabria,Reggio Calabria,Calabria,Sud,Infanzia,ND,Metropolitano,Infanzia,Via Borelli,89060,ND,ND,www.iccatanosodegasperi.gov.it,Statale,ok,analysis_results/RCAA80617A_PTOF_analysis.json,0.0,0.0,3.0,3.0,1.0,1.0,1.0,1.0,3.0,1.0,1.0,3.0,3.0,5.0,1.0,3.0,5.0,6.0,4.0,4.0,1.0,4.0,4.0,1.0,4.0,1.8,1.5,3.0,4.75,2.8,7,3,2.77,0,38.10922766,15.64345359
CAIC8AA003,Ic. N.5 Quartu S. Elena,Quartu Sant'Elena,Cagliari,Sardegna,Isole,"I Grado, Infanzia, Primaria, Tecnico",Istituto Comprensivo,Metropolitano,"Comprensivo, I Grado, II Grado, Infanzia, Primaria",Via Fieramosca 33,09045,caic8aa003@istruzione.it,caic8aa003@pec.istruzione.it,ic5quartu.edu.it/,Statale,ok,analysis_results/CAIC8AA003_PTOF_analysis.json,0.0,2.0,3.0,3.0,2.0,3.0,2.0,4.0,4.0,1.0,3.0,2.0,2.0,3.0,2.0,4.0,4.0,4.0,3.0,4.0,3.0,3.0,2.0,3.0,3.0,2.6,3.0,2.6,3.75,2.8,5,2,2.95,0,39.24108358,9.18534391
AVIS02400V,I.S. Paolo A. De Luca,Avellino,Avellino,Campania,Sud,"Liceo, Professionale, Tecnico",ND,Non Metropolitano,II Grado,Via Scandone N. 66,83100,avis02400v@istruzione.it,avis02400v@pec.istruzione.it,isissdeluca.edu.it,Statale,ok,analysis_results/AVIS02400V_PTOF_analysis.json,1.0,7.0,5.0,5.0,5.0,2.0,2.0,4.0,5.0,1.0,4.0,4.0,4.0,5.0,4.0,5.0,5.0,3.0,4.0,4.0,5.0,5.0,2.0,4.0,5.0,3.8,3.5,4.4,4.0,4.2,7,34,3.98,0,40.91404698,14.79528841
CE1ERT500Q,Cartoonlandia Fantasy School,Casal Di Principe,Caserta,Campania,Sud,Primaria,Scuola Primaria Non Statale,Non Metropolitano,Primaria,Via Roma 2,81033,martino.mena@libero.it,ND,ND,Paritaria,ok,analysis_results/CE1ERT500Q_PTOF_analysis.json,0.0,2.0,3.0,3.0,2.0,1.0,1.0,1.0,2.0,1.0,2.0,1.0,2.0,3.0,1.0,3.0,2.0,3.0,2.0,3.0,2.0,5.0,4.0,1.0,5.0,2.0,1.5,2.0,2.5,3.4,2,5,2.28,0,41.00735255,14.13055884
RAIC80600E,"I.C.""Francesco D'Este""-Massa L.",Massa Lombarda,Ravenna,Emilia Romagna,Nord Est,"I Grado, Infanzia, Primaria, Professionale",ND,Non Metropolitano,"Comprensivo, I Grado, II Grado, Infanzia, Primaria",Via Roma 17,48024,raic80600e@istruzione.it,raic80600e@pec.istruzione.it,www.icmassalombarda.it,Statale,ok,analysis_results/RAIC80600E_PTOF_analysis.json,1.0,1.0,4.0,4.0,5.0,4.0,4.0,5.0,4.0,3.0,4.0,5.0,4.0,5.0,3.0,4.0,4.0,2.0,3.0,4.0,3.0,3.0,3.0,3.0,3.0,4.2,4.0,4.2,3.25,3.0,5,4,3.73,0,44.44657069,11.82821317
SSTD015004,Istituto Tecnico Settore Economico Amministrazione Finanza E Marketing Europa,Sassari,Sassari,Sardegna,Isole,"Liceo, Professionale, Tecnico",ND,Non Metropolitano,II Grado,Via Forlanini 18,07100,info@istitutoparini.it,istitutoeuropa@pec.it,www.istitutoeuropa.net,Paritaria,ok,analysis_results/SSTD015004_PTOF_analysis.json,1.0,5.0,4.0,4.0,4.0,3.0,4.0,2.0,4.0,3.0,3.0,4.0,4.0,4.0,4.0,5.0,4.0,3.0,4.0,4.0,5.0,5.0,4.0,4.0,5.0,3.8,3.0,4.2,3.75,4.6,24,36,3.87,0,40.72667657,8.55966713
POIS00600X,Iis P. Dagomari,Prato,Prato,Toscana,Centro,"Professionale, Tecnico",ND,Non Metropolitano,II Grado,Via Di Reggiana 86,59100,pois00600x@istruzione.it,pois00600x@pec.istruzione.it,www.istitutodagomari.edu.it,Statale,ok,analysis_results/POIS00600X_PTOF_analysis.json,0.0,2.0,5.0,4.0,5.0,5.0,5.0,5.0,5.0,3.0,5.0,4.0,4.0,4.0,5.0,5.0,5.0,5.0,4.0,5.0,5.0,5.0,4.0,4.0,5.0,4.8,4.5,4.4,4.75,4.6,83,0,4.61,0,43.88062274,11.09703315
RM1E028004,Scuola Elem.Parit. Pio Xii,Roma,Roma,Lazio,Centro,Primaria,ND,Metropolitano,Primaria,Via Felice Bisleri 51,00133,mercedpio12@hotmail.com,mercedariesssacramento@pec.it,www.mercedpio12.com,Paritaria,ok,analysis_results/RM1E028004_PTOF_analysis.json,0.0,0.0,3.0,3.0,1.0,0.0,1.0,0.0,0.0,0.0,0.0,2.0,2.0,3.0,0.0,0.0,1.0,3.0,3.0,1.0,1.0,3.0,1.0,1.0,1.0,2.0,0.0,2.33,2.0,1.4,5,13,1.93,0,41.89277044,12.48366723
TOIS038002,I.I.S. Michele Buniva,Pinerolo,Torino,Piemonte,Nord Ovest,"Liceo, Professionale, Tecnico",ND,Metropolitano,II Grado,Via Dei Rochis 25,10064,tois038002@istruzione.it,tois038002@pec.istruzione.it,www.buniva.edu.it,Statale,ok,analysis_results/TOIS038002_PTOF_analysis.json,1.0,4.0,5.0,5.0,5.0,5.0,5.0,5.0,5.0,5.0,5.0,5.0,5.0,5.0,5.0,4.0,5.0,4.0,5.0,5.0,5.0,5.0,1.0,1.0,5.0,5.0,5.0,4.8,4.75,3.4,10,0,4.59,0,44.88733486,7.33200099
BO1A07600A,Maria Ausiliatrice E San Giovanni Bosco,Bologna,Bologna,Emilia Romagna,Nord Est,Infanzia,ND,Metropolitano,Infanzia,Via Andrea Costa 155,40134,scuolasangbosco@gmail.com,segreteria@mariaausiliatrice.edu.it,www.mariaausiliatrice.edu.it,Paritaria,ok,analysis_results/BO1A07600A_PTOF_analysis.json,0.0,0.0,3.0,3.0,3.0,3.0,3.0,1.0,3.0,1.0,1.0,3.0,3.0,5.0,1.0,1.0,3.0,3.0,3.0,3.0,1.0,5.0,3.0,1.0,1.0,3.0,1.5,2.6,3.0,2.2,3,22,2.46,0,44.4943668,11.3417208
NAEE8HB01G,Melito 2 - Falcone,Melito Di Napoli,Napoli,Campania,Sud,Primaria,ND,Metropolitano,Primaria,Via Cupa S.Antimo,80017,casab.montessori@gmail.com,ND,http//www.ic2falconeguarano.edu.it/,Statale,ok,analysis_results/NAEE8HB01G_PTOF_analysis.json,0.0,0.0,3.0,3.0,2.0,1.0,1.0,1.0,1.0,1.0,1.0,2.0,2.0,3.0,1.0,3.0,4.0,3.0,3.0,3.0,1.0,2.0,2.0,1.0,1.0,2.0,1.0,2.2,3.25,1.4,5,12,1.97,0,40.92402544,14.23270068
BOEE85104R,Manzolini,Bologna,Bologna,Emilia Romagna,Nord Est,Primaria,ND,Metropolitano,Primaria,Via S.Isaia 16,40123,boic85100g@istruzione.it,ND,ic8bo.edu.it,Statale,ok,analysis_results/BOEE85104R_PTOF_analysis.json,0.0,2.0,2.0,2.0,2.0,3.0,2.0,2.0,2.0,2.0,3.0,2.0,2.0,2.0,2.0,3.0,2.0,3.0,2.0,3.0,3.0,3.0,2.0,2.0,2.0,2.2,2.25,2.2,2.5,2.4,3,1,2.31,0,44.4943668,11.3417208
SI1A029007,Scuola Dell'Infanzia Comunale Mastro Ciliegia,Poggibonsi,Siena,Toscana,Centro,Infanzia,Scuola Infanzia Non Statale,Non Metropolitano,Infanzia,Via Risorgimento,53036,istruzione@comunepoggibonsi.si.it,ND,www.istitutoparini.it,Paritaria,ok,analysis_results/SI1A029007_PTOF_analysis.json,0.0,3.0,5.0,5.0,4.0,4.0,3.0,4.0,5.0,2.0,4.0,3.0,5.0,4.0,3.0,5.0,5.0,3.0,3.0,5.0,6.0,6.0,3.0,3.0,5.0,4.2,3.75,4.0,4.0,4.6,10,10,4.11,0,43.46687289,11.14662795
LC1M05000X,Scuola Sec.1°Grado Maria Ausiliatrice,Lecco,Lecco,Lombardia,Nord Ovest,I Grado,ND,Non Metropolitano,I Grado,Via Caldone 18,23900,segreteria@imalecco.it,imalecco@pec.it,www.imalecco.it,Paritaria,ok,analysis_results/LC1M05000X_PTOF_analysis.json,0.0,0.0,5.0,5.0,5.0,5.0,5.0,0.0,5.0,0.0,5.0,5.0,5.0,5.0,5.0,5.0,5.0,5.0,5.0,4.0,4.0,5.0,4.0,5.0,5.0,5.0,5.0,5.0,4.75,4.6,17,0,4.87,0,45.8557578,9.39339225
GEMM181008,I.O.Convitto/Sec.Igr.Don Milani,Genova,Genova,Liguria,Nord Ovest,I Grado,ND,Metropolitano,I Grado,Corso Carbonara 7G,16124,gemm181008@istruzione.it,gemm181008@pec.istruzione.it,www.convittoge.edu.it/,Statale,ok,analysis_results/GEMM181008_PTOF_analysis.json,0.0,2.0,2.0,2.0,2.0,3.0,2.0,2.0,2.0,2.0,3.0,2.0,2.0,2.0,2.0,3.0,3.0,3.0,2.0,3.0,3.0,3.0,2.0,2.0,2.0,2.2,2.25,2.2,2.75,2.4,3,1,2.36,0,44.41149314,8.9326992
FRRH029015,Sezione Staccata I.P.S.S.A.R. Di Veroli,Veroli,Frosinone,Lazio,Centro,Infanzia,ND,Non Metropolitano,ND,Piazzale Vittorio Veneto,03029,fris029001@istruzione.it,ND,www.iissulpicioveroli.edu.it,Statale,ok,analysis_results/FRRH029015_PTOF_analysis.json,1.0,1.0,3.0,3.0,3.0,3.0,3.0,3.0,3.0,3.0,3.0,3.0,3.0,3.0,3.0,3.0,3.0,1.0,3.0,3.0,3.0,3.0,3.0,3.0,3.0,3.0,3.0,3.0,2.5,3.0,0,0,2.9,0,41.69100425,13.41787776
BOIS01400R,I.I.S. F. Alberghetti,Imola,Bologna,Emilia Romagna,Nord Est,Professionale,ND,Metropolitano,II Grado,Via San Benedetto 10,40026,bois01400r@istruzione.it,bois01400r@pec.istruzione.it,https//www.alberghetti.edu.it/,Statale,ok,analysis_results/BOIS01400R_PTOF_analysis.json,1.0,7.0,5.0,5.0,3.0,5.0,5.0,6.0,6.0,2.0,5.0,6.0,6.0,6.0,6.0,6.0,6.0,4.0,4.0,6.0,4.0,4.0,1.0,4.0,4.0,4.6,4.75,6.0,5.0,3.4,54,36,4.75,0,44.35307392,11.71415595
UDAA848056,San Giovanni Al Nat/V.Scuole,San Giovanni Al Natisone,Udine,Friuli-Venezia G.,Nord Est,Infanzia,ND,Non Metropolitano,Infanzia,Via Delle Scuole,33048,udic848005@istruzione.it,ND,www.icmanzano.edu.it,Statale,ok,analysis_results/UDAA848056_PTOF_analysis.json,0.0,2.0,2.0,2.0,2.0,3.0,2.0,2.0,2.0,2.0,3.0,2.0,2.0,2.0,2.0,3.0,2.0,3.0,2.0,2.0,2.0,2.0,2.0,2.0,2.0,2.2,2.25,2.2,2.25,2.0,3,1,2.18,0,45.98091614,13.40396207
CZAA86003L,Pl.Verghiello- Cz - Ic Casal.,Catanzaro,Catanzaro,Calabria,Sud,Infanzia,ND,Non Metropolitano,Infanzia,Via Forni,88100,czic86000n@istruzione.it,ctic81600v@pec.istruzione.it,www.iccasalinuovocatanzarosud.gov.it,Statale,ok,analysis_results/CZAA86003L_PTOF_analysis.json,1.0,4.0,5.0,5.0,4.0,3.0,4.0,5.0,4.0,2.0,3.0,5.0,4.0,4.0,3.0,5.0,4.0,4.0,3.0,4.0,4.0,5.0,3.0,3.0,4.0,4.2,3.5,4.2,3.75,3.8,20,30,3.89,0,38.90597588,16.59440429
BOPSVN5005,Liceo Scientifico Opzione Scienze Applicate Visitandine Malpighi,Castel San Pietro Terme,Bologna,Emilia Romagna,Nord Est,"I Grado, Infanzia, Liceo, Primaria, Professionale, Tecnico",ND,Metropolitano,II Grado,Via Palestro 8,40024,segreteriacspt@scuolemalpighi.it,licei@pec.liceomalpighi.it,www.scuolemalpighi.it,Paritaria,ok,analysis_results/BOPSVN5005_PTOF_analysis.json,1.0,0.0,4.0,4.0,5.0,4.0,4.0,3.0,3.0,3.0,4.0,4.0,4.0,4.0,4.0,5.0,4.0,3.0,3.0,4.0,3.0,3.0,2.0,3.0,2.0,4.2,3.25,4.2,3.5,2.6,9,12,3.55,0,44.39812256,11.58917845
SRIC831005,"Iv I.C. ""D. Costa"" Augusta",Augusta,Siracusa,Sicilia,Isole,"I Grado, Infanzia, Primaria, Tecnico",Istituto Comprensivo,Non Metropolitano,"Comprensivo, I Grado, II Grado, Infanzia, Primaria",Via Giuseppe Di Vittorio 23,96011,sric831005@istruzione.it,sric831005@pec.istruzione.it,www.4istitutocosta.edu.it,Statale,ok,analysis_results/SRIC831005_PTOF_analysis.json,0.0,2.0,3.0,3.0,2.0,5.0,3.0,3.0,3.0,1.0,1.0,5.0,3.0,5.0,2.0,5.0,5.0,5.0,1.0,2.0,5.0,5.0,4.0,4.0,5.0,3.2,2.0,4.0,3.25,4.6,14,20,3.41,0,37.23060554,15.21944081
RM1M06300L,Scuola Media Madonna Della Neve,Roma,Roma,Lazio,Centro,I Grado,Scuola Sec. Primo Grado Non Statale,Metropolitano,I Grado,V.Tor Sapienza 36,00155,scuolamneve@gmail.com,ND,www.istitutoneveroma.it,Paritaria,ok,analysis_results/RM1M06300L_PTOF_analysis.json,0.0,1.0,4.0,3.0,3.0,5.0,3.0,3.0,2.0,0.0,3.0,4.0,5.0,6.0,4.0,5.0,3.0,3.0,4.0,5.0,2.0,4.0,2.0,2.0,3.0,3.6,2.67,4.8,3.75,2.6,20,9,3.48,0,41.89277044,12.48366723
VAPSDE500S,"Liceo Scientifico Sezione Ad Indirizzo Sportivo ""Istittuto Maria Ausiliatrice""",Varese,Varese,Lombardia,Nord Ovest,"I Grado, Infanzia, Liceo, Primaria, Professionale",ND,Non Metropolitano,II Grado,Piazzale Della Libertà 9,21100,segreteria@scuolamariausiliatrice.com,segreteria@pec.scuolamariausiliatrice.com,www.scuolamariausiliatrice.com,Paritaria,ok,analysis_results/VAPSDE500S_PTOF_analysis.json,1.0,7.0,6.0,6.0,6.0,5.0,6.0,3.0,4.0,3.0,3.0,5.0,5.0,5.0,4.0,4.0,4.0,3.0,4.0,4.0,4.0,4.0,3.0,4.0,4.0,5.8,3.25,4.6,3.75,3.8,20,19,4.24,0,45.81701677,8.82286834
UDMM83201L,T. Marzuttini - Gonars,Gonars,Udine,Friuli-Venezia G.,Nord Est,I Grado,ND,Non Metropolitano,I Grado,Via Torviscosa 8,33050,udic83200g@istruzione.it,ND,www.icgonars.edu.it,Statale,ok,analysis_results/UDMM83201L_PTOF_analysis.json,0.0,2.0,2.0,2.0,2.0,3.0,2.0,2.0,2.0,2.0,3.0,2.0,2.0,2.0,2.0,3.0,2.0,3.0,2.0,2.0,3.0,3.0,2.0,2.0,2.0,2.2,2.25,2.2,2.25,2.4,3,1,2.26,0,45.8965683,13.23507614
NAAA8CW01L,Na Ic Ferdinando Russo,Napoli,Napoli,Campania,Sud,Infanzia,ND,Metropolitano,Infanzia,Via Padula,80126,naic8cw00q@istruzione.it,ND,www.icsferdinandorusso,Statale,ok,analysis_results/NAAA8CW01L_PTOF_analysis.json,1.0,5.0,4.0,4.0,4.0,1.0,4.0,5.0,3.0,2.0,4.0,5.0,4.0,5.0,4.0,4.0,4.0,3.0,3.0,4.0,3.0,5.0,4.0,3.0,3.0,3.4,3.5,4.4,3.5,3.6,22,43,3.68,0,40.83956554,14.25085002
SACT70400G,C.T.P. Vallo Lucania,Vallo Della Lucania,Salerno,Campania,Sud,"Infanzia, Primaria",ND,Non Metropolitano,"Infanzia, Primaria",Via Calcinali,84068,samm33800d@istruzione.it,ND,ND,Statale,ok,analysis_results/SACT70400G_PTOF_analysis.json,0.0,1.0,3.0,3.0,2.0,2.0,1.0,1.0,1.0,1.0,1.0,2.0,2.0,3.0,2.0,3.0,4.0,3.0,3.0,3.0,1.0,3.0,3.0,1.0,1.0,2.2,1.0,2.4,3.25,1.8,4,13,2.13,0,40.22877547,15.26707186
BOPS02500L,Alessandro Manzoni,Bologna,Bologna,Emilia Romagna,Nord Est,"I Grado, Liceo, Tecnico",ND,Metropolitano,II Grado,Via Scipione Dal Ferro 10/2,40138,segreteria@fondazionemalavasi.it,segreteria@pec.fondazionemalavasi.it,http//www.scuolemanzoni.it,Paritaria,ok,analysis_results/BOPS02500L_PTOF_analysis.json,0.0,0.0,3.0,3.0,2.0,2.0,2.0,3.0,4.0,1.0,3.0,3.0,2.0,4.0,1.0,3.0,3.0,4.0,3.0,3.0,3.0,3.0,2.0,1.0,4.0,2.4,2.75,2.6,3.25,2.6,4,1,2.72,0,44.4943668,11.3417208
RMAA840028,Amendola,Roma,Roma,Lazio,Centro,Infanzia,ND,Metropolitano,Infanzia,Via Dell'Idroscalo 82,00121,rmic84000a@istruzione.it,ND,www.icviadelleazzorre.it,Statale,ok,analysis_results/RMAA840028_PTOF_analysis.json,1.0,5.0,5.0,5.0,5.0,5.0,5.0,5.0,5.0,3.0,4.0,5.0,5.0,5.0,5.0,5.0,5.0,3.0,5.0,5.0,4.0,5.0,1.0,4.0,4.0,5.0,4.25,5.0,4.5,3.6,20,22,4.47,0,41.89277044,12.48366723
RIAA817113,Toffia,Toffia,Rieti,Lazio,Centro,Infanzia,ND,Non Metropolitano,Infanzia,Via Farense,02039,riic81700p@istruzione.it,cnps010003@pec.istruzione.it,www.icspoggiomoiano@it,Statale,ok,analysis_results/RIAA817113_PTOF_analysis.json,1.0,6.0,5.0,5.0,5.0,5.0,5.0,5.0,5.0,4.0,5.0,5.0,5.0,5.0,5.0,5.0,5.0,5.0,5.0,5.0,5.0,5.0,5.0,5.0,5.0,5.0,4.75,5.0,5.0,5.0,21,21,4.95,0,42.21251146,12.752368
CHAA03603E,Rione Cappuccini - Guardiagrele,Guardiagrele,Chieti,Abruzzo,Sud,Infanzia,ND,Non Metropolitano,Infanzia,Viale Cappuccini47,66016,chee03600l@istruzione.it,ND,www.circolodidattiicoguardiagrele.it,Statale,ok,analysis_results/CHAA03603E_PTOF_analysis.json,1.0,7.0,5.0,5.0,5.0,3.0,5.0,5.0,4.0,3.0,5.0,5.0,5.0,5.0,4.0,5.0,5.0,3.0,4.0,6.0,4.0,4.0,1.0,4.0,4.0,4.6,4.25,4.8,4.5,3.4,10,18,4.31,0,42.19114112,14.2202068
REEE84704C,Elsa Morante-Vill.Stranieri,Reggio Nell'Emilia,Reggio Emilia,Emilia Romagna,Nord Est,Primaria,ND,Non Metropolitano,Primaria,Via Don L.Sturzo 9 (Vill.Stranieri),42122,reic847007@istruzione.it,ND,www.icdavincireggioemilia.edu.it,Statale,ok,analysis_results/REEE84704C_PTOF_analysis.json,0.0,1.0,3.0,3.0,3.0,2.0,2.0,2.0,3.0,1.0,1.0,3.0,3.0,3.0,1.0,3.0,3.0,2.0,2.0,2.0,2.0,3.0,2.0,2.0,3.0,2.6,1.75,2.6,2.25,2.4,16,12,2.32,0,44.69735289,10.63007973
NAIC8B1002,Na - I.C. 83 Porchiano-Bordiga,Napoli,Napoli,Campania,Sud,"Primaria, Professionale",ND,Metropolitano,"II Grado, Primaria",Via Molino Fellapane S.N.C.,80147,naic8b1002@istruzione.it,naic8b1002@pec.istruzione.it,www.ic83porchianobordiga.gov.it/,Statale,ok,analysis_results/NAIC8B1002_PTOF_analysis.json,1.0,1.0,5.0,5.0,5.0,1.0,4.0,3.0,4.0,1.0,2.0,3.0,4.0,4.0,3.0,3.0,4.0,2.0,3.0,4.0,3.0,3.0,3.0,1.0,3.0,4.0,2.5,3.4,3.25,2.6,3,6,3.15,0,40.83956554,14.25085002
TEAA82307P,Civitella - Capoluogo,Civitella Del Tronto,Teramo,Abruzzo,Sud,Infanzia,ND,Non Metropolitano,Infanzia,Via Provinciale,64010,ND,ND,www.iccampli.edu.it,Statale,ok,analysis_results/TEAA82307P_PTOF_analysis.json,0.0,0.0,3.0,3.0,3.0,4.0,1.0,1.0,4.0,1.0,1.0,4.0,2.0,4.0,3.0,4.0,4.0,4.0,4.0,4.0,2.0,4.0,3.0,1.0,3.0,2.8,1.75,3.4,4.0,2.6,6,8,2.91,0,42.77170903,13.66549149
PZPC00202B,"L.C. ""G. Fortunato""",Rionero In Vulture,Potenza,Basilicata,Sud,Liceo,ND,Non Metropolitano,II Grado,Via San Donato Da Ripacandida 36,85020,pzis002003@istruzione.it,ND,https//www.liceirionero.edu.it/,Statale,ok,analysis_results/PZPC00202B_PTOF_analysis.json,1.0,1.0,5.0,5.0,6.0,5.0,6.0,4.0,3.0,3.0,4.0,4.0,5.0,4.0,3.0,3.0,6.0,3.0,4.0,5.0,5.0,5.0,3.0,4.0,3.0,5.4,3.5,3.8,4.5,4.0,8,23,4.24,0,40.92699724,15.67379736
LEMM803035,Falcone E Borsellino - Patu',Patu',Lecce,Puglia,Sud,I Grado,ND,Non Metropolitano,I Grado,Via G. Romano 16,73053,leic803002@istruzione.it,ND,www.comprensivosalvemorciano.gov.it,Statale,ok,analysis_results/LEMM803035_PTOF_analysis.json,0.0,2.0,3.0,3.0,2.0,3.0,2.0,1.0,4.0,1.0,2.0,4.0,2.0,5.0,2.0,5.0,5.0,6.0,3.0,4.0,1.0,5.0,4.0,1.0,3.0,2.6,2.0,3.6,4.5,2.8,10,6,3.1,0,,
LEIS05200B,"I.I.S.S. ""L. Da Vinci""",Maglie,Lecce,Puglia,Sud,"I Grado, Infanzia, Primaria",ND,Non Metropolitano,II Grado,Via G. Gentile 4,73024,leis05200b@istruzione.it,leis05200b@pec.istruzione.it,ND,Statale,ok,analysis_results/LEIS05200B_PTOF_analysis.json,0.0,2.0,3.0,3.0,2.0,3.0,1.0,1.0,4.0,1.0,2.0,4.0,2.0,5.0,2.0,5.0,5.0,6.0,3.0,4.0,1.0,5.0,4.0,1.0,3.0,2.4,2.0,3.6,4.5,2.8,9,5,3.06,0,40.1210185,18.29885845
FI1M02000G,"""Conservatorio Santa Maria Degli Angeli""",Firenze,Firenze,Toscana,Centro,I Grado,Scuola Sec. Primo Grado Non Statale,Metropolitano,I Grado,Via Laura 26,50121,segreteria@conservatorioangeli.it,ND,www.conservatorioangeli.it,Paritaria,ok,analysis_results/FI1M02000G_PTOF_analysis.json,0.0,2.0,3.0,4.0,2.0,5.0,3.0,1.0,4.0,1.0,4.0,4.0,4.0,5.0,2.0,6.0,5.0,6.0,5.0,3.0,3.0,5.0,3.0,1.0,4.0,3.4,2.5,4.2,4.75,3.2,6,7,3.61,0,43.76923077,11.25588885
RMMM8FS018,Giuseppe Bagnera,Roma,Roma,Lazio,Centro,I Grado,ND,Metropolitano,I Grado,Via Giuseppe Bagnera64,00146,rmic8fs007@istruzione.it,ND,www.icbagnera.edu.it,Statale,ok,analysis_results/RMMM8FS018_PTOF_analysis.json,1.0,1.0,1.0,1.0,1.0,1.0,1.0,1.0,1.0,1.0,1.0,4.0,4.0,4.0,4.0,5.0,3.0,3.0,3.0,3.0,3.0,3.0,3.0,3.0,3.0,1.0,1.0,4.2,3.0,3.0,17,20,2.44,0,41.89277044,12.48366723
PAAA8AA037,Plesso V. Vitali,Palermo,Palermo,Sicilia,Isole,Infanzia,Scuola Infanzia,Metropolitano,Infanzia,Via Inserra 1,90146,paic8aa008@istruzione.it,ND,www.iccruillas.edu.it,Statale,ok,analysis_results/PAAA8AA037_PTOF_analysis.json,1.0,5.0,3.0,3.0,4.0,3.0,4.0,4.0,3.0,2.0,4.0,3.0,4.0,4.0,4.0,4.0,4.0,3.0,3.0,1.0,5.0,5.0,4.0,4.0,5.0,3.4,3.25,3.8,2.75,4.6,8,3,3.56,0,38.11569725,13.36235675
CS1E002006,"""Istituto Vittorio Veneto""",Castrovillari,Cosenza,Calabria,Sud,Primaria,ND,Non Metropolitano,Primaria,Via Roma 162,87012,icvittorioveneto@libero.it,padreminozzi@arubapec.it,ND,Paritaria,ok,analysis_results/CS1E002006_PTOF_analysis.json,1.0,1.0,4.0,4.0,4.0,3.0,3.0,3.0,3.0,1.0,1.0,3.0,4.0,4.0,3.0,3.0,3.0,3.0,3.0,3.0,2.0,3.0,3.0,1.0,3.0,3.6,2.0,3.4,3.0,2.4,3,6,2.88,0,39.81097584,16.20229605
GEAA81801Q,S.Mat. La Matita Magica,Ronco Scrivia,Genova,Liguria,Nord Ovest,Infanzia,ND,Metropolitano,Infanzia,Via Veneto 1,16019,geic81800v@istruzione.it,pirh01000d@istruzione.it,www.iovallescrivia.edu.it,Statale,ok,analysis_results/GEAA81801Q_PTOF_analysis.json,1.0,5.0,3.0,3.0,4.0,3.0,3.0,4.0,4.0,3.0,3.0,4.0,3.0,3.0,3.0,5.0,3.0,4.0,3.0,4.0,2.0,3.0,2.0,1.0,1.0,3.2,3.5,3.6,3.5,1.8,1,17,3.12,0,44.60820328,8.95498801
CSIS08300P,"Ls ""Fermi"" Cosenza- Polo Tecnico Brutium",Cosenza,Cosenza,Calabria,Sud,"I Grado, Infanzia, Professionale",ND,Non Metropolitano,II Grado,Via Anna Morrone 16,87100,csis08300p@istruzione.it,csis08300p@pec.istruzione.it,ND,Statale,ok,analysis_results/CSIS08300P_PTOF_analysis.json,0.0,2.0,2.0,2.0,2.0,3.0,2.0,2.0,2.0,2.0,3.0,2.0,2.0,2.0,2.0,3.0,2.0,3.0,2.0,2.0,2.0,2.0,2.0,2.0,2.0,2.2,2.25,2.2,2.25,2.0,3,1,2.18,0,39.29308673,16.25609864
RCEE871033,S. Giovanni Di Pellaro,Reggio Di Calabria,Reggio Calabria,Calabria,Sud,Primaria,ND,Metropolitano,Primaria,Via Fossi Di Comi,89066,rcic87100v@istruzione.it,ND,www.iccassiodorodonbosco.gov.it,Statale,ok,analysis_results/RCEE871033_PTOF_analysis.json,1.0,3.0,2.0,2.0,2.0,2.0,2.0,2.0,2.0,2.0,2.0,2.0,2.0,2.0,2.0,2.0,2.0,2.0,2.0,2.0,2.0,2.0,2.0,2.0,2.0,2.0,2.0,2.0,2.0,2.0,4,0,2.0,0,38.10922766,15.64345359
PGPMCG500I,Liceo Delle Scienze Umane San Francesco Di Sales,Citta' Di Castello,Perugia,Umbria,Centro,"I Grado, Liceo, Primaria, Tecnico",ND,Non Metropolitano,II Grado,Via Cacciatori Del Tevere 6,06012,sanfrancesco@liberidieducare.it,sanfrancescodisales@cgn.legalmail.it,www.liberidieducare.it,Paritaria,ok,analysis_results/PGPMCG500I_PTOF_analysis.json,0.0,3.0,5.0,4.0,4.0,5.0,4.0,3.0,4.0,4.0,5.0,3.0,5.0,4.0,4.0,5.0,5.0,4.0,3.0,5.0,5.0,5.0,4.0,4.0,5.0,4.4,4.0,4.2,4.25,4.6,20,118,4.29,0,,
CSRC06301C,Ipsct Oriolo,Oriolo,Cosenza,Calabria,Sud,Infanzia,ND,Non Metropolitano,ND,Via Circumvallazione San Leo,87073,csis06300d@istruzione.it,ND,www.istitutoaletti.gov.it,Statale,ok,analysis_results/CSRC06301C_PTOF_analysis.json,1.0,5.0,3.0,3.0,3.0,3.0,3.0,3.0,3.0,3.0,3.0,3.0,3.0,3.0,3.0,3.0,3.0,1.0,3.0,3.0,3.0,3.0,3.0,3.0,3.0,3.0,3.0,3.0,2.5,3.0,0,0,2.9,0,40.05293541,16.44448908
RMEE8AZ021,Segni - Pantano,Segni,Roma,Lazio,Centro,Primaria,Scuola Primaria,Metropolitano,Primaria,Contrada La Mola,00037,rmic8az00t@istruzione.it,ND,www.comprensivosegni.gov.it,Statale,ok,analysis_results/RMEE8AZ021_PTOF_analysis.json,1.0,2.0,3.0,3.0,3.0,3.0,2.0,3.0,3.0,3.0,4.0,3.0,4.0,4.0,1.0,4.0,4.0,3.0,4.0,4.0,4.0,4.0,3.0,4.0,4.0,2.8,3.25,3.2,3.75,3.8,11,3,3.36,0,41.69145242,13.02317379
CNAA82101R,Monta'-Capoluogo,Monta',Cuneo,Piemonte,Nord Ovest,Infanzia,ND,Non Metropolitano,Infanzia,C.So A. De Gasperi 13,12046,cnic82100x@istruzione.it,ND,www.icmonta.edu.it,Statale,ok,analysis_results/CNAA82101R_PTOF_analysis.json,0.0,2.0,2.0,2.0,2.0,3.0,2.0,2.0,2.0,2.0,3.0,2.0,2.0,2.0,2.0,3.0,2.0,3.0,2.0,3.0,3.0,3.0,2.0,2.0,2.0,2.2,2.25,2.2,2.5,2.4,3,1,2.31,0,,
AQIS007009,"I.I.S. "" L. Da Vinci - O. Colecchi""",L'Aquila,L'Aquila,Abruzzo,Sud,"Professionale, Tecnico",ND,Non Metropolitano,II Grado,Via Monte San Rocco N.15 Loc.Pineta Signorini,67100,aqis007009@istruzione.it,aqis007009@pec.istruzione.it,www.iisdavincicolecchiaq.edu.it,Statale,ok,analysis_results/AQIS007009_PTOF_analysis.json,1.0,3.0,5.0,5.0,5.0,5.0,5.0,5.0,5.0,3.0,5.0,5.0,5.0,5.0,4.0,5.0,5.0,4.0,4.0,5.0,3.0,5.0,3.0,3.0,3.0,5.0,4.5,4.8,4.5,3.4,18,30,4.44,0,42.35122195,13.39843828
BOPLUH500M,Liceo Quadriennale Linguistico Malpighi,Bologna,Bologna,Emilia Romagna,Nord Est,"I Grado, Liceo, Professionale",ND,Metropolitano,II Grado,Via Sant'Isaia 77,40123,segreteria.santisaia@scuolemalpighi.it,licei@pec.liceimalpighi.it,http//www.scuolemalpighi.it,Paritaria,ok,analysis_results/BOPLUH500M_PTOF_analysis.json,1.0,2.0,4.0,4.0,5.0,4.0,4.0,2.0,4.0,2.0,3.0,3.0,3.0,3.0,3.0,3.0,4.0,3.0,3.0,4.0,3.0,5.0,2.0,3.0,2.0,4.2,2.75,3.0,3.5,3.0,21,22,3.29,0,44.4943668,11.3417208
POEE820025,G.Puccini/Bartolini,Prato,Prato,Toscana,Centro,Primaria,ND,Non Metropolitano,Primaria,Via Guerra 47,59100,poic820002@istruzione.it,ND,www.icnordprato.edu.it,Statale,ok,analysis_results/POEE820025_PTOF_analysis.json,1.0,2.0,5.0,3.0,4.0,5.0,5.0,5.0,5.0,0.0,4.0,5.0,3.0,5.0,4.0,5.0,4.0,4.0,4.0,4.0,4.0,5.0,3.0,2.0,2.0,4.4,4.67,4.4,4.0,3.2,11,213,4.13,0,43.88062274,11.09703315
CATF955004,Scuole Boccaccio,Iglesias,Sud Sardegna,Sardegna,Isole,"I Grado, Infanzia, Professionale",ND,Non Metropolitano,II Grado,Viale Vittorio Veneto. 1,09016,info@scuolaprivataiglesias.it,montischool@pec.it,www.scuoleboccaccio.edu.it,Paritaria,ok,analysis_results/CATF955004_PTOF_analysis.json,0.0,0.0,2.0,2.0,2.0,3.0,2.0,2.0,2.0,2.0,3.0,2.0,2.0,2.0,2.0,3.0,2.0,3.0,2.0,2.0,2.0,2.0,2.0,2.0,2.0,2.2,2.25,2.2,2.25,2.0,3,1,2.18,0,39.30993485,8.53146719
NAEE8CY01D,Na Ic - Via Nuova Bagnoli,Napoli,Napoli,Campania,Sud,Primaria,ND,Metropolitano,Primaria,Viale Kennedy 431,80125,naic8cy00b@istruzione.it,ND,www.41console.edu.it,Statale,ok,analysis_results/NAEE8CY01D_PTOF_analysis.json,1.0,5.0,4.0,4.0,5.0,3.0,4.0,4.0,5.0,3.0,5.0,5.0,4.0,5.0,4.0,5.0,4.0,3.0,4.0,4.0,4.0,4.0,1.0,3.0,3.0,4.0,4.25,4.6,3.75,3.0,15,26,3.92,0,40.83956554,14.25085002
CT1A138003,Scuola Materna Regionale Verga,Aci Castello,Catania,Sicilia,Isole,Infanzia,ND,Metropolitano,Infanzia,Via Crispi,95021,ctic81600v@istruzione.it,ND,www.icgverga.gov.it,Paritaria,ok,analysis_results/CT1A138003_PTOF_analysis.json,1.0,3.0,5.0,5.0,5.0,5.0,5.0,5.0,5.0,1.0,5.0,5.0,4.0,4.0,1.0,4.0,4.0,2.0,3.0,4.0,4.0,4.0,1.0,3.0,3.0,5.0,4.0,3.6,3.25,3.0,19,18,3.77,0,37.5558181,15.14523329
BAAA831029,C.Da S.Marco,Locorotondo,Bari,Puglia,Sud,Infanzia,Scuola Infanzia,Metropolitano,Infanzia,S.P. 162 Contrada San Marco 63,70010,baic83100b@istruzione.it,baic83100b@pec.istruzione.it,www.icmarconioliva.edu.it,Statale,ok,analysis_results/BAAA831029_PTOF_analysis.json,0.0,1.0,5.0,5.0,3.0,5.0,5.0,4.0,5.0,2.0,6.0,4.0,5.0,5.0,5.0,5.0,5.0,5.0,4.0,5.0,5.0,5.0,3.0,4.0,4.0,4.6,4.25,4.8,4.75,4.2,18,19,4.52,0,40.75237666,17.32662454
BO1E012009,"Istituto Religioso ""Maria Ausiliatrice""",Bologna,Bologna,Emilia Romagna,Nord Est,Primaria,ND,Metropolitano,Primaria,V. Jacopo Della Quercia 5,40128,segreteria@istmabo.it,segreteriabolognama@pec.fmails.it,www.istmabo.it,Paritaria,ok,analysis_results/BO1E012009_PTOF_analysis.json,1.0,5.0,5.0,5.0,5.0,5.0,5.0,1.0,5.0,2.0,5.0,3.0,5.0,5.0,5.0,2.0,5.0,3.0,5.0,5.0,4.0,4.0,1.0,3.0,3.0,5.0,3.25,4.0,4.5,3.0,19,17,3.95,0,44.4943668,11.3417208
TAPS19000A,"Liceo ""Galileo Ferraris""",Taranto,Taranto,Puglia,Sud,Liceo,ND,Non Metropolitano,II Grado,Via Abruzzo 13,74100,taps19000a@istruzione.it,taps19000a@pec.istruzione.it,www.liceoferraris.edu.it,Statale,ok,analysis_results/TAPS19000A_PTOF_analysis.json,0.0,2.0,2.0,2.0,2.0,3.0,2.0,2.0,2.0,2.0,3.0,2.0,2.0,2.0,2.0,3.0,2.0,3.0,2.0,2.0,2.0,2.0,2.0,2.0,2.0,2.2,2.25,2.2,2.25,2.0,3,1,2.18,0,40.47354719,17.23237621
BOEE81502G,Marsili L.F.,Bologna,Bologna,Emilia Romagna,Nord Est,Primaria,ND,Metropolitano,Primaria,Via Sant'Anna 4,40128,boic81500c@istruzione.it,ND,http//www.ic4bologna.edu.it,Statale,ok,analysis_results/BOEE81502G_PTOF_analysis.json,0.0,2.0,3.0,4.0,2.0,5.0,3.0,1.0,4.0,1.0,4.0,4.0,4.0,5.0,2.0,5.0,5.0,6.0,6.0,4.0,3.0,5.0,3.0,1.0,4.0,3.4,2.5,4.0,5.25,3.2,6,4,3.67,0,44.4943668,11.3417208
RMTF180009,Enrico Fermi,Frascati,Roma,Lazio,Centro,Tecnico,Istituto Tecnico Industriale,Metropolitano,II Grado,Via Cesare Minardi 14,00044,rmtf180009@istruzione.it,rmtf180009@pec.istruzione.it,www.fermifrascati.edu.it,Statale,ok,analysis_results/RMTF180009_PTOF_analysis.json,0.0,0.0,3.0,3.0,5.0,4.0,4.0,5.0,5.0,1.0,4.0,4.0,4.0,4.0,3.0,5.0,5.0,5.0,1.0,3.0,5.0,6.0,3.0,4.0,4.0,3.8,3.75,4.0,3.5,4.4,40,14,3.89,0,41.80598978,12.68079241
NAMM87501B,G. Falcone - Volla,Volla,Napoli,Campania,Sud,I Grado,ND,Metropolitano,I Grado,Via Famiglietti 38,80040,naic87500a@istruzione.it,ctic81600v@pec.istruzione.it,www.icsfalcone.edu.it,Statale,ok,analysis_results/NAMM87501B_PTOF_analysis.json,1.0,3.0,4.0,4.0,3.0,3.0,4.0,4.0,3.0,2.0,3.0,4.0,4.0,4.0,3.0,5.0,4.0,4.0,3.0,4.0,4.0,5.0,3.0,3.0,4.0,3.6,3.0,4.0,3.75,3.8,16,37,3.63,0,40.87950851,14.34632248
LOTD01050C,A. Bassi,Lodi,Lodi,Lombardia,Nord Ovest,Tecnico,Istituto Tecnico Commerciale,Non Metropolitano,II Grado,Via Porta Regale 2,26900,lotd010003@istruzione.it,ND,www.bassi.gov.it,Statale,ok,analysis_results/LOTD01050C_PTOF_analysis.json,0.0,2.0,3.0,4.0,2.0,3.0,2.0,1.0,3.0,1.0,3.0,3.0,4.0,5.0,2.0,4.0,5.0,4.0,4.0,4.0,2.0,4.0,4.0,1.0,3.0,2.8,2.0,3.6,4.25,2.8,3,2,3.09,0,45.31440693,9.50372077
UDIC80900E,M. Gortani - Comeglians,Comeglians,Udine,Friuli-Venezia G.,Nord Est,Professionale,ND,Non Metropolitano,II Grado,Via Roma 49/A,33023,udic80900e@istruzione.it,udic80900e@pec.istruzione.it,https://www.nobilmetal.it/it-,Statale,ok,analysis_results/UDIC80900E_PTOF_analysis.json,1.0,1.0,5.0,5.0,5.0,3.0,5.0,5.0,4.0,1.0,5.0,6.0,6.0,6.0,6.0,6.0,5.0,3.0,5.0,5.0,3.0,4.0,1.0,3.0,2.0,4.6,3.75,6.0,4.5,2.6,7,23,4.29,0,46.51358001,12.86791668
RN1E006005,Scuola Primaria Paritaria Maestre Pie,Rimini,Rimini,Emilia Romagna,Nord Est,Primaria,ND,Non Metropolitano,Primaria,Via S. Chiara 44,47921,segreteria@scuolemaestrepierimini.it,scuolemaestrepierimini@pec.it,www.scuolemaestrepierimini.it,Paritaria,ok,analysis_results/RN1E006005_PTOF_analysis.json,1.0,1.0,4.0,4.0,2.0,3.0,3.0,3.0,3.0,0.0,1.0,3.0,4.0,4.0,3.0,3.0,3.0,3.0,2.0,3.0,2.0,3.0,3.0,1.0,3.0,3.2,2.33,3.4,2.75,2.4,3,6,2.82,0,44.06090086,12.56562951
AQMM82401X,Scurcola Marsicana,Scurcola Marsicana,L'Aquila,Abruzzo,Sud,I Grado,ND,Non Metropolitano,I Grado,Via Talamo,67068,aqic82400v@istruzione.it,ND,http//www.scuolamaglianodemarsi.it,Statale,ok,analysis_results/AQMM82401X_PTOF_analysis.json,0.0,2.0,3.0,3.0,2.0,3.0,2.0,4.0,5.0,1.0,3.0,2.0,3.0,5.0,1.0,4.0,3.0,4.0,2.0,3.0,3.0,4.0,1.0,2.0,3.0,2.6,3.25,3.0,3.0,2.6,0,3,2.89,0,42.06445594,13.34240445
PGIC867009,I.C. Perugia 6,Perugia,Perugia,Umbria,Centro,"I Grado, Infanzia, Primaria, Professionale",ND,Non Metropolitano,"Comprensivo, I Grado, II Grado, Infanzia, Primaria",Via Dell'Armonia 77,06132,pgic867009@istruzione.it,pgic867009@pec.istruzione.it,www.comprensivoperugia6.edu.it,Statale,ok,analysis_results/PGIC867009_PTOF_analysis.json,1.0,4.0,3.0,3.0,0.0,3.0,3.0,5.0,4.0,0.0,4.0,4.0,4.0,5.0,3.0,3.0,4.0,3.0,3.0,4.0,4.0,5.0,1.0,4.0,4.0,3.0,4.33,3.8,3.5,3.6,18,8,3.65,0,43.1067584,12.38824699
LTIC83700B,I.C. Garibaldi,Aprilia,Latina,Lazio,Centro,"I Grado, Infanzia, Primaria, Professionale",ND,Non Metropolitano,"Comprensivo, I Grado, II Grado, Infanzia, Primaria",Via E.Fermi 24,04011,ltic83700b@istruzione.it,ltic83700b@pec.istruzione.it,www.comprensivogaribaldiaprilia.edu.it,Statale,ok,analysis_results/LTIC83700B_PTOF_analysis.json,1.0,2.0,4.0,4.0,5.0,1.0,4.0,5.0,4.0,0.0,3.0,5.0,4.0,5.0,3.0,5.0,3.0,2.0,3.0,4.0,3.0,4.0,2.0,3.0,4.0,3.6,4.0,4.4,3.0,3.2,16,9,3.64,0,41.59415376,12.64816922
BOEE85802D,Fiorini,Bologna,Bologna,Emilia Romagna,Nord Est,Primaria,ND,Metropolitano,Primaria,Via Emilia Ponente 311,40132,boic85800a@istruzione.it,ND,www.ic14bo.gov.it,Statale,ok,analysis_results/BOEE85802D_PTOF_analysis.json,0.0,2.0,3.0,3.0,2.0,3.0,2.0,1.0,4.0,1.0,4.0,4.0,3.0,5.0,2.0,4.0,3.0,2.0,3.0,3.0,5.0,5.0,4.0,2.0,5.0,2.6,2.5,3.6,2.75,4.2,8,3,3.13,0,44.4943668,11.3417208
VBPM03500D,"Liceo Delle Scienze Umane ""Antonio Rosmini""",Domodossola,Verbano-Cusio-Ossola,Piemonte,Nord Ovest,"I Grado, Infanzia, Liceo, Primaria, Tecnico",ND,Non Metropolitano,II Grado,Via Mattarella N. 5,28845,liceorosmini.segreteria@gmail.com,scuolerosmini@legalmail.it,www.rosminiinternationalcampus.com,Paritaria,ok,analysis_results/VBPM03500D_PTOF_analysis.json,0.0,5.0,4.0,4.0,4.0,4.0,4.0,4.0,5.0,2.0,5.0,5.0,5.0,4.0,4.0,6.0,5.0,4.0,4.0,4.0,5.0,6.0,4.0,5.0,5.0,4.0,4.0,4.8,4.25,5.0,38,8,4.41,0,46.11529474,8.29204242
PZEE895054,Giovanni Xiii - Rapone,Rapone,Potenza,Basilicata,Sud,Primaria,ND,Non Metropolitano,Primaria,Via A. Manzoni,85020,ND,ND,www.icrionero.gov.it,Statale,ok,analysis_results/PZEE895054_PTOF_analysis.json,0.0,0.0,3.0,3.0,3.0,1.0,1.0,1.0,2.0,1.0,1.0,2.0,2.0,3.0,1.0,2.0,3.0,2.0,3.0,3.0,1.0,3.0,3.0,1.0,3.0,2.2,1.25,2.0,2.75,2.2,0,7,2.08,0,40.84646843,15.49812111
CSTF6C500B,"Istituto Tecnico Industriale ""Bill Gates""",Cosenza,Cosenza,Calabria,Sud,"I Grado, Infanzia, Professionale",ND,Non Metropolitano,II Grado,Traversa Luca Giordano N° 2,87100,ND,cifsantarita@pec.it,www.scuolaitibillgates.com,Paritaria,ok,analysis_results/CSTF6C500B_PTOF_analysis.json,0.0,0.0,2.0,2.0,2.0,3.0,2.0,2.0,2.0,2.0,3.0,2.0,2.0,2.0,2.0,3.0,2.0,3.0,2.0,2.0,2.0,2.0,2.0,2.0,2.0,2.2,2.25,2.2,2.25,2.0,3,1,2.18,0,39.29308673,16.25609864
RCEE82617R,Roccella Capoluogo,Roccella Ionica,Reggio Calabria,Calabria,Sud,Primaria,ND,Metropolitano,Primaria,Via Venticinque Aprile 29,89047,rcic854005@istruzione.it,rcic854005@pec.istruzione.it,www.istitutocomprensivocaulonia.it,Statale,ok,analysis_results/RCEE82617R_PTOF_analysis.json,1.0,1.0,3.0,3.0,3.0,4.0,3.0,2.0,3.0,2.0,2.0,3.0,3.0,3.0,2.0,3.0,4.0,3.0,3.0,3.0,3.0,3.0,2.0,2.0,2.0,3.2,2.25,2.8,3.25,2.4,8,27,2.78,0,38.32524775,16.40346997
NAEE8AH018,C.Mmare Ic - Di Capua,Castellammare Di Stabia,Napoli,Campania,Sud,Primaria,ND,Metropolitano,Primaria,Via Napoli 84,80053,naic8ah006@istruzione.it,ND,www.icfdicapua.gov.it,Statale,ok,analysis_results/NAEE8AH018_PTOF_analysis.json,1.0,5.0,3.0,3.0,3.0,3.0,3.0,3.0,5.0,3.0,3.0,3.0,3.0,3.0,3.0,5.0,3.0,1.0,1.0,3.0,3.0,3.0,3.0,3.0,3.0,3.0,3.5,3.4,2.0,3.0,18,17,2.98,0,40.69452529,14.48032413
MIPC09500C,Liceo Classico Istituto Gonzaga,Milano,Milano,Lombardia,Nord Ovest,"I Grado, Primaria, Professionale",Scuola Sec. Secondo Grado Non Statale,Metropolitano,II Grado,V. Vitruvio 41,20124,segreteria@gonzaga-milano.it,istitutogonzaga@pec.gonzaga-milano.it,www.gonzaga-milano.it,Paritaria,ok,analysis_results/MIPC09500C_PTOF_analysis.json,1.0,9.0,5.0,4.0,4.0,5.0,4.0,2.0,5.0,1.0,4.0,4.0,5.0,5.0,3.0,5.0,3.0,5.0,2.0,4.0,5.0,5.0,4.0,5.0,6.0,4.4,3.0,4.4,3.5,5.0,9,3,4.06,0,45.46679408,9.1903474
MI1AD4500V,Scuola Dell'Infanzia Montessori Bilingue,Milano,Milano,Lombardia,Nord Ovest,Infanzia,Scuola Infanzia Non Statale,Metropolitano,Infanzia,Via Palmieri 72/4,20141,-segreteria@montessoribilingue.it,ND,www.montessoribilingue.it,Paritaria,ok,analysis_results/MI1AD4500V_PTOF_analysis.json,0.0,2.0,3.0,4.0,2.0,3.0,2.0,1.0,2.0,1.0,3.0,2.0,4.0,4.0,1.0,5.0,5.0,4.0,5.0,4.0,1.0,5.0,3.0,1.0,5.0,2.8,1.75,3.2,4.5,3.0,4,3,3.05,0,45.46679408,9.1903474
PGSD03001Q,"I.O. "" B. Di Betto"" - Sez. Carceraria",Perugia,Perugia,Umbria,Centro,"Infanzia, Primaria",ND,Non Metropolitano,"Infanzia, Primaria",Perugia S.R. 220 - Pievaiola Nr. 252,06132,casab.montessori@gmail.com,ND,www.liceospoleto.edu.it,Statale,ok,analysis_results/PGSD03001Q_PTOF_analysis.json,0.0,2.0,3.0,4.0,0.0,5.0,3.0,1.0,5.0,1.0,4.0,3.0,4.0,5.0,3.0,5.0,5.0,4.0,4.0,4.0,3.0,5.0,4.0,1.0,4.0,3.75,2.75,4.0,4.25,3.4,6,9,3.63,0,43.1067584,12.38824699
CAIC890004,I.C Sinnai N.1 - 2,Sinnai,Cagliari,Sardegna,Isole,"I Grado, Infanzia, Primaria, Professionale",Istituto Comprensivo,Metropolitano,"Comprensivo, I Grado, II Grado, Infanzia, Primaria",Via Trento 24,09048,caic890004@istruzione.it,caic890004@pec.istruzione.it,www.icsinnaiuno.it/,Statale,ok,analysis_results/CAIC890004_PTOF_analysis.json,1.0,2.0,3.0,3.0,2.0,4.0,2.0,5.0,5.0,2.0,3.0,4.0,4.0,4.0,2.0,5.0,3.0,5.0,3.0,5.0,4.0,5.0,3.0,4.0,5.0,2.8,3.75,3.8,4.0,4.2,26,10,3.71,0,39.29749167,9.20553239
MTEE83503D,"""Rodari""-Metaponto Bernalda",Bernalda,Matera,Basilicata,Sud,Primaria,ND,Non Metropolitano,Primaria,Via Orazio Flacco,75012,mtic835009@istruzione.it,ND,www.icbernalda.edu.it,Statale,ok,analysis_results/MTEE83503D_PTOF_analysis.json,0.0,2.0,3.0,3.0,2.0,2.0,3.0,5.0,4.0,1.0,4.0,2.0,2.0,3.0,3.0,4.0,2.0,4.0,3.0,4.0,3.0,4.0,2.0,3.0,3.0,2.6,3.5,2.8,3.25,3.0,4,2,3.03,0,40.40817994,16.68637158
VIPS08000D,"L.S. ""Da Vinci"" Arzignano",Arzignano,Vicenza,Veneto,Nord Est,Liceo,Liceo Scientifico,Non Metropolitano,II Grado,Via Fortis 3,36071,vips08000d@istruzione.it,vips08000d@pec.istruzione.it,www.chilesotti.gov.it,Statale,ok,analysis_results/VIPS08000D_PTOF_analysis.json,1.0,4.0,3.0,3.0,4.0,5.0,5.0,5.0,5.0,3.0,5.0,3.0,4.0,4.0,3.0,3.0,5.0,3.0,3.0,5.0,3.0,3.0,3.0,5.0,5.0,4.0,4.5,3.4,4.0,3.8,21,21,3.94,0,45.52104336,11.33227401
GOAA801042,Medea,Medea,Gorizia,Friuli-Venezia G.,Nord Est,Infanzia,ND,Non Metropolitano,Infanzia,Via Diaz N. 19,34070,goic801002@istruzione.it,ND,http//icromans.it,Statale,ok,analysis_results/GOAA801042_PTOF_analysis.json,0.0,1.0,3.0,3.0,3.0,3.0,3.0,3.0,3.0,3.0,3.0,3.0,3.0,3.0,3.0,3.0,1.0,1.0,1.0,1.0,3.0,3.0,3.0,3.0,3.0,3.0,3.0,3.0,1.0,3.0,0,0,2.6,0,45.91670305,13.42393366
SAAA89803C,Bracigliano Casale Manzi,Bracigliano,Salerno,Campania,Sud,Infanzia,ND,Non Metropolitano,Infanzia,Via Nazario Sauro,84082,brtf02000p@istruzione.it,brtf02000p@pec.istruzione.it,http//www.istitutocomprensivosiano.edu.it,Statale,ok,analysis_results/SAAA89803C_PTOF_analysis.json,1.0,3.0,4.0,4.0,5.0,5.0,5.0,5.0,5.0,4.0,5.0,5.0,5.0,5.0,4.0,5.0,5.0,5.0,4.0,4.0,4.0,4.0,3.0,3.0,4.0,4.6,4.75,4.8,4.5,3.6,45,20,4.45,0,40.82473827,14.7110483
CSMM849036,Sm Pietrapaola,Pietrapaola,Cosenza,Calabria,Sud,I Grado,ND,Non Metropolitano,I Grado,Via Risorgimento,87060,csic849003@istruzione.it,ND,www.omnicomprensivomandatoriccio.edu.it,Statale,ok,analysis_results/CSMM849036_PTOF_analysis.json,0.0,0.0,5.0,5.0,5.0,5.0,5.0,0.0,0.0,0.0,5.0,4.0,1.0,5.0,4.0,5.0,5.0,5.0,5.0,5.0,5.0,5.0,1.0,0.0,0.0,5.0,5.0,3.8,5.0,3.67,11,32,4.49,0,39.48683052,16.81598135
RMMM8GE01A,Carlo Urbani,Roma,Roma,Lazio,Centro,I Grado,ND,Metropolitano,I Grado,Via Ceneda 26- Succursale: Camilla 75,00183,rmic8ge009@istruzione.it,ND,www.comprensivoceneda.it,Statale,ok,analysis_results/RMMM8GE01A_PTOF_analysis.json,0.0,3.0,5.0,5.0,5.0,3.0,5.0,2.0,4.0,2.0,3.0,3.0,4.0,5.0,3.0,4.0,4.0,3.0,4.0,3.0,0.0,0.0,0.0,0.0,0.0,4.6,2.75,3.8,3.5,0.0,2,0,3.66,0,41.89277044,12.48366723
RE1E002002,San Vincenzo De' Paoli,Reggio Nell'Emilia,Reggio Emilia,Emilia Romagna,Nord Est,Primaria,Scuola Primaria Non Statale,Non Metropolitano,Primaria,Via Franchetti 4,42100,segreteria@istitutosanvincenzo.re.it,scuolesanvincenzodepaoli@pec.unioncoop.re.it,www.istitutosanvincenzo.re.it,Paritaria,ok,analysis_results/RE1E002002_PTOF_analysis.json,0.0,2.0,3.0,3.0,3.0,3.0,2.0,3.0,3.0,3.0,2.0,3.0,3.0,4.0,3.0,4.0,5.0,5.0,4.0,3.0,4.0,4.0,3.0,2.0,3.0,2.8,2.75,3.4,4.25,3.2,7,9,3.28,0,44.69735289,10.63007973
NAEE23600G,Quarto 2 Caselanno,Quarto,Napoli,Campania,Sud,Primaria,ND,Metropolitano,Primaria,Via Crocillo 154,80010,naee23600g@istruzione.it,naee23600g@pec.istruzione.it,www.direzionedidatticaquarto2.edu.it,Statale,ok,analysis_results/NAEE23600G_PTOF_analysis.json,0.0,0.0,3.0,3.0,2.0,1.0,1.0,1.0,1.0,1.0,1.0,2.0,2.0,3.0,1.0,3.0,4.0,3.0,3.0,3.0,1.0,3.0,3.0,1.0,1.0,2.0,1.0,2.2,3.25,1.8,4,14,2.05,0,40.87770075,14.14350978
BOAA05603P,Cento,Budrio,Bologna,Emilia Romagna,Nord Est,Infanzia,ND,Metropolitano,Infanzia,Via Cantarana 15,40054,boee05600r@istruzione.it,ND,www.ddbudrio.it,Statale,ok,analysis_results/BOAA05603P_PTOF_analysis.json,0.0,1.0,3.0,3.0,2.0,2.0,2.0,1.0,1.0,1.0,1.0,2.0,2.0,3.0,1.0,3.0,4.0,3.0,3.0,3.0,1.0,3.0,3.0,1.0,1.0,2.4,1.0,2.2,3.25,1.8,4,13,2.13,0,44.53751606,11.53563979
NAEE105025,Afragola 3 -,Afragola,Napoli,Campania,Sud,Primaria,ND,Metropolitano,Primaria,Via Mancini,80021,naee105003@istruzione.it,ND,www.aldomorocd.it,Statale,ok,analysis_results/NAEE105025_PTOF_analysis.json,1.0,5.0,4.0,4.0,4.0,5.0,4.0,3.0,4.0,2.0,4.0,4.0,4.0,4.0,3.0,4.0,4.0,3.0,4.0,4.0,3.0,3.0,3.0,3.0,3.0,4.2,3.25,3.8,3.75,3.0,9,10,3.6,0,40.92236049,14.30986619
MIMM880019,Secondaria I Grad0 Alberelle,Rozzano,Milano,Lombardia,Nord Ovest,I Grado,Scuola Primo Grado,Metropolitano,I Grado,Via Alberelle 110,20089,miic880008@istruzione.it,ND,www.icorchidee.edu.it,Statale,ok,analysis_results/MIMM880019_PTOF_analysis.json,0.0,2.0,2.0,2.0,2.0,3.0,2.0,2.0,2.0,2.0,3.0,2.0,2.0,2.0,2.0,3.0,2.0,3.0,2.0,3.0,3.0,3.0,2.0,2.0,2.0,2.2,2.25,2.2,2.5,2.4,3,1,2.31,0,45.38101963,9.15292695
AV1EU1500R,Conservatorio Maria Ss. Addolorata,Solofra,Avellino,Campania,Sud,Primaria,ND,Non Metropolitano,Primaria,Via Regina Margherita 64,83029,lernie1970@virgilio.it,conservatorio.addolorata@maxipec.it,ND,Paritaria,ok,analysis_results/AV1EU1500R_PTOF_analysis.json,0.0,0.0,3.0,3.0,1.0,1.0,0.0,1.0,1.0,1.0,1.0,2.0,2.0,3.0,1.0,3.0,4.0,2.0,3.0,3.0,1.0,2.0,2.0,1.0,1.0,2.0,1.0,2.2,3.0,1.4,5,14,1.92,0,40.83056029,14.84650623
BORH02201X,Ospedale Rizzoli - Sezione Ospedaliera,Bologna,Bologna,Emilia Romagna,Nord Est,"Infanzia, Primaria",ND,Metropolitano,"Infanzia, Primaria",Via Codivilla 9,40136,bois02200q@istruzione.it,ND,www.alberghieroscappi.it,Statale,ok,analysis_results/BORH02201X_PTOF_analysis.json,0.0,1.0,3.0,3.0,1.0,1.0,1.0,1.0,1.0,1.0,1.0,2.0,2.0,3.0,1.0,3.0,4.0,3.0,3.0,3.0,1.0,3.0,3.0,1.0,1.0,1.8,1.0,2.2,3.25,1.8,4,11,2.01,0,44.4943668,11.3417208
GEEE80802B,S.El. - C.Battisti -,Genova,Genova,Liguria,Nord Ovest,Primaria,ND,Metropolitano,Primaria,Via Donghi 10,16132,geic808008@istruzione.it,ND,www.icsanfruttuoso.gov.it,Statale,ok,analysis_results/GEEE80802B_PTOF_analysis.json,1.0,3.0,7.0,7.0,7.0,7.0,7.0,7.0,7.0,5.0,6.0,7.0,7.0,7.0,7.0,7.0,7.0,7.0,7.0,7.0,5.0,5.0,5.0,5.0,5.0,7.0,6.25,7.0,7.0,5.0,18,22,6.45,1,44.41149314,8.9326992
CA1E01400V,"Scuola Elementare ""Nostra Signora Della Mercede""",Monserrato,Cagliari,Sardegna,Isole,Primaria,Scuola Primaria Non Statale,Metropolitano,Primaria,Via Del Redentore7,09042,istitutonsmercede@tiscali.it,mercedariemonserrato@legalmail.it,nsmercede.altervista.org,Paritaria,ok,analysis_results/CA1E01400V_PTOF_analysis.json,1.0,2.0,3.0,2.0,3.0,1.0,1.0,1.0,2.0,1.0,3.0,1.0,3.0,4.0,1.0,4.0,4.0,3.0,2.0,4.0,1.0,3.0,1.0,1.0,1.0,2.0,1.75,2.6,3.25,1.4,1,3,2.2,0,39.25407412,9.14343861
PIMM837017,Mohandas Karamchand Gandhi,Pontedera,Pisa,Toscana,Centro,I Grado,Scuola Primo Grado,Non Metropolitano,I Grado,Via Nenni 25,56025,piic837006@istruzione.it,ND,https//www.icgandhipontedera.edu.it/,Statale,ok,analysis_results/PIMM837017_PTOF_analysis.json,0.0,2.0,2.0,2.0,2.0,3.0,2.0,2.0,2.0,2.0,3.0,2.0,2.0,2.0,1.0,3.0,2.0,3.0,2.0,2.0,3.0,3.0,2.0,2.0,2.0,2.2,2.25,2.0,2.25,2.4,3,1,2.22,0,43.66392507,10.63600988
BSAA87504P,"Rezzato Fr.Virle ""Bagatta""",Rezzato,Brescia,Lombardia,Nord Ovest,Infanzia,ND,Non Metropolitano,Infanzia,Via De Gasperi N. 355,25086,bsic87500p@istruzione.it,ND,www.icrezzato.gov.it,Statale,ok,analysis_results/BSAA87504P_PTOF_analysis.json,0.0,2.0,2.0,2.0,2.0,3.0,2.0,2.0,2.0,2.0,3.0,2.0,2.0,2.0,2.0,3.0,3.0,3.0,2.0,3.0,3.0,3.0,2.0,2.0,2.0,2.2,2.25,2.2,2.75,2.4,3,1,2.36,0,45.51341274,10.31849233
CEIS014005,Isis Castelvolturno,Castel Volturno,Caserta,Campania,Sud,"I Grado, Infanzia, Professionale",ND,Non Metropolitano,II Grado,Via Mazzini25,81030,ceis014005@istruzione.it,ceis014005@pec.istruzione.it,www.isisscastelvolturno.it,Statale,ok,analysis_results/CEIS014005_PTOF_analysis.json,0.0,2.0,2.0,2.0,2.0,3.0,2.0,2.0,2.0,2.0,3.0,2.0,2.0,2.0,2.0,3.0,2.0,3.0,2.0,2.0,2.0,2.0,2.0,2.0,2.0,2.2,2.25,2.2,2.25,2.0,3,1,2.18,0,41.0346053,13.94094427
KRIC820006,"I.O. ""L. Lilio"" Ciro'",Ciro',Crotone,Calabria,Sud,"I Grado, Infanzia, Liceo, Primaria",ND,Non Metropolitano,"Comprensivo, I Grado, II Grado, Infanzia, Primaria",Via San Francesco,88813,kric820006@istruzione.it,kric820006@pec.istruzione.it,https://nuvola.madisoft.it/login,Statale,ok,analysis_results/KRIC820006_PTOF_analysis.json,1.0,2.0,4.0,4.0,4.0,4.0,4.0,5.0,4.0,4.0,4.0,5.0,5.0,5.0,4.0,4.0,4.0,3.0,4.0,4.0,3.0,4.0,1.0,3.0,3.0,4.0,4.25,4.6,3.75,2.8,14,21,3.88,0,,
CSMM86101P,Sm Guardia Piemontese,Guardia Piemontese,Cosenza,Calabria,Sud,I Grado,ND,Non Metropolitano,I Grado,Via Aldo Moro,87020,csic86100n@istruzione.it,ND,www.icguardiapiemontese.edu.it,Statale,ok,analysis_results/CSMM86101P_PTOF_analysis.json,0.0,2.0,2.0,2.0,2.0,3.0,2.0,2.0,2.0,2.0,3.0,2.0,2.0,2.0,2.0,3.0,3.0,3.0,2.0,3.0,3.0,3.0,2.0,2.0,2.0,2.2,2.25,2.2,2.75,2.4,3,1,2.36,0,39.46520252,15.99968553
NATD475007,Giovanni Paolo Ii,Frattamaggiore,Napoli,Campania,Sud,"Liceo, Professionale, Tecnico",ND,Metropolitano,II Grado,Via Carmelo Pezzullo 121/123,80027,info@istitutoparini.it,ND,www.istitutoparini.it,Paritaria,ok,analysis_results/NATD475007_PTOF_analysis.json,1.0,3.0,4.0,4.0,4.0,4.0,4.0,3.0,4.0,3.0,3.0,4.0,4.0,4.0,4.0,4.0,4.0,3.0,3.0,4.0,5.0,5.0,4.0,4.0,4.0,4.0,3.25,4.0,3.5,4.4,20,22,3.83,0,40.94120241,14.27258035
GEIC83500L,I.C.Pra',Genova,Genova,Liguria,Nord Ovest,"I Grado, Infanzia, Primaria",ND,Metropolitano,"I Grado, Infanzia, Primaria",Via C.Airaghi 9,16157,geic83500l@istruzione.it,geic83500l@pec.istruzione.it,icpra.edu.it/,Statale,ok,analysis_results/GEIC83500L_PTOF_analysis.json,0.0,7.0,5.0,5.0,5.0,5.0,5.0,5.0,6.0,3.0,4.0,4.0,5.0,4.0,4.0,4.0,6.0,3.0,5.0,6.0,4.0,5.0,4.0,3.0,4.0,5.0,4.5,4.2,5.0,4.0,7,8,4.54,0,44.41149314,8.9326992
BOIC874008,I.C. Croce,Casalecchio Di Reno,Bologna,Emilia Romagna,Nord Est,"Infanzia, Primaria",Istituto Comprensivo,Metropolitano,"Infanzia, Primaria",Via Porrettana 97,40033,boic874008@istruzione.it,boic874008@pec.istruzione.it,www.iccroce.edu.it,Statale,ok,analysis_results/BOIC874008_PTOF_analysis.json,0.0,2.0,3.0,4.0,2.0,3.0,2.0,1.0,3.0,1.0,3.0,3.0,4.0,5.0,2.0,4.0,5.0,4.0,6.0,4.0,2.0,4.0,4.0,1.0,3.0,2.8,2.0,3.6,4.75,2.8,3,2,3.19,0,44.48119825,11.28246876
RMSL070502,Percorso Di Ii Liv. Via Di Ripetta,Roma,Roma,Lazio,Centro,Liceo,ND,Metropolitano,II Grado,Via Di Ripetta 218,00186,rmsl07000l@istruzione.it,mois00200c@pec.istruzione.it,www.liceoripetta.it,Statale,ok,analysis_results/RMSL070502_PTOF_analysis.json,3.0,3.0,5.0,5.0,5.0,5.0,5.0,5.0,5.0,5.0,4.0,4.0,5.0,5.0,4.0,5.0,5.0,5.0,5.0,5.0,4.0,4.0,3.0,5.0,3.0,5.0,4.75,4.6,5.0,3.8,27,47,4.63,0,41.89277044,12.48366723
GERC00601Q,Casa Circondariale Pontex /Ruffini,Genova,Genova,Liguria,Nord Ovest,"I Grado, Infanzia, Professionale",ND,Metropolitano,"I Grado, II Grado, Infanzia",Via Coni Zugna 31,16164,geis00600r@istruzione.it,ND,www.vittorioemanueleruffini.it,Statale,ok,analysis_results/GERC00601Q_PTOF_analysis.json,0.0,2.0,2.0,2.0,2.0,3.0,2.0,2.0,2.0,2.0,3.0,2.0,2.0,2.0,2.0,3.0,3.0,3.0,2.0,3.0,2.0,2.0,2.0,2.0,2.0,2.2,2.25,2.2,2.75,2.0,3,2,2.28,0,44.41149314,8.9326992
BOPC02000A,Liceo Luigi Galvani,Bologna,Bologna,Emilia Romagna,Nord Est,Liceo,ND,Metropolitano,II Grado,Via Castiglione 38,40124,bopc02000a@istruzione.it,bopc02000a@pec.istruzione.it,www.liceogalvani.edu.it,Statale,ok,analysis_results/BOPC02000A_PTOF_analysis.json,1.0,1.0,4.0,4.0,4.0,4.0,4.0,1.0,3.0,1.0,3.0,3.0,3.0,3.0,3.0,3.0,4.0,2.0,4.0,3.0,3.0,3.0,2.0,2.0,3.0,4.0,2.0,3.0,3.25,2.6,10,12,2.97,0,44.4943668,11.3417208
CSIS081003,"Iis ""L. Della Valle"" Cosenza",Cosenza,Cosenza,Calabria,Sud,"Liceo, Professionale",ND,Non Metropolitano,II Grado,Piazza Amendola 8,87100,csis081003@istruzione.it,csis081003@pec.istruzione.it,ND,Statale,ok,analysis_results/CSIS081003_PTOF_analysis.json,1.0,2.0,4.0,4.0,4.0,4.0,4.0,4.0,4.0,3.0,3.0,3.0,4.0,5.0,3.0,3.0,4.0,2.0,3.0,3.0,4.0,4.0,2.0,2.0,2.0,4.0,3.5,3.6,3.0,2.8,5,7,3.38,0,39.29308673,16.25609864
PRAA81601A,Sc.Materna Di Beduzzo,Corniglio,Parma,Emilia Romagna,Nord Est,Infanzia,Scuola Infanzia,Non Metropolitano,Infanzia,Loc. Costa Di Beduzzo,43021,pric81600d@istruzione.it,ND,www.iccorniglio.gov.it,Statale,ok,analysis_results/PRAA81601A_PTOF_analysis.json,1.0,3.0,4.0,4.0,4.0,3.0,4.0,4.0,2.0,1.0,5.0,3.0,5.0,4.0,2.0,4.0,5.0,3.0,3.0,5.0,5.0,5.0,5.0,4.0,5.0,3.8,3.0,3.6,4.0,4.8,9,3,3.84,0,44.47620016,10.08868709
FI1E03100R,"""Suor Luisa Martelli""",Montelupo Fiorentino,Firenze,Toscana,Centro,Primaria,ND,Metropolitano,Primaria,Via Sammontana N.4,50056,suorluisamartelli@scuolasammontana.it,ND,www.scuolasammontana.it,Paritaria,ok,analysis_results/FI1E03100R_PTOF_analysis.json,1.0,3.0,4.0,4.0,2.0,4.0,4.0,3.0,4.0,3.0,3.0,4.0,4.0,4.0,4.0,4.0,4.0,3.0,3.0,4.0,5.0,5.0,4.0,4.0,5.0,3.6,3.25,4.0,3.5,4.6,21,27,3.79,0,43.72947256,11.02076036
CSEE89802B,Cosenza Iii Negroni Ospedalier,Cosenza,Cosenza,Calabria,Sud,Primaria,ND,Non Metropolitano,Primaria,Ospedale Civile Dell'Annunziata,87100,csic898008@istruzione.it,ND,www.vicocampanellagullo.com,Statale,ok,analysis_results/CSEE89802B_PTOF_analysis.json,1.0,3.0,4.0,4.0,4.0,4.0,4.0,4.0,4.0,3.0,4.0,4.0,4.0,4.0,4.0,5.0,4.0,4.0,4.0,4.0,3.0,4.0,2.0,3.0,3.0,4.0,3.75,4.2,4.0,3.0,24,41,3.79,0,39.29308673,16.25609864
TOPC10500T,"""Maurilio Fossati""",Rivoli,Torino,Piemonte,Nord Ovest,"I Grado, Liceo, Primaria",ND,Metropolitano,II Grado,Corso Francia 15,10098,rivoli@murialdo.it,segreteriadidattica.sangiusepperivoli@pec.it,www.sangiusepperivoli.org,Paritaria,ok,analysis_results/TOPC10500T_PTOF_analysis.json,0.0,5.0,3.0,3.0,4.0,5.0,3.0,2.0,3.0,1.0,3.0,2.0,3.0,3.0,2.0,3.0,2.0,3.0,2.0,3.0,5.0,3.0,1.0,2.0,3.0,3.6,2.25,2.6,2.5,2.8,5,3,2.75,0,45.07062854,7.53394487
GECT70400T,I.C. Quezzi,Genova,Genova,Liguria,Nord Ovest,"Professionale, Tecnico",ND,Metropolitano,II Grado,Viale Bracelli 55,16142,gemm18500g@istruzione.it,ND,cpiacentrolevantege.edu.it,Statale,ok,analysis_results/GECT70400T_PTOF_analysis.json,1.0,4.0,2.0,2.0,2.0,2.0,2.0,2.0,2.0,2.0,2.0,2.0,2.0,2.0,2.0,2.0,2.0,2.0,2.0,2.0,2.0,2.0,2.0,2.0,2.0,2.0,2.0,2.0,2.0,2.0,4,0,2.0,0,44.41149314,8.9326992
TOIC8CG002,I.C. Collegno G. Marconi,Collegno,Torino,Piemonte,Nord Ovest,"I Grado, Infanzia, Primaria",ND,Metropolitano,"Comprensivo, I Grado, Infanzia, Primaria",Via Donizetti 30,10093,toic8cg002@istruzione.it,toic8cg002@pec.istruzione.it,www.icmarconi.edu.it/,Statale,ok,analysis_results/TOIC8CG002_PTOF_analysis.json,0.0,2.0,5.0,5.0,3.0,5.0,4.0,5.0,5.0,2.0,5.0,5.0,4.0,5.0,3.0,4.0,6.0,4.0,5.0,5.0,4.0,5.0,1.0,4.0,5.0,4.4,4.25,4.2,5.0,3.8,15,8,4.33,0,45.07740152,7.56912947
CEAA8AB038,Roccaromana - Centro-Pietram-,Roccaromana,Caserta,Campania,Sud,Infanzia,ND,Non Metropolitano,Infanzia,Via Castello,81050,ceic8ab009@istruzione.it,ND,icpietramelara1.wixsite.com,Statale,ok,analysis_results/CEAA8AB038_PTOF_analysis.json,1.0,1.0,3.0,3.0,3.0,3.0,3.0,3.0,3.0,3.0,3.0,3.0,3.0,3.0,3.0,3.0,3.0,3.0,3.0,3.0,3.0,3.0,3.0,3.0,3.0,3.0,3.0,3.0,3.0,3.0,19,19,3.0,0,41.27400185,14.22319539
RCPM036017,"Liceo ""Luigi Nostro""",Villa San Giovanni,Reggio Calabria,Calabria,Sud,"I Grado, Liceo, Primaria, Tecnico",ND,Metropolitano,"I Grado, II Grado, Primaria",Via Garibaldi 75,89018,rcis03600q@istruzione.it,ND,www.nostrorepaci.edu.it,Statale,ok,analysis_results/RCPM036017_PTOF_analysis.json,0.0,3.0,5.0,4.0,5.0,5.0,4.0,3.0,5.0,4.0,5.0,5.0,5.0,5.0,4.0,5.0,5.0,4.0,4.0,5.0,5.0,5.0,2.0,5.0,4.0,4.6,4.25,4.8,4.5,4.2,20,0,4.47,0,38.21916718,15.63692204
CSAA81501R,Fagnano Castello - Centro,Fagnano Castello,Cosenza,Calabria,Sud,Infanzia,ND,Non Metropolitano,Infanzia,Via Montessori,87013,csic81500x@istruzione.it,istitutisantamaria@legalmail.it,www.icfagnanocastello.edu.it,Statale,ok,analysis_results/CSAA81501R_PTOF_analysis.json,1.0,7.0,6.0,6.0,7.0,5.0,6.0,6.0,5.0,5.0,7.0,5.0,6.0,6.0,5.0,5.0,7.0,4.0,5.0,6.0,3.0,4.0,3.0,4.0,3.0,6.0,5.75,5.4,5.5,3.4,9,22,5.21,1,39.56115859,16.05445487
SPTD110005,"I.T. Comm. E Tecnol ""Fossati/Da Passano""",La Spezia,La Spezia,Liguria,Nord Ovest,Tecnico,ND,Non Metropolitano,II Grado,Via Bragarina 32/A,19126,sptd110005@istruzione.it,sptd110005@pec.istruzione.it,www.fossatidapassano.it,Statale,ok,analysis_results/SPTD110005_PTOF_analysis.json,0.0,2.0,2.0,2.0,2.0,3.0,2.0,2.0,2.0,2.0,3.0,2.0,2.0,2.0,2.0,3.0,2.0,3.0,2.0,3.0,2.0,2.0,2.0,2.0,2.0,2.2,2.25,2.2,2.5,2.0,3,1,2.23,0,44.10704991,9.8281897
RCPM05001D,Liceo Musicale - Cinquefrondi,Cinquefrondi,Reggio Calabria,Calabria,Sud,"Infanzia, Primaria",ND,Metropolitano,"Infanzia, Primaria",Via Mattia Preti,89021,rcpm05000c@istruzione.it,ND,www.liceorechichipolistena.edu.it,Statale,ok,analysis_results/RCPM05001D_PTOF_analysis.json,0.0,1.0,3.0,3.0,2.0,2.0,2.0,1.0,1.0,1.0,1.0,3.0,3.0,3.0,3.0,3.0,4.0,3.0,3.0,3.0,1.0,2.0,2.0,1.0,1.0,2.4,1.0,3.0,3.25,1.4,4,13,2.21,0,38.41618816,16.09663388
RGPS98500R,Dante Alighieri,Ragusa,Ragusa,Sicilia,Isole,"I Grado, Infanzia, Primaria",ND,Non Metropolitano,II Grado,Via Teocrito 14 - 16,97100,danterg@virgilio.it,ND,ND,Paritaria,ok,analysis_results/RGPS98500R_PTOF_analysis.json,0.0,0.0,2.0,2.0,1.0,2.0,1.0,1.0,3.0,1.0,1.0,3.0,1.0,3.0,1.0,2.0,1.0,2.0,1.0,2.0,2.0,3.0,2.0,1.0,2.0,1.6,1.5,2.0,1.5,2.0,6,2,1.72,0,36.92509197,14.7306992
UDEE85902P,Carducci - Carlino,Carlino,Udine,Friuli-Venezia G.,Nord Est,Primaria,ND,Non Metropolitano,Primaria,Via Rizzolo,33050,ND,ND,www.6icudine.gov.it,Statale,ok,analysis_results/UDEE85902P_PTOF_analysis.json,0.0,0.0,2.0,2.0,2.0,2.0,2.0,2.0,2.0,2.0,2.0,2.0,2.0,2.0,2.0,2.0,2.0,3.0,2.0,2.0,2.0,2.0,2.0,2.0,2.0,2.0,2.0,2.0,2.25,2.0,3,0,2.05,0,45.80227999,13.18810617
TS1A00300X,Scuola Infanzia Paritaria Sacro Cuore - Orsoline,Trieste,Trieste,Friuli-Venezia G.,Nord Est,Infanzia,ND,Non Metropolitano,Infanzia,Via Cerreto N. 2,34136,maurizio.de.blasio@comune.trieste.it,orsoline.trieste@pec.it,www.orsoline.trieste.it,Paritaria,ok,analysis_results/TS1A00300X_PTOF_analysis.json,0.0,0.0,3.0,3.0,2.0,1.0,2.0,1.0,4.0,1.0,4.0,4.0,1.0,5.0,2.0,4.0,2.0,4.0,2.0,3.0,5.0,5.0,4.0,2.0,5.0,2.2,2.5,3.2,2.75,4.2,6,2,2.97,0,45.6494354,13.7681366
RGEE812011,Plesso Quasimodo,Scicli,Ragusa,Sicilia,Isole,Primaria,ND,Non Metropolitano,Primaria,Via Marzabotto,97018,rgic81200v@istruzione.it,ND,www.donmilaniscicli.it,Statale,ok,analysis_results/RGEE812011_PTOF_analysis.json,0.0,0.0,3.0,3.0,3.0,3.0,3.0,3.0,3.0,2.0,3.0,3.0,3.0,3.0,3.0,4.0,2.0,2.0,3.0,3.0,0.0,0.0,0.0,0.0,0.0,3.0,2.75,3.2,2.5,0.0,0,24,2.86,0,36.79359171,14.70590362
PZRA017516,I.P. Corso Serale Fortunato-S.Arcangelo,Sant'Arcangelo,Potenza,Basilicata,Sud,"Infanzia, Professionale",ND,Non Metropolitano,"II Grado, Infanzia",S.Brancato,85037,maurizio.de.blasio@comune.trieste.it,ND,www.ipaafortunatopz.gov.it,Statale,ok,analysis_results/PZRA017516_PTOF_analysis.json,0.0,2.0,3.0,3.0,2.0,3.0,2.0,1.0,4.0,1.0,4.0,4.0,2.0,5.0,3.0,4.0,2.0,4.0,2.0,3.0,5.0,5.0,4.0,2.0,5.0,2.6,2.5,3.6,2.75,4.2,6,3,3.13,0,40.24728624,16.27604824
BORH022043,Ipssa Bartolomeo Scappi,Castel San Pietro Terme,Bologna,Emilia Romagna,Nord Est,"Professionale, Tecnico",ND,Metropolitano,II Grado,Viale Terme N. 1054,40024,bois02200q@istruzione.it,ND,www.istitutoscappi.edu.it,Statale,ok,analysis_results/BORH022043_PTOF_analysis.json,1.0,5.0,3.0,3.0,1.0,3.0,3.0,3.0,3.0,3.0,1.0,3.0,3.0,3.0,3.0,3.0,3.0,1.0,3.0,3.0,3.0,3.0,3.0,3.0,3.0,2.6,2.5,3.0,2.5,3.0,3,0,2.72,0,44.39812256,11.58917845
CE1A306003,Giovanni Paolo Ii,Macerata Campania,Caserta,Campania,Sud,Infanzia,ND,Non Metropolitano,Infanzia,Via Alfieri 5,81047,pasquale.mastroianni@libero.it,ND,ND,Paritaria,ok,analysis_results/CE1A306003_PTOF_analysis.json,1.0,0.0,5.0,5.0,5.0,5.0,5.0,4.0,3.0,3.0,3.0,3.0,4.0,3.0,3.0,3.0,4.0,3.0,3.0,4.0,3.0,3.0,3.0,3.0,3.0,5.0,3.25,3.2,3.5,3.0,3,12,3.59,0,41.06309777,14.27444243
RNAA80101E,Aquilone (Ic S.Giovanni In M.),San Giovanni In Marignano,Rimini,Emilia Romagna,Nord Est,Infanzia,ND,Non Metropolitano,Infanzia,Via A. Moro 60,47842,rnic80100n@istruzione.it,ND,http//icmarignano.it,Statale,ok,analysis_results/RNAA80101E_PTOF_analysis.json,1.0,3.0,5.0,5.0,5.0,5.0,5.0,5.0,5.0,5.0,5.0,6.0,6.0,6.0,6.0,7.0,5.0,6.0,5.0,5.0,3.0,4.0,3.0,3.0,3.0,5.0,5.0,6.2,5.25,3.2,6,20,4.93,0,43.93898654,12.71245963
GEEE86603C,Scuola Primaria Teramo Piaggio,Zoagli,Genova,Liguria,Nord Ovest,Primaria,Scuola Primaria,Metropolitano,Primaria,Piazza S.Martino 10,16030,geic866008@istruzione.it,ND,https//www.icrapallozoagli.edu.it,Statale,ok,analysis_results/GEEE86603C_PTOF_analysis.json,0.0,2.0,3.0,3.0,2.0,1.0,1.0,1.0,2.0,1.0,2.0,1.0,2.0,3.0,1.0,3.0,2.0,4.0,2.0,3.0,2.0,4.0,4.0,2.0,4.0,2.0,1.5,2.0,2.75,3.2,2,4,2.29,0,44.3370341,9.26724315
BNPS3O5006,"""Istituto Di Istruzione Superiore Sannita""",Cerreto Sannita,Benevento,Campania,Sud,"Infanzia, Primaria",ND,Non Metropolitano,II Grado,Via Provinciale N. 12,82032,istitutoistruzionesannita@gmail.com,istitutoistruzionesuperioresannita@pec.it,ND,Paritaria,ok,analysis_results/BNPS3O5006_PTOF_analysis.json,0.0,1.0,3.0,3.0,1.0,5.0,3.0,0.0,4.0,1.0,1.0,4.0,3.0,5.0,3.0,4.0,4.0,3.0,4.0,4.0,3.0,4.0,3.0,1.0,3.0,3.0,2.0,3.8,3.75,2.8,6,8,3.07,0,41.28321897,14.5568909
MO1E00300C,"""Casa Famiglia""",Modena,Modena,Emilia Romagna,Nord Est,Primaria,Scuola Primaria Non Statale,Non Metropolitano,Primaria,Via Tamburini 78,41124,segreteria@casafamiglia.it,segreteriamodena@pec.suoreadoratrici.it,www.casafamiglia.it,Paritaria,ok,analysis_results/MO1E00300C_PTOF_analysis.json,0.0,2.0,3.0,3.0,2.0,5.0,2.0,1.0,4.0,1.0,2.0,3.0,2.0,2.0,1.0,3.0,3.0,3.0,2.0,3.0,3.0,4.0,2.0,1.0,4.0,3.0,2.0,2.2,2.75,2.8,5,5,2.55,0,44.64600008,10.92615487
MCMM804028,Via Vittorio Veneto,Gualdo,Macerata,Marche,Centro,I Grado,ND,Non Metropolitano,I Grado,Viale Vittorio Veneto 16,62020,mcic804006@istruzione.it,ND,http//www.icsarnano.gov.it,Statale,ok,analysis_results/MCMM804028_PTOF_analysis.json,0.0,2.0,3.0,3.0,3.0,3.0,3.0,3.0,3.0,3.0,5.0,4.0,3.0,3.0,3.0,4.0,3.0,5.0,5.0,5.0,5.0,5.0,0.0,5.0,3.0,3.0,3.5,3.4,4.5,4.5,22,102,3.78,0,43.06735915,13.33794374
CHIC84300N,"I.C. San Salvo 2""G. Rodari""",San Salvo,Chieti,Abruzzo,Sud,"I Grado, Infanzia, Professionale",ND,Non Metropolitano,"I Grado, II Grado, Infanzia",Via Ruffilli Snc,66050,chic84300n@istruzione.it,chic84300n@pec.istruzione.it,www.icrodarisansalvo.edu.it,Statale,ok,analysis_results/CHIC84300N_PTOF_analysis.json,0.0,2.0,2.0,2.0,2.0,3.0,2.0,2.0,2.0,2.0,3.0,2.0,2.0,2.0,2.0,3.0,3.0,3.0,2.0,3.0,2.0,2.0,2.0,2.0,2.0,2.2,2.25,2.2,2.75,2.0,3,1,2.28,0,42.04555595,14.73140605
LTIC81500E,I.C Natale Prampolini,Latina,Latina,Lazio,Centro,"I Grado, Infanzia, Primaria",ND,Non Metropolitano,"Comprensivo, I Grado, Infanzia, Primaria",Via Acque Alte Snc,04010,ltic81500e@istruzione.it,ltic81500e@pec.istruzione.it,www.icprampolini.edu.it,Statale,ok,analysis_results/LTIC81500E_PTOF_analysis.json,0.0,2.0,4.0,4.0,3.0,5.0,4.0,3.0,4.0,3.0,3.0,3.0,3.0,4.0,2.0,4.0,5.0,4.0,3.0,5.0,3.0,5.0,3.0,2.0,5.0,4.0,3.25,3.2,4.25,3.6,9,18,3.66,0,41.46759464,12.90368485
PEEE82003N,Cepagatti Vallemare,Cepagatti,Pescara,Abruzzo,Sud,Primaria,ND,Non Metropolitano,Primaria,Via V.Veneto 9,65012,peic82000d@istruzione.it,ND,www.comprensivocepagatti.it,Statale,ok,analysis_results/PEEE82003N_PTOF_analysis.json,0.0,2.0,2.0,2.0,2.0,3.0,2.0,2.0,2.0,2.0,3.0,2.0,2.0,2.0,2.0,2.0,3.0,3.0,2.0,3.0,2.0,2.0,2.0,2.0,2.0,2.2,2.25,2.0,2.75,2.0,1,1,2.24,0,42.36462231,14.07304231
CHEE80702N,"Primaria ""Camillo Fattore""",Santa Maria Imbaro,Chieti,Abruzzo,Sud,Primaria,ND,Non Metropolitano,Primaria,Via Gesi N. 50,66030,chic80700e@istruzione.it,ND,www.icfossacesia.gov.it,Statale,ok,analysis_results/CHEE80702N_PTOF_analysis.json,1.0,7.0,6.0,6.0,5.0,6.0,6.0,3.0,6.0,3.0,5.0,4.0,5.0,4.0,3.0,4.0,6.0,5.0,4.0,5.0,6.0,7.0,3.0,5.0,5.0,5.8,4.25,4.0,5.0,5.2,12,22,4.85,0,42.2199428,14.44706971
MIIC895002,Ic Montessori,San Giuliano Milanese,Milano,Lombardia,Nord Ovest,"Infanzia, Primaria",Istituto Comprensivo,Metropolitano,"Infanzia, Primaria",P.Zza Italia,20098,miic895002@istruzione.it,miic895002@pec.istruzione.it,www.montessorionline.edu.it,Statale,ok,analysis_results/MIIC895002_PTOF_analysis.json,0.0,0.0,3.0,3.0,2.0,0.0,0.0,3.0,4.0,1.0,3.0,3.0,3.0,4.0,2.0,4.0,4.0,4.0,3.0,4.0,4.0,5.0,3.0,2.0,4.0,2.67,2.75,3.2,3.75,3.6,20,14,3.19,0,45.40022835,9.28492451
AQMM02400X,Scuola Media Carsoli,Carsoli,L'Aquila,Abruzzo,Sud,I Grado,ND,Non Metropolitano,I Grado,P.Zza Della Liberta' Snc,67061,aqmm02400x@istruzione.it,aqmm02400x@pec.istruzione.it,www.omnicomprensivocarsoli.edu.it,Statale,ok,analysis_results/AQMM02400X_PTOF_analysis.json,1.0,5.0,4.0,4.0,4.0,4.0,4.0,3.0,3.0,3.0,3.0,4.0,4.0,4.0,4.0,4.0,5.0,3.0,4.0,4.0,3.0,3.0,3.0,3.0,3.0,4.0,3.0,4.0,4.0,3.0,13,25,3.6,0,42.09641669,13.08268758
NAEE827013,Na Ic Savio I Alfieri- Primaria,Napoli,Napoli,Campania,Sud,Primaria,ND,Metropolitano,Primaria,Corso Secondigliano 90,80144,naic827001@istruzione.it,ND,www.icssavio-alfieri.edu.it,Statale,ok,analysis_results/NAEE827013_PTOF_analysis.json,0.0,2.0,2.0,2.0,2.0,2.0,2.0,2.0,4.0,1.0,2.0,4.0,2.0,4.0,2.0,3.0,2.0,3.0,2.0,3.0,3.0,4.0,2.0,2.0,3.0,2.0,2.25,3.0,2.5,2.8,6,2,2.51,0,40.83956554,14.25085002
CEEE8AQ01A,De Sanctis,Marcianise,Caserta,Campania,Sud,Primaria,ND,Non Metropolitano,Primaria,Via De Sanctis,81025,ceic8aq008@istruzione.it,ND,www.istitutocomprensivocavour.edu.it,Statale,ok,analysis_results/CEEE8AQ01A_PTOF_analysis.json,0.0,0.0,3.0,3.0,1.0,1.0,1.0,1.0,1.0,1.0,1.0,2.0,2.0,3.0,1.0,3.0,4.0,3.0,3.0,3.0,1.0,3.0,3.0,1.0,1.0,1.8,1.0,2.2,3.25,1.8,4,14,2.01,0,41.03554506,14.2994533
RMEE8DM01Q,Via Coni Zugna,Fiumicino,Roma,Lazio,Centro,Primaria,Scuola Primaria,Metropolitano,Primaria,Via Coni Zugna 165,00054,rmic8dm00n@istruzione.it,ND,www.icportoromano.edu.it,Statale,ok,analysis_results/RMEE8DM01Q_PTOF_analysis.json,0.0,1.0,5.0,5.0,3.0,5.0,4.0,4.0,5.0,3.0,3.0,5.0,2.0,5.0,4.0,4.0,5.0,4.0,4.0,5.0,4.0,5.0,3.0,4.0,4.0,4.4,3.75,4.0,4.5,4.0,6,6,4.13,0,41.77221205,12.23686815
PZAA89402X,Scuola Materna Atella,Atella,Potenza,Basilicata,Sud,Infanzia,ND,Non Metropolitano,Infanzia,Corso Papa Giovanni Xxiii 148,85020,maurizio.de.blasio@comune.trieste.it,ND,icgranata.it,Statale,ok,analysis_results/PZAA89402X_PTOF_analysis.json,0.0,0.0,3.0,3.0,2.0,1.0,2.0,1.0,4.0,1.0,4.0,5.0,2.0,6.0,3.0,5.0,2.0,4.0,2.0,3.0,5.0,5.0,5.0,3.0,5.0,2.2,2.5,4.2,2.75,4.6,7,3,3.25,0,40.87742205,15.65274277
SSAA82901D,Olbia - Maria Rocca,Olbia,Sassari,Sardegna,Isole,Infanzia,ND,Non Metropolitano,Infanzia,Via Como,07026,ssic82900l@istruzione.it,ND,http//www.icolbia.edu.it,Statale,ok,analysis_results/SSAA82901D_PTOF_analysis.json,0.0,0.0,2.0,2.0,2.0,3.0,2.0,2.0,2.0,2.0,3.0,2.0,2.0,2.0,2.0,3.0,3.0,3.0,2.0,3.0,3.0,3.0,2.0,2.0,2.0,2.2,2.25,2.2,2.75,2.4,3,1,2.36,0,40.92318242,9.50486158
CT1A00100G,Associaciazione Primavera Sc. Mat. Paritaria Mary Poppins,Catania,Catania,Sicilia,Isole,Infanzia,ND,Metropolitano,Infanzia,Viale Castagnola 4,95125,mpoppins@tiscali.it,ND,www.istitutoparini.it,Paritaria,ok,analysis_results/CT1A00100G_PTOF_analysis.json,1.0,5.0,5.0,5.0,5.0,5.0,5.0,2.0,5.0,2.0,5.0,4.0,5.0,4.0,3.0,5.0,4.0,3.0,4.0,4.0,5.0,5.0,2.0,2.0,4.0,5.0,3.5,4.2,3.75,3.6,21,31,4.01,0,37.50287801,15.08704738
RMAA8A603C,Piazza San Martino,Zagarolo,Roma,Lazio,Centro,Infanzia,ND,Metropolitano,Infanzia,Piazza San Martino Snc,00039,rmic8a600d@istruzione.it,ND,www.iczagarolo.gov.it,Statale,ok,analysis_results/RMAA8A603C_PTOF_analysis.json,0.0,1.0,3.0,3.0,1.0,3.0,1.0,1.0,1.0,1.0,1.0,2.0,2.0,3.0,1.0,3.0,4.0,3.0,3.0,3.0,1.0,3.0,3.0,1.0,3.0,2.2,1.0,2.2,3.25,2.2,4,13,2.17,0,41.83986542,12.82963823
PGIS02900P,"""M. Polo - R. Bonghi""",Assisi,Perugia,Umbria,Centro,"Primaria, Professionale, Tecnico",Istituto Superiore,Non Metropolitano,II Grado,P.Le E. Tarpani,06081,pgis02900p@istruzione.it,pgis02900p@pec.istruzione.it,www.polobonghi.it,Statale,ok,analysis_results/PGIS02900P_PTOF_analysis.json,0.0,5.0,4.0,4.0,4.0,4.0,3.0,3.0,5.0,3.0,4.0,5.0,4.0,5.0,3.0,5.0,5.0,4.0,5.0,4.0,4.0,4.0,2.0,4.0,4.0,3.8,3.75,4.4,4.5,3.6,16,6,4.01,0,43.07082764,12.61540396
SRAA84002T,G. Matteotti - Melilli (Sr),Melilli,Siracusa,Sicilia,Isole,Infanzia,Scuola Infanzia,Non Metropolitano,Infanzia,C.Da Scala Corta,96010,sric84000x@istruzione.it,ND,www.comprensivorizzo.edu.it,Statale,ok,analysis_results/SRAA84002T_PTOF_analysis.json,0.0,2.0,3.0,4.0,2.0,5.0,3.0,1.0,4.0,1.0,4.0,4.0,4.0,5.0,3.0,6.0,5.0,6.0,5.0,3.0,4.0,4.0,3.0,1.0,4.0,3.4,2.5,4.4,4.75,3.2,6,4,3.65,0,37.17850834,15.12675487
VE1A12300Q,Diego Valeri,Venezia,Venezia,Veneto,Nord Est,Infanzia,ND,Metropolitano,Infanzia,Dorsoduro 2447/1,30123,fabio.bello@comune.venezia.it,servizieducativi@pec.comune.venezia.it,ND,Paritaria,ok,analysis_results/VE1A12300Q_PTOF_analysis.json,0.0,0.0,2.0,2.0,2.0,3.0,2.0,2.0,2.0,2.0,3.0,2.0,2.0,2.0,2.0,3.0,2.0,3.0,2.0,3.0,2.0,2.0,2.0,2.0,2.0,2.2,2.25,2.2,2.5,2.0,3,1,2.23,0,45.43490484,12.33845214
RN1M010002,Scuola Sec. Di Primo Grado Paritaria Maestre Pie,Rimini,Rimini,Emilia Romagna,Nord Est,I Grado,Scuola Sec. Primo Grado Non Statale,Non Metropolitano,I Grado,V.F.Lli Bandiera 34,47900,segreteria@scuolemaestrepierimini.it,scuolemaestrepierimini@pec.it,www.scuolemaestrepierimini.it,Paritaria,ok,analysis_results/RN1M010002_PTOF_analysis.json,1.0,5.0,3.0,3.0,4.0,4.0,4.0,2.0,4.0,3.0,4.0,3.0,4.0,5.0,2.0,4.0,5.0,5.0,4.0,5.0,4.0,5.0,4.0,2.0,4.0,3.6,3.25,3.6,4.75,3.8,9,13,3.8,0,44.06090086,12.56562951
VVEE024029,Capoluogo (S.Gregorio D'Ipp.),San Gregorio D'Ippona,Vibo Valentia,Calabria,Sud,Primaria,ND,Non Metropolitano,Primaria,Via Umberto I,89853,vvvc010001@pec.istruzione.it,ND,www.convittofilangieri.edu.it,Statale,ok,analysis_results/VVEE024029_PTOF_analysis.json,1.0,1.0,3.0,3.0,3.0,3.0,3.0,3.0,3.0,1.0,3.0,3.0,3.0,3.0,3.0,3.0,3.0,1.0,3.0,3.0,3.0,3.0,2.0,0.0,3.0,3.0,2.5,3.0,2.5,2.75,5,6,2.75,0,38.64330445,16.10173844
TO1A084002,Santa Rita,Torino,Torino,Piemonte,Nord Ovest,Infanzia,Scuola Infanzia Non Statale,Metropolitano,Infanzia,V.Vernazza 41,10136,scuolamaterna@srita.it,ND,www.srita.it/scuola-materna,Paritaria,ok,analysis_results/TO1A084002_PTOF_analysis.json,0.0,2.0,3.0,3.0,3.0,4.0,3.0,2.0,4.0,2.0,3.0,3.0,3.0,5.0,3.0,3.0,4.0,3.0,3.0,4.0,3.0,5.0,4.0,2.0,4.0,3.2,2.75,3.4,3.5,3.6,3,1,3.29,0,45.0732745,7.68068748
CETD02951E,Itc Serale Piedimonte Matese,Piedimonte Matese,Caserta,Campania,Sud,Tecnico,Istituto Tecnico Commerciale,Non Metropolitano,II Grado,Via A. Moro 6,81016,ceis02900v@istruzione.it,ND,http//www.iisdefranchis.it/,Statale,ok,analysis_results/CETD02951E_PTOF_analysis.json,0.0,0.0,3.0,3.0,2.0,2.0,1.0,1.0,3.0,1.0,1.0,3.0,2.0,5.0,1.0,3.0,5.0,5.0,4.0,4.0,1.0,4.0,4.0,1.0,1.0,2.2,1.5,2.8,4.5,2.2,6,3,2.64,0,41.35594304,14.37421618
RCTA04201V,Ita Caulonia Ass.Iis Z.Bianco M.Gioiosa,Caulonia,Reggio Calabria,Calabria,Sud,Tecnico,ND,Metropolitano,II Grado,Via Magna Grecia,89041,info@istitutogaussasti.it,ND,www.iiseinaudipalmi.gov.it,Statale,ok,analysis_results/RCTA04201V_PTOF_analysis.json,1.0,3.0,5.0,5.0,5.0,5.0,5.0,5.0,4.0,3.0,4.0,6.0,6.0,6.0,6.0,7.0,6.0,4.0,5.0,5.0,4.0,4.0,1.0,3.0,2.0,5.0,4.0,6.2,5.0,2.8,7,24,4.6,0,38.38139328,16.41049336
CTPS10500V,Savoia,Catania,Catania,Sicilia,Isole,"Infanzia, Primaria",Scuola Sec. Secondo Grado Non Statale,Metropolitano,II Grado,Via Napoli 117,95127,info@istitutosavoia.it,ND,ND,Paritaria,ok,analysis_results/CTPS10500V_PTOF_analysis.json,0.0,2.0,3.0,4.0,2.0,4.0,2.0,1.0,3.0,1.0,3.0,4.0,5.0,5.0,3.0,5.0,6.0,3.0,6.0,4.0,2.0,4.0,4.0,1.0,3.0,3.0,2.0,4.4,4.75,2.8,6,2,3.39,0,37.50287801,15.08704738
BOAA868052,San Pietro Capofiume Infanzia,Molinella,Bologna,Emilia Romagna,Nord Est,Infanzia,ND,Metropolitano,Infanzia,Via Severino Ferrari 183,40060,boic868001@istruzione.it,ND,www.icmolinella.gov.it,Statale,ok,analysis_results/BOAA868052_PTOF_analysis.json,0.0,0.0,3.0,3.0,2.0,1.0,2.0,1.0,4.0,1.0,4.0,4.0,2.0,5.0,3.0,4.0,2.0,4.0,2.0,3.0,5.0,5.0,4.0,3.0,5.0,2.2,2.5,3.6,2.75,4.4,6,3,3.09,0,44.62036923,11.67032164
PE1E00400X,"Istituto ""Ravasco""",Pescara,Pescara,Abruzzo,Sud,Primaria,Scuola Primaria Non Statale,Non Metropolitano,Primaria,Via Italica 46,65127,segreteriaravascopevitalica@gmail.com,ravascoviaitalica@pec.it,www.ravascopescara.it,Paritaria,ok,analysis_results/PE1E00400X_PTOF_analysis.json,0.0,2.0,3.0,2.0,3.0,2.0,1.0,1.0,3.0,1.0,2.0,1.0,2.0,3.0,1.0,2.0,2.0,4.0,2.0,3.0,2.0,4.0,2.0,1.0,1.0,2.2,1.75,1.8,2.75,2.0,3,3,2.1,0,42.46458397,14.21364841
SAIC8BM00X,"I.C. ""Serre - Castelcivita""",Serre,Salerno,Campania,Sud,"Liceo, Professionale, Tecnico",ND,Non Metropolitano,II Grado,Via Xx Settembre 1,84028,saic8bm00x@istruzione.it,saic8bm00x@pec.istruzione.it,www.istitutocomprensivoserre-castelcivita.edu.it,Statale,ok,analysis_results/SAIC8BM00X_PTOF_analysis.json,1.0,5.0,4.0,4.0,4.0,4.0,4.0,3.0,4.0,3.0,3.0,4.0,4.0,4.0,4.0,4.0,4.0,3.0,3.0,4.0,5.0,5.0,4.0,4.0,4.0,4.0,3.25,4.0,3.5,4.4,13,27,3.83,0,40.58118831,15.18780345
ALPLVD500U,Santa Caterina,Ovada,Alessandria,Piemonte,Nord Ovest,"Liceo, Professionale, Tecnico",ND,Non Metropolitano,II Grado,V.G.D.Buffa 6,15076,ist.santacaterina@gmail.com,ist.santacaterina@pec.it,www.istitutosantacaterinamadripie.it,Paritaria,ok,analysis_results/ALPLVD500U_PTOF_analysis.json,1.0,1.0,1.0,1.0,1.0,1.0,1.0,1.0,1.0,1.0,1.0,1.0,1.0,1.0,1.0,1.0,1.0,1.0,1.0,1.0,1.0,1.0,1.0,1.0,1.0,1.0,1.0,1.0,1.0,1.0,51,163,1.0,0,44.63746785,8.64638692
VAPLVL5003,Liceo Linguistico Collegio Rotondi,Gorla Minore,Varese,Lombardia,Nord Ovest,"I Grado, Infanzia, Liceo, Primaria, Tecnico",Scuola Sec. Secondo Grado Non Statale,Non Metropolitano,II Grado,Via San Maurizio 4,21055,segreteria.merate@collegiovilloresi.it,collegiorotondi@overpec.it,www.collegiorotondi.it,Paritaria,ok,analysis_results/VAPLVL5003_PTOF_analysis.json,0.0,0.0,3.0,3.0,2.0,4.0,1.0,1.0,3.0,1.0,2.0,2.0,3.0,4.0,2.0,4.0,5.0,5.0,3.0,4.0,2.0,5.0,4.0,1.0,3.0,2.6,1.75,3.0,4.25,3.0,5,2,2.92,0,45.64326093,8.89650863
NAEE105014,Afragola 3 - Aldo Moro,Afragola,Napoli,Campania,Sud,Primaria,ND,Metropolitano,Primaria,Via Aldo Moro,80021,naee105003@istruzione.it,ND,www.aldomorocd.it,Statale,ok,analysis_results/NAEE105014_PTOF_analysis.json,1.0,1.0,4.0,4.0,4.0,5.0,4.0,4.0,4.0,4.0,4.0,4.0,4.0,4.0,4.0,4.0,5.0,3.0,4.0,4.0,1.0,3.0,3.0,3.0,3.0,4.2,4.0,4.0,4.0,2.6,10,10,3.76,0,40.92236049,14.30986619
VR1A23500E,Scuola Materna A.Provolo-Centro Infanzia,Verona,Verona,Veneto,Nord Est,Infanzia,Scuola Infanzia Non Statale,Non Metropolitano,Infanzia,Via Puglie 22 - Chievo,37139,icoloridellamusica@scuolaparitariaprovolo.it,culturavalori@pec.gruppocercate.it,www.scuolaparitariaprovolo.itit,Paritaria,ok,analysis_results/VR1A23500E_PTOF_analysis.json,0.0,1.0,2.0,2.0,1.0,1.0,1.0,1.0,3.0,1.0,1.0,1.0,1.0,3.0,1.0,3.0,3.0,5.0,3.0,3.0,1.0,5.0,3.0,1.0,4.0,1.4,1.5,1.8,3.5,2.8,7,3,2.2,0,45.43839046,10.99352685
SVIS00300A,"I. I. S. S. ""F. Patetta"" - Cairo M.",Cairo Montenotte,Savona,Liguria,Nord Ovest,"Infanzia, Primaria",ND,Non Metropolitano,II Grado,Via Xxv Aprile 76,17014,svis00300a@istruzione.it,svis00300a@pec.istruzione.it,www.patettacairo.edu.it,Statale,ok,analysis_results/SVIS00300A_PTOF_analysis.json,0.0,0.0,5.0,5.0,5.0,5.0,5.0,0.0,5.0,0.0,3.0,5.0,5.0,5.0,5.0,5.0,5.0,5.0,5.0,5.0,4.0,5.0,5.0,0.0,5.0,5.0,4.0,5.0,5.0,4.75,7,0,4.75,0,44.39971795,8.27417261
RM1ERP500L,G.Aldobrandini,Roma,Roma,Lazio,Centro,Primaria,Scuola Primaria Non Statale,Metropolitano,Primaria,Via Del Castello 14,00119,suore.p@tiscali.it,ND,ND,Paritaria,ok,analysis_results/RM1ERP500L_PTOF_analysis.json,0.0,2.0,3.0,4.0,2.0,5.0,3.0,1.0,4.0,1.0,4.0,3.0,4.0,5.0,2.0,5.0,5.0,5.0,5.0,3.0,3.0,5.0,3.0,1.0,4.0,3.4,2.5,3.8,4.5,3.2,6,7,3.48,0,41.89277044,12.48366723
RMIC834003,Fanelli - F.Marini,Roma,Roma,Lazio,Centro,"I Grado, Liceo, Primaria, Tecnico",ND,Metropolitano,"I Grado, II Grado, Primaria",Via Francesco Orioli 38,00119,rmic834003@istruzione.it,rmic834003@pec.istruzione.it,www.icfanellimarini.gov.it,Statale,ok,analysis_results/RMIC834003_PTOF_analysis.json,1.0,5.0,4.0,4.0,4.0,2.0,4.0,1.0,3.0,1.0,3.0,4.0,4.0,4.0,2.0,4.0,3.0,2.0,4.0,4.0,3.0,3.0,3.0,3.0,3.0,3.6,2.0,3.6,3.25,3.0,15,14,3.09,0,41.89277044,12.48366723
ALEE82807P,Ospedale Cesare Arrigo,Alessandria,Alessandria,Piemonte,Nord Ovest,Primaria,Scuola Primaria,Non Metropolitano,Primaria,Spalto Marengo 46,15121,alic82800a@istruzione.it,ND,http//icboviocavour.gov.it,Statale,ok,analysis_results/ALEE82807P_PTOF_analysis.json,0.0,2.0,3.0,4.0,2.0,4.0,2.0,1.0,3.0,1.0,2.0,3.0,4.0,5.0,2.0,4.0,5.0,5.0,6.0,4.0,2.0,4.0,3.0,1.0,3.0,3.0,1.75,3.6,5.0,2.6,3,2,3.19,0,44.91297351,8.61540116
VVEE80313Q,Scuola Primaria Dasa',Dasa',Vibo Valentia,Calabria,Sud,Primaria,ND,Non Metropolitano,Primaria,Via Provinciale 20,89832,vvic803004@istruzione.it,ND,www.istitutocomprensivoacquaro.edu.it,Statale,ok,analysis_results/VVEE80313Q_PTOF_analysis.json,1.0,3.0,3.0,3.0,4.0,3.0,3.0,3.0,3.0,3.0,3.0,3.0,3.0,3.0,3.0,3.0,4.0,3.0,3.0,3.0,3.0,3.0,3.0,3.0,3.0,3.2,3.0,3.0,3.25,3.0,14,22,3.09,0,,
MEEE857023,Maceo,Terme Vigliatore,Messina,Sicilia,Isole,Primaria,Scuola Primaria,Metropolitano,Primaria,Via Don Luigi Sturzo N. 16,98050,meic85700x@istruzione.it,ND,www.ictermevigliatore.edu.it,Statale,ok,analysis_results/MEEE857023_PTOF_analysis.json,1.0,5.0,5.0,5.0,5.0,4.0,6.0,5.0,6.0,5.0,5.0,4.0,5.0,4.0,3.0,3.0,5.0,4.0,4.0,5.0,3.0,5.0,3.0,4.0,3.0,5.0,5.25,3.8,4.5,3.6,12,2,4.43,0,38.13672717,15.16241103
BOMM81901R,Due Risorgimenti-Sala Bolognese,Sala Bolognese,Bologna,Emilia Romagna,Nord Est,I Grado,ND,Metropolitano,I Grado,Via Della Pace 17,40010,boic81900q@istruzione.it,ND,www.istitutocomprensivosalabolognese.edu.it,Statale,ok,analysis_results/BOMM81901R_PTOF_analysis.json,0.0,2.0,2.0,2.0,2.0,3.0,2.0,2.0,2.0,2.0,3.0,2.0,2.0,2.0,2.0,3.0,3.0,3.0,2.0,3.0,3.0,3.0,2.0,2.0,2.0,2.2,2.25,2.2,2.75,2.4,3,2,2.36,0,44.62979729,11.27686821
ATTF010529,A.Artom - Serale - Canelli,Canelli,Asti,Piemonte,Nord Ovest,Tecnico,ND,Non Metropolitano,II Grado,Via Asti 16/18,14053,amministrazione@ldavinci.org,ND,www.itisartom.edu.it,Statale,ok,analysis_results/ATTF010529_PTOF_analysis.json,1.0,3.0,6.0,5.0,4.0,7.0,6.0,3.0,7.0,5.0,6.0,5.0,5.0,5.0,3.0,6.0,5.0,4.0,3.0,4.0,6.0,5.0,2.0,5.0,4.0,5.6,5.25,4.8,4.0,4.4,34,33,4.81,0,44.71987867,8.28820301
RCAA85503X,Infanzia Acciarello,Villa San Giovanni,Reggio Calabria,Calabria,Sud,Infanzia,ND,Metropolitano,Infanzia,Via Corigliano,89010,rcic855001@istruzione.it,ND,http//www.icgiovannixxiii.edu.it,Statale,ok,analysis_results/RCAA85503X_PTOF_analysis.json,0.0,0.0,3.0,3.0,2.0,2.0,2.0,1.0,2.0,1.0,1.0,2.0,2.0,3.0,1.0,2.0,3.0,2.0,3.0,3.0,1.0,3.0,3.0,1.0,3.0,2.4,1.25,2.0,2.75,2.2,2,7,2.12,0,38.21916718,15.63692204
UDAA85101T,"""Vittorio Podrecca""",Cividale Del Friuli,Udine,Friuli-Venezia G.,Nord Est,Infanzia,ND,Non Metropolitano,Infanzia,Via De Gasperi 1,33043,udic851001@istruzione.it,ND,www.iccividale.edu.it,Statale,ok,analysis_results/UDAA85101T_PTOF_analysis.json,0.0,1.0,3.0,3.0,1.0,2.0,1.0,1.0,1.0,1.0,1.0,2.0,2.0,3.0,1.0,3.0,4.0,3.0,3.0,3.0,1.0,3.0,3.0,1.0,1.0,2.0,1.0,2.2,3.25,1.8,4,11,2.05,0,46.09357444,13.43202825
PRCT70000R,Centro Territoriale Permanente,Parma,Parma,Emilia Romagna,Nord Est,"I Grado, Infanzia, Primaria, Professionale",ND,Non Metropolitano,"Comprensivo, I Grado, II Grado, Infanzia, Primaria",Piazzale Rondani1,43100,prmm07500a@istruzione.it,ND,http://www.tuttitalia.it/umbria,Statale,ok,analysis_results/PRCT70000R_PTOF_analysis.json,1.0,1.0,4.0,4.0,2.0,4.0,4.0,4.0,4.0,4.0,4.0,4.0,4.0,4.0,4.0,4.0,4.0,2.0,4.0,4.0,4.0,4.0,4.0,4.0,1.0,3.6,4.0,4.0,3.5,3.4,36,24,3.7,0,44.80107394,10.32834985
NAEE8AJ03G,Casalnuovo Ic Aldo Moro Mennella,Casalnuovo Di Napoli,Napoli,Campania,Sud,Primaria,ND,Metropolitano,Primaria,Via Mennella,80015,naic8aj002@istruzione.it,ND,https//www.icsaldomoro.edu.it/,Statale,ok,analysis_results/NAEE8AJ03G_PTOF_analysis.json,0.0,1.0,3.0,3.0,2.0,1.0,1.0,1.0,1.0,1.0,1.0,2.0,2.0,3.0,1.0,3.0,4.0,3.0,3.0,3.0,1.0,3.0,3.0,1.0,1.0,2.0,1.0,2.2,3.25,1.8,3,14,2.05,0,40.91481074,14.3511862
KRMM804019,Scuola Media Stat.Rocca Di Neto,Rocca Di Neto,Crotone,Calabria,Sud,I Grado,ND,Non Metropolitano,I Grado,Via Rione Santa Maria,88821,kric804008@istruzione.it,ND,www.scuole-roccadineto.it,Statale,ok,analysis_results/KRMM804019_PTOF_analysis.json,0.0,4.0,3.0,3.0,2.0,3.0,3.0,3.0,4.0,3.0,3.0,3.0,3.0,4.0,2.0,4.0,3.0,3.0,2.0,3.0,4.0,4.0,2.0,2.0,2.0,2.8,3.25,3.2,2.75,2.8,4,2,2.96,0,39.19170933,17.00234034
RM1A61800R,Scuola Materna Casa Dei Bambini Montessori,Roma,Roma,Lazio,Centro,Infanzia,Scuola Infanzia Non Statale,Metropolitano,Infanzia,L.Go Bastia 28,00181,info@montessori.it,operanazionalemontessori@pec.it,www.montessori.it,Paritaria,ok,analysis_results/RM1A61800R_PTOF_analysis.json,0.0,2.0,3.0,4.0,2.0,4.0,2.0,1.0,3.0,1.0,3.0,3.0,4.0,5.0,2.0,4.0,5.0,5.0,6.0,4.0,2.0,4.0,4.0,1.0,3.0,3.0,2.0,3.6,5.0,2.8,3,2,3.28,0,41.89277044,12.48366723
FOPS010028,"L.Scientifico ""Righi"" Bagno Di Romagna",Bagno Di Romagna,Forli'-Cesena,Emilia Romagna,Nord Est,Liceo,ND,Non Metropolitano,II Grado,Via Manin 87,47021,fops010006@istruzione.it,ND,https//www.liceorighicesena.edu.it,Statale,ok,analysis_results/FOPS010028_PTOF_analysis.json,0.0,3.0,5.0,5.0,5.0,5.0,5.0,3.0,5.0,3.0,5.0,5.0,5.0,5.0,5.0,5.0,5.0,5.0,5.0,5.0,5.0,5.0,3.0,3.0,5.0,5.0,4.0,5.0,5.0,4.2,21,94,4.64,0,43.8578076,11.9768623
CSEE8AX03Q,"S.Giov.In F. ""F.Lli Bandiera Ic",San Giovanni In Fiore,Cosenza,Calabria,Sud,Primaria,ND,Non Metropolitano,Primaria,Via Rovello20,87055,ND,ND,www.icdantesgf.gov.it,Statale,ok,analysis_results/CSEE8AX03Q_PTOF_analysis.json,0.0,2.0,2.0,2.0,2.0,3.0,2.0,2.0,2.0,2.0,3.0,2.0,2.0,2.0,2.0,3.0,2.0,3.0,2.0,2.0,2.0,2.0,2.0,2.0,2.0,2.2,2.25,2.2,2.25,2.0,3,1,2.18,0,39.25365492,16.69731802
CSPS082019,Ls Scalea,Scalea,Cosenza,Calabria,Sud,Liceo,ND,Non Metropolitano,II Grado,Localita' Pantano,87029,ND,ND,liceoscientificoscalea.edu.it,Statale,ok,analysis_results/CSPS082019_PTOF_analysis.json,0.0,2.0,2.0,2.0,2.0,3.0,2.0,2.0,2.0,2.0,3.0,2.0,2.0,2.0,2.0,3.0,2.0,3.0,2.0,3.0,2.0,2.0,2.0,2.0,2.0,2.2,2.25,2.2,2.5,2.0,3,1,2.23,0,39.80643078,15.79100532
RAIC82800B,"I.C. 1 ""Andrea Canevaro""",Ravenna,Ravenna,Emilia Romagna,Nord Est,"I Grado, Infanzia, Primaria, Tecnico",Istituto Comprensivo,Non Metropolitano,"Comprensivo, I Grado, II Grado, Infanzia, Primaria",Via Martiri Fantini 46,48100,raic82800b@istruzione.it,raic82800b@pec.istruzione.it,http://www.icfalcomatarchi.edu.it/menu-principale/ripartenza-scuola-s-2022/20232,Statale,ok,analysis_results/RAIC82800B_PTOF_analysis.json,0.0,4.0,4.0,4.0,3.0,4.0,3.0,3.0,4.0,2.0,4.0,4.0,3.0,4.0,3.0,5.0,4.0,5.0,3.0,4.0,3.0,5.0,2.0,2.0,3.0,3.6,3.25,3.8,4.0,3.0,12,12,3.53,0,44.41722492,12.19913937
PAAA884031,San Giovanni Bosco,San Cipirello,Palermo,Sicilia,Isole,Infanzia,Scuola Infanzia,Metropolitano,Infanzia,Via Enrico Berlinguer S.N.C.,90040,ND,ND,www.istitutocomprensivodisangiuseppejato.it,Statale,ok,analysis_results/PAAA884031_PTOF_analysis.json,0.0,4.0,3.0,3.0,2.0,1.0,1.0,1.0,2.0,1.0,2.0,1.0,2.0,3.0,1.0,3.0,2.0,4.0,2.0,3.0,1.0,4.0,4.0,1.0,4.0,2.0,1.5,2.0,2.75,2.8,2,4,2.21,0,37.96022597,13.18170348
PD1E020007,Fondazione Santa Capitanio,Piove Di Sacco,Padova,Veneto,Nord Est,Primaria,Scuola Primaria Non Statale,Non Metropolitano,Primaria,Via Castello24,35028,scuolacapitanio.direzione@gmail.com,scuolapiovedisacco@pec.fismpadova.it,www.santacapitanio.it,Paritaria,ok,analysis_results/PD1E020007_PTOF_analysis.json,0.0,2.0,3.0,3.0,2.0,4.0,2.0,3.0,4.0,1.0,4.0,4.0,4.0,5.0,3.0,5.0,4.0,5.0,3.0,4.0,3.0,5.0,3.0,2.0,4.0,2.8,3.0,4.2,4.0,3.4,10,7,3.48,0,45.29611168,12.03515504
NAMM8AM018,Vico 2 I.C. Caulino Vico Equens,Vico Equense,Napoli,Campania,Sud,I Grado,ND,Metropolitano,I Grado,Via R. Bosco 539,80060,naic8am007@istruzione.it,ND,www.istititutocomprensivocaulino.it,Statale,ok,analysis_results/NAMM8AM018_PTOF_analysis.json,1.0,1.0,3.0,3.0,3.0,3.0,3.0,3.0,3.0,3.0,1.0,4.0,4.0,4.0,4.0,4.0,3.0,3.0,3.0,3.0,3.0,3.0,3.0,3.0,3.0,3.0,2.5,4.0,3.0,3.0,15,14,3.1,0,40.66443364,14.42533592
MIIC87700C,Ic Dante Alighieri,Opera,Milano,Lombardia,Nord Ovest,"Infanzia, Primaria",Istituto Comprensivo,Metropolitano,"Infanzia, Primaria",Via Giovanni Xxiii 14,20090,miic87700c@istruzione.it,miic87700c@pec.istruzione.it,www.icopera.edu.it,Statale,ok,analysis_results/MIIC87700C_PTOF_analysis.json,0.0,2.0,3.0,4.0,2.0,5.0,3.0,1.0,3.0,1.0,4.0,3.0,4.0,5.0,3.0,5.0,5.0,6.0,6.0,4.0,3.0,5.0,4.0,1.0,4.0,3.4,2.25,4.0,5.25,3.4,6,8,3.66,0,45.37791048,9.21145887
AVPM040007,"Liceo ""Paolo Emilio Imbriani""",Avellino,Avellino,Campania,Sud,"Infanzia, Primaria",ND,Non Metropolitano,"Infanzia, Primaria",Via Morelli E Silvati 9,83100,avpm040007@istruzione.it,avpm040007@pec.istruzione.it,https//www.liceoimbrianiavellino.edu.it/,Statale,ok,analysis_results/AVPM040007_PTOF_analysis.json,0.0,2.0,3.0,3.0,2.0,5.0,2.0,1.0,4.0,1.0,3.0,4.0,3.0,6.0,3.0,5.0,5.0,6.0,4.0,4.0,3.0,5.0,4.0,1.0,4.0,3.0,2.25,4.2,4.75,3.4,4,5,3.52,0,40.91404698,14.79528841
REMM85301G,"Correggio ""G. Marconi""",Correggio,Reggio Emilia,Emilia Romagna,Nord Est,I Grado,ND,Non Metropolitano,I Grado,Via Conte Ippolito 18,42015,reic85300e@istruzione.it,sais04100t@pec.istruzione.it,www.iccorreggio1.edu.it,Statale,ok,analysis_results/REMM85301G_PTOF_analysis.json,1.0,3.0,5.0,5.0,5.0,5.0,5.0,5.0,5.0,5.0,5.0,6.0,6.0,6.0,6.0,7.0,6.0,3.0,6.0,6.0,5.0,5.0,3.0,3.0,3.0,5.0,5.0,6.2,5.25,3.8,18,25,5.05,1,44.7713424,10.78121506
LURI01601N,"""G.Giorgi""",Lucca,Lucca,Toscana,Centro,"Infanzia, Primaria",Ist Prof Industria E Artigianato,Non Metropolitano,"Infanzia, Primaria",Sede Saltocchio - Sede Santa Chiara,55100,luis016002@istruzione.it,ND,https//www.polofermigiorgi.edu.it/,Statale,ok,analysis_results/LURI01601N_PTOF_analysis.json,0.0,2.0,3.0,4.0,2.0,4.0,2.0,1.0,3.0,1.0,3.0,3.0,4.0,5.0,2.0,5.0,5.0,5.0,2.0,4.0,2.0,4.0,4.0,1.0,3.0,3.0,2.0,3.8,4.0,2.8,3,2,3.12,0,43.84432282,10.50151366
TO1AL4500F,La Casa Di Dada,Pecetto Torinese,Torino,Piemonte,Nord Ovest,Infanzia,ND,Metropolitano,Infanzia,Strada Chieri 64/66,10020,info@casadidada.it,dadasas@pec.it,www.casadidada.it,Paritaria,ok,analysis_results/TO1AL4500F_PTOF_analysis.json,1.0,3.0,5.0,5.0,5.0,5.0,5.0,5.0,5.0,5.0,5.0,5.0,5.0,5.0,5.0,5.0,5.0,2.0,5.0,5.0,4.0,5.0,1.0,4.0,4.0,5.0,5.0,5.0,4.25,3.6,19,24,4.57,0,45.01955866,7.74869987
BOIS02800P,I.I.S. Rosa Luxemburg,Bologna,Bologna,Emilia Romagna,Nord Est,"Infanzia, Primaria",ND,Metropolitano,II Grado,Via Dalla Volta 4,40131,bois02800p@istruzione.it,bois02800p@pec.istruzione.it,ND,Statale,ok,analysis_results/BOIS02800P_PTOF_analysis.json,0.0,1.0,3.0,3.0,2.0,1.0,1.0,1.0,1.0,1.0,1.0,2.0,2.0,3.0,1.0,3.0,4.0,3.0,3.0,3.0,1.0,3.0,3.0,1.0,1.0,2.0,1.0,2.2,3.25,1.8,3,14,2.05,0,44.4943668,11.3417208
RMTF15050V,"Percorso Ii Livello ""S.Cannizzaro""",Colleferro,Roma,Lazio,Centro,Tecnico,ND,Metropolitano,II Grado,Via Consolare Latina 261,00034,rmtf15000d@istruzione.it,rmtf15000d@pec.istruzione.it,www.itiscannizzarocolleferro.it,Statale,ok,analysis_results/RMTF15050V_PTOF_analysis.json,1.0,1.0,4.0,4.0,4.0,4.0,4.0,4.0,4.0,3.0,4.0,3.0,4.0,4.0,3.0,4.0,4.0,2.0,3.0,4.0,3.0,3.0,3.0,3.0,3.0,4.0,3.75,3.6,3.25,3.0,10,7,3.52,0,41.73041246,13.00559155
CE1A144004,Gli Orsetti Del Cuore,Marcianise,Caserta,Campania,Sud,Infanzia,ND,Non Metropolitano,Infanzia,Via Misericordia 51,81025,orsettidelcuore2013@libero.it,gliorserttidelcuore@pec.it,www.scuolagliorsettidelcuore.it,Paritaria,ok,analysis_results/CE1A144004_PTOF_analysis.json,0.0,0.0,3.0,3.0,3.0,1.0,2.0,1.0,2.0,1.0,1.0,2.0,2.0,3.0,1.0,2.0,3.0,3.0,3.0,3.0,1.0,3.0,3.0,0.0,1.0,2.4,1.25,2.0,3.0,2.0,2,7,2.13,0,41.03554506,14.2994533
TO1E003007,Istituto Adorazione,Torino,Torino,Piemonte,Nord Ovest,Primaria,ND,Metropolitano,Primaria,Viale Curreno 21,10133,segreteria@adorazione.it,segreteria@adorazione.it,www.adorazione.it,Paritaria,ok,analysis_results/TO1E003007_PTOF_analysis.json,0.0,3.0,3.0,3.0,3.0,5.0,3.0,4.0,5.0,1.0,3.0,3.0,4.0,5.0,2.0,4.0,4.0,5.0,4.0,3.0,3.0,4.0,3.0,2.0,4.0,3.4,3.25,3.6,4.0,3.2,5,5,3.49,0,45.0732745,7.68068748
SR1A071002,Associazione Pianeta Infanzia,Noto,Siracusa,Sicilia,Isole,Infanzia,ND,Non Metropolitano,Infanzia,Ronco Ungaretti N. 1,96017,marikagreco83@yahoo.it,marichri11@pec.it,www.comune.trieste.it,Paritaria,ok,analysis_results/SR1A071002_PTOF_analysis.json,0.0,0.0,3.0,3.0,2.0,3.0,2.0,1.0,4.0,1.0,4.0,4.0,3.0,6.0,2.0,5.0,3.0,5.0,3.0,4.0,5.0,5.0,4.0,2.0,5.0,2.6,2.5,4.0,3.75,4.2,9,3,3.41,0,36.89169626,15.06670248
MI1M03700G,Scuola Secondaria Di 1° Gr. Europea,Abbiategrasso,Milano,Lombardia,Nord Ovest,I Grado,Scuola Sec. Primo Grado Non Statale,Metropolitano,I Grado,Via Misericordia 13,20081,segreteria@scuolamediaeuropea.com,ass.culturaleabbiatense@pec.it,www.scuolamediaeuropea.com,Paritaria,ok,analysis_results/MI1M03700G_PTOF_analysis.json,0.0,2.0,3.0,3.0,2.0,4.0,3.0,2.0,3.0,2.0,3.0,2.0,3.0,4.0,2.0,4.0,2.0,4.0,2.0,3.0,5.0,5.0,3.0,2.0,4.0,3.0,2.5,3.0,2.75,3.8,1,1,3.01,0,45.39857615,8.91748563
LIMM70301D,Casa Di Reclusione Di Porto Azzurro,Porto Azzurro,Livorno,Toscana,Centro,I Grado,Scuola Primo Grado,Non Metropolitano,I Grado,Forte San Giacomo 1,57036,limm10100g@istruzione.it,ND,ND,Statale,ok,analysis_results/LIMM70301D_PTOF_analysis.json,0.0,2.0,2.0,2.0,2.0,3.0,2.0,2.0,2.0,2.0,3.0,2.0,2.0,2.0,1.0,3.0,2.0,4.0,2.0,3.0,3.0,3.0,2.0,2.0,2.0,2.2,2.25,2.0,2.75,2.4,3,1,2.32,0,42.76458226,10.39872636
NAIC850002,Cercola - Ic Custra,Cercola,Napoli,Campania,Sud,"I Grado, Infanzia, Liceo, Primaria, Professionale",Istituto Comprensivo,Metropolitano,"Comprensivo, I Grado, II Grado, Infanzia, Primaria",Via Europa 22,80040,naic850002@istruzione.it,naic850002@pec.istruzione.it,www.iccustra.edu.it/,Statale,ok,analysis_results/NAIC850002_PTOF_analysis.json,0.0,1.0,4.0,3.0,2.0,5.0,4.0,3.0,5.0,2.0,2.0,4.0,4.0,5.0,4.0,5.0,5.0,3.0,3.0,4.0,4.0,5.0,3.0,3.0,4.0,3.6,3.0,4.4,3.75,3.8,17,8,3.71,0,40.86004789,14.35891456
CEIC8BH00V,Ic Mondragone 1,Mondragone,Caserta,Campania,Sud,"I Grado, Infanzia, Professionale",ND,Non Metropolitano,"I Grado, II Grado, Infanzia",Piazzale G. Rodari,81034,ceic8bh00v@istruzione.it,ceic8bh00v@pec.istruzione.it,ND,Statale,ok,analysis_results/CEIC8BH00V_PTOF_analysis.json,0.0,0.0,2.0,2.0,2.0,3.0,2.0,2.0,2.0,2.0,3.0,2.0,2.0,2.0,2.0,3.0,2.0,3.0,2.0,2.0,2.0,2.0,2.0,2.0,2.0,2.2,2.25,2.2,2.25,2.0,3,1,2.18,0,41.11293737,13.88716123
UDIC84600D,Don Lorenzo Milani - Aquileia,Aquileia,Udine,Friuli-Venezia G.,Nord Est,"I Grado, Liceo, Primaria, Tecnico",ND,Non Metropolitano,"I Grado, II Grado, Primaria",Via Duca D'Aosta 24,33059,udic84600d@istruzione.it,udic84600d@pec.istruzione.it,https//icaquileia.edu.it,Statale,ok,analysis_results/UDIC84600D_PTOF_analysis.json,1.0,1.0,3.0,3.0,3.0,3.0,3.0,3.0,3.0,3.0,3.0,3.0,3.0,3.0,3.0,4.0,3.0,2.0,3.0,3.0,3.0,3.0,3.0,3.0,3.0,3.0,3.0,3.2,2.75,3.0,8,18,2.99,0,45.76643933,13.36493966
FRVC040009,"""R.Margherita"" Anagni",Anagni,Frosinone,Lazio,Centro,"Liceo, Tecnico",ND,Non Metropolitano,II Grado,Piazza Bonghi N 2,03012,frvc040009@istruzione.it,frvc040009@pec.istruzione.it,https//www.convittoreginamargherita.edu.it/,Statale,ok,analysis_results/FRVC040009_PTOF_analysis.json,1.0,5.0,4.0,4.0,4.0,4.0,4.0,3.0,3.0,2.0,2.0,3.0,3.0,3.0,3.0,3.0,4.0,3.0,4.0,4.0,4.0,4.0,3.0,3.0,3.0,4.0,2.5,3.0,3.75,3.4,16,19,3.33,0,41.74393633,13.15452041
NARF5I500H,Santa Croce (Servizi Socio-Sanitari),Gragnano,Napoli,Campania,Sud,"Infanzia, Liceo, Professionale, Tecnico",ND,Metropolitano,II Grado,Via Nuova San Leone 62,80054,info@istitutosantacroce.it,santa-croce@pec.it,www.istitutocartesio.com,Paritaria,ok,analysis_results/NARF5I500H_PTOF_analysis.json,1.0,1.0,3.0,3.0,3.0,1.0,3.0,3.0,3.0,2.0,2.0,3.0,3.0,3.0,2.0,2.0,3.0,1.0,3.0,3.0,3.0,3.0,3.0,3.0,3.0,2.6,2.5,2.6,2.5,3.0,13,11,2.64,0,40.68982752,14.52098181
RMEE8DJ03A,Alessandra D'Angelo,Fiumicino,Roma,Lazio,Centro,Primaria,ND,Metropolitano,Primaria,Largo Carlo Formichi 9,00050,rmic8dj006@istruzione.it,ND,www.icmaccarese.it,Statale,ok,analysis_results/RMEE8DJ03A_PTOF_analysis.json,0.0,2.0,3.0,3.0,2.0,2.0,2.0,3.0,4.0,1.0,3.0,3.0,3.0,4.0,1.0,4.0,2.0,3.0,2.0,3.0,2.0,3.0,2.0,1.0,4.0,2.4,2.75,3.0,2.5,2.4,5,2,2.61,0,41.77221205,12.23686815
VITD02000N,Itcg A. Ceccato,Thiene,Vicenza,Veneto,Nord Est,"Infanzia, Primaria",Ist Tec Commerciale E Per Geometri,Non Metropolitano,"Infanzia, Primaria",Via Vanzetti14,36016,vitd02000n@istruzione.it,vitd02000n@pec.istruzione.it,www.auloceccato.edu.it,Statale,ok,analysis_results/VITD02000N_PTOF_analysis.json,0.0,2.0,3.0,4.0,2.0,4.0,2.0,1.0,3.0,1.0,3.0,4.0,5.0,5.0,3.0,5.0,6.0,5.0,6.0,4.0,2.0,4.0,4.0,1.0,3.0,3.0,2.0,4.4,5.25,2.8,5,2,3.49,0,45.70731095,11.47834926
RMMM848012,Ariosto,Roma,Roma,Lazio,Centro,I Grado,ND,Metropolitano,I Grado,Via L. Rizzo 1,00136,rmic848001@istruzione.it,ND,www.icvialuigirizzo.gov.it,Statale,ok,analysis_results/RMMM848012_PTOF_analysis.json,0.0,1.0,5.0,5.0,5.0,5.0,5.0,0.0,5.0,0.0,4.0,5.0,4.0,5.0,4.0,5.0,5.0,5.0,5.0,4.0,3.0,5.0,3.0,0.0,4.0,5.0,4.5,4.6,4.75,3.75,6,74,4.52,0,41.89277044,12.48366723
RGIC83000C,Padre Pio Da Pietrelcina,Ispica,Ragusa,Sicilia,Isole,"I Grado, Infanzia, Primaria, Tecnico",Istituto Comprensivo,Non Metropolitano,"Comprensivo, I Grado, II Grado, Infanzia, Primaria",Via Vittorio Veneto N. 79,97014,rgic83000c@istruzione.it,rgic83000c@pec.istruzione.it,www.istitutopadrepioispica.it,Statale,ok,analysis_results/RGIC83000C_PTOF_analysis.json,0.0,2.0,4.0,4.0,5.0,4.0,4.0,4.0,4.0,2.0,4.0,4.0,5.0,5.0,3.0,5.0,4.0,4.0,3.0,4.0,3.0,5.0,4.0,2.0,3.0,4.2,3.5,4.4,3.75,3.4,18,14,3.85,0,36.78617863,14.90352486
CHTD00301N,Ist. Tec. Algeri Marino Casoli,Casoli,Chieti,Abruzzo,Sud,Tecnico,ND,Non Metropolitano,II Grado,Via Del Campo Sportivo 35,66043,chis00300b@istruzione.it,ND,www.iisalgerimarino.edu.it,Statale,ok,analysis_results/CHTD00301N_PTOF_analysis.json,0.0,2.0,2.0,2.0,2.0,2.0,2.0,3.0,2.0,1.0,3.0,1.0,2.0,2.0,1.0,2.0,3.0,3.0,2.0,3.0,3.0,3.0,2.0,2.0,2.0,2.0,2.25,1.6,2.75,2.4,0,1,2.2,0,42.1150425,14.29043913
CSMM864049,Sm Colosimi (Ic Scigliano),Colosimi,Cosenza,Calabria,Sud,I Grado,ND,Non Metropolitano,I Grado,Salita Edif.Scolastico N.7,87050,csic864005@istruzione.it,ND,http//www.iobscigliano.gov.it/,Statale,ok,analysis_results/CSMM864049_PTOF_analysis.json,0.0,1.0,2.0,2.0,3.0,3.0,2.0,2.0,4.0,2.0,3.0,3.0,2.0,3.0,1.0,4.0,2.0,2.0,1.0,2.0,3.0,3.0,1.0,2.0,1.0,2.4,2.75,2.6,1.75,2.0,4,0,2.3,0,39.11886134,16.39984966
MTIC835009,"I.C. ""Pitagora"" - Bernalda",Bernalda,Matera,Basilicata,Sud,"I Grado, Infanzia, Primaria, Tecnico",ND,Non Metropolitano,"I Grado, II Grado, Infanzia, Primaria",Via Anacreonte 60,75012,mtic835009@istruzione.it,mtic835009@pec.istruzione.it,www.icbernalda.edu.it,Statale,ok,analysis_results/MTIC835009_PTOF_analysis.json,0.0,2.0,3.0,2.0,2.0,3.0,3.0,5.0,4.0,2.0,3.0,3.0,2.0,3.0,4.0,5.0,3.0,3.0,3.0,4.0,2.0,3.0,2.0,2.0,2.0,2.6,3.5,3.4,3.25,2.2,4,1,2.99,0,40.40817994,16.68637158
MIIC8B9003,Ic Morosini Manara,Milano,Milano,Lombardia,Nord Ovest,"I Grado, Infanzia, Liceo, Primaria",Istituto Comprensivo,Metropolitano,"Comprensivo, I Grado, II Grado, Infanzia, Primaria",Via Morosini11,20135,miic8b9003@istruzione.it,miic8b9003@pec.istruzione.it,www.icmorosinimanara.edu.it,Statale,ok,analysis_results/MIIC8B9003_PTOF_analysis.json,0.0,0.0,3.0,3.0,4.0,2.0,2.0,1.0,3.0,1.0,3.0,2.0,2.0,4.0,2.0,4.0,2.0,4.0,2.0,3.0,3.0,4.0,2.0,1.0,2.0,2.8,2.0,2.8,2.75,2.4,2,3,2.55,0,45.46679408,9.1903474
SSTD09000T,Amm/Vo Per Il Turismo D. Panedda,Olbia,Sassari,Sardegna,Isole,Tecnico,ND,Non Metropolitano,II Grado,Via Mameli N. 21 - Olbia,07026,sstd09000t@istruzione.it,sstd09000t@pec.istruzione.it,www.panedda.it,Statale,ok,analysis_results/SSTD09000T_PTOF_analysis.json,1.0,5.0,4.0,4.0,4.0,4.0,4.0,5.0,5.0,3.0,5.0,5.0,4.0,4.0,5.0,5.0,4.0,4.0,4.0,4.0,0.0,0.0,0.0,0.0,0.0,4.0,4.5,4.6,4.0,0.0,32,250,4.28,0,40.92318242,9.50486158
CEPS090004,Liceo Scientifico N. Cortese,Maddaloni,Caserta,Campania,Sud,Liceo,ND,Non Metropolitano,II Grado,Via Starza 24,81024,ceps090004@istruzione.it,ceps090004@pec.istruzione.it,www.liceoscientificocortese.edu.it/,Statale,ok,analysis_results/CEPS090004_PTOF_analysis.json,1.0,5.0,5.0,5.0,5.0,3.0,5.0,5.0,5.0,5.0,5.0,5.0,5.0,5.0,5.0,5.0,5.0,3.0,5.0,5.0,5.0,5.0,3.0,5.0,5.0,4.6,5.0,5.0,4.5,4.6,25,34,4.74,0,41.03861142,14.38381932
BAPS029012,"I.I.S.S. ""T. Fiore"" Liceo Scientifico",Modugno,Bari,Puglia,Sud,Liceo,ND,Metropolitano,II Grado,Via Anibale Di Francia 4,70026,bais02900g@istruzione.it,ND,www.iissfiore.gov.it,Statale,ok,analysis_results/BAPS029012_PTOF_analysis.json,0.0,3.0,5.0,4.0,5.0,5.0,5.0,3.0,5.0,3.0,4.0,5.0,5.0,5.0,4.0,5.0,5.0,4.0,4.0,4.0,5.0,5.0,3.0,4.0,5.0,4.8,3.75,4.8,4.25,4.4,21,0,4.4,0,41.08270034,16.78027023
NAPS14601T,L.S. Masullo - Theti,Nola,Napoli,Campania,Sud,Liceo,ND,Metropolitano,II Grado,ND,ND,casab.montessori@gmail.com,ND,www.masullotheti.edu.it/,Statale,ok,analysis_results/NAPS14601T_PTOF_analysis.json,0.0,0.0,3.0,3.0,1.0,1.0,1.0,1.0,1.0,1.0,1.0,2.0,2.0,3.0,1.0,3.0,4.0,3.0,3.0,3.0,1.0,2.0,2.0,1.0,1.0,1.8,1.0,2.2,3.25,1.4,4,14,1.93,0,40.92632842,14.52683267
NAMM8BX012,Sms B. Croce - 18' C.D.Napoli-,Napoli,Napoli,Campania,Sud,I Grado,ND,Metropolitano,I Grado,Via A. De Gasperis 15,80137,naic8bx001@istruzione.it,con.parigi.scuolaitaliana@cert.esteri.it,www.volinocrocearcoleo.it,Statale,ok,analysis_results/NAMM8BX012_PTOF_analysis.json,0.0,3.0,5.0,5.0,5.0,5.0,5.0,3.0,5.0,1.0,4.0,4.0,4.0,5.0,5.0,4.0,4.0,5.0,3.0,5.0,5.0,4.0,3.0,4.0,5.0,5.0,3.25,4.4,4.25,4.2,17,107,4.22,0,40.83956554,14.25085002
BNIC826006,Ic S.Marco Dei C.,San Marco Dei Cavoti,Benevento,Campania,Sud,"I Grado, Infanzia, Primaria",ND,Non Metropolitano,"Comprensivo, I Grado, Infanzia, Primaria",Piazza Rimembranza 22,82029,bnic826006@istruzione.it,bnic826006@pec.istruzione.it,https//www.ic-sanmarco.edu.it,Statale,ok,analysis_results/BNIC826006_PTOF_analysis.json,1.0,6.0,3.0,5.0,5.0,5.0,5.0,5.0,5.0,5.0,5.0,5.0,5.0,5.0,5.0,5.0,5.0,3.0,5.0,5.0,5.0,5.0,3.0,5.0,5.0,4.6,5.0,5.0,4.5,4.6,31,20,4.74,0,41.30601106,14.8806843
RM1E11600P,Scuola Elem.Parif. Nostra Signora Di Lourdes,Roma,Roma,Lazio,Centro,Primaria,ND,Metropolitano,Primaria,Via Domenico Tardini 26,00167,snslourdes@gmail.com,scuolatlourdes@poste-certificate.it,http//scuolansdilourdes.it,Paritaria,ok,analysis_results/RM1E11600P_PTOF_analysis.json,0.0,0.0,5.0,5.0,5.0,5.0,5.0,0.0,3.0,0.0,0.0,1.0,5.0,5.0,5.0,1.0,5.0,5.0,5.0,5.0,4.0,3.0,4.0,0.0,0.0,5.0,3.0,3.4,5.0,3.67,7,0,4.01,0,41.89277044,12.48366723
PATF011011,M. Picone,Valledolmo,Palermo,Sicilia,Isole,Tecnico,Istituto Tecnico Industriale,Metropolitano,II Grado,C.So Vittorio Emanuele Iii,90029,pais01100c@istruzione.it,ND,www.icsustica.it,Statale,ok,analysis_results/PATF011011_PTOF_analysis.json,0.0,2.0,3.0,4.0,2.0,5.0,3.0,1.0,4.0,1.0,4.0,3.0,4.0,5.0,2.0,5.0,5.0,6.0,5.0,4.0,3.0,5.0,3.0,1.0,4.0,3.4,2.5,3.8,5.0,3.2,6,7,3.58,0,37.74708325,13.82825937
SPAA82404R,Ortonovo-Luna,Luni,La Spezia,Liguria,Nord Ovest,Infanzia,ND,Non Metropolitano,Infanzia,Via Brodolini,19034,cnps010003@pec.istruzione.it,cnps010003@pec.istruzione.it,www.istitutocomprensivosarzana.it,Statale,ok,analysis_results/SPAA82404R_PTOF_analysis.json,1.0,3.0,5.0,5.0,5.0,5.0,5.0,5.0,5.0,4.0,5.0,5.0,5.0,5.0,5.0,5.0,5.0,3.0,5.0,5.0,4.0,4.0,4.0,4.0,4.0,5.0,4.75,5.0,4.5,4.0,22,20,4.65,0,44.08497076,10.04202918
VTIC82500A,I.C. Capranica,Capranica,Viterbo,Lazio,Centro,"I Grado, Infanzia, Primaria",Istituto Comprensivo,Non Metropolitano,"Comprensivo, I Grado, Infanzia, Primaria",Via Madre Teresa Di Calcutta,01012,vtic82500a@istruzione.it,vtic82500a@pec.istruzione.it,www.icnicolinicapranica.gov.it,Statale,ok,analysis_results/VTIC82500A_PTOF_analysis.json,0.0,0.0,3.0,3.0,3.0,4.0,2.0,5.0,5.0,2.0,4.0,3.0,3.0,4.0,2.0,5.0,5.0,5.0,4.0,4.0,4.0,5.0,3.0,3.0,5.0,3.0,4.0,3.4,4.5,4.0,19,12,3.78,0,42.25667881,12.17806154
LTTF9N5007,Interstudio,Latina,Latina,Lazio,Centro,"I Grado, Infanzia, Professionale",ND,Non Metropolitano,II Grado,Via Gran Bretagna 22,04100,ND,segreteria@interstudiolatina.it,ND,Paritaria,ok,analysis_results/LTTF9N5007_PTOF_analysis.json,0.0,2.0,2.0,2.0,2.0,3.0,2.0,2.0,2.0,2.0,3.0,2.0,2.0,2.0,2.0,3.0,2.0,2.0,2.0,2.0,2.0,2.0,2.0,2.0,2.0,2.2,2.25,2.2,2.0,2.0,3,1,2.13,0,41.46759464,12.90368485
CETD047514,Leonardo Da Vinci - Corso Serale,Santa Maria Capua Vetere,Caserta,Campania,Sud,Tecnico,Istituto Tecnico Commerciale,Non Metropolitano,II Grado,Via Santagata N. 24,81055,cisl.scuola@cisl.it,ND,http//www.isisstefanelli.gov.it,Statale,ok,analysis_results/CETD047514_PTOF_analysis.json,1.0,4.0,3.0,3.0,2.0,3.0,3.0,3.0,4.0,3.0,3.0,3.0,3.0,4.0,2.0,3.0,3.0,4.0,3.0,3.0,4.0,4.0,2.0,3.0,3.0,2.8,3.25,3.0,3.25,3.2,8,1,3.1,0,41.07755469,14.26158174
FRIC84500P,I.C. 2^ Anagni,Anagni,Frosinone,Lazio,Centro,"Professionale, Tecnico",ND,Non Metropolitano,II Grado,Via Della Sanita' 90,03012,fric84500p@istruzione.it,fric84500p@pec.istruzione.it,https//www.ic2anagni.edu.it/,Statale,ok,analysis_results/FRIC84500P_PTOF_analysis.json,1.0,3.0,5.0,5.0,5.0,5.0,5.0,5.0,5.0,5.0,4.0,4.0,5.0,5.0,5.0,4.0,5.0,3.0,4.0,5.0,4.0,4.0,3.0,3.0,3.0,5.0,4.75,4.6,4.25,3.4,32,20,4.4,0,41.74393633,13.15452041
MIIC8DB00D,Ic Don Milani,Novate Milanese,Milano,Lombardia,Nord Ovest,"I Grado, Infanzia, Primaria",Istituto Comprensivo,Metropolitano,"Comprensivo, I Grado, Infanzia, Primaria",Via Baranzate N.8,20026,miic8db00d@istruzione.it,miic8db00d@pec.istruzione.it,www.icsnovate.edu.it,Statale,ok,analysis_results/MIIC8DB00D_PTOF_analysis.json,0.0,5.0,3.0,3.0,4.0,5.0,3.0,4.0,5.0,1.0,3.0,5.0,3.0,5.0,4.0,5.0,4.0,3.0,2.0,5.0,4.0,5.0,3.0,3.0,5.0,3.6,3.25,4.4,3.5,4.0,20,13,3.75,0,45.53282247,9.13588075
UDAA85205T,Dignano,Dignano,Udine,Friuli-Venezia G.,Nord Est,Infanzia,ND,Non Metropolitano,Infanzia,Via San Gallo18,33030,udic85200r@istruzione.it,ND,wwwicsandanieledelfriul.edu.it,Statale,ok,analysis_results/UDAA85205T_PTOF_analysis.json,0.0,2.0,2.0,2.0,2.0,3.0,2.0,2.0,2.0,2.0,3.0,2.0,2.0,2.0,2.0,2.0,3.0,3.0,2.0,3.0,2.0,2.0,2.0,2.0,2.0,2.2,2.25,2.0,2.75,2.0,3,1,2.24,0,46.08769436,12.93863788
NAIC8HS00D,Ic Lizzadri - Roncalli,Gragnano,Napoli,Campania,Sud,"I Grado, Infanzia, Primaria, Professionale",ND,Metropolitano,"I Grado, II Grado, Infanzia, Primaria",Via Vittorio Veneto18,80054,naic8hs00d@istruzione.it,naic8hs00d@pec.istruzione.it,www.secondocircolobiancavilla.gov.it,Statale,ok,analysis_results/NAIC8HS00D_PTOF_analysis.json,1.0,0.0,3.0,3.0,3.0,3.0,3.0,3.0,3.0,3.0,3.0,4.0,3.0,4.0,3.0,4.0,4.0,2.0,3.0,3.0,3.0,3.0,3.0,3.0,3.0,3.0,3.0,3.6,3.0,3.0,15,33,3.12,0,40.68982752,14.52098181
BGPM024011,"""Lorenzo Federici""",Trescore Balneario,Bergamo,Lombardia,Nord Ovest,"Primaria, Professionale",ND,Non Metropolitano,"II Grado, Primaria",Via Dell'Albarotto,24069,bgis02400d@istruzione.it,ND,www.liceofederici.edu.it,Statale,ok,analysis_results/BGPM024011_PTOF_analysis.json,0.0,2.0,3.0,3.0,1.0,4.0,2.0,1.0,2.0,1.0,2.0,1.0,2.0,3.0,1.0,4.0,2.0,5.0,2.0,3.0,3.0,5.0,5.0,1.0,5.0,2.6,1.5,2.2,3.0,3.8,3,5,2.62,0,45.69508834,9.84277423
RMEE8A002N,Ciampino Ii - P. Sarro,Ciampino,Roma,Lazio,Centro,Primaria,ND,Metropolitano,Primaria,Viale Spontini 2,00043,ND,ND,www.icleonardodavinciciampino.edu.it,Statale,ok,analysis_results/RMEE8A002N_PTOF_analysis.json,0.0,2.0,3.0,3.0,2.0,2.0,2.0,3.0,4.0,1.0,3.0,3.0,3.0,4.0,1.0,4.0,2.0,3.0,2.0,3.0,2.0,3.0,2.0,1.0,3.0,2.4,2.75,3.0,2.5,2.2,7,3,2.57,0,41.80288346,12.60168888
TPTD00801A,Tecnico- A.F.M.Amm. Finanza E Marketing,Calatafimi-Segesta,Trapani,Sicilia,Isole,Tecnico,Istituto Tecnico Commerciale,Non Metropolitano,II Grado,Via Leonardo Da Vinci 60,91014,tpis008004@istruzione.it,ND,www.mattarelladolci.edu.it,Statale,ok,analysis_results/TPTD00801A_PTOF_analysis.json,1.0,5.0,4.0,4.0,3.0,4.0,4.0,3.0,5.0,3.0,3.0,5.0,4.0,5.0,4.0,5.0,5.0,4.0,4.0,4.0,4.0,4.0,3.0,4.0,4.0,3.8,3.5,4.6,4.25,3.8,17,9,3.99,0,37.91416321,12.86271362
BOEE83203A,Primaria Casola Berzantina,Castel Di Casio,Bologna,Emilia Romagna,Nord Est,Primaria,ND,Metropolitano,Primaria,Via M. Montessori 5,40030,boic832006@istruzione.it,ND,www.icporretta.edu.it,Statale,ok,analysis_results/BOEE83203A_PTOF_analysis.json,1.0,3.0,5.0,5.0,5.0,5.0,5.0,3.0,4.0,3.0,3.0,7.0,4.0,4.0,3.0,7.0,5.0,4.0,4.0,4.0,4.0,4.0,3.0,4.0,3.0,5.0,3.25,5.0,4.25,3.6,6,18,4.22,0,44.1630604,11.03637007
COAA80402R,"Ponte Lambro ""Roberto Lepetit""",Ponte Lambro,Como,Lombardia,Nord Ovest,Infanzia,Scuola Infanzia,Non Metropolitano,Infanzia,Via Trieste 2,22037,coic80400v@istruzione.it,ND,www.icpontelambro.gov.it,Statale,ok,analysis_results/COAA80402R_PTOF_analysis.json,0.0,0.0,3.0,3.0,2.0,3.0,1.0,1.0,3.0,1.0,1.0,3.0,2.0,4.0,1.0,4.0,2.0,2.0,3.0,4.0,1.0,5.0,3.0,1.0,3.0,2.4,1.5,2.8,2.75,2.6,9,5,2.41,0,45.82699345,9.22491745
CSRA06701R,Ipa Spezzano Albanese,Spezzano Albanese,Cosenza,Calabria,Sud,"Liceo, Professionale, Tecnico",ND,Non Metropolitano,II Grado,Via Nazionale330,87019,ND,ND,www.iissanmarcoargentano.gov.it,Statale,ok,analysis_results/CSRA06701R_PTOF_analysis.json,1.0,3.0,6.0,6.0,3.0,6.0,6.0,4.0,6.0,1.0,5.0,4.0,6.0,4.0,3.0,5.0,6.0,3.0,4.0,5.0,6.0,7.0,3.0,5.0,5.0,5.4,4.0,4.4,4.5,5.2,12,19,4.7,0,39.66184414,16.30856798
FG1A201004,Centro Artistico Per L'Infanzia,Orta Nova,Foggia,Puglia,Sud,Infanzia,ND,Non Metropolitano,Infanzia,Via Iv Novembre 21,71045,centroartistico@alice.it,ND,www.istitutoparini.it,Paritaria,ok,analysis_results/FG1A201004_PTOF_analysis.json,1.0,2.0,4.0,4.0,4.0,4.0,4.0,3.0,4.0,2.0,2.0,3.0,3.0,4.0,3.0,3.0,4.0,2.0,3.0,3.0,4.0,4.0,3.0,3.0,3.0,4.0,2.75,3.2,3.0,3.4,18,20,3.27,0,41.32605603,15.70726369
RMAA8A1039,Scuola Infanzia - M. D'Azeglio,Marino,Roma,Lazio,Centro,Infanzia,ND,Metropolitano,Infanzia,Via Del Giardino Vecchio,00047,rmic8a100a@istruzione.it,ND,wwwmarinocentro.it,Statale,ok,analysis_results/RMAA8A1039_PTOF_analysis.json,0.0,2.0,3.0,3.0,2.0,2.0,2.0,3.0,4.0,1.0,3.0,3.0,3.0,4.0,1.0,4.0,2.0,4.0,2.0,3.0,2.0,3.0,2.0,1.0,3.0,2.4,2.75,3.0,2.75,2.2,7,3,2.62,0,41.76970177,12.65860986
NAMM8CR018,S.M. V. Russo -I.C. 2 Palma,Palma Campania,Napoli,Campania,Sud,I Grado,ND,Metropolitano,I Grado,Via Trieste 121,80036,naic8cr007@istruzione.it,ND,www.icvincenzorusso.gov.it/,Statale,ok,analysis_results/NAMM8CR018_PTOF_analysis.json,1.0,5.0,3.0,3.0,3.0,3.0,3.0,3.0,3.0,3.0,3.0,3.0,3.0,3.0,3.0,3.0,3.0,2.0,3.0,3.0,3.0,3.0,3.0,3.0,3.0,3.0,3.0,3.0,2.75,3.0,23,18,2.95,0,40.86703164,14.55633716
PZEE857037,"""E. Lopez"" Forenza",Forenza,Potenza,Basilicata,Sud,Primaria,ND,Non Metropolitano,Primaria,Contrada Serleo 16,85023,pzic857003@istruzione.it,ND,www.icsgbosco.gov.it,Statale,ok,analysis_results/PZEE857037_PTOF_analysis.json,1.0,5.0,5.0,5.0,5.0,5.0,5.0,5.0,5.0,5.0,3.0,5.0,5.0,5.0,5.0,5.0,5.0,3.0,3.0,5.0,5.0,3.0,3.0,3.0,4.0,5.0,4.5,5.0,4.0,3.6,13,22,4.42,0,40.85937373,15.85713912
GOAA81604Q,Via Gen. Paolini,Fogliano Redipuglia,Gorizia,Friuli-Venezia G.,Nord Est,Infanzia,ND,Non Metropolitano,Infanzia,Via Gen. Paolini,34070,goic81200c@istruzione.it,goic81200c@pec.istruzione.it,www.icgorizia.net,Statale,ok,analysis_results/GOAA81604Q_PTOF_analysis.json,1.0,5.0,5.0,5.0,3.0,5.0,5.0,5.0,5.0,5.0,5.0,5.0,5.0,5.0,5.0,5.0,5.0,2.0,5.0,5.0,5.0,5.0,5.0,5.0,5.0,4.6,5.0,5.0,4.25,5.0,83,20,4.77,0,45.86652567,13.48097696
NAAA8G903L,Pozzuoli I C. Rosini,Pozzuoli,Napoli,Campania,Sud,Infanzia,ND,Metropolitano,Infanzia,Via Vigna,80078,casab.montessori@gmail.com,ND,www.deamicisnapoli.edu.it,Statale,ok,analysis_results/NAAA8G903L_PTOF_analysis.json,0.0,0.0,3.0,4.0,1.0,5.0,3.0,1.0,2.0,1.0,4.0,3.0,4.0,5.0,2.0,5.0,5.0,5.0,5.0,4.0,3.0,5.0,4.0,1.0,4.0,3.2,2.0,3.8,4.75,3.4,6,7,3.43,0,40.84681848,14.0908948
PETD03500L,Istituto Mecenate,Pescara,Pescara,Abruzzo,Sud,Liceo,ND,Non Metropolitano,II Grado,Via Del Circuito N. 71,65121,segreteria@istitutomecenate.it,istitutomecenatepescara@pec.it,www.istitutomecenate.it,Paritaria,ok,analysis_results/PETD03500L_PTOF_analysis.json,0.0,2.0,2.0,2.0,3.0,3.0,2.0,5.0,4.0,2.0,3.0,3.0,2.0,4.0,2.0,3.0,3.0,3.0,4.0,3.0,2.0,2.0,2.0,2.0,5.0,2.4,3.5,2.8,3.25,2.6,3,1,2.91,0,42.46458397,14.21364841
NATD08401G,"Istituto Istruzione Superiore ""C. Levi""",Portici,Napoli,Campania,Sud,Tecnico,ND,Metropolitano,II Grado,Via De Nittis 08,80055,nais084009@istruzione.it,toic8b600g@pec.istruzione.it,www.carlolevi.gov.it,Statale,ok,analysis_results/NATD08401G_PTOF_analysis.json,1.0,1.0,3.0,3.0,3.0,3.0,3.0,3.0,3.0,2.0,3.0,3.0,3.0,3.0,3.0,3.0,3.0,3.0,3.0,3.0,3.0,3.0,3.0,3.0,3.0,3.0,2.75,3.0,3.0,3.0,4,7,2.95,0,40.82375707,14.35421459
RA1M005008,S.Vincenzo De'Paoli,Ravenna,Ravenna,Emilia Romagna,Nord Est,I Grado,Scuola Sec. Primo Grado Non Statale,Non Metropolitano,I Grado,Via F. Negri 28,48100,direzione@scuolasanvincenzoravenna.com,fondazionesanvincenzodepaoli@pec.it,www.scuolasanvincenzoravenna.com,Paritaria,ok,analysis_results/RA1M005008_PTOF_analysis.json,0.0,5.0,6.0,6.0,5.0,6.0,5.0,4.0,6.0,3.0,5.0,5.0,6.0,5.0,4.0,5.0,5.0,6.0,5.0,5.0,5.0,6.0,4.0,5.0,5.0,5.6,4.5,5.0,5.25,5.0,20,12,5.07,1,44.41722492,12.19913937
NOPL6T5005,Marcelline,Arona,Novara,Piemonte,Nord Ovest,"I Grado, Infanzia, Professionale",ND,Non Metropolitano,II Grado,Via Repubblica N. 2,28041,ND,marcellinearona@casellapec.com,www.marcellinearona.it,Paritaria,ok,analysis_results/NOPL6T5005_PTOF_analysis.json,0.0,2.0,2.0,2.0,2.0,3.0,2.0,2.0,2.0,2.0,3.0,2.0,2.0,2.0,2.0,3.0,3.0,3.0,2.0,3.0,2.0,2.0,2.0,2.0,2.0,2.2,2.25,2.2,2.75,2.0,3,1,2.28,0,45.76039239,8.55948977
RMAA8E802D,Via Siculiana,Roma,Roma,Lazio,Centro,Infanzia,ND,Metropolitano,Infanzia,Via Siculiana 78,00133,rmic8e800g@istruzione.it,ND,www.icviasanbiagioplatani.gov.it,Statale,ok,analysis_results/RMAA8E802D_PTOF_analysis.json,0.0,2.0,3.0,3.0,2.0,2.0,2.0,3.0,4.0,1.0,3.0,3.0,3.0,4.0,1.0,4.0,2.0,3.0,2.0,3.0,2.0,3.0,2.0,1.0,3.0,2.4,2.75,3.0,2.5,2.2,5,2,2.57,0,41.89277044,12.48366723
MTTA014018,"I.Tec.Agr.""G. Briganti"" Turi Matera",Matera,Matera,Basilicata,Sud,Tecnico,ND,Non Metropolitano,II Grado,Contrada Rondinelle,75100,mtis01400c@istruzione.it,ND,www.turimatera.edu.it,Statale,ok,analysis_results/MTTA014018_PTOF_analysis.json,1.0,3.0,6.0,6.0,5.0,6.0,6.0,3.0,6.0,3.0,5.0,4.0,5.0,4.0,3.0,4.0,6.0,4.0,4.0,5.0,6.0,7.0,3.0,5.0,5.0,5.8,4.25,4.0,4.75,5.2,11,24,4.8,0,40.66751166,16.59792694
CA1A13700E,"Scuola Materna ""Cenacolo""",San Gavino Monreale,Sud Sardegna,Sardegna,Isole,Infanzia,ND,Non Metropolitano,Infanzia,Via S.Severa25,09037,cenacolocaim@alice.it,cenacolocaim@pec.it,www.istitutoparini.it,Paritaria,ok,analysis_results/CA1A13700E_PTOF_analysis.json,1.0,3.0,4.0,4.0,4.0,4.0,4.0,3.0,4.0,3.0,3.0,4.0,4.0,4.0,4.0,4.0,4.0,3.0,3.0,4.0,5.0,5.0,4.0,4.0,4.0,4.0,3.25,4.0,3.5,4.4,21,25,3.83,0,39.54872513,8.79228008
AQTL01950L,I.T.G. Morandi - Corso Serale,Sulmona,L'Aquila,Abruzzo,Sud,Tecnico,ND,Non Metropolitano,II Grado,ND,ND,aqis01900g@istruzione.it,ND,www.iisgalilei.gov.it,Statale,ok,analysis_results/AQTL01950L_PTOF_analysis.json,0.0,1.0,3.0,3.0,1.0,5.0,3.0,0.0,5.0,1.0,1.0,5.0,3.0,5.0,3.0,4.0,5.0,5.0,4.0,5.0,3.0,5.0,3.0,0.0,3.0,3.0,2.33,4.0,4.75,3.5,6,6,3.52,0,42.04780655,13.92405522
CSRC068511,Serale Ipsc Crosia,Crosia,Cosenza,Calabria,Sud,"I Grado, Infanzia, Primaria, Professionale",Ist Prof Per I Servizi Commerciali E Turistici,Non Metropolitano,"Comprensivo, I Grado, II Grado, Infanzia, Primaria",Via Baltico N.8,87060,csis06800l@istruzione.it,ND,www.iiscariati.it,Statale,ok,analysis_results/CSRC068511_PTOF_analysis.json,0.0,0.0,3.0,3.0,3.0,3.0,2.0,2.0,2.0,1.0,3.0,4.0,3.0,4.0,3.0,5.0,5.0,4.0,4.0,6.0,5.0,5.0,4.0,2.0,5.0,2.8,2.0,3.8,4.75,4.2,11,9,3.51,0,39.5701096,16.76987711
BSPS3I500U,Liceo Scientifico Quadriennale Guido Carli,Brescia,Brescia,Lombardia,Nord Ovest,"Liceo, Professionale",ND,Non Metropolitano,II Grado,Via Stretta 175,25136,segreteria@liceoguidocarli.eu,liceoguidocarli_fondazioneaib@legalmail.it,www.liceoguidocarli.eu,Paritaria,ok,analysis_results/BSPS3I500U_PTOF_analysis.json,1.0,7.0,4.0,4.0,4.0,4.0,4.0,3.0,4.0,3.0,3.0,4.0,4.0,4.0,4.0,4.0,4.0,3.0,3.0,4.0,4.0,4.0,3.0,3.0,3.0,4.0,3.25,4.0,3.5,3.4,8,22,3.63,0,45.53993052,10.21910323
CSEE883125,Acri - Ferrante,Acri,Cosenza,Calabria,Sud,Primaria,ND,Non Metropolitano,Primaria,ND,87041,ND,ND,www.icpadula-acri.it,Statale,ok,analysis_results/CSEE883125_PTOF_analysis.json,0.0,0.0,2.0,2.0,2.0,2.0,2.0,2.0,2.0,2.0,2.0,2.0,2.0,2.0,2.0,2.0,2.0,3.0,2.0,2.0,2.0,2.0,2.0,2.0,2.0,2.0,2.0,2.0,2.25,2.0,3,1,2.05,0,39.48835683,16.38155051
RGIS018002,G.B. Vico - Umberto I - R. Gagliardi,Ragusa,Ragusa,Sicilia,Isole,"I Grado, Liceo, Primaria, Tecnico",ND,Non Metropolitano,II Grado,Viale Dei Platani N.180,97100,rgis018002@istruzione.it,rgis018002@pec.istruzione.it,www.vicoumbertogaglierdi.edu.it,Statale,ok,analysis_results/RGIS018002_PTOF_analysis.json,0.0,3.0,5.0,4.0,4.0,5.0,5.0,5.0,4.0,4.0,5.0,5.0,5.0,5.0,5.0,5.0,5.0,3.0,4.0,3.0,4.0,4.0,4.0,2.0,5.0,4.6,4.5,5.0,3.75,3.8,21,0,4.33,0,36.92509197,14.7306992
BSPMN8500Q,"Liceo Delle Scienze Umane Opz. Ec. Sociale ""San Bernardino""",Chiari,Brescia,Lombardia,Nord Ovest,"I Grado, Infanzia, Liceo, Primaria, Professionale",ND,Non Metropolitano,II Grado,Via Palazzolo 1,25032,segreteria.chiari@salesiani.it,ile@arubapec.it,www.salesianichiari.it,Paritaria,ok,analysis_results/BSPMN8500Q_PTOF_analysis.json,0.0,0.0,3.0,3.0,3.0,2.0,2.0,1.0,2.0,1.0,2.0,2.0,3.0,3.0,2.0,3.0,2.0,2.0,2.0,2.0,3.0,4.0,3.0,2.0,4.0,2.6,1.5,2.6,2.0,3.2,10,9,2.38,0,45.5368436,9.93052864
NAIC8EV005,Casoria Ic F. Palizzi,Casoria,Napoli,Campania,Sud,"I Grado, Infanzia, Primaria",Istituto Comprensivo,Metropolitano,"I Grado, Infanzia, Primaria",Piazza Dante Snc,80026,naic8ev005@istruzione.it,naic8ev005@pec.istruzione.it,www.palizzicasoria.edu.it,Statale,ok,analysis_results/NAIC8EV005_PTOF_analysis.json,0.0,2.0,3.0,3.0,2.0,3.0,2.0,5.0,4.0,1.0,3.0,4.0,2.0,3.0,1.0,4.0,2.0,4.0,2.0,3.0,2.0,4.0,3.0,3.0,5.0,2.6,3.25,2.8,2.75,3.4,4,2,2.96,0,40.90566059,14.29026011
NOSL010001,"Liceo Artistico ""Felice Casorati""",Novara,Novara,Piemonte,Nord Ovest,Liceo,Liceo Artistico,Non Metropolitano,II Grado,Via Mario Greppi N.18,28100,nosl010001@istruzione.it,nosl010001@pec.istruzione.it,www.liceodellearticasorati.edu.it,Statale,ok,analysis_results/NOSL010001_PTOF_analysis.json,0.0,2.0,4.0,4.0,5.0,4.0,4.0,3.0,3.0,4.0,5.0,3.0,5.0,4.0,3.0,3.0,5.0,3.0,3.0,5.0,5.0,6.0,2.0,3.0,4.0,4.2,3.75,3.6,4.0,4.0,17,10,3.91,0,45.44588506,8.62191588
FRTD00500N,Istituto Paritario Giulio Cesare,Cassino,Frosinone,Lazio,Centro,"Liceo, Professionale, Tecnico",ND,Non Metropolitano,II Grado,Via G. Di Biasio 82,03043,ist.giuliocesare@libero.it,ND,ND,Paritaria,ok,analysis_results/FRTD00500N_PTOF_analysis.json,1.0,1.0,4.0,4.0,2.0,4.0,4.0,3.0,3.0,3.0,3.0,4.0,4.0,4.0,4.0,4.0,4.0,2.0,4.0,4.0,3.0,3.0,3.0,3.0,3.0,3.6,3.0,4.0,3.5,3.0,4,16,3.42,0,41.49267611,13.83012821
RMPC320006,Eugenio Montale,Roma,Roma,Lazio,Centro,Liceo,Liceo Classico,Metropolitano,II Grado,Via Bravetta 545,00164,rmpc320006@istruzione.it,rmpc320006@pec.istruzione.it,www.liceomontaleroma.edu.it,Statale,ok,analysis_results/RMPC320006_PTOF_analysis.json,0.0,3.0,3.0,4.0,4.0,5.0,3.0,1.0,4.0,1.0,4.0,3.0,4.0,5.0,2.0,5.0,5.0,6.0,6.0,4.0,3.0,5.0,3.0,1.0,4.0,3.8,2.5,3.8,5.25,3.2,6,5,3.71,0,41.89277044,12.48366723
RMAA8CE02R,Infanzia Donna Agnese Pastore,Labico,Roma,Lazio,Centro,Infanzia,ND,Metropolitano,Infanzia,Via Ficoroni 37,00030,rmic8ce00v@istruzione.it,ND,www.scuolalabico.edu.it,Statale,ok,analysis_results/RMAA8CE02R_PTOF_analysis.json,0.0,0.0,3.0,3.0,2.0,2.0,2.0,3.0,4.0,1.0,3.0,3.0,3.0,4.0,2.0,4.0,2.0,4.0,2.0,3.0,2.0,4.0,2.0,1.0,4.0,2.4,2.75,3.2,2.75,2.6,5,3,2.74,0,41.78562954,12.88606511
MOPS04000L,Morando Morandi,Finale Emilia,Modena,Emilia Romagna,Nord Est,Liceo,ND,Non Metropolitano,II Grado,Via Digione 20,41034,mops04000l@istruzione.it,mops04000l@pec.istruzione.it,www.liceomorandi.edu.it,Statale,ok,analysis_results/MOPS04000L_PTOF_analysis.json,1.0,3.0,4.0,4.0,5.0,4.0,4.0,4.0,5.0,3.0,5.0,5.0,4.0,5.0,3.0,5.0,4.0,3.0,4.0,4.0,3.0,5.0,3.0,4.0,4.0,4.2,4.25,4.4,3.75,3.8,20,17,4.08,0,44.83221342,11.2957332
CE1E06800N,School Infant Paradise,Carinaro,Caserta,Campania,Sud,Primaria,Scuola Primaria Non Statale,Non Metropolitano,Primaria,Via Casignani S.N.C.,81032,scuola.paradiso@libero.it,schoolinfantparadise@arubapec.it,ND,Paritaria,ok,analysis_results/CE1E06800N_PTOF_analysis.json,0.0,2.0,3.0,3.0,2.0,3.0,2.0,3.0,2.0,1.0,3.0,2.0,2.0,2.0,1.0,3.0,3.0,3.0,2.0,3.0,3.0,3.0,2.0,2.0,2.0,2.6,2.25,2.0,2.75,2.4,3,1,2.4,0,40.98895817,14.21700446
TOIC830007,I.C. Nole,Nole,Torino,Piemonte,Nord Ovest,"I Grado, Infanzia, Primaria, Professionale",ND,Metropolitano,"Comprensivo, I Grado, II Grado, Infanzia, Primaria",Via Martiri Della Liberta' 16,10076,toic830007@istruzione.it,toic830007@pec.istruzione.it,www.icnole.edu.it,Statale,ok,analysis_results/TOIC830007_PTOF_analysis.json,1.0,4.0,5.0,5.0,5.0,5.0,5.0,5.0,5.0,5.0,5.0,5.0,5.0,5.0,3.0,5.0,5.0,5.0,4.0,5.0,5.0,5.0,5.0,5.0,5.0,5.0,5.0,4.6,4.75,5.0,40,0,4.87,0,45.24523673,7.57012122
KRIS00400C,Giuseppe Gangale,Ciro' Marina,Crotone,Calabria,Sud,"Liceo, Professionale, Tecnico",Istituto Superiore,Non Metropolitano,II Grado,Piazza Kennedy 10,88811,kris00400c@istruzione.it,kris00400c@pec.istruzione.it,www.isgangale.edu.it,Statale,ok,analysis_results/KRIS00400C_PTOF_analysis.json,0.0,3.0,3.0,4.0,4.0,5.0,5.0,5.0,5.0,3.0,3.0,4.0,4.0,4.0,0.0,4.0,5.0,4.0,4.0,2.0,5.0,5.0,4.0,4.0,4.0,4.2,4.0,4.0,3.75,4.4,20,10,4.07,0,,
CA1E00800G,"Scuola Elementare ""Infanzia Lieta""",Cagliari,Cagliari,Sardegna,Isole,Primaria,Scuola Primaria Non Statale,Metropolitano,Primaria,Via Lai20,09128,segreteria.infanzia@cagliari-donbosco.it,sdb.cagliari@pec.it,www.cagliari-donbosco.it,Paritaria,ok,analysis_results/CA1E00800G_PTOF_analysis.json,0.0,2.0,5.0,5.0,3.0,3.0,4.0,2.0,4.0,2.0,4.0,3.0,4.0,4.0,3.0,5.0,4.0,5.0,3.0,4.0,6.0,6.0,3.0,3.0,5.0,4.0,3.0,3.8,4.0,4.6,23,10,3.88,0,39.21531191,9.11061631
BSRC00901V,Ghedi Servizi Socio Sanitari,Ghedi,Brescia,Lombardia,Nord Ovest,"Liceo, Professionale, Tecnico",Ist Prof Per I Servizi Commerciali E Turistici,Non Metropolitano,II Grado,Via Caravaggio 10,25016,bsis00900x@istruzione.it,ND,www.istitutocapirola.edu.it/,Statale,ok,analysis_results/BSRC00901V_PTOF_analysis.json,1.0,5.0,3.0,3.0,4.0,5.0,4.0,5.0,5.0,3.0,4.0,5.0,4.0,5.0,3.0,4.0,5.0,5.0,3.0,4.0,4.0,4.0,3.0,4.0,3.0,3.8,4.25,4.2,4.25,3.6,11,11,4.02,0,45.40219778,10.27692536
BOAA844019,Toschi-Cerchiari Dozza,Dozza,Bologna,Emilia Romagna,Nord Est,Infanzia,ND,Metropolitano,Infanzia,Via Calanco 12,40050,boic84400c@istruzione.it,ND,www.icdozza.edu.it,Statale,ok,analysis_results/BOAA844019_PTOF_analysis.json,0.0,0.0,3.0,3.0,3.0,4.0,4.0,3.0,5.0,3.0,4.0,4.0,4.0,5.0,5.0,5.0,3.0,3.0,3.0,4.0,3.0,3.0,2.0,3.0,2.0,3.4,3.75,4.6,3.25,2.6,0,15,3.52,0,44.3594388,11.62867786
RNIS006001,"I.S.I.S.S. ""L. Einaudi - R. Molari""",Santarcangelo Di Romagna,Rimini,Emilia Romagna,Nord Est,"Liceo, Tecnico",ND,Non Metropolitano,II Grado,Via Felice Orsini 19,47822,rnis006001@istruzione.it,rnis006001@pec.istruzione.it,www.istmarcopolo.it,Statale,ok,analysis_results/RNIS006001_PTOF_analysis.json,1.0,1.0,4.0,4.0,4.0,4.0,4.0,1.0,4.0,1.0,3.0,4.0,4.0,4.0,4.0,4.0,4.0,2.0,4.0,4.0,4.0,4.0,4.0,4.0,4.0,4.0,2.25,4.0,3.5,4.0,4,18,3.55,0,44.06289157,12.44702296
ENIC82000T,"I.C. ""Neglia-Savarese""",Enna,Enna,Sicilia,Isole,"I Grado, Infanzia, Liceo, Primaria, Professionale",Istituto Comprensivo,Non Metropolitano,"Comprensivo, I Grado, II Grado, Infanzia, Primaria",Via Civilta' Del Lavoro 4,94100,enic82000t@istruzione.it,enic82000t@pec.istruzione.it,www.icnegliasavarese.edu.it,Statale,ok,analysis_results/ENIC82000T_PTOF_analysis.json,1.0,10.0,3.0,3.0,4.0,4.0,3.0,5.0,4.0,1.0,5.0,2.0,3.0,5.0,2.0,5.0,4.0,4.0,2.0,3.0,1.0,3.0,1.0,1.0,3.0,3.4,3.75,3.4,3.25,1.8,1,2,3.12,0,37.56705701,14.27909392
CERI00601T,Ipia Vairano Patenora,Vairano Patenora,Caserta,Campania,Sud,"I Grado, Infanzia, Primaria, Professionale",ND,Non Metropolitano,"Comprensivo, I Grado, II Grado, Infanzia, Primaria",Via Degli Abruzzi,81059,ceis006006@istruzione.it,ND,https//isissmarconi.edu.it/,Statale,ok,analysis_results/CERI00601T_PTOF_analysis.json,0.0,5.0,3.0,3.0,3.0,3.0,3.0,3.0,3.0,3.0,3.0,3.0,3.0,4.0,3.0,3.0,3.0,1.0,3.0,3.0,3.0,3.0,3.0,3.0,3.0,3.0,3.0,3.2,2.5,3.0,19,19,2.94,0,41.33306519,14.13172659
RMMM8BJ01L,F. De Sanctis - Genzano Di Roma,Genzano Di Roma,Roma,Lazio,Centro,I Grado,ND,Metropolitano,I Grado,Viale Vittorio Veneto 2,00045,rmic8bj00g@istruzione.it,ND,www.icdesanctis.gov.it,Statale,ok,analysis_results/RMMM8BJ01L_PTOF_analysis.json,0.0,2.0,3.0,3.0,2.0,2.0,2.0,3.0,4.0,1.0,3.0,3.0,3.0,4.0,1.0,4.0,2.0,3.0,2.0,3.0,2.0,3.0,2.0,1.0,3.0,2.4,2.75,3.0,2.5,2.2,4,2,2.57,0,41.70690415,12.69132211
MI1A41900A,Scuola Dell'Infanzia Suor Rufina Parrocchiale Paritaria,Masate,Milano,Lombardia,Nord Ovest,Infanzia,ND,Metropolitano,Infanzia,Via Roma21,20060,nicole.matteoni@comune.trireste.it,ND,www.comune.trieste.it,Paritaria,ok,analysis_results/MI1A41900A_PTOF_analysis.json,0.0,2.0,3.0,3.0,1.0,2.0,1.0,1.0,4.0,1.0,4.0,4.0,2.0,5.0,2.0,4.0,3.0,3.0,2.0,3.0,5.0,5.0,4.0,2.0,5.0,2.0,2.5,3.4,2.75,4.2,7,3,2.97,0,45.56842201,9.46650825
MIPLAM5002,Liceo Linguistico Internazionale Edmondo De Amicis,Milano,Milano,Lombardia,Nord Ovest,"I Grado, Infanzia, Liceo, Primaria",ND,Metropolitano,II Grado,Via Lamarmora 34,20122,info@istitutideamicis.it,amministrazione@pec.istitutideamicis.it,www.deamicismilano.com,Paritaria,ok,analysis_results/MIPLAM5002_PTOF_analysis.json,1.0,1.0,4.0,4.0,4.0,4.0,4.0,1.0,4.0,1.0,2.0,3.0,4.0,4.0,3.0,3.0,4.0,2.0,3.0,3.0,3.0,3.0,2.0,2.0,2.0,4.0,2.0,3.4,3.0,2.4,8,9,2.96,0,45.46679408,9.1903474
PE1E009003,Istituto Domus Mariae Della Fondazione S. Caterina,Pescara,Pescara,Abruzzo,Sud,Primaria,ND,Non Metropolitano,Primaria,Via Pizzoferrato 17,65124,segreteria@istitutodomusmariae.it,ist.domusmariae.pe@unapec.it,www.istitutodomusmariae.it,Paritaria,ok,analysis_results/PE1E009003_PTOF_analysis.json,0.0,2.0,2.0,2.0,2.0,3.0,2.0,2.0,2.0,2.0,3.0,2.0,2.0,2.0,2.0,3.0,2.0,3.0,2.0,2.0,3.0,3.0,2.0,2.0,2.0,2.2,2.25,2.2,2.25,2.4,3,1,2.26,0,42.46458397,14.21364841
BOAA809023,Scuola Infanzia Casalfiumanese,Casalfiumanese,Bologna,Emilia Romagna,Nord Est,Infanzia,ND,Metropolitano,Infanzia,Via Andrea Costa 17,40020,boic809005@istruzione.it,mtis01700x@pec.istruzione.it,www.borgotossignanoic.edu.it,Statale,ok,analysis_results/BOAA809023_PTOF_analysis.json,1.0,0.0,4.0,4.0,4.0,4.0,2.0,3.0,4.0,1.0,3.0,3.0,4.0,4.0,3.0,3.0,4.0,2.0,4.0,4.0,4.0,4.0,1.0,3.0,3.0,3.6,2.75,3.4,3.5,3.0,16,23,3.25,0,44.29762885,11.6162058
NAMM8CQ01C,S.M. - I.C. 1 De Curtis Palma,Palma Campania,Napoli,Campania,Sud,I Grado,ND,Metropolitano,I Grado,Via Municipio,80036,naic8cq00b@istruzione.it,ND,www.icdecurtisprimopalma.gov.it,Statale,ok,analysis_results/NAMM8CQ01C_PTOF_analysis.json,0.0,0.0,3.0,3.0,1.0,0.0,0.0,1.0,1.0,1.0,1.0,2.0,2.0,3.0,1.0,3.0,4.0,3.0,3.0,3.0,1.0,3.0,3.0,1.0,1.0,2.33,1.0,2.2,3.25,1.8,5,13,2.12,0,40.86703164,14.55633716
RCAA81401G,S.Luca Via Matteotti,San Luca,Reggio Calabria,Calabria,Sud,Infanzia,ND,Metropolitano,Infanzia,Corso Matteotti,89030,rcic81400p@istruzione.it,ND,www.icsanluca-bovalino.gov.it,Statale,ok,analysis_results/RCAA81401G_PTOF_analysis.json,1.0,5.0,3.0,3.0,3.0,3.0,3.0,3.0,5.0,2.0,3.0,3.0,3.0,3.0,3.0,2.0,3.0,3.0,3.0,3.0,2.0,2.0,2.0,2.0,2.0,3.0,3.25,2.8,3.0,2.0,8,3,2.81,0,38.1451323,16.06726483
PVIS01600V,Iis Galilei Voghera,Voghera,Pavia,Lombardia,Nord Ovest,"Liceo, Professionale, Tecnico",Istituto Superiore,Non Metropolitano,II Grado,Via Foscolo 15,27058,pvis01600v@istruzione.it,pvis01600v@pec.istruzione.it,www.liceogalileivoghera.edu.it,Statale,ok,analysis_results/PVIS01600V_PTOF_analysis.json,0.0,5.0,4.0,4.0,4.0,5.0,4.0,5.0,5.0,3.0,4.0,4.0,5.0,4.0,3.0,5.0,5.0,6.0,4.0,5.0,5.0,6.0,4.0,5.0,5.0,4.2,4.25,4.2,5.0,5.0,15,17,4.53,0,44.99312509,9.00852362
CRAA81307X,Cingia De' Botti Cap.,Cingia De' Botti,Cremona,Lombardia,Nord Ovest,Infanzia,ND,Non Metropolitano,Infanzia,Via Rodano 18,26042,cric81300r@istruzione.it,ND,www.dedalo2000.it,Statale,ok,analysis_results/CRAA81307X_PTOF_analysis.json,0.0,2.0,2.0,2.0,2.0,2.0,2.0,2.0,2.0,2.0,2.0,2.0,2.0,2.0,2.0,2.0,2.0,3.0,2.0,2.0,2.0,2.0,2.0,2.0,2.0,2.0,2.0,2.0,2.25,2.0,3,1,2.05,0,45.0841602,10.27527725
IS1A01000B,G. Colaianni,San Pietro Avellana,Isernia,Molise,Sud,Infanzia,ND,Non Metropolitano,Infanzia,Via Alfieri N. 13,86088,sanpietroavellana@tin.it,ND,sanpietroavellana@tin.it,Paritaria,ok,analysis_results/IS1A01000B_PTOF_analysis.json,0.0,0.0,3.0,3.0,2.0,1.0,1.0,1.0,1.0,1.0,1.0,2.0,2.0,3.0,1.0,3.0,4.0,3.0,4.0,3.0,1.0,3.0,3.0,1.0,1.0,2.0,1.0,2.2,3.5,1.8,4,14,2.1,0,41.78881848,14.18348275
SA1M012007,Ente Religioso Suore Salesiane Sacri Cuori Filippo Smaldone,Salerno,Salerno,Campania,Sud,I Grado,Scuola Sec. Primo Grado Non Statale,Non Metropolitano,I Grado,Via Vito Lembo 1,84100,smaldone2salerno@virgilio.it,smaldone2salerno@pec.it,www.smaldonesalerno.it,Paritaria,ok,analysis_results/SA1M012007_PTOF_analysis.json,0.0,2.0,3.0,3.0,2.0,2.0,2.0,3.0,3.0,1.0,3.0,4.0,3.0,3.0,2.0,4.0,2.0,4.0,2.0,3.0,2.0,3.0,1.0,1.0,2.0,2.4,2.5,3.2,2.75,1.8,11,9,2.53,0,40.67821959,14.75940296
UDAA01701B,San Leonardo,San Leonardo,Udine,Friuli-Venezia G.,Nord Est,Infanzia,ND,Non Metropolitano,Infanzia,Via Merso Superiore,33040,ctis053002@istruzione.it,ctis053002@pec.istruzione.it,www.liceoleonardo.edu.it,Statale,ok,analysis_results/UDAA01701B_PTOF_analysis.json,1.0,4.0,6.0,6.0,6.0,6.0,6.0,7.0,7.0,2.0,3.0,6.0,6.0,6.0,6.0,6.0,6.0,3.0,6.0,6.0,6.0,6.0,1.0,6.0,6.0,6.0,4.75,6.0,5.25,5.0,14,18,5.4,1,46.12166606,13.52451558
PSMM831025,Terre Roveresche-S.Giorgio Pu,Terre Roveresche,Pesaro E Urbino,Marche,Centro,I Grado,Scuola Primo Grado,Non Metropolitano,I Grado,Via Garibaldi 69,61038,psic831003@istruzione.it,ND,www.icorciano.gov.it,Statale,ok,analysis_results/PSMM831025_PTOF_analysis.json,1.0,3.0,3.0,3.0,3.0,2.0,1.0,3.0,3.0,1.0,4.0,2.0,4.0,3.0,1.0,4.0,4.0,3.0,3.0,4.0,4.0,4.0,3.0,4.0,4.0,2.4,2.75,2.8,3.5,3.8,8,3,3.05,0,43.6876,12.9641
LTMM820013,Sc. Media L.Da Vinci S.Felice,San Felice Circeo,Latina,Lazio,Centro,I Grado,ND,Non Metropolitano,I Grado,Via Gino Rossi,04017,ltic820002@istruzione.it,ND,www.circeoscuola.gov.it,Statale,ok,analysis_results/LTMM820013_PTOF_analysis.json,1.0,5.0,4.0,4.0,4.0,4.0,4.0,5.0,4.0,5.0,4.0,4.0,4.0,4.0,4.0,4.0,4.0,3.0,5.0,4.0,2.0,2.0,2.0,2.0,2.0,4.0,4.5,4.0,4.0,2.0,16,10,3.7,0,41.23348225,13.08869724
FIMM85101P,Don Milani,Firenze,Firenze,Toscana,Centro,I Grado,ND,Metropolitano,I Grado,Via Cambray Digny 3,ND,fiic85100n@istruzione.it,ND,www.icdonmilani.edu.it,Statale,ok,analysis_results/FIMM85101P_PTOF_analysis.json,1.0,2.0,3.0,3.0,3.0,4.0,4.0,3.0,3.0,1.0,2.0,2.0,2.0,3.0,1.0,4.0,3.0,4.0,2.0,3.0,3.0,5.0,5.0,1.0,5.0,3.4,2.25,2.4,3.0,3.8,3,5,2.97,0,43.76923077,11.25588885
RMCT70800B,C.T.P. 09 C/O I.C. Porto Romano,Fiumicino,Roma,Lazio,Centro,Liceo,ND,Metropolitano,II Grado,Via G. Bignami 26,00054,vtmm047008@istruzione.it,pvps05000q@pec.istruzione.it,https//www.cpiafotiviterbo.edu.it/,Statale,ok,analysis_results/RMCT70800B_PTOF_analysis.json,1.0,5.0,5.0,5.0,5.0,5.0,5.0,4.0,4.0,4.0,4.0,5.0,5.0,5.0,5.0,5.0,5.0,3.0,5.0,5.0,4.0,4.0,4.0,4.0,4.0,5.0,4.0,5.0,4.5,4.0,13,45,4.5,0,41.77221205,12.23686815
CZEE864013,Pl. Francica- Ic Ardito-Don Bos,Lamezia Terme,Catanzaro,Calabria,Sud,Primaria,ND,Non Metropolitano,Primaria,Via L. Da Vinci,88046,czic864001@istruzione.it,ND,www.arditodonbosco.gov.it,Statale,ok,analysis_results/CZEE864013_PTOF_analysis.json,0.0,0.0,2.0,2.0,2.0,3.0,2.0,2.0,2.0,2.0,3.0,2.0,2.0,2.0,2.0,3.0,2.0,3.0,2.0,2.0,2.0,2.0,2.0,2.0,2.0,2.2,2.25,2.2,2.25,2.0,3,1,2.18,0,38.97522103,16.31939038
FEIS004001,Is I.T.C.G. G.Monaco Di Pomposa,Codigoro,Ferrara,Emilia Romagna,Nord Est,"I Grado, Liceo, Primaria, Tecnico",ND,Non Metropolitano,II Grado,Viale Resistenza 3,44021,feis004001@istruzione.it,feis004001@pec.istruzione.it,www.polocodigoro.edu.it,Statale,ok,analysis_results/FEIS004001_PTOF_analysis.json,0.0,3.0,5.0,5.0,5.0,5.0,5.0,4.0,4.0,3.0,5.0,4.0,4.0,4.0,4.0,5.0,5.0,5.0,5.0,5.0,5.0,5.0,4.0,5.0,4.0,5.0,4.0,4.2,5.0,4.6,18,118,4.56,0,44.83183932,12.10501471
PAEE89302X,D.D. N. Garzilli - Pa,Palermo,Palermo,Sicilia,Isole,Primaria,Scuola Primaria,Metropolitano,Primaria,Via Isonzo 7,90144,ND,ND,www.icsmarconipalermo.edu.it,Statale,ok,analysis_results/PAEE89302X_PTOF_analysis.json,0.0,2.0,2.0,2.0,1.0,2.0,1.0,2.0,3.0,1.0,3.0,2.0,3.0,3.0,2.0,3.0,3.0,4.0,4.0,4.0,2.0,4.0,2.0,2.0,2.0,1.6,2.25,2.6,3.75,2.4,6,2,2.52,0,38.11569725,13.36235675
CAPS050007,"L.S. ""A. Pacinotti"" Cagliari",Cagliari,Cagliari,Sardegna,Isole,Liceo,ND,Metropolitano,II Grado,Via Liguria 9 Cagliari,09127,caps050007@istruzione.it,caps050007@pec.istruzione.it,www.pacinotti.edu.it,Statale,ok,analysis_results/CAPS050007_PTOF_analysis.json,0.0,3.0,4.0,4.0,2.0,5.0,5.0,2.0,4.0,2.0,3.0,4.0,4.0,4.0,4.0,5.0,4.0,5.0,4.0,5.0,5.0,5.0,2.0,4.0,3.0,4.0,2.75,4.2,4.5,3.8,3,2,3.85,0,39.21531191,9.11061631
SARH07703V,Ipseoa San Valentino Torio,San Valentino Torio,Salerno,Campania,Sud,"Infanzia, Primaria",ND,Non Metropolitano,"Infanzia, Primaria",ND,ND,scuola@parrocchiasanfaustino.it,ND,www.istititutosuperioredomenicorea.edu.it,Statale,ok,analysis_results/SARH07703V_PTOF_analysis.json,1.0,2.0,5.0,5.0,5.0,2.0,4.0,0.0,4.0,0.0,1.0,4.0,4.0,5.0,0.0,0.0,1.0,0.0,0.0,0.0,0.0,0.0,0.0,0.0,0.0,4.2,2.5,4.33,1.0,0.0,13,22,3.01,0,40.79182154,14.60094288
UDTF00500V,"Istituto Tecnico Industriale Paritario ""G. Bearzi""",Udine,Udine,Friuli-Venezia G.,Nord Est,"Infanzia, Primaria",ND,Non Metropolitano,II Grado,Via Don Bosco 2,33100,scuola.secondaria@bearzi.it,pec@pec.bearzi.it,www.bearzi.it,Paritaria,ok,analysis_results/UDTF00500V_PTOF_analysis.json,0.0,0.0,3.0,3.0,1.0,1.0,1.0,1.0,1.0,1.0,1.0,2.0,2.0,3.0,1.0,3.0,4.0,3.0,3.0,3.0,1.0,3.0,3.0,1.0,1.0,1.8,1.0,2.2,3.25,1.8,5,13,2.01,0,46.06255516,13.23483835
CN1A02000E,"Cooperativa Sociale Scuola Materna "" A. Fissore"" S.C.R.L.",Cavallermaggiore,Cuneo,Piemonte,Nord Ovest,Infanzia,ND,Non Metropolitano,Infanzia,Frazione Madonna Del Pilone 4,12030,info@istitutoparini.it,coop.soc.fissore@registerpec.it,www.istitutoparini.it,Paritaria,ok,analysis_results/CN1A02000E_PTOF_analysis.json,1.0,5.0,5.0,5.0,5.0,5.0,5.0,1.0,5.0,1.0,5.0,4.0,5.0,4.0,4.0,3.0,5.0,3.0,3.0,4.0,4.0,4.0,1.0,1.0,5.0,5.0,3.0,4.0,3.75,3.0,19,36,3.75,0,44.70785741,7.68774788
RC1A122001,"Scuola Materna ""Maria Ausiliatrice""",Ardore,Reggio Calabria,Calabria,Sud,Infanzia,ND,Metropolitano,Infanzia,Via Manzoni 35,89031,smmariaausiliatrice@tiscali.it,ND,ND,Paritaria,ok,analysis_results/RC1A122001_PTOF_analysis.json,0.0,0.0,2.0,2.0,2.0,3.0,2.0,2.0,2.0,2.0,3.0,2.0,2.0,2.0,2.0,3.0,2.0,3.0,2.0,3.0,3.0,3.0,2.0,2.0,2.0,2.2,2.25,2.2,2.5,2.4,3,1,2.31,0,38.19172299,16.16839948
BNMM848014,O. Fragnito - S. Giorgio M.,San Giorgio La Molara,Benevento,Campania,Sud,I Grado,ND,Non Metropolitano,I Grado,Piazza Roma,82020,bnic848003@istruzione.it,ND,www.icsfragnito.edu.it,Statale,ok,analysis_results/BNMM848014_PTOF_analysis.json,0.0,0.0,5.0,5.0,4.0,5.0,4.0,0.0,5.0,1.0,0.0,5.0,0.0,5.0,0.0,3.0,4.0,3.0,3.0,3.0,1.0,4.0,4.0,1.0,3.0,4.6,3.0,4.33,3.25,2.6,17,23,3.56,0,41.27116885,14.91764227
NA1M023007,Ente Religioso Figlie Maria Ausiliatrice Salesiane Don Bosco,Napoli,Napoli,Campania,Sud,I Grado,Scuola Sec. Primo Grado Non Statale,Metropolitano,I Grado,Via E. Alvino 9,80100,segreteria.ma@fma-imr.it,ND,www.mariaausiliatrice.net,Paritaria,ok,analysis_results/NA1M023007_PTOF_analysis.json,1.0,3.0,3.0,3.0,4.0,3.0,4.0,3.0,4.0,2.0,5.0,3.0,4.0,4.0,2.0,4.0,4.0,5.0,3.0,5.0,4.0,5.0,3.0,2.0,4.0,3.4,3.5,3.4,4.25,3.6,6,2,3.63,0,40.83956554,14.25085002
TETD00401L,Ist.St.Tec.Comm.Geom.Graf.Tur. V.Moretti,Roseto Degli Abruzzi,Teramo,Abruzzo,Sud,"I Grado, Infanzia, Professionale",ND,Non Metropolitano,"I Grado, II Grado, Infanzia",Via Castellammare Adriatico N. 3,64026,teis00400a@istruzione.it,ND,www.iismoretti.edu.it,Statale,ok,analysis_results/TETD00401L_PTOF_analysis.json,0.0,0.0,2.0,2.0,2.0,3.0,2.0,2.0,2.0,2.0,3.0,2.0,2.0,2.0,2.0,3.0,2.0,3.0,2.0,2.0,2.0,2.0,2.0,2.0,2.0,2.2,2.25,2.2,2.25,2.0,3,1,2.18,0,42.6801656,14.01155502
RCMM87402C,San Martino,Taurianova,Reggio Calabria,Calabria,Sud,I Grado,ND,Metropolitano,I Grado,Via Giovanni Xxiii,89029,rcic87400a@istruzione.it,rcic87400a@pec.istruzione.it,www.icsofiaalessio-contestabile.edu.it,Statale,ok,analysis_results/RCMM87402C_PTOF_analysis.json,1.0,2.0,4.0,4.0,2.0,4.0,4.0,4.0,5.0,3.0,3.0,4.0,4.0,4.0,3.0,4.0,4.0,3.0,3.0,4.0,3.0,5.0,3.0,2.0,4.0,3.6,3.75,3.8,3.5,3.4,12,15,3.61,0,38.35256099,16.01302264
CZPC09000X,"Lc ""P. Galluppi"" Catanzaro",Catanzaro,Catanzaro,Calabria,Sud,Liceo,ND,Non Metropolitano,II Grado,Via De Gasperi N. 76,88100,czpc09000x@istruzione.it,ND,www.liceoclassicogalluppi.edu.it,Statale,ok,analysis_results/CZPC09000X_PTOF_analysis.json,0.0,5.0,3.0,4.0,3.0,5.0,4.0,2.0,4.0,3.0,2.0,4.0,3.0,5.0,3.0,4.0,5.0,3.0,3.0,4.0,4.0,5.0,2.0,2.0,2.0,3.8,2.75,3.8,3.75,3.0,2,2,3.42,0,38.90597588,16.59440429
FIEE87301L,"""Padre Ernesto Balducci""",Sesto Fiorentino,Firenze,Toscana,Centro,Primaria,Scuola Primaria,Metropolitano,Primaria,Via Massimo D'Azeglio64/2,50019,fiic87300e@istruzione.it,ND,https//comprensivo3sestofiorentino.edu.it/,Statale,ok,analysis_results/FIEE87301L_PTOF_analysis.json,0.0,2.0,3.0,4.0,2.0,5.0,2.0,1.0,3.0,1.0,4.0,3.0,4.0,5.0,3.0,5.0,5.0,4.0,5.0,4.0,3.0,5.0,4.0,1.0,4.0,3.2,2.25,4.0,4.5,3.4,6,5,3.47,0,43.83219044,11.19842773
SV1ANP5009,Scuola Materna S.S. Annunziata,Albenga,Savona,Liguria,Nord Ovest,Infanzia,ND,Non Metropolitano,Infanzia,Via Paccini 154,17031,maurizio.de.blasio@comune.trieste.it,jobelcoop@legpec.it,www.comune.trieste.it,Paritaria,ok,analysis_results/SV1ANP5009_PTOF_analysis.json,0.0,2.0,3.0,3.0,2.0,1.0,2.0,1.0,3.0,1.0,3.0,4.0,2.0,5.0,3.0,4.0,2.0,3.0,2.0,3.0,5.0,5.0,4.0,2.0,5.0,2.2,2.0,3.6,2.5,4.2,7,2,2.9,0,44.04910721,8.21294718
MIMM8FQ02Q,Secondar. I Gr. Don Milani,Robecco Sul Naviglio,Milano,Lombardia,Nord Ovest,I Grado,ND,Metropolitano,I Grado,Via Papa Giovanni Xxiii 21,20087,miic8fq00n@istruzione.it,ND,www.icscarlofontana.edu.it,Statale,ok,analysis_results/MIMM8FQ02Q_PTOF_analysis.json,0.0,1.0,5.0,5.0,5.0,5.0,5.0,0.0,5.0,0.0,5.0,4.0,4.0,5.0,4.0,5.0,5.0,5.0,5.0,5.0,5.0,5.0,5.0,0.0,4.0,5.0,5.0,4.4,5.0,4.75,10,84,4.83,0,45.43756541,8.8904062
NAAA85302B,Plesso Pontone,Sant'Antonio Abate,Napoli,Campania,Sud,Infanzia,ND,Metropolitano,Infanzia,Via S.Maria La Carita,80057,naic85300d@istruzione.it,naic85300d@pec.istruzione.it,www.scuolamascolo.edu.it,Statale,ok,analysis_results/NAAA85302B_PTOF_analysis.json,1.0,3.0,3.0,3.0,3.0,3.0,3.0,5.0,3.0,3.0,3.0,4.0,3.0,4.0,3.0,4.0,3.0,3.0,3.0,4.0,3.0,4.0,3.0,3.0,3.0,3.0,3.5,3.6,3.25,3.2,18,35,3.31,0,40.72247196,14.54695442
RM1E03900E,Scuola Elem.Parit. Card.Marcantonio Barbarigo,Roma,Roma,Lazio,Centro,Primaria,ND,Metropolitano,Primaria,Via Trevignano Romano 12,00135,cardinalebarbarigo@fastwebnet.it,ND,www.istitutoparini.it,Paritaria,ok,analysis_results/RM1E03900E_PTOF_analysis.json,1.0,1.0,4.0,4.0,4.0,4.0,4.0,3.0,4.0,3.0,3.0,4.0,4.0,4.0,4.0,4.0,4.0,3.0,3.0,4.0,5.0,5.0,4.0,4.0,4.0,4.0,3.25,4.0,3.5,4.4,18,27,3.83,0,41.89277044,12.48366723
PAIC89900Q,I.C. Abba /Alighieri -Pa,Palermo,Palermo,Sicilia,Isole,"I Grado, Infanzia, Primaria",Istituto Comprensivo,Metropolitano,"Comprensivo, I Grado, Infanzia, Primaria",Via Ruggero Marturano 77/79,90142,paic89900q@istruzione.it,paic89900q@pec.istruzione.it,www.abbaalighieri.edu.it/,Statale,ok,analysis_results/PAIC89900Q_PTOF_analysis.json,0.0,2.0,3.0,4.0,3.0,4.0,3.0,4.0,5.0,2.0,3.0,5.0,3.0,4.0,3.0,5.0,3.0,5.0,3.0,4.0,4.0,5.0,3.0,4.0,5.0,3.4,3.5,4.0,3.75,4.2,16,12,3.77,0,38.11569725,13.36235675
REEE822022,Cavriago Cap.- E. De Amicis,Cavriago,Reggio Emilia,Emilia Romagna,Nord Est,Primaria,ND,Non Metropolitano,Primaria,Via E. De Amicis,42025,reic82200v@istruzione.it,ND,www.iccavriago.gov.it,Statale,ok,analysis_results/REEE822022_PTOF_analysis.json,1.0,4.0,5.0,5.0,5.0,5.0,5.0,4.0,4.0,3.0,4.0,4.0,5.0,4.0,3.0,4.0,5.0,5.0,4.0,6.0,3.0,4.0,3.0,3.0,4.0,5.0,3.75,4.0,5.0,3.4,9,18,4.23,0,44.69485856,10.52673362
MEEE82002C,Roccavaldina Ee,Roccavaldina,Messina,Sicilia,Isole,Primaria,Scuola Primaria,Metropolitano,Primaria,Via Dei Cappuccini,98040,meic820009@istruzione.it,ND,www.icvenetico.it,Statale,ok,analysis_results/MEEE82002C_PTOF_analysis.json,1.0,3.0,2.0,2.0,2.0,3.0,2.0,2.0,2.0,2.0,3.0,2.0,2.0,2.0,1.0,3.0,2.0,3.0,2.0,2.0,2.0,2.0,2.0,2.0,2.0,2.2,2.25,2.0,2.25,2.0,3,1,2.14,0,38.18230046,15.37497616
CHAA825088,Infanzia Montenerodomo,Montenerodomo,Chieti,Abruzzo,Sud,Infanzia,ND,Non Metropolitano,Infanzia,Via Piano Ianiero,66010,chic825004@istruzione.it,ND,www.icpalenatorricella.edu.it,Statale,ok,analysis_results/CHAA825088_PTOF_analysis.json,0.0,0.0,0.0,0.0,0.0,0.0,2.0,0.0,0.0,0.0,0.0,0.0,0.0,0.0,0.0,0.0,0.0,3.0,0.0,0.0,0.0,0.0,0.0,0.0,0.0,2.0,0.0,0.0,3.0,0.0,0,5,2.5,0,41.97660203,14.25180284
RNEE80801E,De Amicis (Ic Valle Del Conca),Gemmano,Rimini,Emilia Romagna,Nord Est,Primaria,Scuola Primaria,Non Metropolitano,Primaria,Via Circonvallazione 14,47855,rnic80800c@istruzione.it,ND,www.icvalledelconca.it,Statale,ok,analysis_results/RNEE80801E_PTOF_analysis.json,0.0,0.0,4.0,4.0,5.0,5.0,4.0,3.0,5.0,2.0,4.0,4.0,5.0,5.0,3.0,4.0,4.0,5.0,3.0,5.0,5.0,5.0,3.0,3.0,4.0,4.4,3.5,4.2,4.25,4.0,25,12,4.07,0,43.9043345,12.58282996
UDPM040005,Istituto Magistrale Uccellis,Udine,Udine,Friuli-Venezia G.,Nord Est,"I Grado, Infanzia, Liceo, Primaria",ND,Non Metropolitano,"I Grado, II Grado, Infanzia, Primaria",Via Giovanni Da Udine 20,33100,udpm040005@istruzione.it,udve01000b@pec.istruzione.it,www.educandatouccellis.edu.it,Statale,ok,analysis_results/UDPM040005_PTOF_analysis.json,1.0,3.0,5.0,5.0,5.0,5.0,5.0,5.0,5.0,3.0,5.0,6.0,5.0,6.0,4.0,6.0,5.0,5.0,5.0,5.0,4.0,4.0,4.0,4.0,4.0,5.0,4.5,5.4,5.0,4.0,44,22,4.78,0,46.06255516,13.23483835
PAEE84501D,I.C. Gangi - G. Vazzano,Gangi,Palermo,Sicilia,Isole,Primaria,Scuola Primaria,Metropolitano,Primaria,Via Castello 1,90024,paic84500b@istruzione.it,paic84500b@pec.istruzione.it,www.icpolizzano.edu.it,Statale,ok,analysis_results/PAEE84501D_PTOF_analysis.json,1.0,5.0,3.0,3.0,2.0,3.0,4.0,2.0,3.0,1.0,3.0,3.0,3.0,3.0,2.0,3.0,4.0,4.0,4.0,4.0,5.0,4.0,4.0,3.0,5.0,3.0,2.25,2.8,4.0,4.2,15,6,3.25,0,37.7981533,14.20524912
FEMM81701X,Sc.Sec.I Gr. 'G.Strada-T.Sarti',Cento,Ferrara,Emilia Romagna,Nord Est,I Grado,ND,Non Metropolitano,I Grado,Via Casoni 20,44041,feic81700v@istruzione.it,feic81700v@pec.istruzione.it,www.ic4cento.edu.it,Statale,ok,analysis_results/FEMM81701X_PTOF_analysis.json,1.0,5.0,5.0,5.0,5.0,5.0,5.0,5.0,5.0,3.0,5.0,4.0,5.0,5.0,3.0,5.0,5.0,5.0,3.0,5.0,3.0,5.0,3.0,3.0,3.0,5.0,4.5,4.4,4.5,3.4,16,47,4.36,0,44.72755647,11.29060992
RCIC85200D,Bova M.-Condof.-Branc.-Bruzzano,Bova Marina,Reggio Calabria,Calabria,Sud,"Infanzia, Primaria",ND,Metropolitano,"Infanzia, Primaria",Via Montesanto 26,89035,rcic85200d@istruzione.it,rcic85200d@pec.istruzione.it,www.bovamarinacondofuri.edu.gov,Statale,ok,analysis_results/RCIC85200D_PTOF_analysis.json,0.0,0.0,3.0,3.0,1.0,0.0,0.0,1.0,1.0,1.0,1.0,2.0,2.0,3.0,1.0,3.0,4.0,3.0,3.0,3.0,1.0,3.0,2.0,1.0,1.0,2.33,1.0,2.2,3.25,1.6,5,13,2.08,0,37.93239132,15.92080751
RM1M08300T,Scuola Media Cabrini,Roma,Roma,Lazio,Centro,I Grado,Scuola Sec. Primo Grado Non Statale,Metropolitano,I Grado,V.Anagni 1,00171,sfscabrini_roma@yahoo.it,ND,https://sacrocuorets.it/,Paritaria,ok,analysis_results/RM1M08300T_PTOF_analysis.json,0.0,2.0,3.0,3.0,4.0,2.0,2.0,3.0,4.0,1.0,4.0,3.0,4.0,5.0,2.0,5.0,5.0,5.0,3.0,4.0,5.0,6.0,3.0,3.0,5.0,2.8,3.0,3.8,4.25,4.4,19,11,3.65,0,41.89277044,12.48366723
RMPL135004,Liceo Linguistico Maestre Pie Filippini,Frascati,Roma,Lazio,Centro,"I Grado, Infanzia, Liceo, Primaria",ND,Metropolitano,II Grado,V.Minardi 12,00044,mpffrascati@libero.it,mpffrascati@legalmail.it,http//www.maestrepiefilippinifrascati.i,Paritaria,ok,analysis_results/RMPL135004_PTOF_analysis.json,1.0,1.0,4.0,4.0,4.0,4.0,4.0,2.0,3.0,2.0,2.0,3.0,4.0,3.0,3.0,3.0,4.0,2.0,3.0,3.0,4.0,4.0,1.0,2.0,2.0,4.0,2.25,3.2,3.0,2.6,8,14,3.01,0,41.80598978,12.68079241
SATL03451R,Itg G.C.Gloriosi - Serale,Battipaglia,Salerno,Campania,Sud,Tecnico,ND,Non Metropolitano,II Grado,Via G. Gonzaga 94,84091,sais03400p@istruzione.it,ND,www.iisbestagloriosi.gov.it,Statale,ok,analysis_results/SATL03451R_PTOF_analysis.json,0.0,2.0,3.0,3.0,2.0,4.0,4.0,5.0,6.0,3.0,4.0,4.0,5.0,4.0,3.0,4.0,4.0,3.0,5.0,4.0,4.0,5.0,3.0,5.0,4.0,3.2,4.5,4.0,4.0,4.2,5,3,3.98,0,40.60767715,14.98344118
MI1E01400N,"Scuola Elem.Par.""A.Da Fano""- Comunita'Ebraica",Milano,Milano,Lombardia,Nord Ovest,Primaria,ND,Metropolitano,Primaria,Via Sally Mayer 4/6,20146,irit.mazar@com-ebraicamilano.it,mi1e01400n@pec.com-ebraicamilano.it,ND,Paritaria,ok,analysis_results/MI1E01400N_PTOF_analysis.json,0.0,2.0,2.0,2.0,2.0,3.0,2.0,2.0,2.0,2.0,3.0,2.0,2.0,2.0,2.0,3.0,3.0,3.0,2.0,3.0,3.0,3.0,2.0,2.0,2.0,2.2,2.25,2.2,2.75,2.4,3,1,2.36,0,45.46679408,9.1903474
LE1M00300G,"Scuola Media ""Cuore Immacolato Di Maria""",Lecce,Lecce,Puglia,Sud,I Grado,Scuola Sec. Primo Grado Non Statale,Non Metropolitano,I Grado,V. Martiri D'Otranto 27,73100,cuoreimmacolatolecce@fismlecce.org,scic.lecce@pec.it,www.cuoreimmacolatodimaria.net,Paritaria,ok,analysis_results/LE1M00300G_PTOF_analysis.json,0.0,2.0,3.0,3.0,3.0,3.0,3.0,4.0,3.0,4.0,3.0,4.0,3.0,4.0,4.0,4.0,3.0,3.0,4.0,4.0,4.0,5.0,4.0,3.0,4.0,3.0,3.5,3.8,3.5,4.0,4,2,3.56,0,40.35354239,18.17190671
BNIC804009,"I.C. ""S@Mnium"" Pontelandolfo",Pontelandolfo,Benevento,Campania,Sud,"I Grado, Infanzia, Primaria, Professionale",ND,Non Metropolitano,"Comprensivo, I Grado, II Grado, Infanzia, Primaria",Viale Europa 13,82027,bnic804009@istruzione.it,bnic804009@pec.istruzione.it,ND,Statale,ok,analysis_results/BNIC804009_PTOF_analysis.json,0.0,0.0,3.0,3.0,2.0,1.0,2.0,2.0,3.0,1.0,3.0,3.0,2.0,3.0,2.0,2.0,2.0,3.0,2.0,3.0,1.0,1.0,1.0,1.0,1.0,2.2,2.25,2.4,2.5,1.0,3,0,2.07,0,41.28849538,14.69073975
ALTF080003,Ascanio Sobrero,Casale Monferrato,Alessandria,Piemonte,Nord Ovest,Tecnico,Istituto Tecnico Industriale,Non Metropolitano,II Grado,Via Candiani D'Olivola 19,15033,altf080003@istruzione.it,altf080003@pec.istruzione.it,www.sobrero.edu.it,Statale,ok,analysis_results/ALTF080003_PTOF_analysis.json,0.0,1.0,3.0,3.0,2.0,4.0,4.0,2.0,5.0,1.0,5.0,2.0,3.0,1.0,1.0,1.0,4.0,4.0,2.0,3.0,3.0,4.0,1.0,1.0,5.0,3.2,3.25,1.6,3.25,2.8,6,3,2.82,0,45.13502772,8.45260603
GEEE86003D,"Sc.Elem.Osp.""Istituto Gaslini""",Genova,Genova,Liguria,Nord Ovest,Primaria,ND,Metropolitano,Primaria,Via 5 Maggio 39,16147,geic860009@istruzione.it,ND,ND,Statale,ok,analysis_results/GEEE86003D_PTOF_analysis.json,0.0,0.0,3.0,3.0,2.0,1.0,1.0,1.0,1.0,1.0,1.0,2.0,2.0,3.0,1.0,3.0,4.0,3.0,3.0,3.0,1.0,3.0,3.0,1.0,1.0,2.0,1.0,2.2,3.25,1.8,4,14,2.05,0,44.41149314,8.9326992
GETD01352L,Liceti Serale,Rapallo,Genova,Liguria,Nord Ovest,Tecnico,ND,Metropolitano,II Grado,Piazza Bonta' 8,16035,geis01300x@istruzione.it,lcrc02000l@pec.istruzione.it,www.iissliceti.it,Statale,ok,analysis_results/GETD01352L_PTOF_analysis.json,1.0,1.0,4.0,4.0,4.0,4.0,4.0,4.0,4.0,3.0,3.0,4.0,4.0,4.0,3.0,3.0,4.0,3.0,3.0,4.0,1.0,4.0,3.0,3.0,3.0,4.0,3.5,3.6,3.5,2.8,13,16,3.48,0,44.35017452,9.23174684
PTPS01000P,"Statale ""A.Di Savoia""",Pistoia,Pistoia,Toscana,Centro,Liceo,Liceo Scientifico,Non Metropolitano,II Grado,Viale Adua N.187,51100,ptps01000p@istruzione.it,ptps01000p@pec.istruzione.it,www.liceosavoia.edu.it,Statale,ok,analysis_results/PTPS01000P_PTOF_analysis.json,0.0,2.0,3.0,3.0,2.0,3.0,3.0,2.0,3.0,1.0,4.0,3.0,3.0,2.0,4.0,4.0,3.0,4.0,2.0,4.0,3.0,3.0,2.0,2.0,2.0,2.8,2.5,3.2,3.25,2.4,5,1,2.83,0,43.933465,10.91734146
RCIC83700B,Plati'-Careri-De Amicis,Plati',Reggio Calabria,Calabria,Sud,"I Grado, Infanzia, Professionale",ND,Metropolitano,"I Grado, II Grado, Infanzia",Via Roma N.20,89039,rcic83700b@istruzione.it,rcic83700b@pec.istruzione.it,ND,Statale,ok,analysis_results/RCIC83700B_PTOF_analysis.json,0.0,2.0,2.0,2.0,2.0,3.0,2.0,2.0,2.0,2.0,3.0,2.0,2.0,2.0,2.0,3.0,3.0,3.0,2.0,3.0,2.0,2.0,2.0,2.0,2.0,2.2,2.25,2.2,2.75,2.0,3,2,2.28,0,,
NAIC8D400P,Caivano Ic 2 De Gasperi,Caivano,Napoli,Campania,Sud,"I Grado, Infanzia, Primaria",Istituto Comprensivo,Metropolitano,"Comprensivo, I Grado, Infanzia, Primaria",Via Rosselli 99,80023,naic8d400p@istruzione.it,naic8d400p@pec.istruzione.it,www.ic2degaspericaivano.it,Statale,ok,analysis_results/NAIC8D400P_PTOF_analysis.json,0.0,1.0,3.0,3.0,2.0,3.0,3.0,3.0,5.0,1.0,1.0,3.0,3.0,5.0,2.0,4.0,5.0,2.0,2.0,5.0,4.0,4.0,4.0,3.0,4.0,2.8,2.5,3.4,3.5,3.8,12,7,3.2,0,40.9567586,14.30106405
PCAA005025,Viale Dante Alighieri,Piacenza,Piacenza,Emilia Romagna,Nord Est,Infanzia,ND,Non Metropolitano,Infanzia,Viale Dante Alighieri 5,29100,pcee005008@istruzione.it,ND,www.quintocircolopc.it,Statale,ok,analysis_results/PCAA005025_PTOF_analysis.json,0.0,0.0,2.0,2.0,1.0,2.0,1.0,1.0,3.0,1.0,1.0,4.0,2.0,4.0,1.0,3.0,3.0,3.0,1.0,2.0,3.0,4.0,2.0,2.0,3.0,1.6,1.5,2.8,2.25,2.8,6,2,2.19,0,45.05193461,9.6926326
RC1A06800D,"Scuola Materna Non Statale ""Topolino""",Reggio Di Calabria,Reggio Calabria,Calabria,Sud,Infanzia,ND,Metropolitano,Infanzia,Vico S. Anna Angolo Via Polistena,89133,materna.topolino@tiscali.it,ND,ND,Paritaria,ok,analysis_results/RC1A06800D_PTOF_analysis.json,0.0,1.0,3.0,3.0,2.0,1.0,1.0,1.0,1.0,1.0,1.0,2.0,2.0,3.0,1.0,3.0,4.0,3.0,4.0,3.0,1.0,3.0,3.0,1.0,1.0,2.0,1.0,2.2,3.5,1.8,3,14,2.1,0,38.10922766,15.64345359
CEEE8BB034,Caserta-Aldifreda -Ce 4-,Caserta,Caserta,Campania,Sud,Primaria,ND,Non Metropolitano,Primaria,Piazza Cavour N. 5/6,81100,amministrazione@ldavinci.org,ND,http//www.scuoladantecaserta.edu.it,Statale,ok,analysis_results/CEEE8BB034_PTOF_analysis.json,1.0,1.0,3.0,3.0,3.0,3.0,3.0,3.0,3.0,3.0,3.0,3.0,3.0,3.0,3.0,4.0,3.0,3.0,3.0,3.0,3.0,3.0,3.0,3.0,3.0,3.0,3.0,3.2,3.0,3.0,18,18,3.04,0,41.07465878,14.33240485
CERH032518,Ipsar Serale Caserta,Caserta,Caserta,Campania,Sud,"Primaria, Professionale",ND,Non Metropolitano,"II Grado, Primaria",ND,81100,ceis03200p@istruzione.it,ND,www.isisferrariscaserta.it,Statale,ok,analysis_results/CERH032518_PTOF_analysis.json,1.0,2.0,4.0,4.0,4.0,4.0,4.0,5.0,4.0,5.0,4.0,4.0,4.0,4.0,4.0,4.0,4.0,2.0,4.0,5.0,1.0,3.0,3.0,3.0,3.0,4.0,4.5,4.0,3.75,2.6,20,10,3.77,0,41.07465878,14.33240485
FIAA838047,Galilei,Firenze,Firenze,Toscana,Centro,Infanzia,Scuola Infanzia,Metropolitano,Infanzia,Via San Matteo In Arcetri 3,50125,fiic838007@istruzione.it,ND,www.istitutocomprensivodelgalluzzo.it,Statale,ok,analysis_results/FIAA838047_PTOF_analysis.json,1.0,2.0,2.0,2.0,2.0,3.0,2.0,2.0,2.0,2.0,3.0,2.0,2.0,2.0,1.0,3.0,2.0,3.0,2.0,2.0,2.0,2.0,2.0,2.0,2.0,2.2,2.25,2.0,2.25,2.0,3,1,2.14,0,43.76923077,11.25588885
FIMM83001N,Leonardo Da Vinci,Rufina,Firenze,Toscana,Centro,I Grado,ND,Metropolitano,I Grado,Via Calamandrei 5,50068,fiic83000l@istruzione.it,ND,www.istitutocomprensivorufina.gov.it,Statale,ok,analysis_results/FIMM83001N_PTOF_analysis.json,0.0,2.0,3.0,3.0,2.0,5.0,1.0,3.0,3.0,1.0,2.0,1.0,2.0,3.0,1.0,3.0,2.0,3.0,2.0,2.0,2.0,5.0,5.0,1.0,5.0,2.8,2.25,2.0,2.25,3.6,3,6,2.58,0,43.82663785,11.48791691
AVIC86200D,"I. C. ""P.S. Mancini""",Ariano Irpino,Avellino,Campania,Sud,"I Grado, Infanzia, Primaria",Istituto Comprensivo,Non Metropolitano,"Comprensivo, I Grado, Infanzia, Primaria",Via Cardito,83031,avic86200d@istruzione.it,avic86200d@pec.istruzione.it,www.istitutocomprensivocardito.edu.it,Statale,ok,analysis_results/AVIC86200D_PTOF_analysis.json,0.0,2.0,3.0,3.0,4.0,3.0,3.0,4.0,4.0,1.0,4.0,5.0,4.0,5.0,3.0,5.0,5.0,6.0,5.0,5.0,4.0,6.0,3.0,3.0,4.0,3.2,3.25,4.4,5.25,4.0,11,13,4.02,0,41.15385883,15.09006787
SVPS030004,"Liceo ""Giordano Bruno"" - Albenga",Albenga,Savona,Liguria,Nord Ovest,Liceo,ND,Non Metropolitano,II Grado,Viale Pontelungo 83,17031,svps030004@istruzione.it,svps030004@pec.istruzione.it,www.liceogbruno.edu.it,Statale,ok,analysis_results/SVPS030004_PTOF_analysis.json,0.0,1.0,5.0,5.0,5.0,5.0,5.0,5.0,5.0,0.0,5.0,3.0,5.0,4.0,5.0,3.0,5.0,4.0,2.0,5.0,5.0,5.0,3.0,5.0,4.0,5.0,5.0,4.0,4.0,4.4,14,0,4.48,0,44.04910721,8.21294718
PATD34500B,Ariosto,Palermo,Palermo,Sicilia,Isole,"Infanzia, Primaria",Scuola Sec. Secondo Grado Non Statale,Metropolitano,II Grado,V.Le Delle Alpi 119 D,90144,casab.montessori@gmail.com,ND,www.istitutoariosto.it,Paritaria,ok,analysis_results/PATD34500B_PTOF_analysis.json,0.0,1.0,3.0,4.0,3.0,5.0,3.0,1.0,3.0,1.0,3.0,3.0,4.0,5.0,2.0,5.0,5.0,5.0,5.0,4.0,3.0,5.0,3.0,1.0,5.0,3.6,2.0,3.8,4.75,3.4,6,7,3.51,0,38.11569725,13.36235675
RM1A55100G,Scuola Materna Maestre Pie Filippini,Anzio,Roma,Lazio,Centro,Infanzia,Scuola Infanzia Non Statale,Metropolitano,Infanzia,Via Paolini 9,00042,carmelinamilitello@virgilio.it,carmelamilitello@pec.it,scuola maestre pie filippini anzio,Paritaria,ok,analysis_results/RM1A55100G_PTOF_analysis.json,0.0,0.0,3.0,4.0,2.0,4.0,2.0,1.0,3.0,1.0,3.0,4.0,5.0,5.0,3.0,5.0,6.0,5.0,6.0,4.0,2.0,4.0,4.0,1.0,3.0,3.0,2.0,4.4,5.25,2.8,5,2,3.49,0,41.44805488,12.62871796
UDRI040009,"Ipsia ""G. Ceconi"" Udine",Udine,Udine,Friuli-Venezia G.,Nord Est,"Liceo, Tecnico",ND,Non Metropolitano,II Grado,Via Manzoni 6,33100,udri040009@istruzione.it,udri040009@pec.istruzione.it,www.gceconi.eu,Statale,ok,analysis_results/UDRI040009_PTOF_analysis.json,1.0,5.0,4.0,4.0,4.0,4.0,4.0,3.0,4.0,3.0,3.0,3.0,4.0,4.0,3.0,3.0,4.0,3.0,4.0,4.0,4.0,4.0,3.0,3.0,3.0,4.0,3.25,3.4,3.75,3.4,15,24,3.56,0,46.06255516,13.23483835
LTPMTN500E,Liceo Del Made In Italy- Steve Jobs,Latina,Latina,Lazio,Centro,"I Grado, Infanzia, Professionale",ND,Non Metropolitano,II Grado,Via Piccarello 2,04100,ND,ND,ND,Paritaria,ok,analysis_results/LTPMTN500E_PTOF_analysis.json,0.0,0.0,2.0,2.0,2.0,2.0,2.0,2.0,2.0,2.0,2.0,2.0,2.0,2.0,2.0,2.0,2.0,3.0,2.0,2.0,2.0,2.0,2.0,2.0,2.0,2.0,2.0,2.0,2.25,2.0,3,1,2.05,0,41.46759464,12.90368485
TATDI4500D,Istituto Tecnico Informatica Plateja,Taranto,Taranto,Puglia,Sud,"Liceo, Professionale, Tecnico",ND,Non Metropolitano,II Grado,Via Lago Di Como 65,74121,ND,istitutoplateja@arubapec.it,www.moodlemarconipontedera.it​,Paritaria,ok,analysis_results/TATDI4500D_PTOF_analysis.json,1.0,5.0,5.0,5.0,5.0,5.0,5.0,5.0,5.0,4.0,5.0,5.0,5.0,5.0,5.0,5.0,5.0,5.0,4.0,5.0,5.0,5.0,3.0,5.0,5.0,5.0,4.75,5.0,4.75,4.6,12,35,4.82,0,40.47354719,17.23237621
CTPL655003,Istituto Sacro Cuore Casa Stella Maris,Giarre,Catania,Sicilia,Isole,"I Grado, Infanzia, Professionale",ND,Metropolitano,II Grado,Via Alfieri 19,95014,istitutosacrocuore@inwind.it,ND,www.istsacrocuore.it,Paritaria,ok,analysis_results/CTPL655003_PTOF_analysis.json,0.0,2.0,3.0,3.0,2.0,3.0,2.0,3.0,3.0,2.0,3.0,4.0,3.0,3.0,2.0,3.0,4.0,3.0,3.0,4.0,4.0,5.0,2.0,2.0,3.0,2.6,2.75,3.0,3.5,3.2,2,2,3.01,0,37.73003683,15.18450405
RMMM80701Q,Masina Bartali Ungaretti,Roma,Roma,Lazio,Centro,I Grado,ND,Metropolitano,I Grado,Via Giuseppe De Santis 33,00139,rmic80700p@istruzione.it,ND,www.istitutouruguay.it,Statale,ok,analysis_results/RMMM80701Q_PTOF_analysis.json,0.0,1.0,3.0,3.0,2.0,0.0,1.0,1.0,1.0,0.0,1.0,2.0,2.0,3.0,1.0,3.0,4.0,3.0,3.0,3.0,1.0,2.0,2.0,1.0,1.0,2.25,1.0,2.2,3.25,1.4,5,13,2.02,0,41.89277044,12.48366723
MCPL0P500L,Liceo Linguistico I.Aleandri,Macerata,Macerata,Marche,Centro,"Liceo, Professionale, Tecnico",Scuola Sec. Secondo Grado Non Statale,Non Metropolitano,II Grado,Via Cincinelli 4,62100,info@istitutoaleandri.it,istitutoaleandri@pec.it,www.istitutoaleandri.it,Paritaria,ok,analysis_results/MCPL0P500L_PTOF_analysis.json,0.0,0.0,5.0,5.0,5.0,4.0,5.0,5.0,5.0,4.0,6.0,4.0,5.0,5.0,4.0,5.0,6.0,6.0,5.0,6.0,5.0,5.0,2.0,5.0,4.0,4.8,5.0,4.6,5.75,4.2,16,14,4.87,0,43.30023926,13.45307188
NA1E20200P,La Citta' Del Sole S.R.L.,Napoli,Napoli,Campania,Sud,Primaria,Scuola Primaria Non Statale,Metropolitano,Primaria,Via Santa Maria Cubito 475,80022,lacittadelsolesrl@libero.it,ND,www.istitutolacittadelsolearzano.it,Paritaria,ok,analysis_results/NA1E20200P_PTOF_analysis.json,0.0,2.0,3.0,3.0,2.0,2.0,2.0,2.0,4.0,1.0,4.0,2.0,4.0,5.0,2.0,4.0,5.0,5.0,3.0,4.0,2.0,5.0,2.0,2.0,2.0,2.4,2.75,3.4,4.25,2.6,0,2,3.08,0,40.83956554,14.25085002
PZ1A04400B,"Scuola Materna Paritaria""B.Sellitti"" Melfi",Melfi,Potenza,Basilicata,Sud,Infanzia,ND,Non Metropolitano,Infanzia,Largo Santa Maria De Mattias,85025,maternaboviosellitti@tiscali.it,maternaboviosellitti@pec.it,scuolaboviosellitti.it,Paritaria,ok,analysis_results/PZ1A04400B_PTOF_analysis.json,0.0,2.0,3.0,3.0,2.0,2.0,2.0,2.0,4.0,1.0,4.0,4.0,3.0,5.0,2.0,4.0,3.0,2.0,3.0,4.0,5.0,5.0,4.0,3.0,5.0,2.4,2.75,3.6,3.0,4.4,9,3,3.23,0,40.99443652,15.65291477
REAA83201A,"Luzzara ""Villarotta""",Luzzara,Reggio Emilia,Emilia Romagna,Nord Est,Infanzia,ND,Non Metropolitano,Infanzia,Via Mazzini3,42010,reic83200d@istruzione.it,ND,www.icluzzara.gov.it,Statale,ok,analysis_results/REAA83201A_PTOF_analysis.json,1.0,3.0,4.0,4.0,4.0,4.0,4.0,5.0,4.0,3.0,3.0,4.0,4.0,4.0,4.0,4.0,4.0,3.0,3.0,5.0,2.0,4.0,2.0,3.0,3.0,4.0,3.75,4.0,3.75,2.8,19,37,3.66,0,44.9600928,10.68587518
PZIS02100C,"I.I.S. ""Flacco-Battaglini"" Venosa",Venosa,Potenza,Basilicata,Sud,"Liceo, Professionale, Tecnico",ND,Non Metropolitano,II Grado,Via Emilia N? 32,85029,pzis02100c@istruzione.it,pzis02100c@pec.istruzione.it,www.liceovenosa.edu.it,Statale,ok,analysis_results/PZIS02100C_PTOF_analysis.json,1.0,3.0,5.0,5.0,5.0,5.0,5.0,4.0,4.0,3.0,3.0,5.0,5.0,5.0,5.0,5.0,5.0,3.0,5.0,5.0,5.0,5.0,1.0,1.0,5.0,5.0,3.5,5.0,4.5,3.4,22,27,4.28,0,40.96454919,15.82328489
MNMM821023,S.Giacomo Segnate S.S.Quistello,San Giacomo Delle Segnate,Mantova,Lombardia,Nord Ovest,I Grado,ND,Non Metropolitano,I Grado,Via Della Pace 15,46020,mnic821001@istruzione.it,ND,www.icquistello.edu.it,Statale,ok,analysis_results/MNMM821023_PTOF_analysis.json,0.0,2.0,2.0,2.0,2.0,3.0,2.0,2.0,2.0,2.0,3.0,2.0,2.0,2.0,2.0,3.0,2.0,3.0,2.0,2.0,3.0,3.0,2.0,2.0,2.0,2.2,2.25,2.2,2.25,2.4,3,1,2.26,0,44.97181021,11.03316413
PS1M00200L,Scuola Media Paritaria Campanini,Pesaro,Pesaro E Urbino,Marche,Centro,I Grado,Scuola Sec. Primo Grado Non Statale,Non Metropolitano,I Grado,V.Le Napoli 40,61100,info@lanuovascuola.it,ND,www.lanuovascuola.it,Paritaria,ok,analysis_results/PS1M00200L_PTOF_analysis.json,0.0,5.0,5.0,5.0,4.0,4.0,4.0,3.0,5.0,0.0,5.0,5.0,5.0,5.0,2.0,5.0,5.0,5.0,2.0,5.0,5.0,5.0,4.0,4.0,5.0,4.4,4.33,4.4,4.25,4.6,23,16,4.4,0,43.91014021,12.91345991
VT1A2A5006,Casa Dei Bambini Montessori,Viterbo,Viterbo,Lazio,Centro,Infanzia,ND,Non Metropolitano,Infanzia,Viale 4 Novembre 23,01100,info.montessori@acof.it,ND,www.montessori.acof.it,Paritaria,ok,analysis_results/VT1A2A5006_PTOF_analysis.json,1.0,3.0,3.0,3.0,3.0,3.0,3.0,3.0,3.0,2.0,3.0,3.0,3.0,3.0,3.0,3.0,3.0,3.0,3.0,3.0,2.0,2.0,2.0,2.0,2.0,3.0,2.75,3.0,3.0,2.0,0,21,2.75,0,42.41738279,12.10473417
CH1A048007,Bimbolandia Societa' Cooperativa A.R.L. Il Mondo Che Vorrei Onlus Di San Salvo,San Salvo,Chieti,Abruzzo,Sud,Infanzia,ND,Non Metropolitano,Infanzia,Via Leone Magno 9,66050,ilmondochevorrei.scuola@gmail.com,ilmondochevorrei.scuola@pec.it,www.ic9modena.edu.it,Paritaria,ok,analysis_results/CH1A048007_PTOF_analysis.json,1.0,5.0,4.0,4.0,5.0,3.0,4.0,4.0,4.0,3.0,4.0,4.0,4.0,5.0,2.0,4.0,4.0,2.0,3.0,4.0,4.0,4.0,1.0,1.0,1.0,4.0,3.75,3.8,3.25,2.2,26,29,3.4,0,42.04555595,14.73140605
BAPS07000G,"Liceo ""G. Tarantino""",Gravina In Puglia,Bari,Puglia,Sud,Liceo,Liceo Scientifico,Metropolitano,II Grado,Via Quasimodo 4,70024,baps07000g@istruzione.it,baps07000g@pec.istruzione.it,www.liceogravina.it,Statale,ok,analysis_results/BAPS07000G_PTOF_analysis.json,0.0,0.0,4.0,4.0,4.0,4.0,4.0,5.0,5.0,4.0,0.0,5.0,4.0,5.0,4.0,5.0,5.0,3.0,4.0,4.0,5.0,5.0,3.0,4.0,4.0,4.0,4.67,4.6,4.0,4.2,15,8,4.29,0,40.81940669,16.41620671
VI1E00300V,Fondazione Levis Plona,Vicenza,Vicenza,Veneto,Nord Est,Primaria,Scuola Primaria Non Statale,Non Metropolitano,Primaria,P.Ta S. Croce N.55,36100,segreteria@levisplona.it,levisplona@pec.it,www.levisplona.it,Paritaria,ok,analysis_results/VI1E00300V_PTOF_analysis.json,0.0,2.0,3.0,3.0,3.0,3.0,3.0,1.0,4.0,1.0,4.0,3.0,4.0,4.0,2.0,4.0,5.0,6.0,3.0,4.0,2.0,4.0,2.0,2.0,2.0,3.0,2.5,3.4,4.5,2.4,14,8,3.16,0,45.54749699,11.54597109
CTMM710014,Bicocca - Istruzione Adulti,Catania,Catania,Sicilia,Isole,I Grado,Scuola Primo Grado,Metropolitano,I Grado,Casa Circondariale,95100,ctmm150008@istruzione.it,ND,cpiacataniauno.it,Statale,ok,analysis_results/CTMM710014_PTOF_analysis.json,0.0,5.0,3.0,3.0,5.0,5.0,4.0,5.0,4.0,5.0,6.0,5.0,5.0,4.0,4.0,5.0,4.0,3.0,5.0,4.0,4.0,5.0,0.0,3.0,2.0,4.0,5.0,4.6,4.0,3.5,17,12,4.22,0,37.50287801,15.08704738
CESL047526,Liceo Artistico Serale,Santa Maria Capua Vetere,Caserta,Campania,Sud,Liceo,ND,Non Metropolitano,II Grado,ND,81055,ND,ND,www.itfederico2.edu.it,Statale,ok,analysis_results/CESL047526_PTOF_analysis.json,0.0,2.0,3.0,3.0,2.0,2.0,3.0,5.0,4.0,1.0,2.0,2.0,4.0,4.0,3.0,5.0,4.0,3.0,3.0,4.0,1.0,1.0,1.0,1.0,1.0,2.6,3.0,3.6,3.5,1.0,5,2,2.74,0,41.07755469,14.26158174
LE1AR0500E,Busy Bees Academy,Lecce,Lecce,Puglia,Sud,Infanzia,ND,Non Metropolitano,Infanzia,Via Lequile 68,73100,info@busybeesacademy.it,busybees@pec.it,www.ldavinci.org,Paritaria,ok,analysis_results/LE1AR0500E_PTOF_analysis.json,1.0,5.0,3.0,3.0,3.0,3.0,3.0,3.0,1.0,1.0,1.0,3.0,3.0,3.0,3.0,1.0,1.0,1.0,1.0,3.0,3.0,3.0,3.0,1.0,1.0,3.0,1.5,2.6,1.5,2.2,16,15,2.16,0,40.35354239,18.17190671
RCIS01400V,"""R. Piria"" Rosarno",Rosarno,Reggio Calabria,Calabria,Sud,"I Grado, Infanzia, Liceo, Primaria, Professionale, Tecnico",ND,Metropolitano,II Grado,Via Modigliani Snc,89025,rcis01400v@istruzione.it,rcis01400v@pec.istruzione.it,www.istitutopiriarosarno.gov.it,Statale,ok,analysis_results/RCIS01400V_PTOF_analysis.json,1.0,5.0,5.0,5.0,5.0,3.0,3.0,4.0,4.0,4.0,4.0,4.0,4.0,4.0,4.0,4.0,4.0,4.0,4.0,4.0,4.0,4.0,2.0,4.0,2.0,4.2,4.0,4.0,4.0,3.2,41,33,3.88,0,38.487612,15.98283216
BOPS01701P,"L.Sc.Sez.Ass.""Mattei""",San Lazzaro Di Savena,Bologna,Emilia Romagna,Nord Est,Liceo,ND,Metropolitano,II Grado,Via Delle Rimembranze N. 26,40068,bois017008@istruzione.it,ND,www.istitutomattei.bo.it/,Statale,ok,analysis_results/BOPS01701P_PTOF_analysis.json,0.0,2.0,2.0,2.0,2.0,3.0,2.0,2.0,2.0,2.0,3.0,2.0,2.0,2.0,2.0,3.0,3.0,3.0,2.0,3.0,2.0,2.0,2.0,2.0,2.0,2.2,2.25,2.2,2.75,2.0,3,1,2.28,0,44.47047676,11.40805744
TOSL020003,"""R.Cottini""Liceo Artistico Statale",Torino,Torino,Piemonte,Nord Ovest,Liceo,Liceo Artistico,Metropolitano,II Grado,Via Castelgomberto2O,10136,tosl020003@istruzione.it,tosl020003@pec.istruzione.it,www.liceocottini.it,Statale,ok,analysis_results/TOSL020003_PTOF_analysis.json,0.0,5.0,3.0,3.0,4.0,4.0,3.0,5.0,4.0,2.0,3.0,5.0,4.0,5.0,3.0,5.0,3.0,4.0,3.0,4.0,4.0,6.0,2.0,3.0,4.0,3.4,3.5,4.4,3.5,3.8,28,19,3.72,0,45.0732745,7.68068748
GEAA808026,S.Mat. La Nuvola Olga,Genova,Genova,Liguria,Nord Ovest,Infanzia,ND,Metropolitano,Infanzia,Via A.Galeazzo 26,16132,geic808008@istruzione.it,ND,www.icsanfruttuoso.it,Statale,ok,analysis_results/GEAA808026_PTOF_analysis.json,0.0,2.0,2.0,2.0,2.0,3.0,2.0,2.0,2.0,2.0,3.0,2.0,2.0,2.0,2.0,3.0,3.0,3.0,2.0,3.0,2.0,2.0,2.0,2.0,2.0,2.2,2.25,2.2,2.75,2.0,3,1,2.28,0,44.41149314,8.9326992
GEPSC85001,A. Gianelli,Chiavari,Genova,Liguria,Nord Ovest,"I Grado, Infanzia, Professionale",ND,Metropolitano,II Grado,Salita Gianelli 6,16043,segreteria@gianellicampus.org,gianellicampus@legalmail.it,www.gianelli.it,Paritaria,ok,analysis_results/GEPSC85001_PTOF_analysis.json,0.0,0.0,2.0,2.0,2.0,3.0,2.0,2.0,2.0,2.0,3.0,2.0,2.0,2.0,2.0,3.0,2.0,3.0,2.0,2.0,2.0,2.0,2.0,2.0,2.0,2.2,2.25,2.2,2.25,2.0,3,1,2.18,0,44.31671072,9.32401708
RATF01000T,Nullo Baldini,Ravenna,Ravenna,Emilia Romagna,Nord Est,Tecnico,Istituto Tecnico Industriale,Non Metropolitano,II Grado,Via G. Marconi 2,48124,ratf01000t@istruzione.it,ratf01000t@pec.istruzione.it,www.itisravenna.edu.it,Statale,ok,analysis_results/RATF01000T_PTOF_analysis.json,1.0,4.0,5.0,4.0,5.0,6.0,5.0,5.0,6.0,1.0,5.0,5.0,5.0,5.0,4.0,5.0,5.0,6.0,4.0,5.0,5.0,5.0,4.0,5.0,5.0,5.0,4.25,4.8,5.0,4.8,30,7,4.77,0,44.41722492,12.19913937
RMMM856011,Cervi F.Lli,Roma,Roma,Lazio,Centro,I Grado,Scuola Primo Grado,Metropolitano,I Grado,Via Casetta Mattei 279,00148,rmic85600x@istruzione.it,ND,www.scuolafratellicervi.edu.it,Statale,ok,analysis_results/RMMM856011_PTOF_analysis.json,1.0,4.0,3.0,3.0,5.0,3.0,3.0,5.0,4.0,4.0,4.0,4.0,3.0,5.0,6.0,5.0,4.0,5.0,5.0,4.0,4.0,5.0,5.0,3.0,4.0,3.4,4.25,4.6,4.5,4.2,33,9,4.19,0,41.89277044,12.48366723
GEEE839034,Scuola Primaria V. Alfieri,Genova,Genova,Liguria,Nord Ovest,Primaria,ND,Metropolitano,Primaria,Via P. Rostan 7,16155,geic83900x@istruzione.it,tsic80300d@pec.istruzione.it,www.icsestri.it,Statale,ok,analysis_results/GEEE839034_PTOF_analysis.json,1.0,3.0,3.0,3.0,4.0,4.0,3.0,4.0,4.0,2.0,3.0,4.0,3.0,4.0,3.0,4.0,3.0,3.0,3.0,3.0,3.0,3.0,3.0,2.0,3.0,3.4,3.25,3.6,3.0,2.8,12,21,3.21,0,44.41149314,8.9326992
SAPS18000P,"""B. Rescigno"" - Roccapiemonte",Roccapiemonte,Salerno,Campania,Sud,Liceo,ND,Non Metropolitano,II Grado,Via Viviano 3,84086,saps18000p@istruzione.it,saps18000p@pec.istruzione.it,www.lsrescigno.it,Statale,ok,analysis_results/SAPS18000P_PTOF_analysis.json,0.0,2.0,2.0,2.0,2.0,3.0,2.0,2.0,3.0,1.0,2.0,2.0,2.0,3.0,2.0,2.0,2.0,3.0,2.0,2.0,2.0,2.0,1.0,1.0,2.0,2.2,2.0,2.2,2.25,1.6,1,2,2.05,0,40.76236839,14.69268111
REEE84402V,"La Vecchia ""I. Fornaciari""",Vezzano Sul Crostolo,Reggio Emilia,Emilia Romagna,Nord Est,Primaria,ND,Non Metropolitano,Primaria,Via C.A.Dalla Chiesa1,42030,reic84400q@istruzione.it,ND,http//www.ic4cv.edu.it,Statale,ok,analysis_results/REEE84402V_PTOF_analysis.json,1.0,3.0,5.0,5.0,5.0,5.0,5.0,3.0,4.0,3.0,3.0,7.0,4.0,3.0,3.0,7.0,4.0,4.0,3.0,4.0,4.0,4.0,3.0,4.0,3.0,5.0,3.25,4.8,3.75,3.6,7,20,4.08,0,44.60091521,10.54644152
FEEE81201T,"""E. Mosti""",Ferrara,Ferrara,Emilia Romagna,Nord Est,Primaria,ND,Non Metropolitano,Primaria,Via Bologna 152,44122,feic81200q@istruzione.it,ND,http//scuole.comune.fe.it,Statale,ok,analysis_results/FEEE81201T_PTOF_analysis.json,0.0,1.0,3.0,3.0,3.0,3.0,3.0,3.0,3.0,3.0,3.0,3.0,3.0,3.0,3.0,4.0,3.0,2.0,3.0,3.0,3.0,3.0,3.0,3.0,3.0,3.0,3.0,3.2,2.75,3.0,19,18,2.99,0,44.83599085,11.61868934
FEAA81403A,Via Lidi Ferraresi-Migliarino,Fiscaglia,Ferrara,Emilia Romagna,Nord Est,Infanzia,ND,Non Metropolitano,Infanzia,Via Lidi Ferraresi 13,44027,feic81400b@istruzione.it,bais06400v@pec.istruzione.it,https//comprensivoostellato.edu.it,Statale,ok,analysis_results/FEAA81403A_PTOF_analysis.json,1.0,5.0,5.0,5.0,4.0,4.0,4.0,5.0,5.0,4.0,4.0,5.0,5.0,5.0,5.0,5.0,5.0,5.0,5.0,6.0,4.0,5.0,4.0,4.0,4.0,4.4,4.5,5.0,5.25,4.2,21,46,4.67,0,44.7988,11.9754
CAAA83301R,Scuola Infanzia Villasimius,Villasimius,Sud Sardegna,Sardegna,Isole,Infanzia,ND,Non Metropolitano,Infanzia,Via Mazzini 31,09049,caic83300x@istruzione.it,ND,www.icvillasimius.gov.it,Statale,ok,analysis_results/CAAA83301R_PTOF_analysis.json,0.0,2.0,3.0,3.0,2.0,3.0,2.0,1.0,4.0,1.0,4.0,4.0,2.0,5.0,3.0,4.0,3.0,2.0,2.0,3.0,5.0,5.0,4.0,2.0,5.0,2.6,2.5,3.6,2.5,4.2,6,3,3.08,0,39.14238405,9.52036544
BRMM07900G,"Iss_Cpia Br""Anna Lorenzetto""",Brindisi,Brindisi,Puglia,Sud,I Grado,Scuola Primo Grado,Non Metropolitano,I Grado,Via Vittorio Veneto 13 - Piano Terra,72100,brmm07900g@istruzione.it,brmm07900g@pec.istruzione.it,www.cpiabrindisi.edu.it,Statale,ok,analysis_results/BRMM07900G_PTOF_analysis.json,1.0,4.0,4.0,4.0,5.0,4.0,5.0,5.0,6.0,4.0,6.0,5.0,4.0,4.0,3.0,5.0,5.0,4.0,4.0,4.0,5.0,6.0,3.0,4.0,5.0,4.4,5.25,4.2,4.25,4.6,39,16,4.54,0,40.63848508,17.94602372
VAPS5H500H,"Liceo Scientifico Con Sez.Opzione Scienze Applicate ""Orsoline S. Carlo""",Saronno,Varese,Lombardia,Nord Ovest,"Primaria, Professionale",ND,Non Metropolitano,II Grado,Via S. Giuseppe 60,21047,istituto.orsoline@orsolinesaronno.it,orsolinesaronno@pec.it,www.orsolinesaronno.it,Paritaria,ok,analysis_results/VAPS5H500H_PTOF_analysis.json,1.0,1.0,5.0,5.0,5.0,1.0,4.0,3.0,4.0,1.0,2.0,3.0,4.0,4.0,3.0,3.0,4.0,2.0,3.0,4.0,3.0,3.0,2.0,1.0,3.0,4.0,2.5,3.4,3.25,2.4,3,6,3.11,0,45.62373958,9.03640459
BOEE87101V,Primaria Garagnani - Romagnoli,San Giovanni In Persiceto,Bologna,Emilia Romagna,Nord Est,Primaria,ND,Metropolitano,Primaria,Via Budrie79- Via Rodari 2,40017,boic87100r@istruzione.it,ND,www.icpersiceto.it,Statale,ok,analysis_results/BOEE87101V_PTOF_analysis.json,0.0,0.0,3.0,3.0,3.0,2.0,2.0,1.0,2.0,1.0,2.0,2.0,2.0,3.0,2.0,3.0,2.0,3.0,2.0,2.0,3.0,3.0,2.0,2.0,3.0,2.6,1.5,2.4,2.25,2.6,10,9,2.27,0,44.63877152,11.18779855
FOEE02001A,Cesena 4 Pia Campoli Palmerini,Montiano,Forli'-Cesena,Emilia Romagna,Nord Est,Primaria,ND,Non Metropolitano,Primaria,Piazza Eroi Caduti 1,47020,foee020009@istruzione.it,ND,www.dd4cesena.edu.it,Statale,ok,analysis_results/FOEE02001A_PTOF_analysis.json,1.0,3.0,4.0,4.0,5.0,4.0,5.0,3.0,5.0,3.0,4.0,4.0,5.0,4.0,3.0,4.0,4.0,5.0,3.0,4.0,3.0,3.0,2.0,3.0,2.0,4.4,3.75,4.0,4.0,2.6,8,17,3.75,0,44.08351204,12.30424275
CSAA88307N,Acri - Chimento,Acri,Cosenza,Calabria,Sud,Infanzia,ND,Non Metropolitano,Infanzia,"Via Tommaso Grossi, 8",87041,info@sacrocuorets.it,ND,www.icpadula-acri.it,Statale,ok,analysis_results/CSAA88307N_PTOF_analysis.json,0.0,2.0,3.0,3.0,2.0,2.0,2.0,3.0,4.0,1.0,3.0,3.0,4.0,5.0,2.0,5.0,5.0,5.0,3.0,4.0,5.0,5.0,4.0,2.0,5.0,2.4,2.75,3.8,4.25,4.2,23,19,3.48,0,39.48835683,16.38155051
BOPSHR500B,A. Manzoni L.S. Opzione Scienze Applicate,Bologna,Bologna,Emilia Romagna,Nord Est,"I Grado, Liceo, Tecnico",ND,Metropolitano,II Grado,Via Scipione Dal Ferro 10/2,40138,segreteria@fondazionemalavasi.it,segreteria@pec.fondazionemalavasi.it,http//www.scuolemanzoni.it,Paritaria,ok,analysis_results/BOPSHR500B_PTOF_analysis.json,0.0,2.0,5.0,5.0,5.0,3.0,5.0,5.0,4.0,4.0,5.0,4.0,5.0,4.0,4.0,4.0,5.0,5.0,5.0,5.0,4.0,5.0,4.0,2.0,5.0,4.6,4.5,4.2,5.0,4.0,12,0,4.46,0,44.4943668,11.3417208
